date,image_count,image_covered,gap_flag,gap_reason,primary_image_id,primary_source_name,primary_source_stream,primary_thumbnail_path
2022-04-17,1,1,0,,75eb1bdbb9b81b080b0eae78d51d345b8caad2c8,Wikimedia Commons,wikimedia,raw/image/thumbnails_webp/75eb1bdbb9b81b080b0eae78d51d345b8caad2c8.webp
2022-04-18,1,1,0,,446a999200a9c989ae95ee3bc11cc0a937b8e009,Wikimedia Commons,wikimedia,raw/image/thumbnails_webp/446a999200a9c989ae95ee3bc11cc0a937b8e009.webp
2022-04-19,1,1,0,,71279111164a288c587003d67c1fcc801eafdf16,oilprice.com,gdelt_doc_socialimage,raw/image/thumbnails_webp/71279111164a288c587003d67c1fcc801eafdf16.webp
2022-04-20,1,1,0,,636c391023203e723d1c7f095e563932735610cf,NASA GIBS,nasa_gibs,raw/image/thumbnails_webp/636c391023203e723d1c7f095e563932735610cf.webp
2022-04-21,1,1,0,,01e33fa9abe0188d09831850672510c94dbc09ac,businesstoday.in,gdelt_doc_socialimage,raw/image/thumbnails_webp/01e33fa9abe0188d09831850672510c94dbc09ac.webp
2022-04-22,1,1,0,,c2bfb30fdd19e597242f51fd748e15e6abd4627e,menafn.com,gdelt_doc_socialimage,raw/image/thumbnails_webp/c2bfb30fdd19e597242f51fd748e15e6abd4627e.webp
2022-04-23,1,1,0,,0cb1011826d710250a2f2b10310cff42c7096250,menafn.com,gdelt_doc_socialimage,raw/image/thumbnails_webp/0cb1011826d710250a2f2b10310cff42c7096250.webp
2022-04-24,1,1,0,,682e064e2f846d10e8b2149fc302aa3117025e98,Wikimedia Commons,wikimedia,raw/image/thumbnails_webp/682e064e2f846d10e8b2149fc302aa3117025e98.webp
2022-04-25,1,1,0,,4bdfdf63ba0f664e11db536faca377d11cef939d,Copernicus Data Space OGC,copernicus_ogc,raw/image/thumbnails_webp/4bdfdf63ba0f664e11db536faca377d11cef939d.webp
2022-04-26,1,1,0,,383943dbf0daca7954cb971865d5cd6e3e22b673,dailyfx.com,gdelt_doc_socialimage,raw/image/thumbnails_webp/383943dbf0daca7954cb971865d5cd6e3e22b673.webp
2022-04-27,1,1,0,,83d84347bcb1a0fdfdc182989eb318f491c15f34,menafn.com,gdelt_doc_socialimage,raw/image/thumbnails_webp/83d84347bcb1a0fdfdc182989eb318f491c15f34.webp
2022-04-28,1,1,0,,7d56b99059ea429253b9d5d524c3646c4724299e,Unsplash,unsplash,raw/image/thumbnails_webp/7d56b99059ea429253b9d5d524c3646c4724299e.webp
2022-04-29,1,1,0,,770ad40294ef89f1b94eaa312e8369d3aee20b93,Pexels,pexels,raw/image/thumbnails_webp/770ad40294ef89f1b94eaa312e8369d3aee20b93.webp
2022-04-30,1,1,0,,26f5fc5413465025a318452f4abc5048930898b6,Wikimedia Commons,wikimedia,raw/image/thumbnails_webp/26f5fc5413465025a318452f4abc5048930898b6.webp
2022-05-01,1,1,0,,07451c45f40fb65960632b61358a19be4dfd4edf,Unsplash,unsplash,raw/image/thumbnails_webp/07451c45f40fb65960632b61358a19be4dfd4edf.webp
2022-05-02,1,1,0,,4fc68f377fefb3674ba6aa232faad33d030064c8,oilprice.com,gdelt_doc_socialimage,raw/image/thumbnails_webp/4fc68f377fefb3674ba6aa232faad33d030064c8.webp
2022-05-03,1,1,0,,b91bb87a0645ebbe87b69c20d00d5bd12ef34b4b,fxstreet.com,gdelt_doc_socialimage,raw/image/thumbnails_webp/b91bb87a0645ebbe87b69c20d00d5bd12ef34b4b.webp
2022-05-04,1,1,0,,b5e14152953a007b351ded10a30acd28a342ef6d,Wikimedia Commons,wikimedia,raw/image/thumbnails_webp/b5e14152953a007b351ded10a30acd28a342ef6d.webp
2022-05-05,1,1,0,,3ca3d38114d79c8d6cdd651114d7a5a9545168ae,businesstoday.in,gdelt_doc_socialimage,raw/image/thumbnails_webp/3ca3d38114d79c8d6cdd651114d7a5a9545168ae.webp
2022-05-06,1,1,0,,dce275528fd68e5f968075ff4e17988d1b31e602,aleqt.com,gdelt_doc_socialimage,raw/image/thumbnails_webp/dce275528fd68e5f968075ff4e17988d1b31e602.webp
2022-05-07,1,1,0,,22a980d922344ca51a94092ca92119da900f0e9e,economictimes.indiatimes.com,gdelt_doc_socialimage,raw/image/thumbnails_webp/22a980d922344ca51a94092ca92119da900f0e9e.webp
2022-05-08,1,1,0,,d0bc8232eba1f11e4151b7b678e26f01b3592aaa,ndtv.com,gdelt_doc_socialimage,raw/image/thumbnails_webp/d0bc8232eba1f11e4151b7b678e26f01b3592aaa.webp
2022-05-09,1,1,0,,73d161c383497ab501709191670e09214180bbf2,fxstreet.com,gdelt_doc_socialimage,raw/image/thumbnails_webp/73d161c383497ab501709191670e09214180bbf2.webp
2022-05-10,1,1,0,,405020f76b1d98074ca43d34f76660ad98416b5b,Copernicus Data Space OGC,copernicus_ogc,raw/image/thumbnails_webp/405020f76b1d98074ca43d34f76660ad98416b5b.webp
2022-05-11,1,1,0,,b87760960375eff3826a4b43c2ddbce699ab840b,Wikimedia Commons,wikimedia,raw/image/thumbnails_webp/b87760960375eff3826a4b43c2ddbce699ab840b.webp
2022-05-12,1,1,0,,0d23f66bcdad0c90c361dffd537e480107469633,pakobserver.net,gdelt_doc_socialimage,raw/image/thumbnails_webp/0d23f66bcdad0c90c361dffd537e480107469633.webp
2022-05-13,1,1,0,,cb31f13994f9ecdcae9d0ce29deca66efc1f9f37,oilprice.com,gdelt_doc_socialimage,raw/image/thumbnails_webp/cb31f13994f9ecdcae9d0ce29deca66efc1f9f37.webp
2022-05-14,1,1,0,,23f0d4b70503cb606122f0fe97775e477fa426c9,Wikimedia Commons,wikimedia,raw/image/thumbnails_webp/23f0d4b70503cb606122f0fe97775e477fa426c9.webp
2022-05-15,1,1,0,,50d01ffadca277fe34deeafd2fb98d4a16921fe3,Wikimedia Commons,wikimedia,raw/image/thumbnails_webp/50d01ffadca277fe34deeafd2fb98d4a16921fe3.webp
2022-05-16,1,1,0,,e3a3e03ce576a0bbdebcb7d0831ea094599c3366,businesstoday.in,gdelt_doc_socialimage,raw/image/thumbnails_webp/e3a3e03ce576a0bbdebcb7d0831ea094599c3366.webp
2022-05-17,1,1,0,,3876190e4f8d94a84822e7f74ddd0932798a03e9,businesstoday.in,gdelt_doc_socialimage,raw/image/thumbnails_webp/3876190e4f8d94a84822e7f74ddd0932798a03e9.webp
2022-05-18,1,1,0,,0b9bbfd3095bf53ec8361aae716c41e9a3dd4de1,Unsplash,unsplash,raw/image/thumbnails_webp/0b9bbfd3095bf53ec8361aae716c41e9a3dd4de1.webp
2022-05-19,1,1,0,,7b53ca3efd21af9d93f4a62168ef9ea67345a7e7,Pexels,pexels,raw/image/thumbnails_webp/7b53ca3efd21af9d93f4a62168ef9ea67345a7e7.webp
2022-05-20,1,1,0,,ae126067250083a9fc853361228028f9dc5e0201,oilprice.com,gdelt_doc_socialimage,raw/image/thumbnails_webp/ae126067250083a9fc853361228028f9dc5e0201.webp
2022-05-21,1,1,0,,12fd14842a8ce75b993d7bbfd5d8e8a706a4fe9a,Wikimedia Commons,wikimedia,raw/image/thumbnails_webp/12fd14842a8ce75b993d7bbfd5d8e8a706a4fe9a.webp
2022-05-22,1,1,0,,500093bf1684cb188134567e7848cf62d95f9096,Wikimedia Commons,wikimedia,raw/image/thumbnails_webp/500093bf1684cb188134567e7848cf62d95f9096.webp
2022-05-23,1,1,0,,69ed7b9e9ef184a9bc86daf09eac4843b3a4c6c7,article.wn.com,gdelt_doc_socialimage,raw/image/thumbnails_webp/69ed7b9e9ef184a9bc86daf09eac4843b3a4c6c7.webp
2022-05-24,1,1,0,,9e7a85be214e80ca6a0c0201836bb3bf77dfaecc,Copernicus Data Space OGC,copernicus_ogc,raw/image/thumbnails_webp/9e7a85be214e80ca6a0c0201836bb3bf77dfaecc.webp
2022-05-25,1,1,0,,6dbe33f057964a3faf37601322bc4631655ee725,businesstoday.in,gdelt_doc_socialimage,raw/image/thumbnails_webp/6dbe33f057964a3faf37601322bc4631655ee725.webp
2022-05-26,1,1,0,,83c5843eac9dd57d74ccb4aa6d263021afd08fad,fxstreet.com,gdelt_doc_socialimage,raw/image/thumbnails_webp/83c5843eac9dd57d74ccb4aa6d263021afd08fad.webp
2022-05-27,1,1,0,,cb91a3228cb8aa53dfe8fa055360c1d415ce2fcb,fxstreet.com,gdelt_doc_socialimage,raw/image/thumbnails_webp/cb91a3228cb8aa53dfe8fa055360c1d415ce2fcb.webp
2022-05-28,1,1,0,,a16322758679d474a67c7e29bed2dac0e9f7f809,shipandbunker.com,gdelt_doc_socialimage,raw/image/thumbnails_webp/a16322758679d474a67c7e29bed2dac0e9f7f809.webp
2022-05-29,1,1,0,,960bb32128d5fdb02ee04cbb7c106cc9ad3bfa0a,Wikimedia Commons,wikimedia,raw/image/thumbnails_webp/960bb32128d5fdb02ee04cbb7c106cc9ad3bfa0a.webp
2022-05-30,1,1,0,,b6b8510f21e9ac39286460447c8dd58be76ed478,dailyfx.com,gdelt_doc_socialimage,raw/image/thumbnails_webp/b6b8510f21e9ac39286460447c8dd58be76ed478.webp
2022-05-31,1,1,0,,057fceb0e9f561f6d75c5cb03a4f73a9fa11cdc9,dailytimes.com.pk,gdelt_doc_socialimage,raw/image/thumbnails_webp/057fceb0e9f561f6d75c5cb03a4f73a9fa11cdc9.webp
2022-06-01,1,1,0,,13a87e605884fbe4e791b01dbbf73e6e054cc889,economictimes.indiatimes.com,gdelt_doc_socialimage,raw/image/thumbnails_webp/13a87e605884fbe4e791b01dbbf73e6e054cc889.webp
2022-06-02,1,1,0,,a0f1ebb6726851ad433c382bdc362ed5bf2d3868,Unsplash,unsplash,raw/image/thumbnails_webp/a0f1ebb6726851ad433c382bdc362ed5bf2d3868.webp
2022-06-03,1,1,0,,45bddcdc81463a34e09e8f5998ed7b4a0098f2e3,dailyfx.com,gdelt_doc_socialimage,raw/image/thumbnails_webp/45bddcdc81463a34e09e8f5998ed7b4a0098f2e3.webp
2022-06-04,1,1,0,,abea66c429776fa203bb92ab4a54369bb87c57b9,menafn.com,gdelt_doc_socialimage,raw/image/thumbnails_webp/abea66c429776fa203bb92ab4a54369bb87c57b9.webp
2022-06-05,1,1,0,,85e1bef2eafee8f6573435c03369f24e177fd9c4,economictimes.indiatimes.com,gdelt_doc_socialimage,raw/image/thumbnails_webp/85e1bef2eafee8f6573435c03369f24e177fd9c4.webp
2022-06-06,1,1,0,,6ba8330bbe412613e00025dfa73d0934fae64cb4,NASA GIBS,nasa_gibs,raw/image/thumbnails_webp/6ba8330bbe412613e00025dfa73d0934fae64cb4.webp
2022-06-07,1,1,0,,48819d941155dbf95f0c844f15a0645afff9c82d,marketwatch.com,gdelt_doc_socialimage,raw/image/thumbnails_webp/48819d941155dbf95f0c844f15a0645afff9c82d.webp
2022-06-08,1,1,0,,fa40bd62cafe0a255adfc65d2b50ec37716c9f48,dailyfx.com,gdelt_doc_socialimage,raw/image/thumbnails_webp/fa40bd62cafe0a255adfc65d2b50ec37716c9f48.webp
2022-06-09,1,1,0,,500fd2b776bbff9c80eeb7d98c343a952a4658aa,dailyfx.com,gdelt_doc_socialimage,raw/image/thumbnails_webp/500fd2b776bbff9c80eeb7d98c343a952a4658aa.webp
2022-06-10,1,1,0,,7392400824f24b52d26cf816e47c468c7b4b206b,Copernicus Data Space OGC,copernicus_ogc,raw/image/thumbnails_webp/7392400824f24b52d26cf816e47c468c7b4b206b.webp
2022-06-11,1,1,0,,9a0d7934e2df687a79b03fb236dd268be8f4bf6e,Wikimedia Commons,wikimedia,raw/image/thumbnails_webp/9a0d7934e2df687a79b03fb236dd268be8f4bf6e.webp
2022-06-12,1,1,0,,76152be7ee7b75db7fe626966797c650ebaf552d,menafn.com,gdelt_doc_socialimage,raw/image/thumbnails_webp/76152be7ee7b75db7fe626966797c650ebaf552d.webp
2022-06-13,1,1,0,,180798159718c9f3b8ca4e0041be7aec0f52b627,Pexels,pexels,raw/image/thumbnails_webp/180798159718c9f3b8ca4e0041be7aec0f52b627.webp
2022-06-14,1,1,0,,3768b4956d9daec31dd560d23c17b18d72bacf51,Unsplash,unsplash,raw/image/thumbnails_webp/3768b4956d9daec31dd560d23c17b18d72bacf51.webp
2022-06-15,1,1,0,,99899cf19a1ad3614583128de32a6ed0fdf8c47c,fxstreet.com,gdelt_doc_socialimage,raw/image/thumbnails_webp/99899cf19a1ad3614583128de32a6ed0fdf8c47c.webp
2022-06-16,1,1,0,,83275adc8dd237032768a50ab761f8b042784683,fxstreet.com,gdelt_doc_socialimage,raw/image/thumbnails_webp/83275adc8dd237032768a50ab761f8b042784683.webp
2022-06-17,1,1,0,,7124dbe8242366f8e388e081b46664ad1fa991cc,Wikimedia Commons,wikimedia,raw/image/thumbnails_webp/7124dbe8242366f8e388e081b46664ad1fa991cc.webp
2022-06-18,1,1,0,,f41dea40abcfdf490f046d90010430e1667fa865,err.ee,gdelt_doc_socialimage,raw/image/thumbnails_webp/f41dea40abcfdf490f046d90010430e1667fa865.webp
2022-06-19,1,1,0,,325f50e5c14746390139013b57c105d545cc232d,seekingalpha.com,gdelt_doc_socialimage,raw/image/thumbnails_webp/325f50e5c14746390139013b57c105d545cc232d.webp
2022-06-20,1,1,0,,fd0405926a62083ae8b6b0bf77447d9a90b9583b,fxstreet.com,gdelt_doc_socialimage,raw/image/thumbnails_webp/fd0405926a62083ae8b6b0bf77447d9a90b9583b.webp
2022-06-21,1,1,0,,5fea13ca112b9ac0f52bcfce9dc39e5b35a0cda8,economictimes.indiatimes.com,gdelt_doc_socialimage,raw/image/thumbnails_webp/5fea13ca112b9ac0f52bcfce9dc39e5b35a0cda8.webp
2022-06-22,1,1,0,,82185c5ff9d9295efa319c3145298c8f3f56a5e4,fool.com,gdelt_doc_socialimage,raw/image/thumbnails_webp/82185c5ff9d9295efa319c3145298c8f3f56a5e4.webp
2022-06-23,1,1,0,,3eaff2fd41743de710cca64ed30dbe481fd124fb,actualno.com,gdelt_doc_socialimage,raw/image/thumbnails_webp/3eaff2fd41743de710cca64ed30dbe481fd124fb.webp
2022-06-24,1,1,0,,29b6dcec0ae1ebd8678264610667d3e5ed171fe5,businesstoday.in,gdelt_doc_socialimage,raw/image/thumbnails_webp/29b6dcec0ae1ebd8678264610667d3e5ed171fe5.webp
2022-06-25,1,1,0,,bc92381df01725fc724f944ea93a1617c1754105,Wikimedia Commons,wikimedia,raw/image/thumbnails_webp/bc92381df01725fc724f944ea93a1617c1754105.webp
2022-06-26,1,1,0,,38597f8a609ae028338dbc4149efa1746dade9a8,Pexels,pexels,raw/image/thumbnails_webp/38597f8a609ae028338dbc4149efa1746dade9a8.webp
2022-06-27,1,1,0,,2923f68b107b6cec034c056c8add564dc98ca6fd,fxstreet.com,gdelt_doc_socialimage,raw/image/thumbnails_webp/2923f68b107b6cec034c056c8add564dc98ca6fd.webp
2022-06-28,1,1,0,,2d8d61cf9ad59cd8982d6c46c2ab807222675820,Copernicus Data Space OGC,copernicus_ogc,raw/image/thumbnails_webp/2d8d61cf9ad59cd8982d6c46c2ab807222675820.webp
2022-06-29,1,1,0,,5fbc17e0446985a3f30baa8784bd4bec537694aa,dailyfx.com,gdelt_doc_socialimage,raw/image/thumbnails_webp/5fbc17e0446985a3f30baa8784bd4bec537694aa.webp
2022-06-30,1,1,0,,ee50d6f4defa9a477799185c59f8e5434f67bc10,businesstoday.in,gdelt_doc_socialimage,raw/image/thumbnails_webp/ee50d6f4defa9a477799185c59f8e5434f67bc10.webp
2022-07-01,1,1,0,,a97c595c5a93a6e090d4779a824b20b6ad60b6c7,businesstoday.in,gdelt_doc_socialimage,raw/image/thumbnails_webp/a97c595c5a93a6e090d4779a824b20b6ad60b6c7.webp
2022-07-02,1,1,0,,fb13446b3871493d535cb0ed82d4192f0dcb86b1,theedgemarkets.com,gdelt_doc_socialimage,raw/image/thumbnails_webp/fb13446b3871493d535cb0ed82d4192f0dcb86b1.webp
2022-07-03,1,1,0,,bc70d2bde4da904e601c58f5d616abc05c48f55c,Wikimedia Commons,wikimedia,raw/image/thumbnails_webp/bc70d2bde4da904e601c58f5d616abc05c48f55c.webp
2022-07-04,1,1,0,,d043f111058be334eb518a2a7556a70a747a67d4,english.kontan.co.id,gdelt_doc_socialimage,raw/image/thumbnails_webp/d043f111058be334eb518a2a7556a70a747a67d4.webp
2022-07-05,1,1,0,,a03eb7405f753027c408ed02cfae26f6928be32a,economictimes.indiatimes.com,gdelt_doc_socialimage,raw/image/thumbnails_webp/a03eb7405f753027c408ed02cfae26f6928be32a.webp
2022-07-06,1,1,0,,043a359184344a55f3fa4a426cdca33c3468c474,businesstoday.in,gdelt_doc_socialimage,raw/image/thumbnails_webp/043a359184344a55f3fa4a426cdca33c3468c474.webp
2022-07-07,1,1,0,,cb71eb6bd276f254a4f5993476aadca1c6031158,abc15.com,gdelt_doc_socialimage,raw/image/thumbnails_webp/cb71eb6bd276f254a4f5993476aadca1c6031158.webp
2022-07-08,1,1,0,,1ce9f0f62808c059c87bc5544dd91a76b4599714,Wikimedia Commons,wikimedia,raw/image/thumbnails_webp/1ce9f0f62808c059c87bc5544dd91a76b4599714.webp
2022-07-09,1,1,0,,6ad972672bbdde6e72fc9c93238e93702f066e73,Unsplash,unsplash,raw/image/thumbnails_webp/6ad972672bbdde6e72fc9c93238e93702f066e73.webp
2022-07-10,1,1,0,,f947421d37e12c84543b1705ab49fd2133a1c684,Pexels,pexels,raw/image/thumbnails_webp/f947421d37e12c84543b1705ab49fd2133a1c684.webp
2022-07-11,1,1,0,,fafb97fa0e51e2c5000c41f6ee4062316a407aac,Wikimedia Commons,wikimedia,raw/image/thumbnails_webp/fafb97fa0e51e2c5000c41f6ee4062316a407aac.webp
2022-07-12,1,1,0,,f2d186717eb18c4cc25c798670ff7fa7deade6b8,fxstreet.com,gdelt_doc_socialimage,raw/image/thumbnails_webp/f2d186717eb18c4cc25c798670ff7fa7deade6b8.webp
2022-07-13,1,1,0,,d569220cb1bb8ead458b50283896891629be8a9f,dailyfx.com,gdelt_doc_socialimage,raw/image/thumbnails_webp/d569220cb1bb8ead458b50283896891629be8a9f.webp
2022-07-14,1,1,0,,74a040c9fcef453d632414d26ceeea71fd9a7a6b,finanznachrichten.de,gdelt_doc_socialimage,raw/image/thumbnails_webp/74a040c9fcef453d632414d26ceeea71fd9a7a6b.webp
2022-07-15,1,1,0,,2c6b94adc4dd9c65b99d149808652e3663da6881,Copernicus Data Space OGC,copernicus_ogc,raw/image/thumbnails_webp/2c6b94adc4dd9c65b99d149808652e3663da6881.webp
2022-07-16,1,1,0,,c79d064895b50c6e55ff77d478bfcc51a4a5bf50,Wikimedia Commons,wikimedia,raw/image/thumbnails_webp/c79d064895b50c6e55ff77d478bfcc51a4a5bf50.webp
2022-07-17,1,1,0,,4b5be1623cd7f83331f8becccf5da5cb8293fb05,seekingalpha.com,gdelt_doc_socialimage,raw/image/thumbnails_webp/4b5be1623cd7f83331f8becccf5da5cb8293fb05.webp
2022-07-18,1,1,0,,264051451d50ee4192479b51d367ff6ecae04fd5,Wikimedia Commons,wikimedia,raw/image/thumbnails_webp/264051451d50ee4192479b51d367ff6ecae04fd5.webp
2022-07-19,1,1,0,,c708609807a278a34d113640303cdf79303633e8,Wikimedia Commons,wikimedia,raw/image/thumbnails_webp/c708609807a278a34d113640303cdf79303633e8.webp
2022-07-20,1,1,0,,57c5aced784117c365b5c46c5e2fba06dcb7ed05,dailyfx.com,gdelt_doc_socialimage,raw/image/thumbnails_webp/57c5aced784117c365b5c46c5e2fba06dcb7ed05.webp
2022-07-21,1,1,0,,7773e9e29f93da1171f8161f48275622cc3744a1,Wikimedia Commons,wikimedia,raw/image/thumbnails_webp/7773e9e29f93da1171f8161f48275622cc3744a1.webp
2022-07-22,1,1,0,,403fe87c07f531f628e829dbeee41c6e6f948024,Wikimedia Commons,wikimedia,raw/image/thumbnails_webp/403fe87c07f531f628e829dbeee41c6e6f948024.webp
2022-07-23,1,1,0,,446cb9e89ae4e69180e54e524a719ebfe13e48f0,Unsplash,unsplash,raw/image/thumbnails_webp/446cb9e89ae4e69180e54e524a719ebfe13e48f0.webp
2022-07-24,1,1,0,,322d03e200574dd5346a4695cf7192468712ca46,dailyfx.com,gdelt_doc_socialimage,raw/image/thumbnails_webp/322d03e200574dd5346a4695cf7192468712ca46.webp
2022-07-25,1,1,0,,1bd5740ab265a9c9f2ef0ac9ea7caaefaae47e76,Wikimedia Commons,wikimedia,raw/image/thumbnails_webp/1bd5740ab265a9c9f2ef0ac9ea7caaefaae47e76.webp
2022-07-26,1,1,0,,dd819cc35aba697feb71e2e4d861c85fdf84111a,Wikimedia Commons,wikimedia,raw/image/thumbnails_webp/dd819cc35aba697feb71e2e4d861c85fdf84111a.webp
2022-07-27,1,1,0,,67bfbcaafc581441f75ba49d0fb70deeed699b28,dailyfx.com,gdelt_doc_socialimage,raw/image/thumbnails_webp/67bfbcaafc581441f75ba49d0fb70deeed699b28.webp
2022-07-28,1,1,0,,02617d37eb8863bbd04b2a37b55fec17735766c8,Wikimedia Commons,wikimedia,raw/image/thumbnails_webp/02617d37eb8863bbd04b2a37b55fec17735766c8.webp
2022-07-29,1,1,0,,480f6dbce1d52d5d11c5fdd9ad9decca41187898,Wikimedia Commons,wikimedia,raw/image/thumbnails_webp/480f6dbce1d52d5d11c5fdd9ad9decca41187898.webp
2022-07-30,1,1,0,,7b3f906413857d0d0f5515797cc748f665cfd979,Wikimedia Commons,wikimedia,raw/image/thumbnails_webp/7b3f906413857d0d0f5515797cc748f665cfd979.webp
2022-07-31,1,1,0,,8005848a3a8cc5443adc351047f90dbdfbc34813,NASA GIBS,nasa_gibs,raw/image/thumbnails_webp/8005848a3a8cc5443adc351047f90dbdfbc34813.webp
2022-08-01,1,1,0,,6d6694b5857a16767c3d6dada0256c480c759a2c,Unsplash,unsplash,raw/image/thumbnails_webp/6d6694b5857a16767c3d6dada0256c480c759a2c.webp
2022-08-02,1,1,0,,b1c654f5cdc53058f79b93ac86e02341d1b8ba2a,Copernicus Data Space OGC,copernicus_ogc,raw/image/thumbnails_webp/b1c654f5cdc53058f79b93ac86e02341d1b8ba2a.webp
2022-08-03,1,1,0,,2173784d1a5c8d5bb01be073fce8a8c9c2853375,dailyfx.com,gdelt_doc_socialimage,raw/image/thumbnails_webp/2173784d1a5c8d5bb01be073fce8a8c9c2853375.webp
2022-08-04,1,1,0,,31a89a90f1d11a367947d96f151751c0a13573ce,Wikimedia Commons,wikimedia,raw/image/thumbnails_webp/31a89a90f1d11a367947d96f151751c0a13573ce.webp
2022-08-05,1,1,0,,e2d4c4037ef7cad1396bd7dd4db7dd19c1c67607,Wikimedia Commons,wikimedia,raw/image/thumbnails_webp/e2d4c4037ef7cad1396bd7dd4db7dd19c1c67607.webp
2022-08-06,1,1,0,,534eeb592eb0a111c6a3d31c56568dd7559effc5,Unsplash,unsplash,raw/image/thumbnails_webp/534eeb592eb0a111c6a3d31c56568dd7559effc5.webp
2022-08-07,1,1,0,,d1ba8d5b1d9db019eab383cb53af9b0777587fb0,Pexels,pexels,raw/image/thumbnails_webp/d1ba8d5b1d9db019eab383cb53af9b0777587fb0.webp
2022-08-08,1,1,0,,11d2f3207177d3805be74ebe99e77e9ebecfe65b,Wikimedia Commons,wikimedia,raw/image/thumbnails_webp/11d2f3207177d3805be74ebe99e77e9ebecfe65b.webp
2022-08-09,1,1,0,,f969fe9628cdc007c21eefbdf569592095916d54,dailyfx.com,gdelt_doc_socialimage,raw/image/thumbnails_webp/f969fe9628cdc007c21eefbdf569592095916d54.webp
2022-08-10,1,1,0,,b8608e11eac9c27c1396d28348a44bba3143b9d9,Unsplash,unsplash,raw/image/thumbnails_webp/b8608e11eac9c27c1396d28348a44bba3143b9d9.webp
2022-08-11,1,1,0,,4fa220dac5637c677d9d7ceeadcfbc5998554e94,Wikimedia Commons,wikimedia,raw/image/thumbnails_webp/4fa220dac5637c677d9d7ceeadcfbc5998554e94.webp
2022-08-12,1,1,0,,8676d80708107bc4d7e0e70a3a31ec5e3d34549a,finanznachrichten.de,gdelt_doc_socialimage,raw/image/thumbnails_webp/8676d80708107bc4d7e0e70a3a31ec5e3d34549a.webp
2022-08-13,1,1,0,,1e06a8e64ed1cc2016c54f0bbf05bfe5af6b7a36,Wikimedia Commons,wikimedia,raw/image/thumbnails_webp/1e06a8e64ed1cc2016c54f0bbf05bfe5af6b7a36.webp
2022-08-14,1,1,0,,aa88c74ceac65d01e663e701eab75c49f13b21d2,Wikimedia Commons,wikimedia,raw/image/thumbnails_webp/aa88c74ceac65d01e663e701eab75c49f13b21d2.webp
2022-08-15,1,1,0,,41cc2ad3b5f273bf9ad435773f631ab82a7ff35e,menafn.com,gdelt_doc_socialimage,raw/image/thumbnails_webp/41cc2ad3b5f273bf9ad435773f631ab82a7ff35e.webp
2022-08-16,1,1,0,,f6d47e01ddaf626e5f6ad9c93a6196d549920cc9,dailyfx.com,gdelt_doc_socialimage,raw/image/thumbnails_webp/f6d47e01ddaf626e5f6ad9c93a6196d549920cc9.webp
2022-08-17,1,1,0,,9ffa4fdcbda2571876402d9fbea5fd679e6ace1b,menafn.com,gdelt_doc_socialimage,raw/image/thumbnails_webp/9ffa4fdcbda2571876402d9fbea5fd679e6ace1b.webp
2022-08-18,1,1,0,,15b3f257eb80fac045de5a67b95c95dac8212d70,thehindubusinessline.com,gdelt_doc_socialimage,raw/image/thumbnails_webp/15b3f257eb80fac045de5a67b95c95dac8212d70.webp
2022-08-19,1,1,0,,1b8ae7f5323f18196a734e1b921de09ca33cfc1e,thehindubusinessline.com,gdelt_doc_socialimage,raw/image/thumbnails_webp/1b8ae7f5323f18196a734e1b921de09ca33cfc1e.webp
2022-08-20,1,1,0,,ce7a8069772a423258a09865ce6c08d4221de059,Copernicus Data Space OGC,copernicus_ogc,raw/image/thumbnails_webp/ce7a8069772a423258a09865ce6c08d4221de059.webp
2022-08-21,1,1,0,,796d0a618e303ea9eb07ba71c1b90e9320d2df09,Wikimedia Commons,wikimedia,raw/image/thumbnails_webp/796d0a618e303ea9eb07ba71c1b90e9320d2df09.webp
2022-08-22,1,1,0,,330e94b0de1e9adc0a6b92e3f30583daf1acb206,seekingalpha.com,gdelt_doc_socialimage,raw/image/thumbnails_webp/330e94b0de1e9adc0a6b92e3f30583daf1acb206.webp
2022-08-23,1,1,0,,9b220c1f280a7879fd0d8e176a03bf14e03ac320,Wikimedia Commons,wikimedia,raw/image/thumbnails_webp/9b220c1f280a7879fd0d8e176a03bf14e03ac320.webp
2022-08-24,1,1,0,,0811474f4ec55e219549e318deb4de54e8582465,finance.si,gdelt_doc_socialimage,raw/image/thumbnails_webp/0811474f4ec55e219549e318deb4de54e8582465.webp
2022-08-25,1,1,0,,99e1577db07fb1472cdecdb1b79ade72e21f96ef,Wikimedia Commons,wikimedia,raw/image/thumbnails_webp/99e1577db07fb1472cdecdb1b79ade72e21f96ef.webp
2022-08-26,1,1,0,,5c2edbf1c2acb3799dd4b702dcc64ee8e6b46919,pna.gov.ph,gdelt_doc_socialimage,raw/image/thumbnails_webp/5c2edbf1c2acb3799dd4b702dcc64ee8e6b46919.webp
2022-08-27,1,1,0,,a8785cde7d0cb4264c3af4fa481c7ff0d1663619,Wikimedia Commons,wikimedia,raw/image/thumbnails_webp/a8785cde7d0cb4264c3af4fa481c7ff0d1663619.webp
2022-08-28,1,1,0,,0afd4c2a84cd564e2b458213102c62b82767ea68,menafn.com,gdelt_doc_socialimage,raw/image/thumbnails_webp/0afd4c2a84cd564e2b458213102c62b82767ea68.webp
2022-08-29,1,1,0,,18412337d51481b92537821fca162fc49f133091,Unsplash,unsplash,raw/image/thumbnails_webp/18412337d51481b92537821fca162fc49f133091.webp
2022-08-30,1,1,0,,f23065336b83ee790ded7547ae2ad04765f286dd,businesstoday.in,gdelt_doc_socialimage,raw/image/thumbnails_webp/f23065336b83ee790ded7547ae2ad04765f286dd.webp
2022-08-31,1,1,0,,814fc00e67cfafbcebfeb015264490dd238ad74b,Pexels,pexels,raw/image/thumbnails_webp/814fc00e67cfafbcebfeb015264490dd238ad74b.webp
2022-09-01,1,1,0,,2fcfedb37d8ee0a7973e3e4678c8ae7286c33994,businesstoday.in,gdelt_doc_socialimage,raw/image/thumbnails_webp/2fcfedb37d8ee0a7973e3e4678c8ae7286c33994.webp
2022-09-02,1,1,0,,6c35177f2bfdb6b1dc9d3197258491d70ca69fb9,dailyfx.com,gdelt_doc_socialimage,raw/image/thumbnails_webp/6c35177f2bfdb6b1dc9d3197258491d70ca69fb9.webp
2022-09-03,1,1,0,,beabb8b79308dbc18ab20e8ed0fdd97ddf553516,tribune.com.pk,gdelt_doc_socialimage,raw/image/thumbnails_webp/beabb8b79308dbc18ab20e8ed0fdd97ddf553516.webp
2022-09-04,1,1,0,,435298dfca1a551d943801bdd3a68659c1f63f1f,menafn.com,gdelt_doc_socialimage,raw/image/thumbnails_webp/435298dfca1a551d943801bdd3a68659c1f63f1f.webp
2022-09-05,1,1,0,,0422f199ba8ec41a5f49a528c7ac32627a2669dc,fxstreet.com,gdelt_doc_socialimage,raw/image/thumbnails_webp/0422f199ba8ec41a5f49a528c7ac32627a2669dc.webp
2022-09-06,1,1,0,,a9ee15e3cdceae310b761a62780248322354cf61,Copernicus Data Space OGC,copernicus_ogc,raw/image/thumbnails_webp/a9ee15e3cdceae310b761a62780248322354cf61.webp
2022-09-07,1,1,0,,3c5a57b4fe932c2437bdcddd1e8634f4250088e0,fool.com,gdelt_doc_socialimage,raw/image/thumbnails_webp/3c5a57b4fe932c2437bdcddd1e8634f4250088e0.webp
2022-09-08,1,1,0,,0b1d8ca562c384e407e17ab3a3b04d1199d7c696,dailyfx.com,gdelt_doc_socialimage,raw/image/thumbnails_webp/0b1d8ca562c384e407e17ab3a3b04d1199d7c696.webp
2022-09-09,1,1,0,,07363b3cf94cf0a5a23f54967b042eeaaddd0aae,oilprice.com,gdelt_doc_socialimage,raw/image/thumbnails_webp/07363b3cf94cf0a5a23f54967b042eeaaddd0aae.webp
2022-09-10,1,1,0,,536dd1a9fddf4f967806be0af92169b3069ddb99,tribune.com.pk,gdelt_doc_socialimage,raw/image/thumbnails_webp/536dd1a9fddf4f967806be0af92169b3069ddb99.webp
2022-09-11,1,1,0,,912f6544cb0f21e7b5ff9a1752aed2529338abce,Wikimedia Commons,wikimedia,raw/image/thumbnails_webp/912f6544cb0f21e7b5ff9a1752aed2529338abce.webp
2022-09-12,1,1,0,,54198b3ccde411c689903d33d05c393641b6d11e,etftrends.com,gdelt_doc_socialimage,raw/image/thumbnails_webp/54198b3ccde411c689903d33d05c393641b6d11e.webp
2022-09-13,1,1,0,,3db6914b27e8c835569b397f28dd74634f3054fc,dailyfx.com,gdelt_doc_socialimage,raw/image/thumbnails_webp/3db6914b27e8c835569b397f28dd74634f3054fc.webp
2022-09-14,1,1,0,,f327e079e6ff1f4c88b961973f6e32eff81e8f02,fxstreet.com,gdelt_doc_socialimage,raw/image/thumbnails_webp/f327e079e6ff1f4c88b961973f6e32eff81e8f02.webp
2022-09-15,1,1,0,,64c8cfbb13f0daa9662c72d8bf96c759ab226729,Wikimedia Commons,wikimedia,raw/image/thumbnails_webp/64c8cfbb13f0daa9662c72d8bf96c759ab226729.webp
2022-09-16,1,1,0,,9bbc8d6a530674faebeec2df886ab6b193e07b97,dailyfx.com,gdelt_doc_socialimage,raw/image/thumbnails_webp/9bbc8d6a530674faebeec2df886ab6b193e07b97.webp
2022-09-17,1,1,0,,a92fb64a7ae09d6f343ccdcd59d41075dbed0e77,Wikimedia Commons,wikimedia,raw/image/thumbnails_webp/a92fb64a7ae09d6f343ccdcd59d41075dbed0e77.webp
2022-09-18,1,1,0,,36c09e787860d39a660131f7851f6260d50158ec,Unsplash,unsplash,raw/image/thumbnails_webp/36c09e787860d39a660131f7851f6260d50158ec.webp
2022-09-19,1,1,0,,7399ffbc42a89a7185d556e9c48b69aa8c87fcaa,bizwatchnigeria.ng,gdelt_doc_socialimage,raw/image/thumbnails_webp/7399ffbc42a89a7185d556e9c48b69aa8c87fcaa.webp
2022-09-20,1,1,0,,43e02b39600b625fe31ff816769edf2544c5d088,businesstoday.in,gdelt_doc_socialimage,raw/image/thumbnails_webp/43e02b39600b625fe31ff816769edf2544c5d088.webp
2022-09-21,1,1,0,,e78c42f4b33427084f734844effe9c2aa9a573d6,dailyfx.com,gdelt_doc_socialimage,raw/image/thumbnails_webp/e78c42f4b33427084f734844effe9c2aa9a573d6.webp
2022-09-22,1,1,0,,a636a5126c531d2de5cdced97e7c02cfef08c401,NASA GIBS,nasa_gibs,raw/image/thumbnails_webp/a636a5126c531d2de5cdced97e7c02cfef08c401.webp
2022-09-23,1,1,0,,e81184d3cd521a818b0b646c44320c375be9a022,rte.ie,gdelt_doc_socialimage,raw/image/thumbnails_webp/e81184d3cd521a818b0b646c44320c375be9a022.webp
2022-09-24,1,1,0,,266a5911d6928adea3669f4a92c42f6c927f6fae,Copernicus Data Space OGC,copernicus_ogc,raw/image/thumbnails_webp/266a5911d6928adea3669f4a92c42f6c927f6fae.webp
2022-09-25,1,1,0,,df8fc796d7d06450020955269496d805d88d31ea,Wikimedia Commons,wikimedia,raw/image/thumbnails_webp/df8fc796d7d06450020955269496d805d88d31ea.webp
2022-09-26,1,1,0,,161a219b02e7c34bd0491166c85406116e088e33,fxstreet.com,gdelt_doc_socialimage,raw/image/thumbnails_webp/161a219b02e7c34bd0491166c85406116e088e33.webp
2022-09-27,1,1,0,,bd2cb1bda090bcf933dcc2160c1536fb8c669445,Unsplash,unsplash,raw/image/thumbnails_webp/bd2cb1bda090bcf933dcc2160c1536fb8c669445.webp
2022-09-28,1,1,0,,f7c5663b72463d5b513ebd925176301a96643095,thehindubusinessline.com,gdelt_doc_socialimage,raw/image/thumbnails_webp/f7c5663b72463d5b513ebd925176301a96643095.webp
2022-09-29,1,1,0,,9cbf58b47b08aac771543dc2cbac6071ac42f039,Pexels,pexels,raw/image/thumbnails_webp/9cbf58b47b08aac771543dc2cbac6071ac42f039.webp
2022-09-30,1,1,0,,945762e919842f338b78523ce761606dd6dfbecd,businesstoday.in,gdelt_doc_socialimage,raw/image/thumbnails_webp/945762e919842f338b78523ce761606dd6dfbecd.webp
2022-10-01,1,1,0,,fd3e8768f94d17599d034a2e157f88e58084fa11,sudouest.fr,gdelt_doc_socialimage,raw/image/thumbnails_webp/fd3e8768f94d17599d034a2e157f88e58084fa11.webp
2022-10-02,1,1,0,,49488348d3a2f16251df4646d0f261f78c17e4b6,Wikimedia Commons,wikimedia,raw/image/thumbnails_webp/49488348d3a2f16251df4646d0f261f78c17e4b6.webp
2022-10-03,1,1,0,,3494438ecd7dbb42fbd90ff25b8ee4a014e893b0,thehindubusinessline.com,gdelt_doc_socialimage,raw/image/thumbnails_webp/3494438ecd7dbb42fbd90ff25b8ee4a014e893b0.webp
2022-10-04,1,1,0,,db03190e62583c7705f4bd57477cb9f7bd78f7f5,dailyfx.com,gdelt_doc_socialimage,raw/image/thumbnails_webp/db03190e62583c7705f4bd57477cb9f7bd78f7f5.webp
2022-10-05,1,1,0,,e2523c03501ed941d037fe7c02c7ec35899ec154,ceskenoviny.cz,gdelt_doc_socialimage,raw/image/thumbnails_webp/e2523c03501ed941d037fe7c02c7ec35899ec154.webp
2022-10-06,1,1,0,,e68b87ce1b296f6ddaec4b3d9ea40ba4dde883e5,dailyfx.com,gdelt_doc_socialimage,raw/image/thumbnails_webp/e68b87ce1b296f6ddaec4b3d9ea40ba4dde883e5.webp
2022-10-07,1,1,0,,583259168b5a143034a4b0e3f9094a1d0ed68b82,dailyfx.com,gdelt_doc_socialimage,raw/image/thumbnails_webp/583259168b5a143034a4b0e3f9094a1d0ed68b82.webp
2022-10-08,1,1,0,,4f43e4e537999f2a0925ff9c1c62ca32f95f4399,seekingalpha.com,gdelt_doc_socialimage,raw/image/thumbnails_webp/4f43e4e537999f2a0925ff9c1c62ca32f95f4399.webp
2022-10-09,1,1,0,,aeb5f8149f77ba99b9374862431226ec6701e9b3,seekingalpha.com,gdelt_doc_socialimage,raw/image/thumbnails_webp/aeb5f8149f77ba99b9374862431226ec6701e9b3.webp
2022-10-10,1,1,0,,1b4958be6dabae0477274484fe78cb266999da9b,fxstreet.com,gdelt_doc_socialimage,raw/image/thumbnails_webp/1b4958be6dabae0477274484fe78cb266999da9b.webp
2022-10-11,1,1,0,,31a8a6c220fdbfe68efa69bf71b36ff4a31182a7,Copernicus Data Space OGC,copernicus_ogc,raw/image/thumbnails_webp/31a8a6c220fdbfe68efa69bf71b36ff4a31182a7.webp
2022-10-12,1,1,0,,86a7d04a571ec22a87dc21df2a28fec9219b2fb9,fxstreet.com,gdelt_doc_socialimage,raw/image/thumbnails_webp/86a7d04a571ec22a87dc21df2a28fec9219b2fb9.webp
2022-10-13,1,1,0,,b312217b7a878dafad4ef894d901d87538852909,finanznachrichten.de,gdelt_doc_socialimage,raw/image/thumbnails_webp/b312217b7a878dafad4ef894d901d87538852909.webp
2022-10-14,1,1,0,,dd21178951c2511005ca855b6b6e5e35a1106a13,businesstoday.in,gdelt_doc_socialimage,raw/image/thumbnails_webp/dd21178951c2511005ca855b6b6e5e35a1106a13.webp
2022-10-15,1,1,0,,cbd67d32d8b222e2827fb36fc9101cb3d8f1553f,Wikimedia Commons,wikimedia,raw/image/thumbnails_webp/cbd67d32d8b222e2827fb36fc9101cb3d8f1553f.webp
2022-10-16,1,1,0,,8a542142b8a4936644cd12e5bd6445822efc475a,Wikimedia Commons,wikimedia,raw/image/thumbnails_webp/8a542142b8a4936644cd12e5bd6445822efc475a.webp
2022-10-17,1,1,0,,d02e0677cdbcbb83c9b8bcfe19c5dc8d2003984c,thehindu.com,gdelt_doc_socialimage,raw/image/thumbnails_webp/d02e0677cdbcbb83c9b8bcfe19c5dc8d2003984c.webp
2022-10-18,1,1,0,,51868e341f3ff7f90f786d31f2c5c2e39610d245,Wikimedia Commons,wikimedia,raw/image/thumbnails_webp/51868e341f3ff7f90f786d31f2c5c2e39610d245.webp
2022-10-19,1,1,0,,5ef3aa3f26985a7fdeee796dbaf65fc4113c56c4,Wikimedia Commons,wikimedia,raw/image/thumbnails_webp/5ef3aa3f26985a7fdeee796dbaf65fc4113c56c4.webp
2022-10-20,1,1,0,,f4884bfda4859a78482880b72358723f6e594ff6,Wikimedia Commons,wikimedia,raw/image/thumbnails_webp/f4884bfda4859a78482880b72358723f6e594ff6.webp
2022-10-21,1,1,0,,cf91d5e205b64263a315e8b6f46dfd9f6ec7d823,businesstoday.in,gdelt_doc_socialimage,raw/image/thumbnails_webp/cf91d5e205b64263a315e8b6f46dfd9f6ec7d823.webp
2022-10-22,1,1,0,,5b3da6b6f1e4b0a0912e17b0649ded09162789eb,Unsplash,unsplash,raw/image/thumbnails_webp/5b3da6b6f1e4b0a0912e17b0649ded09162789eb.webp
2022-10-23,1,1,0,,3ee95b3f0b97a753e65bdb81f95c43264b6b6356,Unsplash,unsplash,raw/image/thumbnails_webp/3ee95b3f0b97a753e65bdb81f95c43264b6b6356.webp
2022-10-24,1,1,0,,34495ab3069d557527d6fc5461499f06a1c0612e,Pexels,pexels,raw/image/thumbnails_webp/34495ab3069d557527d6fc5461499f06a1c0612e.webp
2022-10-25,1,1,0,,cc4b3ac4347982028c6b7d467e03da80a82a615d,oilprice.com,gdelt_doc_socialimage,raw/image/thumbnails_webp/cc4b3ac4347982028c6b7d467e03da80a82a615d.webp
2022-10-26,1,1,0,,c42e475584b90c4db76f8174a5c59ff92371f72e,Unsplash,unsplash,raw/image/thumbnails_webp/c42e475584b90c4db76f8174a5c59ff92371f72e.webp
2022-10-27,1,1,0,,154fbbc8fabbabc6d96ce6f735e88e4a235a52bb,Unsplash,unsplash,raw/image/thumbnails_webp/154fbbc8fabbabc6d96ce6f735e88e4a235a52bb.webp
2022-10-28,1,1,0,,8e33bcaab465005a32277a2ccf451b297aaf3152,economictimes.indiatimes.com,gdelt_doc_socialimage,raw/image/thumbnails_webp/8e33bcaab465005a32277a2ccf451b297aaf3152.webp
2022-10-29,1,1,0,,434b3165fc8f2c0479c37229130b7f6168975e41,Unsplash,unsplash,raw/image/thumbnails_webp/434b3165fc8f2c0479c37229130b7f6168975e41.webp
2022-10-30,1,1,0,,40045eb4907862ec125f3368d94b976384cd4033,Copernicus Data Space OGC,copernicus_ogc,raw/image/thumbnails_webp/40045eb4907862ec125f3368d94b976384cd4033.webp
2022-10-31,1,1,0,,f17683f1e2d4c2f2d8d48e827353e826501791af,Pexels,pexels,raw/image/thumbnails_webp/f17683f1e2d4c2f2d8d48e827353e826501791af.webp
2022-11-01,1,1,0,,15edc08964426943e95051f8c5cc26fc9350dc6e,Unsplash,unsplash,raw/image/thumbnails_webp/15edc08964426943e95051f8c5cc26fc9350dc6e.webp
2022-11-02,1,1,0,,d2cfdf3768dd005950b638eb9bc9a544f2e02a4d,aa.com.tr,gdelt_doc_socialimage,raw/image/thumbnails_webp/d2cfdf3768dd005950b638eb9bc9a544f2e02a4d.webp
2022-11-03,1,1,0,,2f2d5e1ed94e9e6a65d7a29dffaa291d0ebd410e,Unsplash,unsplash,raw/image/thumbnails_webp/2f2d5e1ed94e9e6a65d7a29dffaa291d0ebd410e.webp
2022-11-04,1,1,0,,27fe784fb04a6f46e6d77f714c2c66dcbe83a633,Unsplash,unsplash,raw/image/thumbnails_webp/27fe784fb04a6f46e6d77f714c2c66dcbe83a633.webp
2022-11-05,1,1,0,,7a69e18667e1606b4f8b3ed9eb0fd097c4f2726e,dailyfx.com,gdelt_doc_socialimage,raw/image/thumbnails_webp/7a69e18667e1606b4f8b3ed9eb0fd097c4f2726e.webp
2022-11-06,1,1,0,,229787fe0a4441799c588bfee97bdd8be1bdcb3c,Unsplash,unsplash,raw/image/thumbnails_webp/229787fe0a4441799c588bfee97bdd8be1bdcb3c.webp
2022-11-07,1,1,0,,d702afa4234aaa8791e9faffaaa2bda1c828bf4f,Unsplash,unsplash,raw/image/thumbnails_webp/d702afa4234aaa8791e9faffaaa2bda1c828bf4f.webp
2022-11-08,1,1,0,,67d38f80b0c89aa33093f52bdde2ee7719acc622,economictimes.indiatimes.com,gdelt_doc_socialimage,raw/image/thumbnails_webp/67d38f80b0c89aa33093f52bdde2ee7719acc622.webp
2022-11-09,1,1,0,,37c4de88bee5da8efe1f34af10d4262bc9acc331,Unsplash,unsplash,raw/image/thumbnails_webp/37c4de88bee5da8efe1f34af10d4262bc9acc331.webp
2022-11-10,1,1,0,,52b554a1138c0675451859d2e88276edce338dd5,Unsplash,unsplash,raw/image/thumbnails_webp/52b554a1138c0675451859d2e88276edce338dd5.webp
2022-11-11,1,1,0,,ecc0034032873cfa7748e63ebd4bcb3e5319035e,Unsplash,unsplash,raw/image/thumbnails_webp/ecc0034032873cfa7748e63ebd4bcb3e5319035e.webp
2022-11-12,1,1,0,,b5c457375c07124318a69d1fb85f9619bea71a6d,Unsplash,unsplash,raw/image/thumbnails_webp/b5c457375c07124318a69d1fb85f9619bea71a6d.webp
2022-11-13,1,1,0,,6a72f6594258526005a32b6066b5f11364a1ddce,Unsplash,unsplash,raw/image/thumbnails_webp/6a72f6594258526005a32b6066b5f11364a1ddce.webp
2022-11-14,1,1,0,,86d5c8f25cd32942a0fae7cbe8b9f50f3005a834,dailyfx.com,gdelt_doc_socialimage,raw/image/thumbnails_webp/86d5c8f25cd32942a0fae7cbe8b9f50f3005a834.webp
2022-11-15,1,1,0,,431fc92bfcb6b782e71188b6f2a81683d0de4842,Pexels,pexels,raw/image/thumbnails_webp/431fc92bfcb6b782e71188b6f2a81683d0de4842.webp
2022-11-16,1,1,0,,803c8fa266e35fb10b9648493442056795764c8a,NASA GIBS,nasa_gibs,raw/image/thumbnails_webp/803c8fa266e35fb10b9648493442056795764c8a.webp
2022-11-17,1,1,0,,a6a5aec632a176e33be3d92c842f51bc50595795,Unsplash,unsplash,raw/image/thumbnails_webp/a6a5aec632a176e33be3d92c842f51bc50595795.webp
2022-11-18,1,1,0,,4809add3b147409b5c35f249dfc29907820eb379,economictimes.indiatimes.com,gdelt_doc_socialimage,raw/image/thumbnails_webp/4809add3b147409b5c35f249dfc29907820eb379.webp
2022-11-19,1,1,0,,1989a0563e1561e5b1163ddc1c29264804947bbe,Copernicus Data Space OGC,copernicus_ogc,raw/image/thumbnails_webp/1989a0563e1561e5b1163ddc1c29264804947bbe.webp
2022-11-20,1,1,0,,8e925633bf7ff0d0d77d1fd24387c87e9f63b8bf,Unsplash,unsplash,raw/image/thumbnails_webp/8e925633bf7ff0d0d77d1fd24387c87e9f63b8bf.webp
2022-11-21,1,1,0,,5112a650ca3a893fac255c8ac260d05854bdc275,fool.com,gdelt_doc_socialimage,raw/image/thumbnails_webp/5112a650ca3a893fac255c8ac260d05854bdc275.webp
2022-11-22,1,1,0,,7bace003eca83217d6851e097267d58a8b2a7875,Wikimedia Commons,wikimedia,raw/image/thumbnails_webp/7bace003eca83217d6851e097267d58a8b2a7875.webp
2022-11-23,1,1,0,,9d68cfd3ed1bd00c04226da6df71bdff6a32adb3,Unsplash,unsplash,raw/image/thumbnails_webp/9d68cfd3ed1bd00c04226da6df71bdff6a32adb3.webp
2022-11-24,1,1,0,,7a00890d2bf4f23d69e0fc3e81b0d4f0bf8cf9df,Unsplash,unsplash,raw/image/thumbnails_webp/7a00890d2bf4f23d69e0fc3e81b0d4f0bf8cf9df.webp
2022-11-25,1,1,0,,9d562f3f4dfc77ab41116fc816d3e30f50978723,oilprice.com,gdelt_doc_socialimage,raw/image/thumbnails_webp/9d562f3f4dfc77ab41116fc816d3e30f50978723.webp
2022-11-26,1,1,0,,7168fb285222779654e44b7eeefb4d62dedb3d5d,Pexels,pexels,raw/image/thumbnails_webp/7168fb285222779654e44b7eeefb4d62dedb3d5d.webp
2022-11-27,1,1,0,,02b00d0d0487382fd39be29d6ca596e306cbbe91,Unsplash,unsplash,raw/image/thumbnails_webp/02b00d0d0487382fd39be29d6ca596e306cbbe91.webp
2022-11-28,1,1,0,,c3bb8aa3303bb542f89d5820730b26d831a9e216,Unsplash,unsplash,raw/image/thumbnails_webp/c3bb8aa3303bb542f89d5820730b26d831a9e216.webp
2022-11-29,1,1,0,,9b3446b50f02d6a1a753e197eb1b5a583616d2de,dailyfx.com,gdelt_doc_socialimage,raw/image/thumbnails_webp/9b3446b50f02d6a1a753e197eb1b5a583616d2de.webp
2022-11-30,1,1,0,,b84ae65eec253bb5c6d875880541541c16491a40,Wikimedia Commons,wikimedia,raw/image/thumbnails_webp/b84ae65eec253bb5c6d875880541541c16491a40.webp
2022-12-01,1,1,0,,d8e819c14a160b26491e483dd68e1e9e07699f2a,Unsplash,unsplash,raw/image/thumbnails_webp/d8e819c14a160b26491e483dd68e1e9e07699f2a.webp
2022-12-02,1,1,0,,77a98390231f9f8537a2f0ff26a5af9714c7c289,economictimes.indiatimes.com,gdelt_doc_socialimage,raw/image/thumbnails_webp/77a98390231f9f8537a2f0ff26a5af9714c7c289.webp
2022-12-03,1,1,0,,51cfced0afbb13a77312531574069d2fa1c907ee,Wikimedia Commons,wikimedia,raw/image/thumbnails_webp/51cfced0afbb13a77312531574069d2fa1c907ee.webp
2022-12-04,1,1,0,,c5a61c776e218d7cdde056fdd4caa4fec89d4967,Wikimedia Commons,wikimedia,raw/image/thumbnails_webp/c5a61c776e218d7cdde056fdd4caa4fec89d4967.webp
2022-12-05,1,1,0,,5e4df29983207bc190c93a35e1e2b3208aea9592,Wikimedia Commons,wikimedia,raw/image/thumbnails_webp/5e4df29983207bc190c93a35e1e2b3208aea9592.webp
2022-12-06,1,1,0,,e5971da858daf6f3258b833f8a095767d97cf3b5,Wikimedia Commons,wikimedia,raw/image/thumbnails_webp/e5971da858daf6f3258b833f8a095767d97cf3b5.webp
2022-12-07,1,1,0,,e88b25f3b5ce16551c35d0989f25286aca910366,oilprice.com,gdelt_doc_socialimage,raw/image/thumbnails_webp/e88b25f3b5ce16551c35d0989f25286aca910366.webp
2022-12-08,1,1,0,,01e2db47a761d61fa9036e6a70ef39eebcb71e81,Copernicus Data Space OGC,copernicus_ogc,raw/image/thumbnails_webp/01e2db47a761d61fa9036e6a70ef39eebcb71e81.webp
2022-12-09,1,1,0,,bca67b1dd86694f1cfd805a9abe95905f1568ce7,Wikimedia Commons,wikimedia,raw/image/thumbnails_webp/bca67b1dd86694f1cfd805a9abe95905f1568ce7.webp
2022-12-10,1,1,0,,4eae5c35744ec53e38f6d82ddfab7333130391f6,Wikimedia Commons,wikimedia,raw/image/thumbnails_webp/4eae5c35744ec53e38f6d82ddfab7333130391f6.webp
2022-12-11,1,1,0,,29a90034e2ba76526471da005e14f407d8a2601c,Wikimedia Commons,wikimedia,raw/image/thumbnails_webp/29a90034e2ba76526471da005e14f407d8a2601c.webp
2022-12-12,1,1,0,,0aedcffa5194b554db0b8f0a4b1bc783ebc5ba82,Wikimedia Commons,wikimedia,raw/image/thumbnails_webp/0aedcffa5194b554db0b8f0a4b1bc783ebc5ba82.webp
2022-12-13,1,1,0,,52119c8967d85081fdd64c9eea3ca93c1a4e954e,Wikimedia Commons,wikimedia,raw/image/thumbnails_webp/52119c8967d85081fdd64c9eea3ca93c1a4e954e.webp
2022-12-14,1,1,0,,9f1c7f9bc941731f8fc0aba844d1fc610ed66f61,Wikimedia Commons,wikimedia,raw/image/thumbnails_webp/9f1c7f9bc941731f8fc0aba844d1fc610ed66f61.webp
2022-12-15,1,1,0,,8128b5b6935c0346ff94c47679a6ee9f15af1dbf,pch24.pl,gdelt_doc_socialimage,raw/image/thumbnails_webp/8128b5b6935c0346ff94c47679a6ee9f15af1dbf.webp
2022-12-16,1,1,0,,27c2a68fb5e8e62b553cb1ba221d64d56c535fd7,Wikimedia Commons,wikimedia,raw/image/thumbnails_webp/27c2a68fb5e8e62b553cb1ba221d64d56c535fd7.webp
2022-12-17,1,1,0,,e9c79fcca3d5481c3b4d2d3e3e33b004b36d17a8,Wikimedia Commons,wikimedia,raw/image/thumbnails_webp/e9c79fcca3d5481c3b4d2d3e3e33b004b36d17a8.webp
2022-12-18,1,1,0,,9747c53ca98634bf52372b7efa5f0af308c70fa5,Wikimedia Commons,wikimedia,raw/image/thumbnails_webp/9747c53ca98634bf52372b7efa5f0af308c70fa5.webp
2022-12-19,1,1,0,,543d8987a93970562d371df449be69c4311224cb,Pexels,pexels,raw/image/thumbnails_webp/543d8987a93970562d371df449be69c4311224cb.webp
2022-12-20,1,1,0,,aba3ad070cbd17849eccb7726672c9ca60509ec9,menafn.com,gdelt_doc_socialimage,raw/image/thumbnails_webp/aba3ad070cbd17849eccb7726672c9ca60509ec9.webp
2022-12-21,1,1,0,,18e4832eacc337a9dde3b950873d3cb8c2e121f6,Unsplash,unsplash,raw/image/thumbnails_webp/18e4832eacc337a9dde3b950873d3cb8c2e121f6.webp
2022-12-22,1,1,0,,f366f52bb2c7d92a116a5c6180afcb38bcfcf283,Wikimedia Commons,wikimedia,raw/image/thumbnails_webp/f366f52bb2c7d92a116a5c6180afcb38bcfcf283.webp
2022-12-23,1,1,0,,5cb3354cb1fc122b3b6f79176333c89f299a430d,dailyfx.com,gdelt_doc_socialimage,raw/image/thumbnails_webp/5cb3354cb1fc122b3b6f79176333c89f299a430d.webp
2022-12-24,1,1,0,,3302e9b63153f1694db6924fb8b341664e04d018,Wikimedia Commons,wikimedia,raw/image/thumbnails_webp/3302e9b63153f1694db6924fb8b341664e04d018.webp
2022-12-25,1,1,0,,9a521b3156244208dd8a79cf6cf328c2a8015552,Copernicus Data Space OGC,copernicus_ogc,raw/image/thumbnails_webp/9a521b3156244208dd8a79cf6cf328c2a8015552.webp
2022-12-26,1,1,0,,ae9fd1f5e0b97938c8dc576e6de5990e396d30a7,Wikimedia Commons,wikimedia,raw/image/thumbnails_webp/ae9fd1f5e0b97938c8dc576e6de5990e396d30a7.webp
2022-12-27,1,1,0,,f9e90321934b43ce6492d6c12cbaebb45a928958,Wikimedia Commons,wikimedia,raw/image/thumbnails_webp/f9e90321934b43ce6492d6c12cbaebb45a928958.webp
2022-12-28,1,1,0,,0ce47323c1a69ca1c880b85e123f30d11a72f849,Wikimedia Commons,wikimedia,raw/image/thumbnails_webp/0ce47323c1a69ca1c880b85e123f30d11a72f849.webp
2022-12-29,1,1,0,,3f751486e449df16f30093a272757d7423e5607b,Unsplash,unsplash,raw/image/thumbnails_webp/3f751486e449df16f30093a272757d7423e5607b.webp
2022-12-30,1,1,0,,d51f083bfa46f6e1e2359ec276aa2e2b6fa1c204,Wikimedia Commons,wikimedia,raw/image/thumbnails_webp/d51f083bfa46f6e1e2359ec276aa2e2b6fa1c204.webp
2022-12-31,1,1,0,,4fbcae4a33bffb02cbd45f79769a2d78e4e57c38,Wikimedia Commons,wikimedia,raw/image/thumbnails_webp/4fbcae4a33bffb02cbd45f79769a2d78e4e57c38.webp
2023-01-01,1,1,0,,a06f5d1ab147cd1cf1a07a1d956fa29a146b5c64,Wikimedia Commons,wikimedia,raw/image/thumbnails_webp/a06f5d1ab147cd1cf1a07a1d956fa29a146b5c64.webp
2023-01-02,1,1,0,,be39c667c853e8b73d0786f31e701c5e8d04f99f,Wikimedia Commons,wikimedia,raw/image/thumbnails_webp/be39c667c853e8b73d0786f31e701c5e8d04f99f.webp
2023-01-03,1,1,0,,aa54abf2ba4db1b1254028bb080b5c2c094ae00a,Wikimedia Commons,wikimedia,raw/image/thumbnails_webp/aa54abf2ba4db1b1254028bb080b5c2c094ae00a.webp
2023-01-04,1,1,0,,00f45dc7d4f6deb5f21d63f495c1d1a6c6c2538c,Wikimedia Commons,wikimedia,raw/image/thumbnails_webp/00f45dc7d4f6deb5f21d63f495c1d1a6c6c2538c.webp
2023-01-05,1,1,0,,1d4b630e53cdf581876dd9de14435ef42f39d138,Wikimedia Commons,wikimedia,raw/image/thumbnails_webp/1d4b630e53cdf581876dd9de14435ef42f39d138.webp
2023-01-06,1,1,0,,54745cac9169413ebb66f221f0b7ef209b387585,Wikimedia Commons,wikimedia,raw/image/thumbnails_webp/54745cac9169413ebb66f221f0b7ef209b387585.webp
2023-01-07,1,1,0,,d5a973b2750ea4f1a1cdd71dcc2b23c40cb5c8c7,NASA GIBS,nasa_gibs,raw/image/thumbnails_webp/d5a973b2750ea4f1a1cdd71dcc2b23c40cb5c8c7.webp
2023-01-08,1,1,0,,48d87263814224973617cc1274cfdc53d3402378,Copernicus Data Space OGC,copernicus_ogc,raw/image/thumbnails_webp/48d87263814224973617cc1274cfdc53d3402378.webp
2023-01-09,1,1,0,,d4f85b73e15b93112afca20a56e0b0c136f2584b,Wikimedia Commons,wikimedia,raw/image/thumbnails_webp/d4f85b73e15b93112afca20a56e0b0c136f2584b.webp
2023-01-10,1,1,0,,9a871d14dbb8777c2f7bcd7b660f96b71184d70a,Wikimedia Commons,wikimedia,raw/image/thumbnails_webp/9a871d14dbb8777c2f7bcd7b660f96b71184d70a.webp
2023-01-11,1,1,0,,8c48cb000ee0d407086bb9ac91f12dfac068aa92,Pexels,pexels,raw/image/thumbnails_webp/8c48cb000ee0d407086bb9ac91f12dfac068aa92.webp
2023-01-12,1,1,0,,8f013bfb40136a24ee70d0984220694729c7ce4e,Unsplash,unsplash,raw/image/thumbnails_webp/8f013bfb40136a24ee70d0984220694729c7ce4e.webp
2023-01-13,1,1,0,,99cec35d2285244594daf9542fc6b7b10ae98516,Wikimedia Commons,wikimedia,raw/image/thumbnails_webp/99cec35d2285244594daf9542fc6b7b10ae98516.webp
2023-01-14,1,1,0,,f5c0b76546bbbbe49b45e6521093d10c3667e13d,Pexels,pexels,raw/image/thumbnails_webp/f5c0b76546bbbbe49b45e6521093d10c3667e13d.webp
2023-01-15,1,1,0,,76f47c1d2edeb0f8ecc177fe45c489238d627317,Wikimedia Commons,wikimedia,raw/image/thumbnails_webp/76f47c1d2edeb0f8ecc177fe45c489238d627317.webp
2023-01-16,1,1,0,,ccfe3f38630be24c8ccaba1dc57c71521b61ba2a,Wikimedia Commons,wikimedia,raw/image/thumbnails_webp/ccfe3f38630be24c8ccaba1dc57c71521b61ba2a.webp
2023-01-17,1,1,0,,70480dd186867dd9e9743a466a106d4574634711,Wikimedia Commons,wikimedia,raw/image/thumbnails_webp/70480dd186867dd9e9743a466a106d4574634711.webp
2023-01-18,1,1,0,,c8c8ab43a5d72e67ef4aa018712ed018414eaecf,Wikimedia Commons,wikimedia,raw/image/thumbnails_webp/c8c8ab43a5d72e67ef4aa018712ed018414eaecf.webp
2023-01-19,1,1,0,,0507c5303c674054cba7071cfae7bbc31e2558cc,Wikimedia Commons,wikimedia,raw/image/thumbnails_webp/0507c5303c674054cba7071cfae7bbc31e2558cc.webp
2023-01-20,1,1,0,,21d5dddfd70f7708c40df3f95405bc52234aaa99,Wikimedia Commons,wikimedia,raw/image/thumbnails_webp/21d5dddfd70f7708c40df3f95405bc52234aaa99.webp
2023-01-21,1,1,0,,234fa7e5dd8dc82843bf1956ad137444246e52e4,Wikimedia Commons,wikimedia,raw/image/thumbnails_webp/234fa7e5dd8dc82843bf1956ad137444246e52e4.webp
2023-01-22,1,1,0,,8fca281ca4b299d7a160b1bd6a0811f5d5402c4d,Copernicus Data Space OGC,copernicus_ogc,raw/image/thumbnails_webp/8fca281ca4b299d7a160b1bd6a0811f5d5402c4d.webp
2023-01-23,1,1,0,,0efd775b86d9c7bba366e49e375ad8bf72dfd924,Unsplash,unsplash,raw/image/thumbnails_webp/0efd775b86d9c7bba366e49e375ad8bf72dfd924.webp
2023-01-24,1,1,0,,6574be78d9fe5ea84dd238031832acbede8291ca,Wikimedia Commons,wikimedia,raw/image/thumbnails_webp/6574be78d9fe5ea84dd238031832acbede8291ca.webp
2023-01-25,1,1,0,,861e783d5d0a768bd214ce7d02b059bf924a5bfa,economictimes.indiatimes.com,gdelt_doc_socialimage,raw/image/thumbnails_webp/861e783d5d0a768bd214ce7d02b059bf924a5bfa.webp
2023-01-26,1,1,0,,7b638b455ba49113ebf8d3361ea35557244113a9,Wikimedia Commons,wikimedia,raw/image/thumbnails_webp/7b638b455ba49113ebf8d3361ea35557244113a9.webp
2023-01-27,1,1,0,,9f055ef32b9c22d67f5f25afcc12ac0b729573d0,Wikimedia Commons,wikimedia,raw/image/thumbnails_webp/9f055ef32b9c22d67f5f25afcc12ac0b729573d0.webp
2023-01-28,1,1,0,,f41fd19e7af96428fc32e54f5da18edec11b227d,Wikimedia Commons,wikimedia,raw/image/thumbnails_webp/f41fd19e7af96428fc32e54f5da18edec11b227d.webp
2023-01-29,1,1,0,,9b959ae048d32f015f32bc23aea939c81a9265cf,Wikimedia Commons,wikimedia,raw/image/thumbnails_webp/9b959ae048d32f015f32bc23aea939c81a9265cf.webp
2023-01-30,1,1,0,,3d347a2a174127f36a8834e20c4f90459a2b0ce1,Wikimedia Commons,wikimedia,raw/image/thumbnails_webp/3d347a2a174127f36a8834e20c4f90459a2b0ce1.webp
2023-01-31,1,1,0,,9d715115c205e86c3e15f4a3089806069d041435,Wikimedia Commons,wikimedia,raw/image/thumbnails_webp/9d715115c205e86c3e15f4a3089806069d041435.webp
2023-02-01,1,1,0,,dad802cb30a54909451acf77230bd4bfcc1393e3,energypolicy.columbia.edu,gdelt_doc_socialimage,raw/image/thumbnails_webp/dad802cb30a54909451acf77230bd4bfcc1393e3.webp
2023-02-02,1,1,0,,fbcec88c7c87d2289c1dd622ac01e3aceb558720,Pexels,pexels,raw/image/thumbnails_webp/fbcec88c7c87d2289c1dd622ac01e3aceb558720.webp
2023-02-03,1,1,0,,06ff57f87ef9352ef6ddf8a5868b181f1bb3e4c0,Unsplash,unsplash,raw/image/thumbnails_webp/06ff57f87ef9352ef6ddf8a5868b181f1bb3e4c0.webp
2023-02-04,1,1,0,,4bd5b0b93bf0b763c2a3bdcf69bdf30b312fa091,Wikimedia Commons,wikimedia,raw/image/thumbnails_webp/4bd5b0b93bf0b763c2a3bdcf69bdf30b312fa091.webp
2023-02-05,1,1,0,,40821ca22e3824992aa1b26a49939b45ee31b26d,Wikimedia Commons,wikimedia,raw/image/thumbnails_webp/40821ca22e3824992aa1b26a49939b45ee31b26d.webp
2023-02-06,1,1,0,,f4d2d685bbdd0ab3f16ec1450a09c9faf6030aca,ibtimes.co.uk,gdelt_doc_socialimage,raw/image/thumbnails_webp/f4d2d685bbdd0ab3f16ec1450a09c9faf6030aca.webp
2023-02-07,1,1,0,,e59dc0ef43badd4f407e853f644df69f88e6502d,Wikimedia Commons,wikimedia,raw/image/thumbnails_webp/e59dc0ef43badd4f407e853f644df69f88e6502d.webp
2023-02-08,1,1,0,,9b4ce9009add85e26d235d67c44b99226e0230c8,Copernicus Data Space OGC,copernicus_ogc,raw/image/thumbnails_webp/9b4ce9009add85e26d235d67c44b99226e0230c8.webp
2023-02-09,1,1,0,,e983cacade4d079a3b8ad6d681affaa608f4613e,aa.com.tr,gdelt_doc_socialimage,raw/image/thumbnails_webp/e983cacade4d079a3b8ad6d681affaa608f4613e.webp
2023-02-10,1,1,0,,5f9ecab90370fbd98e06b2821952419eea5e34e4,Wikimedia Commons,wikimedia,raw/image/thumbnails_webp/5f9ecab90370fbd98e06b2821952419eea5e34e4.webp
2023-02-11,1,1,0,,69ebaaee0c42a8bff03f1e5777b849c584b49317,seekingalpha.com,gdelt_doc_socialimage,raw/image/thumbnails_webp/69ebaaee0c42a8bff03f1e5777b849c584b49317.webp
2023-02-12,1,1,0,,663e2d565dce6c418cff31edf74a64f7d37067c1,Wikimedia Commons,wikimedia,raw/image/thumbnails_webp/663e2d565dce6c418cff31edf74a64f7d37067c1.webp
2023-02-13,1,1,0,,51cae0bb4f0987dfdd748f57b931c6789b81f008,fxstreet.com,gdelt_doc_socialimage,raw/image/thumbnails_webp/51cae0bb4f0987dfdd748f57b931c6789b81f008.webp
2023-02-14,1,1,0,,1ed055a3f559415a0d6d561e44f37a373a0ebfb4,economictimes.indiatimes.com,gdelt_doc_socialimage,raw/image/thumbnails_webp/1ed055a3f559415a0d6d561e44f37a373a0ebfb4.webp
2023-02-15,1,1,0,,780ce75ec74a50ea42326db34de0b0e774a860d2,economictimes.indiatimes.com,gdelt_doc_socialimage,raw/image/thumbnails_webp/780ce75ec74a50ea42326db34de0b0e774a860d2.webp
2023-02-16,1,1,0,,ea3179c471a0c5bb54b5daefbdce88b6b5ddafc8,ibtimes.co.uk,gdelt_doc_socialimage,raw/image/thumbnails_webp/ea3179c471a0c5bb54b5daefbdce88b6b5ddafc8.webp
2023-02-17,1,1,0,,3a5694d60e09def5f682fcbc2cf5048e0b20758f,Unsplash,unsplash,raw/image/thumbnails_webp/3a5694d60e09def5f682fcbc2cf5048e0b20758f.webp
2023-02-18,1,1,0,,3a6886fb778023d4ecc36a55b91dfbbff069f300,Unsplash,unsplash,raw/image/thumbnails_webp/3a6886fb778023d4ecc36a55b91dfbbff069f300.webp
2023-02-19,1,1,0,,59c26fa0bc4dafd9699272b804b83b0ac1be9b5c,economictimes.indiatimes.com,gdelt_doc_socialimage,raw/image/thumbnails_webp/59c26fa0bc4dafd9699272b804b83b0ac1be9b5c.webp
2023-02-20,1,1,0,,f27f57925234fddb22e3e88b4c88730f87a2399c,Unsplash,unsplash,raw/image/thumbnails_webp/f27f57925234fddb22e3e88b4c88730f87a2399c.webp
2023-02-21,1,1,0,,950b9be2323fac38cad7969c6dc3967adb637912,Unsplash,unsplash,raw/image/thumbnails_webp/950b9be2323fac38cad7969c6dc3967adb637912.webp
2023-02-22,1,1,0,,df68e7210b19dc9619835c1c2c0bfa92f00e7744,menafn.com,gdelt_doc_socialimage,raw/image/thumbnails_webp/df68e7210b19dc9619835c1c2c0bfa92f00e7744.webp
2023-02-23,1,1,0,,d94fe8d2958ede2e19445e2a277c7176c1e3f735,fxstreet.com,gdelt_doc_socialimage,raw/image/thumbnails_webp/d94fe8d2958ede2e19445e2a277c7176c1e3f735.webp
2023-02-24,1,1,0,,ec6bc9fea7b64d92a194c6c2de437603927e9b34,dailyfx.com,gdelt_doc_socialimage,raw/image/thumbnails_webp/ec6bc9fea7b64d92a194c6c2de437603927e9b34.webp
2023-02-25,1,1,0,,9170801219b483ac2ebddc569e1105c3843e5245,NASA GIBS,nasa_gibs,raw/image/thumbnails_webp/9170801219b483ac2ebddc569e1105c3843e5245.webp
2023-02-26,1,1,0,,afd13dc06415f9d194e4a738300db6a348a02adc,Copernicus Data Space OGC,copernicus_ogc,raw/image/thumbnails_webp/afd13dc06415f9d194e4a738300db6a348a02adc.webp
2023-02-27,1,1,0,,d998825aa67536b3212699853b9f244e1a7416e7,dailyfx.com,gdelt_doc_socialimage,raw/image/thumbnails_webp/d998825aa67536b3212699853b9f244e1a7416e7.webp
2023-02-28,1,1,0,,a5674dd488e78b3edd66fcf91dabb90013ff5a52,oilprice.com,gdelt_doc_socialimage,raw/image/thumbnails_webp/a5674dd488e78b3edd66fcf91dabb90013ff5a52.webp
2023-03-01,1,1,0,,c07b7789483f48c0fb6c706f96217d3f3cedc5b8,dailyfx.com,gdelt_doc_socialimage,raw/image/thumbnails_webp/c07b7789483f48c0fb6c706f96217d3f3cedc5b8.webp
2023-03-02,1,1,0,,d8993a93fadff4f857801b1d84e91d29bb735643,Unsplash,unsplash,raw/image/thumbnails_webp/d8993a93fadff4f857801b1d84e91d29bb735643.webp
2023-03-03,1,1,0,,d5d0f06e1717465fc4b1835e8ae378c21578bef3,Pexels,pexels,raw/image/thumbnails_webp/d5d0f06e1717465fc4b1835e8ae378c21578bef3.webp
2023-03-04,1,1,0,,c149956fab8ead0e833a1edd208db0416b62b5f0,dailyfx.com,gdelt_doc_socialimage,raw/image/thumbnails_webp/c149956fab8ead0e833a1edd208db0416b62b5f0.webp
2023-03-05,1,1,0,,552d6a7982c2e8b890c02938bdf3bfc8b3682168,huffingtonpost.es,gdelt_doc_socialimage,raw/image/thumbnails_webp/552d6a7982c2e8b890c02938bdf3bfc8b3682168.webp
2023-03-06,1,1,0,,f740d8b0525ee07cefe1bcac339863aa1d36ce88,punchng.com,gdelt_doc_socialimage,raw/image/thumbnails_webp/f740d8b0525ee07cefe1bcac339863aa1d36ce88.webp
2023-03-07,1,1,0,,6641424ac486715b9e0462ab400ecad957df97e8,oilprice.com,gdelt_doc_socialimage,raw/image/thumbnails_webp/6641424ac486715b9e0462ab400ecad957df97e8.webp
2023-03-08,1,1,0,,dfc67ee16d17ddc4f8ae97e4d02cb886595fa71d,Unsplash,unsplash,raw/image/thumbnails_webp/dfc67ee16d17ddc4f8ae97e4d02cb886595fa71d.webp
2023-03-09,1,1,0,,1788ba4363898c032941ed371515e5f4c13e7eae,liputan6.com,gdelt_doc_socialimage,raw/image/thumbnails_webp/1788ba4363898c032941ed371515e5f4c13e7eae.webp
2023-03-10,1,1,0,,9b9a72797e0fe53d75d9a54cc949a8889bf96a83,finanznachrichten.de,gdelt_doc_socialimage,raw/image/thumbnails_webp/9b9a72797e0fe53d75d9a54cc949a8889bf96a83.webp
2023-03-11,1,1,0,,b0baf839e236e368a1ee03dd0ca810783568c907,Unsplash,unsplash,raw/image/thumbnails_webp/b0baf839e236e368a1ee03dd0ca810783568c907.webp
2023-03-12,1,1,0,,0a2f0c5360a6aac74a22ca81899dd56f09facbb5,Copernicus Data Space OGC,copernicus_ogc,raw/image/thumbnails_webp/0a2f0c5360a6aac74a22ca81899dd56f09facbb5.webp
2023-03-13,1,1,0,,dbdadb4fb5bec3855eb3438991c640584b53831c,fxstreet.com,gdelt_doc_socialimage,raw/image/thumbnails_webp/dbdadb4fb5bec3855eb3438991c640584b53831c.webp
2023-03-14,1,1,0,,06a9dcebaa182335ac1b49426f83b9f3a0ec2b4f,Unsplash,unsplash,raw/image/thumbnails_webp/06a9dcebaa182335ac1b49426f83b9f3a0ec2b4f.webp
2023-03-15,1,1,0,,2b6164123766e1a68683b21b7529c32476ad95c6,economictimes.indiatimes.com,gdelt_doc_socialimage,raw/image/thumbnails_webp/2b6164123766e1a68683b21b7529c32476ad95c6.webp
2023-03-16,1,1,0,,7c7cbeaf8e9cc6a7fa294d110b2d96cecbaeba62,economictimes.indiatimes.com,gdelt_doc_socialimage,raw/image/thumbnails_webp/7c7cbeaf8e9cc6a7fa294d110b2d96cecbaeba62.webp
2023-03-17,1,1,0,,cc5e0f84fbdfdce39f2019f021e9a0ea21d92e4c,oilprice.com,gdelt_doc_socialimage,raw/image/thumbnails_webp/cc5e0f84fbdfdce39f2019f021e9a0ea21d92e4c.webp
2023-03-18,1,1,0,,35b3f7716ba59024e2429e3e157a50ca8cff8356,Unsplash,unsplash,raw/image/thumbnails_webp/35b3f7716ba59024e2429e3e157a50ca8cff8356.webp
2023-03-19,1,1,0,,4d86331ad881e5892b508c6f1b7de00eef0ce4b6,NASA GIBS,nasa_gibs,raw/image/thumbnails_webp/4d86331ad881e5892b508c6f1b7de00eef0ce4b6.webp
2023-03-20,1,1,0,,072b4d6ab8e15bec141963386ab34895571cacd3,dailyfx.com,gdelt_doc_socialimage,raw/image/thumbnails_webp/072b4d6ab8e15bec141963386ab34895571cacd3.webp
2023-03-21,1,1,0,,01816fa3621d4ff36b7cc3d1d659bf956e5bfd24,fxstreet.com,gdelt_doc_socialimage,raw/image/thumbnails_webp/01816fa3621d4ff36b7cc3d1d659bf956e5bfd24.webp
2023-03-22,1,1,0,,321f4833c62b593c9f318e09e7a245d5a2e9cc3c,Unsplash,unsplash,raw/image/thumbnails_webp/321f4833c62b593c9f318e09e7a245d5a2e9cc3c.webp
2023-03-23,1,1,0,,28cb8561e416d2d833581add1341f14b9411670e,Pexels,pexels,raw/image/thumbnails_webp/28cb8561e416d2d833581add1341f14b9411670e.webp
2023-03-24,1,1,0,,c78b17ab1ab9af0cb4bb2f472487ea01491ea204,benzinga.com,gdelt_doc_socialimage,raw/image/thumbnails_webp/c78b17ab1ab9af0cb4bb2f472487ea01491ea204.webp
2023-03-25,1,1,0,,87923f1a52c03f225a6179cae3e4c0a797d92bd1,NASA GIBS,nasa_gibs,raw/image/thumbnails_webp/87923f1a52c03f225a6179cae3e4c0a797d92bd1.webp
2023-03-26,1,1,0,,7fd2312774243efed6d673b7a7ccaf8778419234,Copernicus Data Space OGC,copernicus_ogc,raw/image/thumbnails_webp/7fd2312774243efed6d673b7a7ccaf8778419234.webp
2023-03-27,1,1,0,,8acbc8a1b96d8296eed5b977d5a0fd5a828a20fb,tozsdeforum.hu,gdelt_doc_socialimage,raw/image/thumbnails_webp/8acbc8a1b96d8296eed5b977d5a0fd5a828a20fb.webp
2023-03-28,1,1,0,,8cdccedecccb2c7722efaae361014464b797962a,seekingalpha.com,gdelt_doc_socialimage,raw/image/thumbnails_webp/8cdccedecccb2c7722efaae361014464b797962a.webp
2023-03-29,1,1,0,,8d2d377a9569e20b514a388164ab2fa88e4e14fd,aleqt.com,gdelt_doc_socialimage,raw/image/thumbnails_webp/8d2d377a9569e20b514a388164ab2fa88e4e14fd.webp
2023-03-30,1,1,0,,3d4040159b826e737c46bf31b9a8a914cf6a2bd2,NASA GIBS,nasa_gibs,raw/image/thumbnails_webp/3d4040159b826e737c46bf31b9a8a914cf6a2bd2.webp
2023-03-31,1,1,0,,ddc90ef8d1933b8e38987d1fcb74b89e73b30852,oilprice.com,gdelt_doc_socialimage,raw/image/thumbnails_webp/ddc90ef8d1933b8e38987d1fcb74b89e73b30852.webp
2023-04-01,1,1,0,,11601166464c4c0aef220d78884c14692356b1b0,zawya.com,gdelt_doc_socialimage,raw/image/thumbnails_webp/11601166464c4c0aef220d78884c14692356b1b0.webp
2023-04-02,1,1,0,,e5cae6158318a8231c295b9892deb8a88ba1908c,english.ahram.org.eg,gdelt_doc_socialimage,raw/image/thumbnails_webp/e5cae6158318a8231c295b9892deb8a88ba1908c.webp
2023-04-03,1,1,0,,1056ad60157efb86f7ab23c9978e6b864f6fab51,dailyfx.com,gdelt_doc_socialimage,raw/image/thumbnails_webp/1056ad60157efb86f7ab23c9978e6b864f6fab51.webp
2023-04-04,1,1,0,,ef162e79c9d38292bf52055de64fe6d4d38bf683,delfi.lv,gdelt_doc_socialimage,raw/image/thumbnails_webp/ef162e79c9d38292bf52055de64fe6d4d38bf683.webp
2023-04-05,1,1,0,,4858f4e53b22072e520e99c9c7d98f403d169749,dailyfx.com,gdelt_doc_socialimage,raw/image/thumbnails_webp/4858f4e53b22072e520e99c9c7d98f403d169749.webp
2023-04-06,1,1,0,,c95fbeaf85cabd93ab95bed79c7aded31d40ff86,channelnewsasia.com,gdelt_doc_socialimage,raw/image/thumbnails_webp/c95fbeaf85cabd93ab95bed79c7aded31d40ff86.webp
2023-04-07,1,1,0,,1ff2dc054f0ab24c6e69e65548e5793de8128ad4,fxstreet.com,gdelt_doc_socialimage,raw/image/thumbnails_webp/1ff2dc054f0ab24c6e69e65548e5793de8128ad4.webp
2023-04-08,1,1,0,,42f3946db650bc05ab525aa61061c65a7e1de9e4,NASA GIBS,nasa_gibs,raw/image/thumbnails_webp/42f3946db650bc05ab525aa61061c65a7e1de9e4.webp
2023-04-09,1,1,0,,53ae60b2ff4c55858611938b6db2f0e74c2e701d,moberlymonitor.com,gdelt_doc_socialimage,raw/image/thumbnails_webp/53ae60b2ff4c55858611938b6db2f0e74c2e701d.webp
2023-04-10,1,1,0,,8eb6e6f8be72d6fdd63785ba240f6d3237263ec1,NASA GIBS,nasa_gibs,raw/image/thumbnails_webp/8eb6e6f8be72d6fdd63785ba240f6d3237263ec1.webp
2023-04-11,1,1,0,,16afae598fc9d6b247a0cc13d30b7679d325b9db,seekingalpha.com,gdelt_doc_socialimage,raw/image/thumbnails_webp/16afae598fc9d6b247a0cc13d30b7679d325b9db.webp
2023-04-12,1,1,0,,1008b390daf924f500bbce6a4a11fbd0258acc90,dailyfx.com,gdelt_doc_socialimage,raw/image/thumbnails_webp/1008b390daf924f500bbce6a4a11fbd0258acc90.webp
2023-04-13,1,1,0,,b8882f2fbe1fada1a47ed54ae2595328edf06458,Copernicus Data Space OGC,copernicus_ogc,raw/image/thumbnails_webp/b8882f2fbe1fada1a47ed54ae2595328edf06458.webp
2023-04-14,1,1,0,,aeff8404c59ca7bae13519dfccb9716b978ad852,NASA GIBS,nasa_gibs,raw/image/thumbnails_webp/aeff8404c59ca7bae13519dfccb9716b978ad852.webp
2023-04-15,1,1,0,,ddd451f73d931f9a96867c367c06941eee324569,pakobserver.net,gdelt_doc_socialimage,raw/image/thumbnails_webp/ddd451f73d931f9a96867c367c06941eee324569.webp
2023-04-16,1,1,0,,64dec828ca01fd4641e7b8d3c085fab8e2c3d02e,NASA GIBS,nasa_gibs,raw/image/thumbnails_webp/64dec828ca01fd4641e7b8d3c085fab8e2c3d02e.webp
2023-04-17,1,1,0,,873a15d97eb894831391eb99f10b55d0cb87fbde,NASA GIBS,nasa_gibs,raw/image/thumbnails_webp/873a15d97eb894831391eb99f10b55d0cb87fbde.webp
2023-04-18,1,1,0,,3be013d34a9eaf434e1f7b07b384b3e04eb3f08d,Unsplash,unsplash,raw/image/thumbnails_webp/3be013d34a9eaf434e1f7b07b384b3e04eb3f08d.webp
2023-04-19,1,1,0,,a4969044242f43324af8c23942e1dd7b76487af1,Pexels,pexels,raw/image/thumbnails_webp/a4969044242f43324af8c23942e1dd7b76487af1.webp
2023-04-20,1,1,0,,e4538bbab0b811f2caaef115d3d7d02b84bb92d3,NASA GIBS,nasa_gibs,raw/image/thumbnails_webp/e4538bbab0b811f2caaef115d3d7d02b84bb92d3.webp
2023-04-21,1,1,0,,7d1a70833aeaa3a6866884288cd7367aefbe31ad,NASA GIBS,nasa_gibs,raw/image/thumbnails_webp/7d1a70833aeaa3a6866884288cd7367aefbe31ad.webp
2023-04-22,1,1,0,,5eab0518438947046ea1697baf4ca250b006aae2,NASA GIBS,nasa_gibs,raw/image/thumbnails_webp/5eab0518438947046ea1697baf4ca250b006aae2.webp
2023-04-23,1,1,0,,cda2528f3f0073e8d585b6254553fddf9b20c3d5,NASA GIBS,nasa_gibs,raw/image/thumbnails_webp/cda2528f3f0073e8d585b6254553fddf9b20c3d5.webp
2023-04-24,1,1,0,,1fe1121c92355c65cf936d1cff03404c66733784,NASA GIBS,nasa_gibs,raw/image/thumbnails_webp/1fe1121c92355c65cf936d1cff03404c66733784.webp
2023-04-25,1,1,0,,1af64086202751f0f364e26bf645476aec38c097,NASA GIBS,nasa_gibs,raw/image/thumbnails_webp/1af64086202751f0f364e26bf645476aec38c097.webp
2023-04-26,1,1,0,,b76aae4dc94a0c29d34366359a1139445ebd443d,NASA GIBS,nasa_gibs,raw/image/thumbnails_webp/b76aae4dc94a0c29d34366359a1139445ebd443d.webp
2023-04-27,1,1,0,,6f7645278c8a62ecb9137d4b7e5d1fddb5786ea4,NASA GIBS,nasa_gibs,raw/image/thumbnails_webp/6f7645278c8a62ecb9137d4b7e5d1fddb5786ea4.webp
2023-04-28,1,1,0,,f161040ec0e26b685cfba839235cb04715c93d88,Copernicus Data Space OGC,copernicus_ogc,raw/image/thumbnails_webp/f161040ec0e26b685cfba839235cb04715c93d88.webp
2023-04-29,1,1,0,,15d035884fb3179271234540593d172e3444b58a,NASA GIBS,nasa_gibs,raw/image/thumbnails_webp/15d035884fb3179271234540593d172e3444b58a.webp
2023-04-30,1,1,0,,dda53ae2a9dfb4cd0a632441ed80371fd3889f1a,NASA GIBS,nasa_gibs,raw/image/thumbnails_webp/dda53ae2a9dfb4cd0a632441ed80371fd3889f1a.webp
2023-05-01,1,1,0,,a421477e80180398a73d06c732cd30de2cfbe7ac,NASA GIBS,nasa_gibs,raw/image/thumbnails_webp/a421477e80180398a73d06c732cd30de2cfbe7ac.webp
2023-05-02,1,1,0,,51ea3b516e463c7a697c80370274a7320a9613e1,NASA GIBS,nasa_gibs,raw/image/thumbnails_webp/51ea3b516e463c7a697c80370274a7320a9613e1.webp
2023-05-03,1,1,0,,7e85f7650d2acd88b8e479d97fe198a697232f76,fxstreet.com,gdelt_doc_socialimage,raw/image/thumbnails_webp/7e85f7650d2acd88b8e479d97fe198a697232f76.webp
2023-05-04,1,1,0,,cce0cc72b944cdf979a05d13c13fef9c6ac3a2fd,NASA GIBS,nasa_gibs,raw/image/thumbnails_webp/cce0cc72b944cdf979a05d13c13fef9c6ac3a2fd.webp
2023-05-05,1,1,0,,c27a86b33eb63c4e31d5031a498b66b1c7543010,NASA GIBS,nasa_gibs,raw/image/thumbnails_webp/c27a86b33eb63c4e31d5031a498b66b1c7543010.webp
2023-05-06,1,1,0,,17d94872a0c8d4c3853fd9511465043257822765,mrt.com,gdelt_doc_socialimage,raw/image/thumbnails_webp/17d94872a0c8d4c3853fd9511465043257822765.webp
2023-05-07,1,1,0,,946c72d53413f8acc749ffd6a65977d67f4929bd,NASA GIBS,nasa_gibs,raw/image/thumbnails_webp/946c72d53413f8acc749ffd6a65977d67f4929bd.webp
2023-05-08,1,1,0,,cca93f44201c99ae65bea85c7c16d99bcf03f111,NASA GIBS,nasa_gibs,raw/image/thumbnails_webp/cca93f44201c99ae65bea85c7c16d99bcf03f111.webp
2023-05-09,1,1,0,,5ade583d0db4d94c5f0a047ab0ee6a02b1bf4d95,NASA GIBS,nasa_gibs,raw/image/thumbnails_webp/5ade583d0db4d94c5f0a047ab0ee6a02b1bf4d95.webp
2023-05-10,1,1,0,,074fee4d7a2e848495bccbd937de7d7f55aca93c,dailyfx.com,gdelt_doc_socialimage,raw/image/thumbnails_webp/074fee4d7a2e848495bccbd937de7d7f55aca93c.webp
2023-05-11,1,1,0,,2daba8770483bac4929ef497f48782a19c2d7db5,Pexels,pexels,raw/image/thumbnails_webp/2daba8770483bac4929ef497f48782a19c2d7db5.webp
2023-05-12,1,1,0,,5177022fd88b000509e3efbbfa5e90d5611fdab4,Unsplash,unsplash,raw/image/thumbnails_webp/5177022fd88b000509e3efbbfa5e90d5611fdab4.webp
2023-05-13,1,1,0,,5ed43cfeba3876984bcc438db2b91edd69b1cb61,garoweonline.com,gdelt_doc_socialimage,raw/image/thumbnails_webp/5ed43cfeba3876984bcc438db2b91edd69b1cb61.webp
2023-05-14,1,1,0,,a20a7842a1a3985d3a7deac426acb38ac6c83704,NASA GIBS,nasa_gibs,raw/image/thumbnails_webp/a20a7842a1a3985d3a7deac426acb38ac6c83704.webp
2023-05-15,1,1,0,,d083e2984c6a938b8cf9edd34e469956c8d83edd,NASA GIBS,nasa_gibs,raw/image/thumbnails_webp/d083e2984c6a938b8cf9edd34e469956c8d83edd.webp
2023-05-16,1,1,0,,e230832d79395cb9134a1d54ffdd1e3207f0b622,channelnewsasia.com,gdelt_doc_socialimage,raw/image/thumbnails_webp/e230832d79395cb9134a1d54ffdd1e3207f0b622.webp
2023-05-17,1,1,0,,b415d27207229882be47e09fb774dbdf2541dc57,Copernicus Data Space OGC,copernicus_ogc,raw/image/thumbnails_webp/b415d27207229882be47e09fb774dbdf2541dc57.webp
2023-05-18,1,1,0,,a3df935b3fdfa1e22d17f40f0b469d4aba8aa2a8,NASA GIBS,nasa_gibs,raw/image/thumbnails_webp/a3df935b3fdfa1e22d17f40f0b469d4aba8aa2a8.webp
2023-05-19,1,1,0,,6d36c1c14fcfa70d8ac7fc90e1a628bf4b09d7de,menafn.com,gdelt_doc_socialimage,raw/image/thumbnails_webp/6d36c1c14fcfa70d8ac7fc90e1a628bf4b09d7de.webp
2023-05-20,1,1,0,,8226be6076ee8e2094bac5db4bcede61fb1a0baf,NASA GIBS,nasa_gibs,raw/image/thumbnails_webp/8226be6076ee8e2094bac5db4bcede61fb1a0baf.webp
2023-05-21,1,1,0,,58bbbfba0f3d9b5813c1ebe7716a556b5ba07c24,NASA GIBS,nasa_gibs,raw/image/thumbnails_webp/58bbbfba0f3d9b5813c1ebe7716a556b5ba07c24.webp
2023-05-22,1,1,0,,a65dcaf89d14078b58082e5da2264c5f81fca649,NASA GIBS,nasa_gibs,raw/image/thumbnails_webp/a65dcaf89d14078b58082e5da2264c5f81fca649.webp
2023-05-23,1,1,0,,b791323c958ac4cca2b94667d7c286bfd19c8bbc,NASA GIBS,nasa_gibs,raw/image/thumbnails_webp/b791323c958ac4cca2b94667d7c286bfd19c8bbc.webp
2023-05-24,1,1,0,,5dc2e4fb9b880863709b1967bd982defdf31539d,NASA GIBS,nasa_gibs,raw/image/thumbnails_webp/5dc2e4fb9b880863709b1967bd982defdf31539d.webp
2023-05-25,1,1,0,,b62f9a469aa46ff72d27027a32fd218ad237fd0d,NASA GIBS,nasa_gibs,raw/image/thumbnails_webp/b62f9a469aa46ff72d27027a32fd218ad237fd0d.webp
2023-05-26,1,1,0,,f85f0b119bf64ae95a74dd67648798cf7c78bf5d,NASA GIBS,nasa_gibs,raw/image/thumbnails_webp/f85f0b119bf64ae95a74dd67648798cf7c78bf5d.webp
2023-05-27,1,1,0,,ada14106d063985a11b7b6a9e649d261addb063d,NASA GIBS,nasa_gibs,raw/image/thumbnails_webp/ada14106d063985a11b7b6a9e649d261addb063d.webp
2023-05-28,1,1,0,,a702530fbfaaeaf4574751c26bc06d2a1aa33b37,menafn.com,gdelt_doc_socialimage,raw/image/thumbnails_webp/a702530fbfaaeaf4574751c26bc06d2a1aa33b37.webp
2023-05-29,1,1,0,,9e079477395504416c085a4b9446be2bcd2c09ed,NASA GIBS,nasa_gibs,raw/image/thumbnails_webp/9e079477395504416c085a4b9446be2bcd2c09ed.webp
2023-05-30,1,1,0,,849abb2e495323ffaed186c8bad5a425c5265752,NASA GIBS,nasa_gibs,raw/image/thumbnails_webp/849abb2e495323ffaed186c8bad5a425c5265752.webp
2023-05-31,1,1,0,,6fb9041224392252adc0fbb4f302e2022710fd1a,NASA GIBS,nasa_gibs,raw/image/thumbnails_webp/6fb9041224392252adc0fbb4f302e2022710fd1a.webp
2023-06-01,1,1,0,,74ebc64e30cb87302fa4cefde755ab96895e8251,NASA GIBS,nasa_gibs,raw/image/thumbnails_webp/74ebc64e30cb87302fa4cefde755ab96895e8251.webp
2023-06-02,1,1,0,,52603d604fa131d28c5a962dd50cfd3584935565,Copernicus Data Space OGC,copernicus_ogc,raw/image/thumbnails_webp/52603d604fa131d28c5a962dd50cfd3584935565.webp
2023-06-03,1,1,0,,2d279e0479763b49052e4a6c44ddd49307584994,NASA GIBS,nasa_gibs,raw/image/thumbnails_webp/2d279e0479763b49052e4a6c44ddd49307584994.webp
2023-06-04,1,1,0,,a546f602e9ae105cd1514ac8654d02d94abb2d10,NASA GIBS,nasa_gibs,raw/image/thumbnails_webp/a546f602e9ae105cd1514ac8654d02d94abb2d10.webp
2023-06-05,1,1,0,,c6afe40f817b925142bdb885272d414fe90f380e,NASA GIBS,nasa_gibs,raw/image/thumbnails_webp/c6afe40f817b925142bdb885272d414fe90f380e.webp
2023-06-06,1,1,0,,2763aac2bf9f96cf868974e18010a7f5c2de0dbb,oilprice.com,gdelt_doc_socialimage,raw/image/thumbnails_webp/2763aac2bf9f96cf868974e18010a7f5c2de0dbb.webp
2023-06-07,1,1,0,,65e7991b5eda6c07ad474f5ae828973db6ceb0a9,NASA GIBS,nasa_gibs,raw/image/thumbnails_webp/65e7991b5eda6c07ad474f5ae828973db6ceb0a9.webp
2023-06-08,1,1,0,,cc086909407f9adf06a242213500940b3339ee9d,Unsplash,unsplash,raw/image/thumbnails_webp/cc086909407f9adf06a242213500940b3339ee9d.webp
2023-06-09,1,1,0,,89aa7c4ff2feb4ad8c1c9546398c4a1d5c2117e4,Pexels,pexels,raw/image/thumbnails_webp/89aa7c4ff2feb4ad8c1c9546398c4a1d5c2117e4.webp
2023-06-10,1,1,0,,b9bc3a02ee71b99bc3bd33021348d9ef63c06a9a,NASA GIBS,nasa_gibs,raw/image/thumbnails_webp/b9bc3a02ee71b99bc3bd33021348d9ef63c06a9a.webp
2023-06-11,1,1,0,,32f7eb27c14efe5a7898cd9bc9e83929ed0755b3,cardu.com.tw,gdelt_doc_socialimage,raw/image/thumbnails_webp/32f7eb27c14efe5a7898cd9bc9e83929ed0755b3.webp
2023-06-12,1,1,0,,dfc541445311c7ed6d0b470ac7d51bb3a36890df,foxbusiness.com,gdelt_doc_socialimage,raw/image/thumbnails_webp/dfc541445311c7ed6d0b470ac7d51bb3a36890df.webp
2023-06-13,1,1,0,,b11eb905ca4c1129a4c8342bc630159feb8d0a14,auto.economictimes.indiatimes.com,gdelt_doc_socialimage,raw/image/thumbnails_webp/b11eb905ca4c1129a4c8342bc630159feb8d0a14.webp
2023-06-14,1,1,0,,73475d6774895cd9c96d7c16292f76bab314658e,energy.economictimes.indiatimes.com,gdelt_doc_socialimage,raw/image/thumbnails_webp/73475d6774895cd9c96d7c16292f76bab314658e.webp
2023-06-15,1,1,0,,f81923957eca9d396415a9ba9d817fd78cf341fc,Wikimedia Commons,wikimedia,raw/image/thumbnails_webp/f81923957eca9d396415a9ba9d817fd78cf341fc.webp
2023-06-16,1,1,0,,5ae09154c3222f635f25874f0027e68be3f90d29,investingdaily.com,gdelt_doc_socialimage,raw/image/thumbnails_webp/5ae09154c3222f635f25874f0027e68be3f90d29.webp
2023-06-17,1,1,0,,5ebe5ee060debfbb3aa6556d51859c0ae20bf540,seekingalpha.com,gdelt_doc_socialimage,raw/image/thumbnails_webp/5ebe5ee060debfbb3aa6556d51859c0ae20bf540.webp
2023-06-18,1,1,0,,69e1189747cf8f2262b6eefc87b03b3fb9011f05,punchng.com,gdelt_doc_socialimage,raw/image/thumbnails_webp/69e1189747cf8f2262b6eefc87b03b3fb9011f05.webp
2023-06-19,1,1,0,,abc1375304cf15bd235eae08d81623f15b10a0aa,Copernicus Data Space OGC,copernicus_ogc,raw/image/thumbnails_webp/abc1375304cf15bd235eae08d81623f15b10a0aa.webp
2023-06-20,1,1,0,,f9450bc29f50a064f4974d70d10847c6385f2bc5,auto.economictimes.indiatimes.com,gdelt_doc_socialimage,raw/image/thumbnails_webp/f9450bc29f50a064f4974d70d10847c6385f2bc5.webp
2023-06-21,1,1,0,,aff0942457ee9c03a4d4949d8cdc2efa11be57c2,menafn.com,gdelt_doc_socialimage,raw/image/thumbnails_webp/aff0942457ee9c03a4d4949d8cdc2efa11be57c2.webp
2023-06-22,1,1,0,,f7667c131487d08110fbe3cf0ad00c91cb0f534b,baystreet.ca,gdelt_doc_socialimage,raw/image/thumbnails_webp/f7667c131487d08110fbe3cf0ad00c91cb0f534b.webp
2023-06-23,1,1,0,,5f89013aaf8cf172fa5679689baa5850fc6391c0,thehindubusinessline.com,gdelt_doc_socialimage,raw/image/thumbnails_webp/5f89013aaf8cf172fa5679689baa5850fc6391c0.webp
2023-06-24,1,1,0,,2ba49647b8108cd7560a63970caaf4ddf26086b6,houstonchronicle.com,gdelt_doc_socialimage,raw/image/thumbnails_webp/2ba49647b8108cd7560a63970caaf4ddf26086b6.webp
2023-06-25,1,1,0,,b6dc725d18ca647d227659346590a2442a4f2d18,houstonchronicle.com,gdelt_doc_socialimage,raw/image/thumbnails_webp/b6dc725d18ca647d227659346590a2442a4f2d18.webp
2023-06-26,1,1,0,,ff292fa3c5df318b663d7ee20ffaab61553b8038,fxstreet.com,gdelt_doc_socialimage,raw/image/thumbnails_webp/ff292fa3c5df318b663d7ee20ffaab61553b8038.webp
2023-06-27,1,1,0,,d07ea6536c8726452a76d32b17461e4789ace5ab,oilprice.com,gdelt_doc_socialimage,raw/image/thumbnails_webp/d07ea6536c8726452a76d32b17461e4789ace5ab.webp
2023-06-28,1,1,0,,ffa1b6d472f927ddf972888df4dde61265a3f301,dailyfx.com,gdelt_doc_socialimage,raw/image/thumbnails_webp/ffa1b6d472f927ddf972888df4dde61265a3f301.webp
2023-06-29,1,1,0,,f975591f162fc7b5e582a8a8bca042023cf4c085,NASA GIBS,nasa_gibs,raw/image/thumbnails_webp/f975591f162fc7b5e582a8a8bca042023cf4c085.webp
2023-06-30,1,1,0,,6e1831259268901a8f746c1230cfd31372b06625,auto.economictimes.indiatimes.com,gdelt_doc_socialimage,raw/image/thumbnails_webp/6e1831259268901a8f746c1230cfd31372b06625.webp
2023-07-01,1,1,0,,aff2eb15b8ea2890bd6401cd322c0359fa3a6e40,iranoilgas.com,gdelt_doc_socialimage,raw/image/thumbnails_webp/aff2eb15b8ea2890bd6401cd322c0359fa3a6e40.webp
2023-07-02,1,1,0,,512cdc94425ab2a6463687a34255b786057f723b,thisdaylive.com,gdelt_doc_socialimage,raw/image/thumbnails_webp/512cdc94425ab2a6463687a34255b786057f723b.webp
2023-07-03,1,1,0,,2f71ce3d835ff9761762a1bbb7415ddbebdb6599,thehindubusinessline.com,gdelt_doc_socialimage,raw/image/thumbnails_webp/2f71ce3d835ff9761762a1bbb7415ddbebdb6599.webp
2023-07-04,1,1,0,,21271d7419dc5497108bf7b2dbf749cf6a56c262,menafn.com,gdelt_doc_socialimage,raw/image/thumbnails_webp/21271d7419dc5497108bf7b2dbf749cf6a56c262.webp
2023-07-05,1,1,0,,a466b41aa55cadb2e04b337ebf39e1eb45d2b4d3,Unsplash,unsplash,raw/image/thumbnails_webp/a466b41aa55cadb2e04b337ebf39e1eb45d2b4d3.webp
2023-07-06,1,1,0,,2e2b742651a772f23ba9f4c5b4e059974f0fac58,Pexels,pexels,raw/image/thumbnails_webp/2e2b742651a772f23ba9f4c5b4e059974f0fac58.webp
2023-07-07,1,1,0,,51a1dea0495b7ff5f12421e9f60bc274bc9f8723,menafn.com,gdelt_doc_socialimage,raw/image/thumbnails_webp/51a1dea0495b7ff5f12421e9f60bc274bc9f8723.webp
2023-07-08,1,1,0,,4d2e7386b7e2897de1eb8e7fac1ba5d872d223a4,Copernicus Data Space OGC,copernicus_ogc,raw/image/thumbnails_webp/4d2e7386b7e2897de1eb8e7fac1ba5d872d223a4.webp
2023-07-09,1,1,0,,ac85f58ba4edfb548821b645ecbd23ac9bf41a93,NASA GIBS,nasa_gibs,raw/image/thumbnails_webp/ac85f58ba4edfb548821b645ecbd23ac9bf41a93.webp
2023-07-10,1,1,0,,385890465bc82d10fbc3d0178db7fe88a0f817c2,dailyfx.com,gdelt_doc_socialimage,raw/image/thumbnails_webp/385890465bc82d10fbc3d0178db7fe88a0f817c2.webp
2023-07-11,1,1,0,,0132e472d81511db08a8dbb24bd82bcd4c9f4715,fool.com,gdelt_doc_socialimage,raw/image/thumbnails_webp/0132e472d81511db08a8dbb24bd82bcd4c9f4715.webp
2023-07-12,1,1,0,,136763183bd15250aff5e0524b752a09142da4e2,punchng.com,gdelt_doc_socialimage,raw/image/thumbnails_webp/136763183bd15250aff5e0524b752a09142da4e2.webp
2023-07-13,1,1,0,,9aec77bd3b0d7797a9c31e5fe3456c214a70ec02,NASA GIBS,nasa_gibs,raw/image/thumbnails_webp/9aec77bd3b0d7797a9c31e5fe3456c214a70ec02.webp
2023-07-14,1,1,0,,c6e766ad2465adef36efbe7383f2cb4a51c09d46,NASA GIBS,nasa_gibs,raw/image/thumbnails_webp/c6e766ad2465adef36efbe7383f2cb4a51c09d46.webp
2023-07-15,1,1,0,,4b7f19013ddafdc779862f224ca278054705b340,businesstoday.in,gdelt_doc_socialimage,raw/image/thumbnails_webp/4b7f19013ddafdc779862f224ca278054705b340.webp
2023-07-16,1,1,0,,f9b06dc85592417fcc6d0dcc558361b1b25cf7cd,NASA GIBS,nasa_gibs,raw/image/thumbnails_webp/f9b06dc85592417fcc6d0dcc558361b1b25cf7cd.webp
2023-07-17,1,1,0,,d1894b47ecf0e6eb2e166a8a4ba057c6d6827648,NASA GIBS,nasa_gibs,raw/image/thumbnails_webp/d1894b47ecf0e6eb2e166a8a4ba057c6d6827648.webp
2023-07-18,1,1,0,,0c2fb37dc29afaea4dabae4abaddbb55a46573cd,dailyfx.com,gdelt_doc_socialimage,raw/image/thumbnails_webp/0c2fb37dc29afaea4dabae4abaddbb55a46573cd.webp
2023-07-19,1,1,0,,763d176a4fa594a2b7f8ad1a2ae8e58e614b2cbf,NASA GIBS,nasa_gibs,raw/image/thumbnails_webp/763d176a4fa594a2b7f8ad1a2ae8e58e614b2cbf.webp
2023-07-20,1,1,0,,2488c7b6b0e3066b8a79c16c7ea19375f5649eb7,NASA GIBS,nasa_gibs,raw/image/thumbnails_webp/2488c7b6b0e3066b8a79c16c7ea19375f5649eb7.webp
2023-07-21,1,1,0,,8190940e638854efa970c2021f0e47a124bb52ce,NASA GIBS,nasa_gibs,raw/image/thumbnails_webp/8190940e638854efa970c2021f0e47a124bb52ce.webp
2023-07-22,1,1,0,,ef5c6ab1fbae02f691da97f1c27aef026e5bef31,dailyfx.com,gdelt_doc_socialimage,raw/image/thumbnails_webp/ef5c6ab1fbae02f691da97f1c27aef026e5bef31.webp
2023-07-23,1,1,0,,0b838bdc8112a4d3a2a53db922623f3a9750870c,NASA GIBS,nasa_gibs,raw/image/thumbnails_webp/0b838bdc8112a4d3a2a53db922623f3a9750870c.webp
2023-07-24,1,1,0,,86cb725e8d7bf8e006b6803b141a64482daa2049,NASA GIBS,nasa_gibs,raw/image/thumbnails_webp/86cb725e8d7bf8e006b6803b141a64482daa2049.webp
2023-07-25,1,1,0,,f11292b49b8cbe306e39860172e64be3b9f10301,NASA GIBS,nasa_gibs,raw/image/thumbnails_webp/f11292b49b8cbe306e39860172e64be3b9f10301.webp
2023-07-26,1,1,0,,2a475e3d8ecc316c857bdd9b84b3463406178bdc,Copernicus Data Space OGC,copernicus_ogc,raw/image/thumbnails_webp/2a475e3d8ecc316c857bdd9b84b3463406178bdc.webp
2023-07-27,1,1,0,,0f13e4f9f25557fdff68182f1e3445f106127e98,NASA GIBS,nasa_gibs,raw/image/thumbnails_webp/0f13e4f9f25557fdff68182f1e3445f106127e98.webp
2023-07-28,1,1,0,,c9453f3c7332fb0fcf000f993d7604066363707e,NASA GIBS,nasa_gibs,raw/image/thumbnails_webp/c9453f3c7332fb0fcf000f993d7604066363707e.webp
2023-07-29,1,1,0,,acdd8d45b34f4e067d25504fc859e2514caca8a6,NASA GIBS,nasa_gibs,raw/image/thumbnails_webp/acdd8d45b34f4e067d25504fc859e2514caca8a6.webp
2023-07-30,1,1,0,,11883926560d2a004b1fda9beb0b345894ed5657,NASA GIBS,nasa_gibs,raw/image/thumbnails_webp/11883926560d2a004b1fda9beb0b345894ed5657.webp
2023-07-31,1,1,0,,9767c8157719cb7131d43b9d04948d2cb04a04f0,NASA GIBS,nasa_gibs,raw/image/thumbnails_webp/9767c8157719cb7131d43b9d04948d2cb04a04f0.webp
2023-08-01,1,1,0,,b2fe29fab850b60f48a24bdb862cdd879bbf824a,Pexels,pexels,raw/image/thumbnails_webp/b2fe29fab850b60f48a24bdb862cdd879bbf824a.webp
2023-08-02,1,1,0,,8b5d9e6a62a385874b8ad97156728d7aab1f1d25,NASA GIBS,nasa_gibs,raw/image/thumbnails_webp/8b5d9e6a62a385874b8ad97156728d7aab1f1d25.webp
2023-08-03,1,1,0,,3cdc574c4647f345ec0e5719aab699e4db7eb2bc,NASA GIBS,nasa_gibs,raw/image/thumbnails_webp/3cdc574c4647f345ec0e5719aab699e4db7eb2bc.webp
2023-08-04,1,1,0,,f27c68958fdf7978f2438d462132d94094fe6995,NASA GIBS,nasa_gibs,raw/image/thumbnails_webp/f27c68958fdf7978f2438d462132d94094fe6995.webp
2023-08-05,1,1,0,,fbad79bbe31731a804526a7a1f79bb5ca1adfb94,NASA GIBS,nasa_gibs,raw/image/thumbnails_webp/fbad79bbe31731a804526a7a1f79bb5ca1adfb94.webp
2023-08-06,1,1,0,,43f6e6cef9392fa91e15becba6ece110c377dfb0,NASA GIBS,nasa_gibs,raw/image/thumbnails_webp/43f6e6cef9392fa91e15becba6ece110c377dfb0.webp
2023-08-07,1,1,0,,a88db7376388b351915a1517fb4ef9dee9d3c2ef,NASA GIBS,nasa_gibs,raw/image/thumbnails_webp/a88db7376388b351915a1517fb4ef9dee9d3c2ef.webp
2023-08-08,1,1,0,,7cc99b3f33fb2c4f3597e77a9b6cd70da8728102,NASA GIBS,nasa_gibs,raw/image/thumbnails_webp/7cc99b3f33fb2c4f3597e77a9b6cd70da8728102.webp
2023-08-09,1,1,0,,ec69e507b4c6516b2adf1571d6f884814be61222,Copernicus Data Space OGC,copernicus_ogc,raw/image/thumbnails_webp/ec69e507b4c6516b2adf1571d6f884814be61222.webp
2023-08-10,1,1,0,,ede244c02b0959ba5a162b34e3d3aa65503099c7,dailyfx.com,gdelt_doc_socialimage,raw/image/thumbnails_webp/ede244c02b0959ba5a162b34e3d3aa65503099c7.webp
2023-08-11,1,1,0,,117bb7b346f92f854a38d167b3f571c359223726,ammonnews.net,gdelt_doc_socialimage,raw/image/thumbnails_webp/117bb7b346f92f854a38d167b3f571c359223726.webp
2023-08-12,1,1,0,,a9012f5a6dedbfbfa6afa57df61e2e734cc14409,theeagleonline.com.ng,gdelt_doc_socialimage,raw/image/thumbnails_webp/a9012f5a6dedbfbfa6afa57df61e2e734cc14409.webp
2023-08-13,1,1,0,,1f82addad3552bebf4fdffc9f04d4d033b95b8ae,NASA GIBS,nasa_gibs,raw/image/thumbnails_webp/1f82addad3552bebf4fdffc9f04d4d033b95b8ae.webp
2023-08-14,1,1,0,,403fb97b7140279fe3c6aacbd62691898f684072,sunnewsonline.com,gdelt_doc_socialimage,raw/image/thumbnails_webp/403fb97b7140279fe3c6aacbd62691898f684072.webp
2023-08-15,1,1,0,,e49bcc319fa9c54fc0518bc6c3ed345d8aede40b,fxstreet.com,gdelt_doc_socialimage,raw/image/thumbnails_webp/e49bcc319fa9c54fc0518bc6c3ed345d8aede40b.webp
2023-08-16,1,1,0,,db9f6c70ecc07ba8209b963e8e0537575f3c0d69,leadership.ng,gdelt_doc_socialimage,raw/image/thumbnails_webp/db9f6c70ecc07ba8209b963e8e0537575f3c0d69.webp
2023-08-17,1,1,0,,fd3b868120f3df7cde50c6f43e28368eda35d7b1,aleqt.com,gdelt_doc_socialimage,raw/image/thumbnails_webp/fd3b868120f3df7cde50c6f43e28368eda35d7b1.webp
2023-08-18,1,1,0,,4657f4c391681055853b3e2a3c66731b1d7ad2bf,NASA GIBS,nasa_gibs,raw/image/thumbnails_webp/4657f4c391681055853b3e2a3c66731b1d7ad2bf.webp
2023-08-19,1,1,0,,764ecbcfff79043f8453854fde72a1e51a476e46,tribune.com.pk,gdelt_doc_socialimage,raw/image/thumbnails_webp/764ecbcfff79043f8453854fde72a1e51a476e46.webp
2023-08-20,1,1,0,,2ed9077e2c34ea900dcb762d0352482e32184d58,Pexels,pexels,raw/image/thumbnails_webp/2ed9077e2c34ea900dcb762d0352482e32184d58.webp
2023-08-21,1,1,0,,0dfdbe2e95b4f24448abbbdb2a87030dd03cead7,Unsplash,unsplash,raw/image/thumbnails_webp/0dfdbe2e95b4f24448abbbdb2a87030dd03cead7.webp
2023-08-22,1,1,0,,865ee6f943bb93e8fb55a06e1eb0beb5982ddf6a,marketscreener.com,gdelt_doc_socialimage,raw/image/thumbnails_webp/865ee6f943bb93e8fb55a06e1eb0beb5982ddf6a.webp
2023-08-23,1,1,0,,ecd93051b65046570fe195454de586448b6fc280,oilprice.com,gdelt_doc_socialimage,raw/image/thumbnails_webp/ecd93051b65046570fe195454de586448b6fc280.webp
2023-08-24,1,1,0,,304a8b5bca70b756e426762b2804af6ed8c1fccd,Copernicus Data Space OGC,copernicus_ogc,raw/image/thumbnails_webp/304a8b5bca70b756e426762b2804af6ed8c1fccd.webp
2023-08-25,1,1,0,,c8f13cb274230542be9fb93e1f5b7dd34d500306,menafn.com,gdelt_doc_socialimage,raw/image/thumbnails_webp/c8f13cb274230542be9fb93e1f5b7dd34d500306.webp
2023-08-26,1,1,0,,cc3466979b650da14fde700d1d035d9fe5c6e0c4,NASA GIBS,nasa_gibs,raw/image/thumbnails_webp/cc3466979b650da14fde700d1d035d9fe5c6e0c4.webp
2023-08-27,1,1,0,,227aa096f139678ec277e33a3258e7f7937162b2,NASA GIBS,nasa_gibs,raw/image/thumbnails_webp/227aa096f139678ec277e33a3258e7f7937162b2.webp
2023-08-28,1,1,0,,9bc53f113d1fec8230164990697b8557a8b9c086,NASA GIBS,nasa_gibs,raw/image/thumbnails_webp/9bc53f113d1fec8230164990697b8557a8b9c086.webp
2023-08-29,1,1,0,,c01d4d901c730976e04af588e259f9b568651ce0,fxstreet.com,gdelt_doc_socialimage,raw/image/thumbnails_webp/c01d4d901c730976e04af588e259f9b568651ce0.webp
2023-08-30,1,1,0,,af0d77c0a2405825b0a2541d6f2061eb1f05b606,dailyfx.com,gdelt_doc_socialimage,raw/image/thumbnails_webp/af0d77c0a2405825b0a2541d6f2061eb1f05b606.webp
2023-08-31,1,1,0,,298c597c212e4461a550428d514da720ad0fbcc9,fxstreet.com,gdelt_doc_socialimage,raw/image/thumbnails_webp/298c597c212e4461a550428d514da720ad0fbcc9.webp
2023-09-01,1,1,0,,71e4ced412122c9a687f2f06d719df559f596648,dailyfx.com,gdelt_doc_socialimage,raw/image/thumbnails_webp/71e4ced412122c9a687f2f06d719df559f596648.webp
2023-09-02,1,1,0,,d8b1aa21fa2bc7f12fe45445eab1ba748f616a82,metrotvnews.com,gdelt_doc_socialimage,raw/image/thumbnails_webp/d8b1aa21fa2bc7f12fe45445eab1ba748f616a82.webp
2023-09-03,1,1,0,,cb3d29f1771fa33ec79159bff5665ec7496f126d,menafn.com,gdelt_doc_socialimage,raw/image/thumbnails_webp/cb3d29f1771fa33ec79159bff5665ec7496f126d.webp
2023-09-04,1,1,0,,46bb9a9064744283e19f18a79b094ea6cbed0bdf,channelnewsasia.com,gdelt_doc_socialimage,raw/image/thumbnails_webp/46bb9a9064744283e19f18a79b094ea6cbed0bdf.webp
2023-09-05,1,1,0,,06158d0221daefbd930cb216904d288d93e32fde,dailyfx.com,gdelt_doc_socialimage,raw/image/thumbnails_webp/06158d0221daefbd930cb216904d288d93e32fde.webp
2023-09-06,1,1,0,,1cf0112e54c1ccd159683e4c3296cb9df52ecca4,fxstreet.com,gdelt_doc_socialimage,raw/image/thumbnails_webp/1cf0112e54c1ccd159683e4c3296cb9df52ecca4.webp
2023-09-07,1,1,0,,edd09d43c31644ff29900e2aead8f2caf2d786c0,Copernicus Data Space OGC,copernicus_ogc,raw/image/thumbnails_webp/edd09d43c31644ff29900e2aead8f2caf2d786c0.webp
2023-09-08,1,1,0,,98d5766bb47e044c815aa5750f8e7f216a9648f1,NASA GIBS,nasa_gibs,raw/image/thumbnails_webp/98d5766bb47e044c815aa5750f8e7f216a9648f1.webp
2023-09-09,1,1,0,,e2f54dc518f007cba468a5606ce3ea5e0b5f082a,NASA GIBS,nasa_gibs,raw/image/thumbnails_webp/e2f54dc518f007cba468a5606ce3ea5e0b5f082a.webp
2023-09-10,1,1,0,,403d1f527aa8d4c3d75431c13e31eae28f75c8b7,udn.com,gdelt_doc_socialimage,raw/image/thumbnails_webp/403d1f527aa8d4c3d75431c13e31eae28f75c8b7.webp
2023-09-11,1,1,0,,c45fa344bf2279899f2cf688e4c8aabeacc986f2,zawya.com,gdelt_doc_socialimage,raw/image/thumbnails_webp/c45fa344bf2279899f2cf688e4c8aabeacc986f2.webp
2023-09-12,1,1,0,,eee476920ab7bc623db0651f514061b899620703,Unsplash,unsplash,raw/image/thumbnails_webp/eee476920ab7bc623db0651f514061b899620703.webp
2023-09-13,1,1,0,,62b212578f520788d8cbae5c04f95c36fc7f696b,Pexels,pexels,raw/image/thumbnails_webp/62b212578f520788d8cbae5c04f95c36fc7f696b.webp
2023-09-14,1,1,0,,42e8453e51f32d65f9983269749aa1f3f65480f2,dailyfx.com,gdelt_doc_socialimage,raw/image/thumbnails_webp/42e8453e51f32d65f9983269749aa1f3f65480f2.webp
2023-09-15,1,1,0,,850b8b77fd3ab917322524476b82c8adc4e922bb,leadership.ng,gdelt_doc_socialimage,raw/image/thumbnails_webp/850b8b77fd3ab917322524476b82c8adc4e922bb.webp
2023-09-16,1,1,0,,23fab5d59be83535fd9445bcb5ba67017dd2ff2c,benzinga.com,gdelt_doc_socialimage,raw/image/thumbnails_webp/23fab5d59be83535fd9445bcb5ba67017dd2ff2c.webp
2023-09-17,1,1,0,,8e988580e8c86890f379bb633fc69426eecd98ed,NASA GIBS,nasa_gibs,raw/image/thumbnails_webp/8e988580e8c86890f379bb633fc69426eecd98ed.webp
2023-09-18,1,1,0,,e1197a3e4e33fa1dc9c39fc74b118faa62bfd612,palpalindia.com,gdelt_doc_socialimage,raw/image/thumbnails_webp/e1197a3e4e33fa1dc9c39fc74b118faa62bfd612.webp
2023-09-19,1,1,0,,830d9e6e7e226a42129d437136de2a672da7a735,thisdaylive.com,gdelt_doc_socialimage,raw/image/thumbnails_webp/830d9e6e7e226a42129d437136de2a672da7a735.webp
2023-09-20,1,1,0,,89a018043737718828e2e196b6e055a1b1673f44,auto.economictimes.indiatimes.com,gdelt_doc_socialimage,raw/image/thumbnails_webp/89a018043737718828e2e196b6e055a1b1673f44.webp
2023-09-21,1,1,0,,3505204135180a473ffa399cee3d57fd2cf52fff,Copernicus Data Space OGC,copernicus_ogc,raw/image/thumbnails_webp/3505204135180a473ffa399cee3d57fd2cf52fff.webp
2023-09-22,1,1,0,,d6f66c9e75d3d51772854e5bf2c2fb3d25884882,fxstreet.com,gdelt_doc_socialimage,raw/image/thumbnails_webp/d6f66c9e75d3d51772854e5bf2c2fb3d25884882.webp
2023-09-23,1,1,0,,5b3219c3ac7465eec03caeaf9f8468a709a864af,NASA GIBS,nasa_gibs,raw/image/thumbnails_webp/5b3219c3ac7465eec03caeaf9f8468a709a864af.webp
2023-09-24,1,1,0,,cd87015517faf0c44d8e63770f7ec039424d7992,NASA GIBS,nasa_gibs,raw/image/thumbnails_webp/cd87015517faf0c44d8e63770f7ec039424d7992.webp
2023-09-25,1,1,0,,1196fa092b23979e43fbd0dc0362b9ce7c5d3a0f,shippingtribune.com,gdelt_doc_socialimage,raw/image/thumbnails_webp/1196fa092b23979e43fbd0dc0362b9ce7c5d3a0f.webp
2023-09-26,1,1,0,,2cc05c03311ace891b816a901ca32a5876e69db9,fxstreet.com,gdelt_doc_socialimage,raw/image/thumbnails_webp/2cc05c03311ace891b816a901ca32a5876e69db9.webp
2023-09-27,1,1,0,,ae4e38cde4eedd2fd6390d0c2a0053decc383646,finanznachrichten.de,gdelt_doc_socialimage,raw/image/thumbnails_webp/ae4e38cde4eedd2fd6390d0c2a0053decc383646.webp
2023-09-28,1,1,0,,0b709247b6e1f0dd77eb914980e3703e05078bbd,dailypost.ng,gdelt_doc_socialimage,raw/image/thumbnails_webp/0b709247b6e1f0dd77eb914980e3703e05078bbd.webp
2023-09-29,1,1,0,,f9a7f4911628420fb2a59afdc90b3ef5baedd5da,businesstoday.in,gdelt_doc_socialimage,raw/image/thumbnails_webp/f9a7f4911628420fb2a59afdc90b3ef5baedd5da.webp
2023-09-30,1,1,0,,0803e1aaea4ea61861736691b5c3606e33a84d56,dailyfx.com,gdelt_doc_socialimage,raw/image/thumbnails_webp/0803e1aaea4ea61861736691b5c3606e33a84d56.webp
2023-10-01,1,1,0,,13d07f788e729eb11d1d56a8f0f1429f7e718cfb,NASA GIBS,nasa_gibs,raw/image/thumbnails_webp/13d07f788e729eb11d1d56a8f0f1429f7e718cfb.webp
2023-10-02,1,1,0,,af686f443139f521dd36eca0d9bc9036c0871b7e,Unsplash,unsplash,raw/image/thumbnails_webp/af686f443139f521dd36eca0d9bc9036c0871b7e.webp
2023-10-03,1,1,0,,267c4796c66ace2e782f29df4c090dc7bf4263d8,Pexels,pexels,raw/image/thumbnails_webp/267c4796c66ace2e782f29df4c090dc7bf4263d8.webp
2023-10-04,1,1,0,,98d8a179722da9caef796aff3c223998974e14c8,aninews.in,gdelt_doc_socialimage,raw/image/thumbnails_webp/98d8a179722da9caef796aff3c223998974e14c8.webp
2023-10-05,1,1,0,,2ad5aae2644557768ac366817b45c02ae91d08e9,Copernicus Data Space OGC,copernicus_ogc,raw/image/thumbnails_webp/2ad5aae2644557768ac366817b45c02ae91d08e9.webp
2023-10-06,1,1,0,,4f5f8114d2fcec2595ceb2a308a07c2a3ab17814,economictimes.indiatimes.com,gdelt_doc_socialimage,raw/image/thumbnails_webp/4f5f8114d2fcec2595ceb2a308a07c2a3ab17814.webp
2023-10-07,1,1,0,,9e5cee938d690e0114d77d08c28c432108fca55f,dailyfx.com,gdelt_doc_socialimage,raw/image/thumbnails_webp/9e5cee938d690e0114d77d08c28c432108fca55f.webp
2023-10-08,1,1,0,,1ddef94312167d30126d380a5c07c57763e4e5ae,NASA GIBS,nasa_gibs,raw/image/thumbnails_webp/1ddef94312167d30126d380a5c07c57763e4e5ae.webp
2023-10-09,1,1,0,,644f66dd5b12ec6901f312434f127486f4f6125a,aninews.in,gdelt_doc_socialimage,raw/image/thumbnails_webp/644f66dd5b12ec6901f312434f127486f4f6125a.webp
2023-10-10,1,1,0,,55f56dac9af3daf55da1aa04dfcc7282ea496b22,dnaindia.com,gdelt_doc_socialimage,raw/image/thumbnails_webp/55f56dac9af3daf55da1aa04dfcc7282ea496b22.webp
2023-10-11,1,1,0,,a809a4e798f7d615366bd6c6c8290cace1ee6c52,economictimes.indiatimes.com,gdelt_doc_socialimage,raw/image/thumbnails_webp/a809a4e798f7d615366bd6c6c8290cace1ee6c52.webp
2023-10-12,1,1,0,,3f60268476b269ae3a741dc56131fd4436f64744,NASA GIBS,nasa_gibs,raw/image/thumbnails_webp/3f60268476b269ae3a741dc56131fd4436f64744.webp
2023-10-13,1,1,0,,77c953d087272b49a0f73f1acd5b4183a81e7573,money.usnews.com,gdelt_doc_socialimage,raw/image/thumbnails_webp/77c953d087272b49a0f73f1acd5b4183a81e7573.webp
2023-10-14,1,1,0,,655f52639ae45690392e516da69be5fa105f5d34,index.hu,gdelt_doc_socialimage,raw/image/thumbnails_webp/655f52639ae45690392e516da69be5fa105f5d34.webp
2023-10-15,1,1,0,,0666eda15a9fe95bb485db2324a59dbb7f34270f,NASA GIBS,nasa_gibs,raw/image/thumbnails_webp/0666eda15a9fe95bb485db2324a59dbb7f34270f.webp
2023-10-16,1,1,0,,7c6e20fee05c962225c442bcf18e47b09fc10269,economictimes.indiatimes.com,gdelt_doc_socialimage,raw/image/thumbnails_webp/7c6e20fee05c962225c442bcf18e47b09fc10269.webp
2023-10-17,1,1,0,,b2ceffe978eb8f93ac61062fefca0efe951ef2e1,en.ammonnews.net,gdelt_doc_socialimage,raw/image/thumbnails_webp/b2ceffe978eb8f93ac61062fefca0efe951ef2e1.webp
2023-10-18,1,1,0,,d473853f3cea48979d3726b09e68c654f4a69a97,fakti.bg,gdelt_doc_socialimage,raw/image/thumbnails_webp/d473853f3cea48979d3726b09e68c654f4a69a97.webp
2023-10-19,1,1,0,,ffa1844928205f8c043d69d396ee178435070b03,Copernicus Data Space OGC,copernicus_ogc,raw/image/thumbnails_webp/ffa1844928205f8c043d69d396ee178435070b03.webp
2023-10-20,1,1,0,,d1b3256b9740a3a31c376d7c60fbfe63905c5afc,economictimes.indiatimes.com,gdelt_doc_socialimage,raw/image/thumbnails_webp/d1b3256b9740a3a31c376d7c60fbfe63905c5afc.webp
2023-10-21,1,1,0,,a72617106fda91c2209d8abc929d95b058e24d77,oilprice.com,gdelt_doc_socialimage,raw/image/thumbnails_webp/a72617106fda91c2209d8abc929d95b058e24d77.webp
2023-10-22,1,1,0,,6ff467fb8e0e97db01e54375ed6d00a9025386b3,NASA GIBS,nasa_gibs,raw/image/thumbnails_webp/6ff467fb8e0e97db01e54375ed6d00a9025386b3.webp
2023-10-23,1,1,0,,25bc14b13d71d2945bfe1157577fd174910864c0,fxstreet.com,gdelt_doc_socialimage,raw/image/thumbnails_webp/25bc14b13d71d2945bfe1157577fd174910864c0.webp
2023-10-24,1,1,0,,0e5938e31a6367e4b520d19bf616e25422390155,Pexels,pexels,raw/image/thumbnails_webp/0e5938e31a6367e4b520d19bf616e25422390155.webp
2023-10-25,1,1,0,,23010d6646b86027977c5e84b367cc6f1c2cfc4b,Unsplash,unsplash,raw/image/thumbnails_webp/23010d6646b86027977c5e84b367cc6f1c2cfc4b.webp
2023-10-26,1,1,0,,51220c79475ec7a086b7f3ca4c1ef3732a8a06d6,menafn.com,gdelt_doc_socialimage,raw/image/thumbnails_webp/51220c79475ec7a086b7f3ca4c1ef3732a8a06d6.webp
2023-10-27,1,1,0,,a940cc5e35fbb47e6db1da34dbc351f8ddc6b5d2,almontasaf.net,gdelt_doc_socialimage,raw/image/thumbnails_webp/a940cc5e35fbb47e6db1da34dbc351f8ddc6b5d2.webp
2023-10-28,1,1,0,,cc111a1f70db20acf0cee46301212dbed858fa1a,NASA GIBS,nasa_gibs,raw/image/thumbnails_webp/cc111a1f70db20acf0cee46301212dbed858fa1a.webp
2023-10-29,1,1,0,,4108d54d97deddd9a8a3462277e900901fc3ddb2,futures.jrj.com.cn,gdelt_doc_socialimage,raw/image/thumbnails_webp/4108d54d97deddd9a8a3462277e900901fc3ddb2.webp
2023-10-30,1,1,0,,247def8a5dff7e7953d58270d70db5222ff064d4,NASA GIBS,nasa_gibs,raw/image/thumbnails_webp/247def8a5dff7e7953d58270d70db5222ff064d4.webp
2023-10-31,1,1,0,,a95b0298e3f6a5850387d7ed1d34838da7c23645,thisdaylive.com,gdelt_doc_socialimage,raw/image/thumbnails_webp/a95b0298e3f6a5850387d7ed1d34838da7c23645.webp
2023-11-01,1,1,0,,23d20379a002c8d64eee7d64ece68a25b856f52a,aa.com.tr,gdelt_doc_socialimage,raw/image/thumbnails_webp/23d20379a002c8d64eee7d64ece68a25b856f52a.webp
2023-11-02,1,1,0,,9df00165e7a231c05db7cb09338627c182c78fc2,Copernicus Data Space OGC,copernicus_ogc,raw/image/thumbnails_webp/9df00165e7a231c05db7cb09338627c182c78fc2.webp
2023-11-03,1,1,0,,faf3d768998bab08389a2f0f7948adc9cc992d8b,fxstreet.com,gdelt_doc_socialimage,raw/image/thumbnails_webp/faf3d768998bab08389a2f0f7948adc9cc992d8b.webp
2023-11-04,1,1,0,,335484e918e0a3d017cc3e3d254c0f789d7222e0,NASA GIBS,nasa_gibs,raw/image/thumbnails_webp/335484e918e0a3d017cc3e3d254c0f789d7222e0.webp
2023-11-05,1,1,0,,5ba97ab2aa36172c8f5ff4d2aa127137024fc236,economictimes.indiatimes.com,gdelt_doc_socialimage,raw/image/thumbnails_webp/5ba97ab2aa36172c8f5ff4d2aa127137024fc236.webp
2023-11-06,1,1,0,,6549e4e1752f1bdccce9fc0e590b7e9bfbb26a25,economictimes.indiatimes.com,gdelt_doc_socialimage,raw/image/thumbnails_webp/6549e4e1752f1bdccce9fc0e590b7e9bfbb26a25.webp
2023-11-07,1,1,0,,e334a6ec60b39cef97b0bea60a4496774493d70b,oilprice.com,gdelt_doc_socialimage,raw/image/thumbnails_webp/e334a6ec60b39cef97b0bea60a4496774493d70b.webp
2023-11-08,1,1,0,,6efde2a9c2f71bfe939df527fac0d05adb623a39,dailyfx.com,gdelt_doc_socialimage,raw/image/thumbnails_webp/6efde2a9c2f71bfe939df527fac0d05adb623a39.webp
2023-11-09,1,1,0,,c5c3736eb313eae574a5243770fe017b0299d0fd,moneycontrol.com,gdelt_doc_socialimage,raw/image/thumbnails_webp/c5c3736eb313eae574a5243770fe017b0299d0fd.webp
2023-11-10,1,1,0,,b21a1eed4ae793be45a4a12de36d5b99d930cdfd,nasdaq.com,gdelt_doc_socialimage,raw/image/thumbnails_webp/b21a1eed4ae793be45a4a12de36d5b99d930cdfd.webp
2023-11-11,1,1,0,,4573111daa96f21547acde1e01efcfd709ec8fb5,zawya.com,gdelt_doc_socialimage,raw/image/thumbnails_webp/4573111daa96f21547acde1e01efcfd709ec8fb5.webp
2023-11-12,1,1,0,,dbbd34f34d1797211fcc6d88c3642f6641b67286,NASA GIBS,nasa_gibs,raw/image/thumbnails_webp/dbbd34f34d1797211fcc6d88c3642f6641b67286.webp
2023-11-13,1,1,0,,7ff940416f184b5a4f4b2e590b4a30aad7bd576c,Pexels,pexels,raw/image/thumbnails_webp/7ff940416f184b5a4f4b2e590b4a30aad7bd576c.webp
2023-11-14,1,1,0,,21735de4853389a9971e4130efe0b8eb4fe0bd0f,Unsplash,unsplash,raw/image/thumbnails_webp/21735de4853389a9971e4130efe0b8eb4fe0bd0f.webp
2023-11-15,1,1,0,,7932bd715becf2e0b59543f0f9653fab54b5fbc9,fxstreet.com,gdelt_doc_socialimage,raw/image/thumbnails_webp/7932bd715becf2e0b59543f0f9653fab54b5fbc9.webp
2023-11-16,1,1,0,,fa71aad0bda98a0aa169ef5fecd73f5e4ac7fceb,Copernicus Data Space OGC,copernicus_ogc,raw/image/thumbnails_webp/fa71aad0bda98a0aa169ef5fecd73f5e4ac7fceb.webp
2023-11-17,1,1,0,,66c71ff8183cf84a65ef2d1e87e493b169f950f3,moneycontrol.com,gdelt_doc_socialimage,raw/image/thumbnails_webp/66c71ff8183cf84a65ef2d1e87e493b169f950f3.webp
2023-11-18,1,1,0,,99125d2b1cd68c99c8748b8bf6f9314ca6284349,seekingalpha.com,gdelt_doc_socialimage,raw/image/thumbnails_webp/99125d2b1cd68c99c8748b8bf6f9314ca6284349.webp
2023-11-19,1,1,0,,b91424b21776f9937a4603a75f7953ea6e015eb4,NASA GIBS,nasa_gibs,raw/image/thumbnails_webp/b91424b21776f9937a4603a75f7953ea6e015eb4.webp
2023-11-20,1,1,0,,75a1011036461f0aa719602fe1f25ebde84be122,economictimes.indiatimes.com,gdelt_doc_socialimage,raw/image/thumbnails_webp/75a1011036461f0aa719602fe1f25ebde84be122.webp
2023-11-21,1,1,0,,7289d45bf1be44ec3e94e422d7371ce4263ff261,economictimes.indiatimes.com,gdelt_doc_socialimage,raw/image/thumbnails_webp/7289d45bf1be44ec3e94e422d7371ce4263ff261.webp
2023-11-22,1,1,0,,c2c6ad3fe3b4da6408e92ad6465214c2b8b78c1c,fxstreet.com,gdelt_doc_socialimage,raw/image/thumbnails_webp/c2c6ad3fe3b4da6408e92ad6465214c2b8b78c1c.webp
2023-11-23,1,1,0,,e5959db7bbd5a1c3ed26db8131ca8085ff387db2,fxstreet.com,gdelt_doc_socialimage,raw/image/thumbnails_webp/e5959db7bbd5a1c3ed26db8131ca8085ff387db2.webp
2023-11-24,1,1,0,,b3967eec5b20f32e22887ecc35f32fde4bfa468e,economictimes.indiatimes.com,gdelt_doc_socialimage,raw/image/thumbnails_webp/b3967eec5b20f32e22887ecc35f32fde4bfa468e.webp
2023-11-25,1,1,0,,a27516a26f9ed40a222f280813e2b16644fc267a,dailytimes.com.pk,gdelt_doc_socialimage,raw/image/thumbnails_webp/a27516a26f9ed40a222f280813e2b16644fc267a.webp
2023-11-26,1,1,0,,dd79cfd8322fa5617256ef401c7b984cc91f2471,thisdaylive.com,gdelt_doc_socialimage,raw/image/thumbnails_webp/dd79cfd8322fa5617256ef401c7b984cc91f2471.webp
2023-11-27,1,1,0,,11b4316829aca892a2e742355cb73758d3385ac7,benzinga.com,gdelt_doc_socialimage,raw/image/thumbnails_webp/11b4316829aca892a2e742355cb73758d3385ac7.webp
2023-11-28,1,1,0,,1987072d25bfcea051bb69b42637f97c09cb517d,economictimes.indiatimes.com,gdelt_doc_socialimage,raw/image/thumbnails_webp/1987072d25bfcea051bb69b42637f97c09cb517d.webp
2023-11-29,1,1,0,,18a0de340d925bed9a0fa93bb3f7ad7fb9d115d1,economictimes.indiatimes.com,gdelt_doc_socialimage,raw/image/thumbnails_webp/18a0de340d925bed9a0fa93bb3f7ad7fb9d115d1.webp
2023-11-30,1,1,0,,8181a83148395f115b9136d467515c9dbe94c605,benzinga.com,gdelt_doc_socialimage,raw/image/thumbnails_webp/8181a83148395f115b9136d467515c9dbe94c605.webp
2023-12-01,1,1,0,,1b00c9c64caa96b6f8c54e33db706fcf8657f633,dailypost.ng,gdelt_doc_socialimage,raw/image/thumbnails_webp/1b00c9c64caa96b6f8c54e33db706fcf8657f633.webp
2023-12-02,1,1,0,,65729f72fb2b9a5ab543c6dc78e427aa68c62dea,moneycontrol.com,gdelt_doc_socialimage,raw/image/thumbnails_webp/65729f72fb2b9a5ab543c6dc78e427aa68c62dea.webp
2023-12-03,1,1,0,,2590850773c8815d80ac693d000e1992dc23e1d8,dailyfx.com,gdelt_doc_socialimage,raw/image/thumbnails_webp/2590850773c8815d80ac693d000e1992dc23e1d8.webp
2023-12-04,1,1,0,,4bbf6edde1c58a44a71415b72984673250753479,fxstreet.com,gdelt_doc_socialimage,raw/image/thumbnails_webp/4bbf6edde1c58a44a71415b72984673250753479.webp
2023-12-05,1,1,0,,c1ebf0fd2840870fb980c32b1d6ea9e575ef5e7b,Copernicus Data Space OGC,copernicus_ogc,raw/image/thumbnails_webp/c1ebf0fd2840870fb980c32b1d6ea9e575ef5e7b.webp
2023-12-06,1,1,0,,924670b502af8c11b244457884053347ccfb460f,economictimes.indiatimes.com,gdelt_doc_socialimage,raw/image/thumbnails_webp/924670b502af8c11b244457884053347ccfb460f.webp
2023-12-07,1,1,0,,3e996dccf20a61817866469c8a54448752614ad6,NASA GIBS,nasa_gibs,raw/image/thumbnails_webp/3e996dccf20a61817866469c8a54448752614ad6.webp
2023-12-08,1,1,0,,627cbf8e8247e0de8d166d4d5db4893e3b2627e6,channelnewsasia.com,gdelt_doc_socialimage,raw/image/thumbnails_webp/627cbf8e8247e0de8d166d4d5db4893e3b2627e6.webp
2023-12-09,1,1,0,,cdd00ed68d5547ce415953bf5146bce54e06957b,NASA GIBS,nasa_gibs,raw/image/thumbnails_webp/cdd00ed68d5547ce415953bf5146bce54e06957b.webp
2023-12-10,1,1,0,,c4b8fb88ef90d73cd09e481a3b8956617eddbf3e,NASA GIBS,nasa_gibs,raw/image/thumbnails_webp/c4b8fb88ef90d73cd09e481a3b8956617eddbf3e.webp
2023-12-11,1,1,0,,04edeffe2ca7b6bbc00d2c59bf33ca38e3d24893,bursa.ro,gdelt_doc_socialimage,raw/image/thumbnails_webp/04edeffe2ca7b6bbc00d2c59bf33ca38e3d24893.webp
2023-12-12,1,1,0,,a7beb7b5dbd40aa6c99acd15c7df1e02772b65bc,Unsplash,unsplash,raw/image/thumbnails_webp/a7beb7b5dbd40aa6c99acd15c7df1e02772b65bc.webp
2023-12-13,1,1,0,,ada50e722f37a15a890ca6ddfb375ba0a280f299,moneycontrol.com,gdelt_doc_socialimage,raw/image/thumbnails_webp/ada50e722f37a15a890ca6ddfb375ba0a280f299.webp
2023-12-14,1,1,0,,728d75c131e0cc875108bd67c643fe9094b9abde,Pexels,pexels,raw/image/thumbnails_webp/728d75c131e0cc875108bd67c643fe9094b9abde.webp
2023-12-15,1,1,0,,f842b20a5f916c03f239f5c68f8c885981a7d300,dailytimes.com.pk,gdelt_doc_socialimage,raw/image/thumbnails_webp/f842b20a5f916c03f239f5c68f8c885981a7d300.webp
2023-12-16,1,1,0,,28b8ee4da74d000a7711a2120580dc5ff9630252,oilprice.com,gdelt_doc_socialimage,raw/image/thumbnails_webp/28b8ee4da74d000a7711a2120580dc5ff9630252.webp
2023-12-17,1,1,0,,b9d883aa1b23ba18c3f908595545bd22095a3024,thehindubusinessline.com,gdelt_doc_socialimage,raw/image/thumbnails_webp/b9d883aa1b23ba18c3f908595545bd22095a3024.webp
2023-12-18,1,1,0,,328caa18565e4c3ed62e9117ba51756cb25ace26,edition.cnn.com,gdelt_doc_socialimage,raw/image/thumbnails_webp/328caa18565e4c3ed62e9117ba51756cb25ace26.webp
2023-12-19,1,1,0,,dd17c6ebee7d8968fc7154cb0e383b63961cf36d,dailytimes.com.pk,gdelt_doc_socialimage,raw/image/thumbnails_webp/dd17c6ebee7d8968fc7154cb0e383b63961cf36d.webp
2023-12-20,1,1,0,,f83e55ed9e9dd631f3b81326dde86c2287d55b0d,fxstreet.com,gdelt_doc_socialimage,raw/image/thumbnails_webp/f83e55ed9e9dd631f3b81326dde86c2287d55b0d.webp
2023-12-21,1,1,0,,1fd8300227f6d018eea94f1e36ac9b85b7030bfd,barrons.com,gdelt_doc_socialimage,raw/image/thumbnails_webp/1fd8300227f6d018eea94f1e36ac9b85b7030bfd.webp
2023-12-22,1,1,0,,1ec114c604eec0fc410faec13fec9ca10956c6bb,fxstreet.com,gdelt_doc_socialimage,raw/image/thumbnails_webp/1ec114c604eec0fc410faec13fec9ca10956c6bb.webp
2023-12-23,1,1,0,,220a859cf02f01fa830d3a66e171f26351f1c283,Copernicus Data Space OGC,copernicus_ogc,raw/image/thumbnails_webp/220a859cf02f01fa830d3a66e171f26351f1c283.webp
2023-12-24,1,1,0,,113aae3b8f484d9f196bd8db9ce06a27eb600d51,NASA GIBS,nasa_gibs,raw/image/thumbnails_webp/113aae3b8f484d9f196bd8db9ce06a27eb600d51.webp
2023-12-25,1,1,0,,770de036071d3d676a88aea1fe8f549329a48fc1,punchng.com,gdelt_doc_socialimage,raw/image/thumbnails_webp/770de036071d3d676a88aea1fe8f549329a48fc1.webp
2023-12-26,1,1,0,,0dac25dc54a0e4576e9245f4d54a2ca61e904f27,energy.economictimes.indiatimes.com,gdelt_doc_socialimage,raw/image/thumbnails_webp/0dac25dc54a0e4576e9245f4d54a2ca61e904f27.webp
2023-12-27,1,1,0,,a224caf859ca9d7f63e77cff3bb14112de7a079a,dailytimes.com.pk,gdelt_doc_socialimage,raw/image/thumbnails_webp/a224caf859ca9d7f63e77cff3bb14112de7a079a.webp
2023-12-28,1,1,0,,4b0618b37f5d0aec890e3a9e5d67c11413ae53d5,benzinga.com,gdelt_doc_socialimage,raw/image/thumbnails_webp/4b0618b37f5d0aec890e3a9e5d67c11413ae53d5.webp
2023-12-29,1,1,0,,c9c40473fc66f5b250e8b7745129734f572b7080,Wikimedia Commons,wikimedia,raw/image/thumbnails_webp/c9c40473fc66f5b250e8b7745129734f572b7080.webp
2023-12-30,1,1,0,,74a83421fa53b311e2c1917960c4002105276ef0,gulf-times.com,gdelt_doc_socialimage,raw/image/thumbnails_webp/74a83421fa53b311e2c1917960c4002105276ef0.webp
2023-12-31,1,1,0,,8f8ca536a310979e9c24eb1ff781f80ca029cdb2,thehindubusinessline.com,gdelt_doc_socialimage,raw/image/thumbnails_webp/8f8ca536a310979e9c24eb1ff781f80ca029cdb2.webp
2024-01-01,1,1,0,,951976a92e439d4160a26c654b1624294d55abb0,zawya.com,gdelt_doc_socialimage,raw/image/thumbnails_webp/951976a92e439d4160a26c654b1624294d55abb0.webp
2024-01-02,1,1,0,,6429ace0fc0ec5892430bc8e93701703291b24c8,alwatan.com.sa,gdelt_doc_socialimage,raw/image/thumbnails_webp/6429ace0fc0ec5892430bc8e93701703291b24c8.webp
2024-01-03,1,1,0,,b0832aea35104666e9828e72735322b4c139e047,oilprice.com,gdelt_doc_socialimage,raw/image/thumbnails_webp/b0832aea35104666e9828e72735322b4c139e047.webp
2024-01-04,1,1,0,,46b06f9358ad5350fc33f2d3ff9a13ca72c6197a,aleqt.com,gdelt_doc_socialimage,raw/image/thumbnails_webp/46b06f9358ad5350fc33f2d3ff9a13ca72c6197a.webp
2024-01-05,1,1,0,,f763511f38213d1919ef8148f342889659ba414e,marketwatch.com,gdelt_doc_socialimage,raw/image/thumbnails_webp/f763511f38213d1919ef8148f342889659ba414e.webp
2024-01-06,1,1,0,,db23f3f40f74bcb79530eddf3ff3f19ad40d55a9,dunyanews.tv,gdelt_doc_socialimage,raw/image/thumbnails_webp/db23f3f40f74bcb79530eddf3ff3f19ad40d55a9.webp
2024-01-07,1,1,0,,aa8fc820a68dd9f0ecbc4b1a5bb3ed25c87ab17e,quicknews-africa.net,gdelt_doc_socialimage,raw/image/thumbnails_webp/aa8fc820a68dd9f0ecbc4b1a5bb3ed25c87ab17e.webp
2024-01-08,1,1,0,,b99ca410d18463334f5c220e28d571d26f197af7,Unsplash,unsplash,raw/image/thumbnails_webp/b99ca410d18463334f5c220e28d571d26f197af7.webp
2024-01-09,1,1,0,,4997269f2971dcb84f6fdcc900b5dfe2a677fd23,fxstreet.com,gdelt_doc_socialimage,raw/image/thumbnails_webp/4997269f2971dcb84f6fdcc900b5dfe2a677fd23.webp
2024-01-10,1,1,0,,3a04fd34783c7c9cd1a146bf76d02054c99387fe,Copernicus Data Space OGC,copernicus_ogc,raw/image/thumbnails_webp/3a04fd34783c7c9cd1a146bf76d02054c99387fe.webp
2024-01-11,1,1,0,,a2fded62c53edbfc50ee33ef32f81abe8c93d4d1,Pexels,pexels,raw/image/thumbnails_webp/a2fded62c53edbfc50ee33ef32f81abe8c93d4d1.webp
2024-01-12,1,1,0,,cd5511b57e6e802ca409e2dfcc5cf2a852511e84,oilprice.com,gdelt_doc_socialimage,raw/image/thumbnails_webp/cd5511b57e6e802ca409e2dfcc5cf2a852511e84.webp
2024-01-13,1,1,0,,e20dbd2857d44fa1558078c32ecb09e79c06f926,NASA GIBS,nasa_gibs,raw/image/thumbnails_webp/e20dbd2857d44fa1558078c32ecb09e79c06f926.webp
2024-01-14,1,1,0,,8449a861cba72a69bc9948ca676658ac2e971471,NASA GIBS,nasa_gibs,raw/image/thumbnails_webp/8449a861cba72a69bc9948ca676658ac2e971471.webp
2024-01-15,1,1,0,,76f559b3ee43c783d9c8d7310e2fb1d9b12322e1,fxstreet.com,gdelt_doc_socialimage,raw/image/thumbnails_webp/76f559b3ee43c783d9c8d7310e2fb1d9b12322e1.webp
2024-01-16,1,1,0,,207a01c5af01d6e0b3e7b9189a8b6bdc08c0fcee,fxstreet.com,gdelt_doc_socialimage,raw/image/thumbnails_webp/207a01c5af01d6e0b3e7b9189a8b6bdc08c0fcee.webp
2024-01-17,1,1,0,,1fc940ed91754dc3ccf4b8540f8fae062a15c01b,fxstreet.com,gdelt_doc_socialimage,raw/image/thumbnails_webp/1fc940ed91754dc3ccf4b8540f8fae062a15c01b.webp
2024-01-18,1,1,0,,30e286b4e411e506cf847607e95b184dc6e293f7,auto.economictimes.indiatimes.com,gdelt_doc_socialimage,raw/image/thumbnails_webp/30e286b4e411e506cf847607e95b184dc6e293f7.webp
2024-01-19,1,1,0,,4ca19d623b34d60df1da1d62936a8a61b59aa734,fxstreet.com,gdelt_doc_socialimage,raw/image/thumbnails_webp/4ca19d623b34d60df1da1d62936a8a61b59aa734.webp
2024-01-20,1,1,0,,8579e9e9d7cc8b14db2dc90e1066cd6f8e7d2547,NASA GIBS,nasa_gibs,raw/image/thumbnails_webp/8579e9e9d7cc8b14db2dc90e1066cd6f8e7d2547.webp
2024-01-21,1,1,0,,0a66f72045e4342ab361716bf11a2c3d435d5a99,cnbc.com,gdelt_doc_socialimage,raw/image/thumbnails_webp/0a66f72045e4342ab361716bf11a2c3d435d5a99.webp
2024-01-22,1,1,0,,78bd6e1785d7cc0dec2221698d25056b8e1acec1,beursduivel.be,gdelt_doc_socialimage,raw/image/thumbnails_webp/78bd6e1785d7cc0dec2221698d25056b8e1acec1.webp
2024-01-23,1,1,0,,d8b3ce3150c3f90d682ee9ee7613d958364a9d8f,rte.ie,gdelt_doc_socialimage,raw/image/thumbnails_webp/d8b3ce3150c3f90d682ee9ee7613d958364a9d8f.webp
2024-01-24,1,1,0,,71b7c1e4083c7f3f1a6ee0366f886aaacfb7c7a2,marketwatch.com,gdelt_doc_socialimage,raw/image/thumbnails_webp/71b7c1e4083c7f3f1a6ee0366f886aaacfb7c7a2.webp
2024-01-25,1,1,0,,2d2abb86230f6f2f7d04a76f1e4d57441183a02f,armenpress.am,gdelt_doc_socialimage,raw/image/thumbnails_webp/2d2abb86230f6f2f7d04a76f1e4d57441183a02f.webp
2024-01-26,1,1,0,,b4b3474773477c5e7c1d572035186cf2fc842632,Copernicus Data Space OGC,copernicus_ogc,raw/image/thumbnails_webp/b4b3474773477c5e7c1d572035186cf2fc842632.webp
2024-01-27,1,1,0,,658026ea90b08abab626ff397c1c2eceaa9a8fed,armenpress.am,gdelt_doc_socialimage,raw/image/thumbnails_webp/658026ea90b08abab626ff397c1c2eceaa9a8fed.webp
2024-01-28,1,1,0,,9a923a2c0836e898953304d4a5d775f031902c29,NASA GIBS,nasa_gibs,raw/image/thumbnails_webp/9a923a2c0836e898953304d4a5d775f031902c29.webp
2024-01-29,1,1,0,,2599800e670f16df7eb8471de083038a2af65a88,fxstreet.com,gdelt_doc_socialimage,raw/image/thumbnails_webp/2599800e670f16df7eb8471de083038a2af65a88.webp
2024-01-30,1,1,0,,41c09c71c2bb1a8028cab2482e6cb135c3a996b4,NASA GIBS,nasa_gibs,raw/image/thumbnails_webp/41c09c71c2bb1a8028cab2482e6cb135c3a996b4.webp
2024-01-31,1,1,0,,4d904788b5b4090ddb9bddb25e4ef7e76a8bc309,seekingalpha.com,gdelt_doc_socialimage,raw/image/thumbnails_webp/4d904788b5b4090ddb9bddb25e4ef7e76a8bc309.webp
2024-02-01,1,1,0,,b577ced2b126148d8273cedad119535e4f598c2e,24.ae,gdelt_doc_socialimage,raw/image/thumbnails_webp/b577ced2b126148d8273cedad119535e4f598c2e.webp
2024-02-02,1,1,0,,e96e5cba8071514154e80ab4aaf8a3414a486a91,Unsplash,unsplash,raw/image/thumbnails_webp/e96e5cba8071514154e80ab4aaf8a3414a486a91.webp
2024-02-03,1,1,0,,e7b65a908628fd38fc5031a6a1164096807e07e8,Pexels,pexels,raw/image/thumbnails_webp/e7b65a908628fd38fc5031a6a1164096807e07e8.webp
2024-02-04,1,1,0,,dbbfc2b6c266945960f6069b2de317139a540c7f,menafn.com,gdelt_doc_socialimage,raw/image/thumbnails_webp/dbbfc2b6c266945960f6069b2de317139a540c7f.webp
2024-02-05,1,1,0,,422f72994c295aa28858d5684aa3bc1cc9fe345e,lb.ua,gdelt_doc_socialimage,raw/image/thumbnails_webp/422f72994c295aa28858d5684aa3bc1cc9fe345e.webp
2024-02-06,1,1,0,,008f9cc859c77dad03f98fae0fd2058f57e80d97,armenpress.am,gdelt_doc_socialimage,raw/image/thumbnails_webp/008f9cc859c77dad03f98fae0fd2058f57e80d97.webp
2024-02-07,1,1,0,,b211fb101fec4f228822e56a8a5112db0f88d660,baystreet.ca,gdelt_doc_socialimage,raw/image/thumbnails_webp/b211fb101fec4f228822e56a8a5112db0f88d660.webp
2024-02-08,1,1,0,,fd840b5f37c5a3e28a6beae22e3d46f897579809,fxstreet.com,gdelt_doc_socialimage,raw/image/thumbnails_webp/fd840b5f37c5a3e28a6beae22e3d46f897579809.webp
2024-02-09,1,1,0,,05a1738ec49f172ebee967575d6515254ae03668,Copernicus Data Space OGC,copernicus_ogc,raw/image/thumbnails_webp/05a1738ec49f172ebee967575d6515254ae03668.webp
2024-02-10,1,1,0,,3f1525198104707e524ea1538175e775a0a1b197,NASA GIBS,nasa_gibs,raw/image/thumbnails_webp/3f1525198104707e524ea1538175e775a0a1b197.webp
2024-02-11,1,1,0,,80fef851b10bc2f8669aada25924cf2c7abf3fa5,NASA GIBS,nasa_gibs,raw/image/thumbnails_webp/80fef851b10bc2f8669aada25924cf2c7abf3fa5.webp
2024-02-12,1,1,0,,43e7550c8be2d0ca30b67283658b8d8013f8d66d,NASA GIBS,nasa_gibs,raw/image/thumbnails_webp/43e7550c8be2d0ca30b67283658b8d8013f8d66d.webp
2024-02-13,1,1,0,,7c8df247932d90acdca0f7299005934041c4064c,dailytimes.com.pk,gdelt_doc_socialimage,raw/image/thumbnails_webp/7c8df247932d90acdca0f7299005934041c4064c.webp
2024-02-14,1,1,0,,880b3755f9ce26ed34b5d9d03710fedbaaa0d997,moneycontrol.com,gdelt_doc_socialimage,raw/image/thumbnails_webp/880b3755f9ce26ed34b5d9d03710fedbaaa0d997.webp
2024-02-15,1,1,0,,177c523b41f6420bf44d2ccb15eac7babef32c88,fxstreet.com,gdelt_doc_socialimage,raw/image/thumbnails_webp/177c523b41f6420bf44d2ccb15eac7babef32c88.webp
2024-02-16,1,1,0,,ab7ab4578115ef20c24789d2e5c15dde47b3f28a,thehindubusinessline.com,gdelt_doc_socialimage,raw/image/thumbnails_webp/ab7ab4578115ef20c24789d2e5c15dde47b3f28a.webp
2024-02-17,1,1,0,,baa41505fcdd7c7b342b1e89bf4e3c01eb2b657a,economictimes.indiatimes.com,gdelt_doc_socialimage,raw/image/thumbnails_webp/baa41505fcdd7c7b342b1e89bf4e3c01eb2b657a.webp
2024-02-18,1,1,0,,b4b6b3a8f24389ded05534c32db6f2ff64fbfcb6,NASA GIBS,nasa_gibs,raw/image/thumbnails_webp/b4b6b3a8f24389ded05534c32db6f2ff64fbfcb6.webp
2024-02-19,1,1,0,,331d2fa7550fab3e5aebe4a29124199751c60ec5,irozhlas.cz,gdelt_doc_socialimage,raw/image/thumbnails_webp/331d2fa7550fab3e5aebe4a29124199751c60ec5.webp
2024-02-20,1,1,0,,5bda868aa0931d9f70d147ce12c4b38f40e487c0,fxstreet.com,gdelt_doc_socialimage,raw/image/thumbnails_webp/5bda868aa0931d9f70d147ce12c4b38f40e487c0.webp
2024-02-21,1,1,0,,fbda6e4741ef656890a56b84c638d928821cc2a2,channelnewsasia.com,gdelt_doc_socialimage,raw/image/thumbnails_webp/fbda6e4741ef656890a56b84c638d928821cc2a2.webp
2024-02-22,1,1,0,,869189e3250b6f64e6a4990fb360ac0339c3fbfc,NASA GIBS,nasa_gibs,raw/image/thumbnails_webp/869189e3250b6f64e6a4990fb360ac0339c3fbfc.webp
2024-02-23,1,1,0,,d6f5bb8567f30b8e1a6bf7dc1fec97f82b7b7d86,Unsplash,unsplash,raw/image/thumbnails_webp/d6f5bb8567f30b8e1a6bf7dc1fec97f82b7b7d86.webp
2024-02-24,1,1,0,,e656d20e80d0ff5ebcd0cc6ca27884d8be8cd438,Copernicus Data Space OGC,copernicus_ogc,raw/image/thumbnails_webp/e656d20e80d0ff5ebcd0cc6ca27884d8be8cd438.webp
2024-02-25,1,1,0,,522ec9cb1ac67d5f6ed3ad2fec955f5bc40a795a,Pexels,pexels,raw/image/thumbnails_webp/522ec9cb1ac67d5f6ed3ad2fec955f5bc40a795a.webp
2024-02-26,1,1,0,,2f86834eb04fe7b499312b86186f0985d701b6e3,en.ammonnews.net,gdelt_doc_socialimage,raw/image/thumbnails_webp/2f86834eb04fe7b499312b86186f0985d701b6e3.webp
2024-02-27,1,1,0,,45b40547ab358635c1f56e991f7cc0ec3656185e,channelnewsasia.com,gdelt_doc_socialimage,raw/image/thumbnails_webp/45b40547ab358635c1f56e991f7cc0ec3656185e.webp
2024-02-28,1,1,0,,c1287ab704323369624ff2327782fe83475d12c7,fxstreet.com,gdelt_doc_socialimage,raw/image/thumbnails_webp/c1287ab704323369624ff2327782fe83475d12c7.webp
2024-02-29,1,1,0,,5cb251fc775037885b89d9f485ee6e87fd238348,english.aawsat.com,gdelt_doc_socialimage,raw/image/thumbnails_webp/5cb251fc775037885b89d9f485ee6e87fd238348.webp
2024-03-01,1,1,0,,3a08e11be452da3743b84c7733237003885b9690,insidetrade.co,gdelt_doc_socialimage,raw/image/thumbnails_webp/3a08e11be452da3743b84c7733237003885b9690.webp
2024-03-02,1,1,0,,1c847daad0cb8cb10d1be6932474cf9021b85bb1,dunyanews.tv,gdelt_doc_socialimage,raw/image/thumbnails_webp/1c847daad0cb8cb10d1be6932474cf9021b85bb1.webp
2024-03-03,1,1,0,,5f81d919343a9d98edfbe759c40210f80d2290fa,news18.com,gdelt_doc_socialimage,raw/image/thumbnails_webp/5f81d919343a9d98edfbe759c40210f80d2290fa.webp
2024-03-04,1,1,0,,eb242b6f2fe19546b91f9c70d13649397ac32d42,fxstreet.com,gdelt_doc_socialimage,raw/image/thumbnails_webp/eb242b6f2fe19546b91f9c70d13649397ac32d42.webp
2024-03-05,1,1,0,,9560821c0d7a6f92e60bd64d3560508d516a19b4,fxstreet.com,gdelt_doc_socialimage,raw/image/thumbnails_webp/9560821c0d7a6f92e60bd64d3560508d516a19b4.webp
2024-03-06,1,1,0,,a056db37a3161861d19ac042d3c424d133609ef2,menafn.com,gdelt_doc_socialimage,raw/image/thumbnails_webp/a056db37a3161861d19ac042d3c424d133609ef2.webp
2024-03-07,1,1,0,,9dd35e160152a89bad9e9d54bb764fb7c210f07f,fxstreet.com,gdelt_doc_socialimage,raw/image/thumbnails_webp/9dd35e160152a89bad9e9d54bb764fb7c210f07f.webp
2024-03-08,1,1,0,,e658e18b08288507256fd9968847c555a58d3b99,NASA GIBS,nasa_gibs,raw/image/thumbnails_webp/e658e18b08288507256fd9968847c555a58d3b99.webp
2024-03-09,1,1,0,,bffa1f642fa9c92ddc0074ee060cf463a7952fc1,NASA GIBS,nasa_gibs,raw/image/thumbnails_webp/bffa1f642fa9c92ddc0074ee060cf463a7952fc1.webp
2024-03-10,1,1,0,,f5d6a2402dd7fc5b1330c36b6c448070a1ce2cc7,menafn.com,gdelt_doc_socialimage,raw/image/thumbnails_webp/f5d6a2402dd7fc5b1330c36b6c448070a1ce2cc7.webp
2024-03-11,1,1,0,,9237f96e485b5350896e6fab6d2720e09446f104,NASA GIBS,nasa_gibs,raw/image/thumbnails_webp/9237f96e485b5350896e6fab6d2720e09446f104.webp
2024-03-12,1,1,0,,1162f7d47b8028c30686051c1e60f2c74b8c27aa,Copernicus Data Space OGC,copernicus_ogc,raw/image/thumbnails_webp/1162f7d47b8028c30686051c1e60f2c74b8c27aa.webp
2024-03-13,1,1,0,,76f99aae4e939979b5c05e9e2d485d2f31f55774,NASA GIBS,nasa_gibs,raw/image/thumbnails_webp/76f99aae4e939979b5c05e9e2d485d2f31f55774.webp
2024-03-14,1,1,0,,c6160cf4bb2e10310b5eb3ced1c8fcc1b177f50c,NASA GIBS,nasa_gibs,raw/image/thumbnails_webp/c6160cf4bb2e10310b5eb3ced1c8fcc1b177f50c.webp
2024-03-15,1,1,0,,b602ce46b95e8727f70a4ac91fd6697441573c6f,NASA GIBS,nasa_gibs,raw/image/thumbnails_webp/b602ce46b95e8727f70a4ac91fd6697441573c6f.webp
2024-03-16,1,1,0,,e2065cbbf919d23033079421ae51e8f07537c8dd,NASA GIBS,nasa_gibs,raw/image/thumbnails_webp/e2065cbbf919d23033079421ae51e8f07537c8dd.webp
2024-03-17,1,1,0,,ce885358a0cb6a90c874e0b6f13191d965196a0a,futures.jrj.com.cn,gdelt_doc_socialimage,raw/image/thumbnails_webp/ce885358a0cb6a90c874e0b6f13191d965196a0a.webp
2024-03-18,1,1,0,,1d095deb75dd19749e4471fe125fe3841d6c5a75,NASA GIBS,nasa_gibs,raw/image/thumbnails_webp/1d095deb75dd19749e4471fe125fe3841d6c5a75.webp
2024-03-19,1,1,0,,5ab97758e30e63b06365c2d58a462610b2a56955,NASA GIBS,nasa_gibs,raw/image/thumbnails_webp/5ab97758e30e63b06365c2d58a462610b2a56955.webp
2024-03-20,1,1,0,,18fa9818341a9520692b10b6c24ef01959cf891f,auto.economictimes.indiatimes.com,gdelt_doc_socialimage,raw/image/thumbnails_webp/18fa9818341a9520692b10b6c24ef01959cf891f.webp
2024-03-21,1,1,0,,044f278f3bbe07ca8ae3cf4000193d364e14a69e,Unsplash,unsplash,raw/image/thumbnails_webp/044f278f3bbe07ca8ae3cf4000193d364e14a69e.webp
2024-03-22,1,1,0,,5a29da8468194c9257d7c5ff137b25949f03842d,NASA GIBS,nasa_gibs,raw/image/thumbnails_webp/5a29da8468194c9257d7c5ff137b25949f03842d.webp
2024-03-23,1,1,0,,1f2a81b8d290231e3c4ced1619286849f427548d,Pexels,pexels,raw/image/thumbnails_webp/1f2a81b8d290231e3c4ced1619286849f427548d.webp
2024-03-24,1,1,0,,ffbf7ebad12dcfa5cb00e4b605d99c16bbe66bcc,cleantechnica.com,gdelt_doc_socialimage,raw/image/thumbnails_webp/ffbf7ebad12dcfa5cb00e4b605d99c16bbe66bcc.webp
2024-03-25,1,1,0,,cec104360f16efe40281b9f6892b540593d92544,NASA GIBS,nasa_gibs,raw/image/thumbnails_webp/cec104360f16efe40281b9f6892b540593d92544.webp
2024-03-26,1,1,0,,f19b2841f2b899943fcc1391f7b1fe54ce43120b,NASA GIBS,nasa_gibs,raw/image/thumbnails_webp/f19b2841f2b899943fcc1391f7b1fe54ce43120b.webp
2024-03-27,1,1,0,,d76532ed9669ed7a022c53778f461ca68d7ebfac,alweeam.com.sa,gdelt_doc_socialimage,raw/image/thumbnails_webp/d76532ed9669ed7a022c53778f461ca68d7ebfac.webp
2024-03-28,1,1,0,,1c03ecd069414f113f49de6919c95af252620594,NASA GIBS,nasa_gibs,raw/image/thumbnails_webp/1c03ecd069414f113f49de6919c95af252620594.webp
2024-03-29,1,1,0,,d45bed850956271b1d7ae35bbdfda78a2505ea88,NASA GIBS,nasa_gibs,raw/image/thumbnails_webp/d45bed850956271b1d7ae35bbdfda78a2505ea88.webp
2024-03-30,1,1,0,,9b34af22a23567e831845e305cd34067f4342f6c,Copernicus Data Space OGC,copernicus_ogc,raw/image/thumbnails_webp/9b34af22a23567e831845e305cd34067f4342f6c.webp
2024-03-31,1,1,0,,d6b5645c0afcb5a3449ddb93388e4b0775b48f17,NASA GIBS,nasa_gibs,raw/image/thumbnails_webp/d6b5645c0afcb5a3449ddb93388e4b0775b48f17.webp
2024-04-01,1,1,0,,b62796040d9cbedaedd533f016a9a2a299e5ec29,actualno.com,gdelt_doc_socialimage,raw/image/thumbnails_webp/b62796040d9cbedaedd533f016a9a2a299e5ec29.webp
2024-04-02,1,1,0,,f86638759fadad0335767d5ec59e982c29f4f453,NASA GIBS,nasa_gibs,raw/image/thumbnails_webp/f86638759fadad0335767d5ec59e982c29f4f453.webp
2024-04-03,1,1,0,,f6ed7811a4b1734a82a27071443954f652e251a4,NASA GIBS,nasa_gibs,raw/image/thumbnails_webp/f6ed7811a4b1734a82a27071443954f652e251a4.webp
2024-04-04,1,1,0,,9fb9e7e33638f1e16ed3a804514e6295bd3f62ee,economictimes.indiatimes.com,gdelt_doc_socialimage,raw/image/thumbnails_webp/9fb9e7e33638f1e16ed3a804514e6295bd3f62ee.webp
2024-04-05,1,1,0,,efbcd6f31a474fd5ce75aa2659e25b74aef89ce2,NASA GIBS,nasa_gibs,raw/image/thumbnails_webp/efbcd6f31a474fd5ce75aa2659e25b74aef89ce2.webp
2024-04-06,1,1,0,,ae679f18ad1446889aea42b7a7dfce85a1392595,armenpress.am,gdelt_doc_socialimage,raw/image/thumbnails_webp/ae679f18ad1446889aea42b7a7dfce85a1392595.webp
2024-04-07,1,1,0,,3f23d8cbaafd499bfbc16fd8c20a0db8bd4015ee,menafn.com,gdelt_doc_socialimage,raw/image/thumbnails_webp/3f23d8cbaafd499bfbc16fd8c20a0db8bd4015ee.webp
2024-04-08,1,1,0,,87dad503fa32ae984d8174f42f2af37cdf0dea9e,businesstimes.com.sg,gdelt_doc_socialimage,raw/image/thumbnails_webp/87dad503fa32ae984d8174f42f2af37cdf0dea9e.webp
2024-04-09,1,1,0,,178dc2b8778638d0b9248ff1a0f4b3ef63fcf55f,benzinga.com,gdelt_doc_socialimage,raw/image/thumbnails_webp/178dc2b8778638d0b9248ff1a0f4b3ef63fcf55f.webp
2024-04-10,1,1,0,,516ae93126f66cdbe034f1a14ee6652712ca86e8,money.usnews.com,gdelt_doc_socialimage,raw/image/thumbnails_webp/516ae93126f66cdbe034f1a14ee6652712ca86e8.webp
2024-04-11,1,1,0,,0d216992eb2aad1ced3aa7f53f2d335f691e9974,thecable.ng,gdelt_doc_socialimage,raw/image/thumbnails_webp/0d216992eb2aad1ced3aa7f53f2d335f691e9974.webp
2024-04-12,1,1,0,,a746d46be792389a89ab6653c18e355c155ea050,fxstreet.com,gdelt_doc_socialimage,raw/image/thumbnails_webp/a746d46be792389a89ab6653c18e355c155ea050.webp
2024-04-13,1,1,0,,600af2123d52585569779f4085d92662a4367cd0,economictimes.indiatimes.com,gdelt_doc_socialimage,raw/image/thumbnails_webp/600af2123d52585569779f4085d92662a4367cd0.webp
2024-04-14,1,1,0,,dcff8fb519d09826f2e3a59edf3821bb6e113a9b,moneycontrol.com,gdelt_doc_socialimage,raw/image/thumbnails_webp/dcff8fb519d09826f2e3a59edf3821bb6e113a9b.webp
2024-04-15,1,1,0,,1aa1433a582c1dabfe6af00d7e19fdb1afb45eed,iranoilgas.com,gdelt_doc_socialimage,raw/image/thumbnails_webp/1aa1433a582c1dabfe6af00d7e19fdb1afb45eed.webp
2024-04-16,1,1,0,,8c513efc8d3728bc8b93801544159f865bb11875,aninews.in,gdelt_doc_socialimage,raw/image/thumbnails_webp/8c513efc8d3728bc8b93801544159f865bb11875.webp
2024-04-17,1,1,0,,6a6354bbd01a58eb65a6054065777239865aa724,finanznachrichten.de,gdelt_doc_socialimage,raw/image/thumbnails_webp/6a6354bbd01a58eb65a6054065777239865aa724.webp
2024-04-18,1,1,0,,e2786623694cd5586c4fe5bb292539bc7c065b2d,nbcnewyork.com,gdelt_doc_socialimage,raw/image/thumbnails_webp/e2786623694cd5586c4fe5bb292539bc7c065b2d.webp
2024-04-19,1,1,0,,4206a38651b6bc3f7e7394b6d02cadc2ca7f368f,Copernicus Data Space OGC,copernicus_ogc,raw/image/thumbnails_webp/4206a38651b6bc3f7e7394b6d02cadc2ca7f368f.webp
2024-04-20,1,1,0,,f1becf137f9b3b22486b8eec295392b6359afd35,Pexels,pexels,raw/image/thumbnails_webp/f1becf137f9b3b22486b8eec295392b6359afd35.webp
2024-04-21,1,1,0,,fa27c740eaa879c48cc7a6bb98d80be3d01d73c0,NASA GIBS,nasa_gibs,raw/image/thumbnails_webp/fa27c740eaa879c48cc7a6bb98d80be3d01d73c0.webp
2024-04-22,1,1,0,,2bf4025a3024e1e39278c5aaadef8da1c5c84a5a,menafn.com,gdelt_doc_socialimage,raw/image/thumbnails_webp/2bf4025a3024e1e39278c5aaadef8da1c5c84a5a.webp
2024-04-23,1,1,0,,a22e0738dde735cd0eaa9f784d68ec38b3323b71,fool.com.au,gdelt_doc_socialimage,raw/image/thumbnails_webp/a22e0738dde735cd0eaa9f784d68ec38b3323b71.webp
2024-04-24,1,1,0,,0cce148d9dd58da880acf638a3f94145c1163a6d,fxstreet.com,gdelt_doc_socialimage,raw/image/thumbnails_webp/0cce148d9dd58da880acf638a3f94145c1163a6d.webp
2024-04-25,1,1,0,,6bac6cfdaada7896dc7dd28a323cacd843f4720f,armenpress.am,gdelt_doc_socialimage,raw/image/thumbnails_webp/6bac6cfdaada7896dc7dd28a323cacd843f4720f.webp
2024-04-26,1,1,0,,2548e989116925a00afb0f596ed0e577c012db7d,NASA GIBS,nasa_gibs,raw/image/thumbnails_webp/2548e989116925a00afb0f596ed0e577c012db7d.webp
2024-04-27,1,1,0,,4d57301ada89da392222724935d904b75d4d93f9,armenpress.am,gdelt_doc_socialimage,raw/image/thumbnails_webp/4d57301ada89da392222724935d904b75d4d93f9.webp
2024-04-28,1,1,0,,88ed15ee03805207d8e14667811aabaa7fae5ebc,NASA GIBS,nasa_gibs,raw/image/thumbnails_webp/88ed15ee03805207d8e14667811aabaa7fae5ebc.webp
2024-04-29,1,1,0,,8d31af9a67b49c09c29389cf68754bd6d50302e9,koreaherald.com,gdelt_doc_socialimage,raw/image/thumbnails_webp/8d31af9a67b49c09c29389cf68754bd6d50302e9.webp
2024-04-30,1,1,0,,3e5ca4b3f90dea1ac4067e2a77b76156a715f6b2,armenpress.am,gdelt_doc_socialimage,raw/image/thumbnails_webp/3e5ca4b3f90dea1ac4067e2a77b76156a715f6b2.webp
2024-05-01,1,1,0,,571f9265ade36a6fa6469cfce310930b76ac8689,fxstreet.com,gdelt_doc_socialimage,raw/image/thumbnails_webp/571f9265ade36a6fa6469cfce310930b76ac8689.webp
2024-05-02,1,1,0,,271db5e029c91270ad65e654c12e35cfd31b392b,economictimes.indiatimes.com,gdelt_doc_socialimage,raw/image/thumbnails_webp/271db5e029c91270ad65e654c12e35cfd31b392b.webp
2024-05-03,1,1,0,,195990a4d50b42281dc260f65ca89ad1d8452fab,Copernicus Data Space OGC,copernicus_ogc,raw/image/thumbnails_webp/195990a4d50b42281dc260f65ca89ad1d8452fab.webp
2024-05-04,1,1,0,,67989612db69630a2724bfbad0cfffbe7c3866c4,businesstimes.com.sg,gdelt_doc_socialimage,raw/image/thumbnails_webp/67989612db69630a2724bfbad0cfffbe7c3866c4.webp
2024-05-05,1,1,0,,bc54a469b01f2b2da6092df452c05e124383e47b,NASA GIBS,nasa_gibs,raw/image/thumbnails_webp/bc54a469b01f2b2da6092df452c05e124383e47b.webp
2024-05-06,1,1,0,,287bd0a10f7c52d5b4647558a8cd9301348cc524,fxstreet.com,gdelt_doc_socialimage,raw/image/thumbnails_webp/287bd0a10f7c52d5b4647558a8cd9301348cc524.webp
2024-05-07,1,1,0,,301da4eb190672bd1f2ae447d944b84ee135ecbb,NASA GIBS,nasa_gibs,raw/image/thumbnails_webp/301da4eb190672bd1f2ae447d944b84ee135ecbb.webp
2024-05-08,1,1,0,,a7d205c2308294b4792f4f63f44f32adb062838c,NASA GIBS,nasa_gibs,raw/image/thumbnails_webp/a7d205c2308294b4792f4f63f44f32adb062838c.webp
2024-05-09,1,1,0,,2d31f9ae6e67a0882e1eccca4cc8dbd5aca7dd69,NASA GIBS,nasa_gibs,raw/image/thumbnails_webp/2d31f9ae6e67a0882e1eccca4cc8dbd5aca7dd69.webp
2024-05-10,1,1,0,,5ddd748fd1b0eaae5df252b56bdbfe431a9f42df,Pexels,pexels,raw/image/thumbnails_webp/5ddd748fd1b0eaae5df252b56bdbfe431a9f42df.webp
2024-05-11,1,1,0,,19a0273b9bf32693774d4f22a23a7c0ac113f065,Unsplash,unsplash,raw/image/thumbnails_webp/19a0273b9bf32693774d4f22a23a7c0ac113f065.webp
2024-05-12,1,1,0,,4e99c4719c82db471cbc911c39b703852ebe9708,NASA GIBS,nasa_gibs,raw/image/thumbnails_webp/4e99c4719c82db471cbc911c39b703852ebe9708.webp
2024-05-13,1,1,0,,c2d63e816637fdb0dbe80f45f1583a69fec3446a,NASA GIBS,nasa_gibs,raw/image/thumbnails_webp/c2d63e816637fdb0dbe80f45f1583a69fec3446a.webp
2024-05-14,1,1,0,,6e716b53841bc8dbf9598f2e289d0f2e89c4d82c,NASA GIBS,nasa_gibs,raw/image/thumbnails_webp/6e716b53841bc8dbf9598f2e289d0f2e89c4d82c.webp
2024-05-15,1,1,0,,425c8926ce75b623f5254bb43683f5372a2dc7e5,NASA GIBS,nasa_gibs,raw/image/thumbnails_webp/425c8926ce75b623f5254bb43683f5372a2dc7e5.webp
2024-05-16,1,1,0,,a435f5679c0cec237d8c026561620c5e59481b03,NASA GIBS,nasa_gibs,raw/image/thumbnails_webp/a435f5679c0cec237d8c026561620c5e59481b03.webp
2024-05-17,1,1,0,,4c1f0d4a893ef77bc4cc8e87cfb9ce4a97780f69,NASA GIBS,nasa_gibs,raw/image/thumbnails_webp/4c1f0d4a893ef77bc4cc8e87cfb9ce4a97780f69.webp
2024-05-18,1,1,0,,0898272fa0af35def4c80fc8dfce49afd1a7d431,Copernicus Data Space OGC,copernicus_ogc,raw/image/thumbnails_webp/0898272fa0af35def4c80fc8dfce49afd1a7d431.webp
2024-05-19,1,1,0,,7c29bbaa6ff928735a0b7603241f6ed43c7edc63,NASA GIBS,nasa_gibs,raw/image/thumbnails_webp/7c29bbaa6ff928735a0b7603241f6ed43c7edc63.webp
2024-05-20,1,1,0,,617bcaf42dc98b6e2128333242561f48ec6856e7,NASA GIBS,nasa_gibs,raw/image/thumbnails_webp/617bcaf42dc98b6e2128333242561f48ec6856e7.webp
2024-05-21,1,1,0,,a9d5388bc52575c2d88f10ad5fea7636c13a4240,channelnewsasia.com,gdelt_doc_socialimage,raw/image/thumbnails_webp/a9d5388bc52575c2d88f10ad5fea7636c13a4240.webp
2024-05-22,1,1,0,,d5cb7763de25567bb7f06c3dadea9b837c9bbc23,NASA GIBS,nasa_gibs,raw/image/thumbnails_webp/d5cb7763de25567bb7f06c3dadea9b837c9bbc23.webp
2024-05-23,1,1,0,,0f300aa6686b76380c5860dd2da06f23ae7d741f,NASA GIBS,nasa_gibs,raw/image/thumbnails_webp/0f300aa6686b76380c5860dd2da06f23ae7d741f.webp
2024-05-24,1,1,0,,4c6d1f217127acb33d26cbeed35ea7776293102f,auto.economictimes.indiatimes.com,gdelt_doc_socialimage,raw/image/thumbnails_webp/4c6d1f217127acb33d26cbeed35ea7776293102f.webp
2024-05-25,1,1,0,,c399b1d3a146aa9ec20fc3fb7776bcdff0d17615,NASA GIBS,nasa_gibs,raw/image/thumbnails_webp/c399b1d3a146aa9ec20fc3fb7776bcdff0d17615.webp
2024-05-26,1,1,0,,eb8ce22a9b3889f25d02663f3546b74110127af0,NASA GIBS,nasa_gibs,raw/image/thumbnails_webp/eb8ce22a9b3889f25d02663f3546b74110127af0.webp
2024-05-27,1,1,0,,bf2cd0932cf1544d4dbdf507eb3f5ce415c7b354,NASA GIBS,nasa_gibs,raw/image/thumbnails_webp/bf2cd0932cf1544d4dbdf507eb3f5ce415c7b354.webp
2024-05-28,1,1,0,,d62637019dec267ed7c41c5d7044c2dcf1e22ed4,fxstreet.com,gdelt_doc_socialimage,raw/image/thumbnails_webp/d62637019dec267ed7c41c5d7044c2dcf1e22ed4.webp
2024-05-29,1,1,0,,80b636cd4e658d4cd14146bed0daa54cb4e436ad,NASA GIBS,nasa_gibs,raw/image/thumbnails_webp/80b636cd4e658d4cd14146bed0daa54cb4e436ad.webp
2024-05-30,1,1,0,,ee2e2e54ea4683274db5ea98e88b8e85fe6a134f,NASA GIBS,nasa_gibs,raw/image/thumbnails_webp/ee2e2e54ea4683274db5ea98e88b8e85fe6a134f.webp
2024-05-31,1,1,0,,6655a2448c695c22d01b3a0c105fc2f39a638e06,dunyanews.tv,gdelt_doc_socialimage,raw/image/thumbnails_webp/6655a2448c695c22d01b3a0c105fc2f39a638e06.webp
2024-06-01,1,1,0,,d43636b48a3d1ed9f0b015d7461be3a8b4111a22,NASA GIBS,nasa_gibs,raw/image/thumbnails_webp/d43636b48a3d1ed9f0b015d7461be3a8b4111a22.webp
2024-06-02,1,1,0,,15d2a73cb25cdf7dd8fb560970856d320d12f3d7,NASA GIBS,nasa_gibs,raw/image/thumbnails_webp/15d2a73cb25cdf7dd8fb560970856d320d12f3d7.webp
2024-06-03,1,1,0,,cf19518692647af4bd06143c27f5ec7d79c9325c,Pexels,pexels,raw/image/thumbnails_webp/cf19518692647af4bd06143c27f5ec7d79c9325c.webp
2024-06-04,1,1,0,,1a1176f99d5de3701b755844200c044338665b10,Unsplash,unsplash,raw/image/thumbnails_webp/1a1176f99d5de3701b755844200c044338665b10.webp
2024-06-05,1,1,0,,8910a03f8a9d45bea243043647cd6a6bc64eab85,Copernicus Data Space OGC,copernicus_ogc,raw/image/thumbnails_webp/8910a03f8a9d45bea243043647cd6a6bc64eab85.webp
2024-06-06,1,1,0,,58bd4207b156dfebb2626e0987c6d5b6254b18fc,NASA GIBS,nasa_gibs,raw/image/thumbnails_webp/58bd4207b156dfebb2626e0987c6d5b6254b18fc.webp
2024-06-07,1,1,0,,e307c1720f6c289333ef7f62db84aabfa29ddd6b,fxstreet.com,gdelt_doc_socialimage,raw/image/thumbnails_webp/e307c1720f6c289333ef7f62db84aabfa29ddd6b.webp
2024-06-08,1,1,0,,1505b9a1a0889e09285e714d1fbf82946bc84806,NASA GIBS,nasa_gibs,raw/image/thumbnails_webp/1505b9a1a0889e09285e714d1fbf82946bc84806.webp
2024-06-09,1,1,0,,bb9ebdbe0be7abcdf99a33f57649f993c704862d,NASA GIBS,nasa_gibs,raw/image/thumbnails_webp/bb9ebdbe0be7abcdf99a33f57649f993c704862d.webp
2024-06-10,1,1,0,,45d36ef41622d1e323ebd6c8579f0daa35a5c9f8,NASA GIBS,nasa_gibs,raw/image/thumbnails_webp/45d36ef41622d1e323ebd6c8579f0daa35a5c9f8.webp
2024-06-11,1,1,0,,fb32714642d34f2c447787f9ba0eea03d09acf06,NASA GIBS,nasa_gibs,raw/image/thumbnails_webp/fb32714642d34f2c447787f9ba0eea03d09acf06.webp
2024-06-12,1,1,0,,8edb0fa7a19f4de4b2a822950822d6468d1910cd,fxstreet.com,gdelt_doc_socialimage,raw/image/thumbnails_webp/8edb0fa7a19f4de4b2a822950822d6468d1910cd.webp
2024-06-13,1,1,0,,bf136373d6c731facc059ce76d1520863798b334,NASA GIBS,nasa_gibs,raw/image/thumbnails_webp/bf136373d6c731facc059ce76d1520863798b334.webp
2024-06-14,1,1,0,,53172e35be8c2d806e3999946d2d3ed16c0a2cbe,NASA GIBS,nasa_gibs,raw/image/thumbnails_webp/53172e35be8c2d806e3999946d2d3ed16c0a2cbe.webp
2024-06-15,1,1,0,,86373bf23de0ed4db304693c5c5e0231e8d9bd4e,NASA GIBS,nasa_gibs,raw/image/thumbnails_webp/86373bf23de0ed4db304693c5c5e0231e8d9bd4e.webp
2024-06-16,1,1,0,,5dfb15f3f01152d33e4ad69a0f5f08ce31d579a6,NASA GIBS,nasa_gibs,raw/image/thumbnails_webp/5dfb15f3f01152d33e4ad69a0f5f08ce31d579a6.webp
2024-06-17,1,1,0,,2955eedf60c9ec6d719df2c50b78e03b68a0d995,NASA GIBS,nasa_gibs,raw/image/thumbnails_webp/2955eedf60c9ec6d719df2c50b78e03b68a0d995.webp
2024-06-18,1,1,0,,1fc922b6d735e3d266aecbac1b2e1e1526befe38,english.aawsat.com,gdelt_doc_socialimage,raw/image/thumbnails_webp/1fc922b6d735e3d266aecbac1b2e1e1526befe38.webp
2024-06-19,1,1,0,,3b818b7077047fdbc8bc40165ec5d5cab97ca008,NASA GIBS,nasa_gibs,raw/image/thumbnails_webp/3b818b7077047fdbc8bc40165ec5d5cab97ca008.webp
2024-06-20,1,1,0,,86dda2e2b829856416ca1988a97595d1bb4a7de7,NASA GIBS,nasa_gibs,raw/image/thumbnails_webp/86dda2e2b829856416ca1988a97595d1bb4a7de7.webp
2024-06-21,1,1,0,,c5a4db3d551abd804c57b3ead3dd9ad273d1a0ce,en.trend.az,gdelt_doc_socialimage,raw/image/thumbnails_webp/c5a4db3d551abd804c57b3ead3dd9ad273d1a0ce.webp
2024-06-22,1,1,0,,f017dcb581a4fed7245a31fc7c14c0896f5a8733,NASA GIBS,nasa_gibs,raw/image/thumbnails_webp/f017dcb581a4fed7245a31fc7c14c0896f5a8733.webp
2024-06-23,1,1,0,,9fbc11d321e757a3110b5e54726e3dccbb549a41,Copernicus Data Space OGC,copernicus_ogc,raw/image/thumbnails_webp/9fbc11d321e757a3110b5e54726e3dccbb549a41.webp
2024-06-24,1,1,0,,d6303e5df9b93a1579294f6d814b3fdfd3a1314f,NASA GIBS,nasa_gibs,raw/image/thumbnails_webp/d6303e5df9b93a1579294f6d814b3fdfd3a1314f.webp
2024-06-25,1,1,0,,da0091795515a00a0068f9e46c0fa792a1f0b28c,NASA GIBS,nasa_gibs,raw/image/thumbnails_webp/da0091795515a00a0068f9e46c0fa792a1f0b28c.webp
2024-06-26,1,1,0,,1f5542c95269f9cd6f37ba1080e7661db688f22d,NASA GIBS,nasa_gibs,raw/image/thumbnails_webp/1f5542c95269f9cd6f37ba1080e7661db688f22d.webp
2024-06-27,1,1,0,,681dd2c7fa4064785665d416997520f3ef36f5ef,NASA GIBS,nasa_gibs,raw/image/thumbnails_webp/681dd2c7fa4064785665d416997520f3ef36f5ef.webp
2024-06-28,1,1,0,,63ff91658da3ab80d822ff80ff4a452546c2d007,oilprice.com,gdelt_doc_socialimage,raw/image/thumbnails_webp/63ff91658da3ab80d822ff80ff4a452546c2d007.webp
2024-06-29,1,1,0,,e8cfa4e3a0de0dea5b8c5fe75c740256c435436c,NASA GIBS,nasa_gibs,raw/image/thumbnails_webp/e8cfa4e3a0de0dea5b8c5fe75c740256c435436c.webp
2024-06-30,1,1,0,,cca1819651230a4b59cce830ca6bdf6c8ddcd9a2,NASA GIBS,nasa_gibs,raw/image/thumbnails_webp/cca1819651230a4b59cce830ca6bdf6c8ddcd9a2.webp
2024-07-01,1,1,0,,449a89b0a8391869a90b4b314ed618b33424762c,Unsplash,unsplash,raw/image/thumbnails_webp/449a89b0a8391869a90b4b314ed618b33424762c.webp
2024-07-02,1,1,0,,97add5a0735c60486ac1fcafe053ff44b588bb7b,Pexels,pexels,raw/image/thumbnails_webp/97add5a0735c60486ac1fcafe053ff44b588bb7b.webp
2024-07-03,1,1,0,,0a1eed298afb23b53c5987154559884f2810447f,economictimes.indiatimes.com,gdelt_doc_socialimage,raw/image/thumbnails_webp/0a1eed298afb23b53c5987154559884f2810447f.webp
2024-07-04,1,1,0,,0b74e141b7cb301755c8f4389eeb9b52a06659af,NASA GIBS,nasa_gibs,raw/image/thumbnails_webp/0b74e141b7cb301755c8f4389eeb9b52a06659af.webp
2024-07-05,1,1,0,,95e3b5b33c292fd7db78ec09387e656f004caee3,shipandbunker.com,gdelt_doc_socialimage,raw/image/thumbnails_webp/95e3b5b33c292fd7db78ec09387e656f004caee3.webp
2024-07-06,1,1,0,,7f5df46946d55cc22d9d61dc524e01d707d224fb,businesstimes.com.sg,gdelt_doc_socialimage,raw/image/thumbnails_webp/7f5df46946d55cc22d9d61dc524e01d707d224fb.webp
2024-07-07,1,1,0,,1f8f9954c2d1ea52ea4c9f8cfb71a6cfcac8d9da,teraz.sk,gdelt_doc_socialimage,raw/image/thumbnails_webp/1f8f9954c2d1ea52ea4c9f8cfb71a6cfcac8d9da.webp
2024-07-08,1,1,0,,3d915f7401d29766d4b3181a7cbbd3c689a67196,economictimes.indiatimes.com,gdelt_doc_socialimage,raw/image/thumbnails_webp/3d915f7401d29766d4b3181a7cbbd3c689a67196.webp
2024-07-09,1,1,0,,1ab35eb75fa8d92a32a2d2a40911bef0f0c337ff,businesstimes.com.sg,gdelt_doc_socialimage,raw/image/thumbnails_webp/1ab35eb75fa8d92a32a2d2a40911bef0f0c337ff.webp
2024-07-10,1,1,0,,95cafdb12b64ad1fa4668a9e6985e5b50f786ad7,Copernicus Data Space OGC,copernicus_ogc,raw/image/thumbnails_webp/95cafdb12b64ad1fa4668a9e6985e5b50f786ad7.webp
2024-07-11,1,1,0,,2fde348a391a8652eb0293d0617dbf8f50c0b578,aa.com.tr,gdelt_doc_socialimage,raw/image/thumbnails_webp/2fde348a391a8652eb0293d0617dbf8f50c0b578.webp
2024-07-12,1,1,0,,7b0ff9ef57e94737b608da6378bca8b9384cc9b2,fxstreet.com,gdelt_doc_socialimage,raw/image/thumbnails_webp/7b0ff9ef57e94737b608da6378bca8b9384cc9b2.webp
2024-07-13,1,1,0,,2cbe4c7061f6218898b44b61f0b41305ad3718af,en.apa.az,gdelt_doc_socialimage,raw/image/thumbnails_webp/2cbe4c7061f6218898b44b61f0b41305ad3718af.webp
2024-07-14,1,1,0,,fd7cc9ac549116bc4ca7c12c237f06451ae71361,dailypost.ng,gdelt_doc_socialimage,raw/image/thumbnails_webp/fd7cc9ac549116bc4ca7c12c237f06451ae71361.webp
2024-07-15,1,1,0,,4df88a1cd040e59fb299d799565fd0d052115a99,fxstreet.com,gdelt_doc_socialimage,raw/image/thumbnails_webp/4df88a1cd040e59fb299d799565fd0d052115a99.webp
2024-07-16,1,1,0,,1742344fa7c0d2b89e5ae676e996b9d9709f121b,fxstreet.com,gdelt_doc_socialimage,raw/image/thumbnails_webp/1742344fa7c0d2b89e5ae676e996b9d9709f121b.webp
2024-07-17,1,1,0,,8860409b9e4c1f99e9386978fea5fb805573926d,fxstreet.com,gdelt_doc_socialimage,raw/image/thumbnails_webp/8860409b9e4c1f99e9386978fea5fb805573926d.webp
2024-07-18,1,1,0,,2dcdb78eabde614eb250cd5f180ca66dca030b0d,businesstimes.com.sg,gdelt_doc_socialimage,raw/image/thumbnails_webp/2dcdb78eabde614eb250cd5f180ca66dca030b0d.webp
2024-07-19,1,1,0,,02101e56e338d0b276306dea98d0184288503608,forexlive.com,gdelt_doc_socialimage,raw/image/thumbnails_webp/02101e56e338d0b276306dea98d0184288503608.webp
2024-07-20,1,1,0,,5d3056d2d553c4b31c24fc6202db58e88712cb7f,en.apa.az,gdelt_doc_socialimage,raw/image/thumbnails_webp/5d3056d2d553c4b31c24fc6202db58e88712cb7f.webp
2024-07-21,1,1,0,,235d8304daabc7733a2012cb7cc5045aa63e0fcb,NASA GIBS,nasa_gibs,raw/image/thumbnails_webp/235d8304daabc7733a2012cb7cc5045aa63e0fcb.webp
2024-07-22,1,1,0,,2a77a9cad2d50faa4256fb804937078cbaa81783,finance.ifeng.com,gdelt_doc_socialimage,raw/image/thumbnails_webp/2a77a9cad2d50faa4256fb804937078cbaa81783.webp
2024-07-23,1,1,0,,802d62ea9c51a6d8f37c22e879e4976609d4f08d,fxstreet.com,gdelt_doc_socialimage,raw/image/thumbnails_webp/802d62ea9c51a6d8f37c22e879e4976609d4f08d.webp
2024-07-24,1,1,0,,46671a2585b1dbacc37d003b1dc7db0a636bd62f,english.aawsat.com,gdelt_doc_socialimage,raw/image/thumbnails_webp/46671a2585b1dbacc37d003b1dc7db0a636bd62f.webp
2024-07-25,1,1,0,,d27b40ff6129ecbfb2783298412d0df9ed15d23d,leadership.ng,gdelt_doc_socialimage,raw/image/thumbnails_webp/d27b40ff6129ecbfb2783298412d0df9ed15d23d.webp
2024-07-26,1,1,0,,eba301801be8901bd251e6ef7a3c4482b390923c,benzinga.com,gdelt_doc_socialimage,raw/image/thumbnails_webp/eba301801be8901bd251e6ef7a3c4482b390923c.webp
2024-07-27,1,1,0,,7f34d5ff5d0b251a3770a8a282bc86204bc237e6,seekingalpha.com,gdelt_doc_socialimage,raw/image/thumbnails_webp/7f34d5ff5d0b251a3770a8a282bc86204bc237e6.webp
2024-07-28,1,1,0,,1ebba231b79822091a48dfc4c66f15cd7db8537b,Wikimedia Commons,wikimedia,raw/image/thumbnails_webp/1ebba231b79822091a48dfc4c66f15cd7db8537b.webp
2024-07-29,1,1,0,,def224293a45f3ada9e06e01fa0acfde149b66d8,Copernicus Data Space OGC,copernicus_ogc,raw/image/thumbnails_webp/def224293a45f3ada9e06e01fa0acfde149b66d8.webp
2024-07-30,1,1,0,,4af7075f146761d2d7dae5f5be23a731e77f3395,Unsplash,unsplash,raw/image/thumbnails_webp/4af7075f146761d2d7dae5f5be23a731e77f3395.webp
2024-07-31,1,1,0,,c6af10ac5c04a4aca0e69c72f7e74f4d607f112f,economictimes.indiatimes.com,gdelt_doc_socialimage,raw/image/thumbnails_webp/c6af10ac5c04a4aca0e69c72f7e74f4d607f112f.webp
2024-08-01,1,1,0,,f1c5b9993b0295821884e327133dbf6b6c046849,Pexels,pexels,raw/image/thumbnails_webp/f1c5b9993b0295821884e327133dbf6b6c046849.webp
2024-08-02,1,1,0,,fa0e26867286226bc89dd58911a508b0cd6576a8,dunyanews.tv,gdelt_doc_socialimage,raw/image/thumbnails_webp/fa0e26867286226bc89dd58911a508b0cd6576a8.webp
2024-08-03,1,1,0,,706f785ffc45c7bd7d8a74c4dfd560d020ac160f,businesstimes.com.sg,gdelt_doc_socialimage,raw/image/thumbnails_webp/706f785ffc45c7bd7d8a74c4dfd560d020ac160f.webp
2024-08-04,1,1,0,,24ca4deadfb2d2da2f0ff2df3787d3b8bd42f718,NASA GIBS,nasa_gibs,raw/image/thumbnails_webp/24ca4deadfb2d2da2f0ff2df3787d3b8bd42f718.webp
2024-08-05,1,1,0,,a63786fc4acbebdbacd55c4d48ae15433bd3fc29,fxstreet.com,gdelt_doc_socialimage,raw/image/thumbnails_webp/a63786fc4acbebdbacd55c4d48ae15433bd3fc29.webp
2024-08-06,1,1,0,,d7fe1350fb01fe4930849f3803702b51718da40a,cnbcafrica.com,gdelt_doc_socialimage,raw/image/thumbnails_webp/d7fe1350fb01fe4930849f3803702b51718da40a.webp
2024-08-07,1,1,0,,64cdebeea5480fa138f6caaa41a4c9a177443cb3,fxstreet.com,gdelt_doc_socialimage,raw/image/thumbnails_webp/64cdebeea5480fa138f6caaa41a4c9a177443cb3.webp
2024-08-08,1,1,0,,1bf994476f4369fbbc98c1cdb86168da0fd33095,fxstreet.com,gdelt_doc_socialimage,raw/image/thumbnails_webp/1bf994476f4369fbbc98c1cdb86168da0fd33095.webp
2024-08-09,1,1,0,,7ed8647d2ce0aba8dbc2b641ffa179b8464a6419,dailypost.ng,gdelt_doc_socialimage,raw/image/thumbnails_webp/7ed8647d2ce0aba8dbc2b641ffa179b8464a6419.webp
2024-08-10,1,1,0,,d8db9a786405b73037d918e41803e24b723ef845,leadership.ng,gdelt_doc_socialimage,raw/image/thumbnails_webp/d8db9a786405b73037d918e41803e24b723ef845.webp
2024-08-11,1,1,0,,b05cf5666190959c9ff961c69409b6579721b6a1,NASA GIBS,nasa_gibs,raw/image/thumbnails_webp/b05cf5666190959c9ff961c69409b6579721b6a1.webp
2024-08-12,1,1,0,,21ba5001e02a2c073c0e07f0b1e126fa42cbccc9,forexlive.com,gdelt_doc_socialimage,raw/image/thumbnails_webp/21ba5001e02a2c073c0e07f0b1e126fa42cbccc9.webp
2024-08-13,1,1,0,,a0e9c6dbd292ba1bfe9fbc33fa5aa2b1145c0444,moneycontrol.com,gdelt_doc_socialimage,raw/image/thumbnails_webp/a0e9c6dbd292ba1bfe9fbc33fa5aa2b1145c0444.webp
2024-08-14,1,1,0,,5eeafe757309fb7fc4365586e381775be65436a3,aleqt.com,gdelt_doc_socialimage,raw/image/thumbnails_webp/5eeafe757309fb7fc4365586e381775be65436a3.webp
2024-08-15,1,1,0,,4a44a9a1ea7ee0ff5911227ac97e50a3d132d58e,menafn.com,gdelt_doc_socialimage,raw/image/thumbnails_webp/4a44a9a1ea7ee0ff5911227ac97e50a3d132d58e.webp
2024-08-16,1,1,0,,f97b9e01bf9ef6cdf98467de7b518accc9f3a676,fxstreet.com,gdelt_doc_socialimage,raw/image/thumbnails_webp/f97b9e01bf9ef6cdf98467de7b518accc9f3a676.webp
2024-08-17,1,1,0,,e0959e9d9c192b372d34b6cfb743488343a0c2b4,Copernicus Data Space OGC,copernicus_ogc,raw/image/thumbnails_webp/e0959e9d9c192b372d34b6cfb743488343a0c2b4.webp
2024-08-18,1,1,0,,c8a2a333ccd2cd1f019e28c14f3a12a58e429923,menafn.com,gdelt_doc_socialimage,raw/image/thumbnails_webp/c8a2a333ccd2cd1f019e28c14f3a12a58e429923.webp
2024-08-19,1,1,0,,1244c56583d6c32af220998238b969df187726ae,freepressjournal.in,gdelt_doc_socialimage,raw/image/thumbnails_webp/1244c56583d6c32af220998238b969df187726ae.webp
2024-08-20,1,1,0,,145c5513e9280b0cd3d108ec79be767b33e277c0,NASA GIBS,nasa_gibs,raw/image/thumbnails_webp/145c5513e9280b0cd3d108ec79be767b33e277c0.webp
2024-08-21,1,1,0,,c9e8a45560b03ef155295b9b7471bd8b59bbbe0f,businesstimes.com.sg,gdelt_doc_socialimage,raw/image/thumbnails_webp/c9e8a45560b03ef155295b9b7471bd8b59bbbe0f.webp
2024-08-22,1,1,0,,72351e9581688eca3599b7af9f98a9d8bca20eb0,aleqt.com,gdelt_doc_socialimage,raw/image/thumbnails_webp/72351e9581688eca3599b7af9f98a9d8bca20eb0.webp
2024-08-23,1,1,0,,2ce9cb528d108ac3abcefc5b0db4806fda25c477,NASA GIBS,nasa_gibs,raw/image/thumbnails_webp/2ce9cb528d108ac3abcefc5b0db4806fda25c477.webp
2024-08-24,1,1,0,,cf86aecd32ec7849618f5e132c0e5008133cd582,NASA GIBS,nasa_gibs,raw/image/thumbnails_webp/cf86aecd32ec7849618f5e132c0e5008133cd582.webp
2024-08-25,1,1,0,,f8644e706f1617e54f2b62528747b8bd05736dd8,Unsplash,unsplash,raw/image/thumbnails_webp/f8644e706f1617e54f2b62528747b8bd05736dd8.webp
2024-08-26,1,1,0,,fd48b3789e3f86ec78230a9cc37836445c427804,Pexels,pexels,raw/image/thumbnails_webp/fd48b3789e3f86ec78230a9cc37836445c427804.webp
2024-08-27,1,1,0,,99ef6fe10874b86d8683560a0d424b8151479ffd,forexlive.com,gdelt_doc_socialimage,raw/image/thumbnails_webp/99ef6fe10874b86d8683560a0d424b8151479ffd.webp
2024-08-28,1,1,0,,bc1b40c4a1e29a0e0700faee26701489a6870d42,finanznachrichten.de,gdelt_doc_socialimage,raw/image/thumbnails_webp/bc1b40c4a1e29a0e0700faee26701489a6870d42.webp
2024-08-29,1,1,0,,e97f11f635f2446b4865d9b3cc7dff105c83dcc6,menafn.com,gdelt_doc_socialimage,raw/image/thumbnails_webp/e97f11f635f2446b4865d9b3cc7dff105c83dcc6.webp
2024-08-30,1,1,0,,209685dc8a6db84ba52c40be8d37dd28aba03724,finanznachrichten.de,gdelt_doc_socialimage,raw/image/thumbnails_webp/209685dc8a6db84ba52c40be8d37dd28aba03724.webp
2024-08-31,1,1,0,,62e4709384c93a2391419f66e1ae1eea48976569,Copernicus Data Space OGC,copernicus_ogc,raw/image/thumbnails_webp/62e4709384c93a2391419f66e1ae1eea48976569.webp
2024-09-01,1,1,0,,0cefa74cf38ee27cb7719af731f1e52521c95827,NASA GIBS,nasa_gibs,raw/image/thumbnails_webp/0cefa74cf38ee27cb7719af731f1e52521c95827.webp
2024-09-02,1,1,0,,367b949394de21cee542288fec4574f56d8103af,moneycontrol.com,gdelt_doc_socialimage,raw/image/thumbnails_webp/367b949394de21cee542288fec4574f56d8103af.webp
2024-09-03,1,1,0,,2332e37b574a5eab003aabf8cf8297804847eb40,businesstimes.com.sg,gdelt_doc_socialimage,raw/image/thumbnails_webp/2332e37b574a5eab003aabf8cf8297804847eb40.webp
2024-09-04,1,1,0,,b5f4c0882c66d6969a74c683f1bbc1b3e971664c,NASA GIBS,nasa_gibs,raw/image/thumbnails_webp/b5f4c0882c66d6969a74c683f1bbc1b3e971664c.webp
2024-09-05,1,1,0,,311280f38fd12420773a2316c2ca69c7157cbfe1,NASA GIBS,nasa_gibs,raw/image/thumbnails_webp/311280f38fd12420773a2316c2ca69c7157cbfe1.webp
2024-09-06,1,1,0,,b0ad48d903caa2b1b8943b1bf2a2b910795fc31f,NASA GIBS,nasa_gibs,raw/image/thumbnails_webp/b0ad48d903caa2b1b8943b1bf2a2b910795fc31f.webp
2024-09-07,1,1,0,,5be4dabed89fb05afe17f9a9e5e052a89c9dcfc0,NASA GIBS,nasa_gibs,raw/image/thumbnails_webp/5be4dabed89fb05afe17f9a9e5e052a89c9dcfc0.webp
2024-09-08,1,1,0,,0f0c7172b590eb64a80f60762f5eb65f15f2ccde,NASA GIBS,nasa_gibs,raw/image/thumbnails_webp/0f0c7172b590eb64a80f60762f5eb65f15f2ccde.webp
2024-09-09,1,1,0,,a816d644d26d60bda4963bb803b983ef05172741,NASA GIBS,nasa_gibs,raw/image/thumbnails_webp/a816d644d26d60bda4963bb803b983ef05172741.webp
2024-09-10,1,1,0,,f136ebf3120b22042ee84484562cc05607f776f5,NASA GIBS,nasa_gibs,raw/image/thumbnails_webp/f136ebf3120b22042ee84484562cc05607f776f5.webp
2024-09-11,1,1,0,,75a2e53b0f4a7cf77aef88df2846efcbdc197c78,NASA GIBS,nasa_gibs,raw/image/thumbnails_webp/75a2e53b0f4a7cf77aef88df2846efcbdc197c78.webp
2024-09-12,1,1,0,,2695c995d84e2cfc040d687e8b3beb3c212e416f,NASA GIBS,nasa_gibs,raw/image/thumbnails_webp/2695c995d84e2cfc040d687e8b3beb3c212e416f.webp
2024-09-13,1,1,0,,dab9dea2b5e3114ea0e1d70129855defa2200b33,NASA GIBS,nasa_gibs,raw/image/thumbnails_webp/dab9dea2b5e3114ea0e1d70129855defa2200b33.webp
2024-09-14,1,1,0,,af6fc33446da8e4a6a7327c8bf2d656bea352cf4,Copernicus Data Space OGC,copernicus_ogc,raw/image/thumbnails_webp/af6fc33446da8e4a6a7327c8bf2d656bea352cf4.webp
2024-09-15,1,1,0,,16eae5c920b253c44caee60573d5124f812ca024,teraz.sk,gdelt_doc_socialimage,raw/image/thumbnails_webp/16eae5c920b253c44caee60573d5124f812ca024.webp
2024-09-16,1,1,0,,9339b25ca37a5f39c43f0aeab0c0cd2cb5455bc8,Pexels,pexels,raw/image/thumbnails_webp/9339b25ca37a5f39c43f0aeab0c0cd2cb5455bc8.webp
2024-09-17,1,1,0,,6fcc0f47c01c304db192379c1c6b4d82a7bdb11a,Unsplash,unsplash,raw/image/thumbnails_webp/6fcc0f47c01c304db192379c1c6b4d82a7bdb11a.webp
2024-09-18,1,1,0,,1e01428716d4c2e72c7b680d67ffbe6aaac55ad4,businesstimes.com.sg,gdelt_doc_socialimage,raw/image/thumbnails_webp/1e01428716d4c2e72c7b680d67ffbe6aaac55ad4.webp
2024-09-19,1,1,0,,291aef41460fefa6366d476dcfc34684090391aa,NASA GIBS,nasa_gibs,raw/image/thumbnails_webp/291aef41460fefa6366d476dcfc34684090391aa.webp
2024-09-20,1,1,0,,b9f783855b9d060002930f68ea9438f81540b75d,NASA GIBS,nasa_gibs,raw/image/thumbnails_webp/b9f783855b9d060002930f68ea9438f81540b75d.webp
2024-09-21,1,1,0,,12c6b0ed49dab68ed19da68cfedef06bdd39eb96,NASA GIBS,nasa_gibs,raw/image/thumbnails_webp/12c6b0ed49dab68ed19da68cfedef06bdd39eb96.webp
2024-09-22,1,1,0,,05f2e681938f44fa3106f24cdae5c76ab23d4bde,menafn.com,gdelt_doc_socialimage,raw/image/thumbnails_webp/05f2e681938f44fa3106f24cdae5c76ab23d4bde.webp
2024-09-23,1,1,0,,fe8d469c47f57b962b166d3b8142a242b96efbf7,NASA GIBS,nasa_gibs,raw/image/thumbnails_webp/fe8d469c47f57b962b166d3b8142a242b96efbf7.webp
2024-09-24,1,1,0,,79cc64f2555df3176cdc5df46e471b003b62137b,NASA GIBS,nasa_gibs,raw/image/thumbnails_webp/79cc64f2555df3176cdc5df46e471b003b62137b.webp
2024-09-25,1,1,0,,2c1578eccfa496987d7af56c665913b23e22ed7f,indiapost.com,gdelt_doc_socialimage,raw/image/thumbnails_webp/2c1578eccfa496987d7af56c665913b23e22ed7f.webp
2024-09-26,1,1,0,,c37fd8ad75b34a9dec5a3024d8143eaef619a1c1,NASA GIBS,nasa_gibs,raw/image/thumbnails_webp/c37fd8ad75b34a9dec5a3024d8143eaef619a1c1.webp
2024-09-27,1,1,0,,c44290a815c70e1b189984e3341ffa46c329a1fa,NASA GIBS,nasa_gibs,raw/image/thumbnails_webp/c44290a815c70e1b189984e3341ffa46c329a1fa.webp
2024-09-28,1,1,0,,491a7759853d5223520a13a503efbd616116a9cd,NASA GIBS,nasa_gibs,raw/image/thumbnails_webp/491a7759853d5223520a13a503efbd616116a9cd.webp
2024-09-29,1,1,0,,433462be4594971c4b292557e5628e9022c0f444,teraz.sk,gdelt_doc_socialimage,raw/image/thumbnails_webp/433462be4594971c4b292557e5628e9022c0f444.webp
2024-09-30,1,1,0,,417b6508bc076f15132430912fd5e0035c7352be,NASA GIBS,nasa_gibs,raw/image/thumbnails_webp/417b6508bc076f15132430912fd5e0035c7352be.webp
2024-10-01,1,1,0,,6ceeeb050d9f359b8ba723c91c44b3f42883b848,NASA GIBS,nasa_gibs,raw/image/thumbnails_webp/6ceeeb050d9f359b8ba723c91c44b3f42883b848.webp
2024-10-02,1,1,0,,274479a9b5f62d21b7da62c352444bf452310dc5,ammonnews.net,gdelt_doc_socialimage,raw/image/thumbnails_webp/274479a9b5f62d21b7da62c352444bf452310dc5.webp
2024-10-03,1,1,0,,06a29879d44dc4fdd1e0b94b6d515f1fc6cab0f2,NASA GIBS,nasa_gibs,raw/image/thumbnails_webp/06a29879d44dc4fdd1e0b94b6d515f1fc6cab0f2.webp
2024-10-04,1,1,0,,4458d488fc9eaacfcddfbef717734a6806592676,Copernicus Data Space OGC,copernicus_ogc,raw/image/thumbnails_webp/4458d488fc9eaacfcddfbef717734a6806592676.webp
2024-10-05,1,1,0,,8645a3db625d79daa6595904b1537fcdc7b21655,NASA GIBS,nasa_gibs,raw/image/thumbnails_webp/8645a3db625d79daa6595904b1537fcdc7b21655.webp
2024-10-06,1,1,0,,b987ab00861965201ca6b263ff8c6a2e4b81de29,NASA GIBS,nasa_gibs,raw/image/thumbnails_webp/b987ab00861965201ca6b263ff8c6a2e4b81de29.webp
2024-10-07,1,1,0,,3552c862cf615726a8372a5a1540fedf3826ab11,NASA GIBS,nasa_gibs,raw/image/thumbnails_webp/3552c862cf615726a8372a5a1540fedf3826ab11.webp
2024-10-08,1,1,0,,506139c3d425da636c76f485620cdacea8a45ff0,actualno.com,gdelt_doc_socialimage,raw/image/thumbnails_webp/506139c3d425da636c76f485620cdacea8a45ff0.webp
2024-10-09,1,1,0,,100baf0c1b78e5142d993c1b7eae9c1758af8bbf,NASA GIBS,nasa_gibs,raw/image/thumbnails_webp/100baf0c1b78e5142d993c1b7eae9c1758af8bbf.webp
2024-10-10,1,1,0,,9150bf392fcb906c1749daaf4c29018378693d2c,NASA GIBS,nasa_gibs,raw/image/thumbnails_webp/9150bf392fcb906c1749daaf4c29018378693d2c.webp
2024-10-11,1,1,0,,c7e4bf9db0335c12fcbccef47aad1af9ec854213,NASA GIBS,nasa_gibs,raw/image/thumbnails_webp/c7e4bf9db0335c12fcbccef47aad1af9ec854213.webp
2024-10-12,1,1,0,,b467724bc907dc09b25a9a0fd21a92c8f8e700ac,NASA GIBS,nasa_gibs,raw/image/thumbnails_webp/b467724bc907dc09b25a9a0fd21a92c8f8e700ac.webp
2024-10-13,1,1,0,,e41f1c2a3c97f4504137fc66c9b60cd8dbb0dd62,NASA GIBS,nasa_gibs,raw/image/thumbnails_webp/e41f1c2a3c97f4504137fc66c9b60cd8dbb0dd62.webp
2024-10-14,1,1,0,,8b756d6b07603d81465860ca174d3edfc143591a,Unsplash,unsplash,raw/image/thumbnails_webp/8b756d6b07603d81465860ca174d3edfc143591a.webp
2024-10-15,1,1,0,,019e885b3230e828a6a53de996b7b98c949d3a0c,econotimes.com,gdelt_doc_socialimage,raw/image/thumbnails_webp/019e885b3230e828a6a53de996b7b98c949d3a0c.webp
2024-10-16,1,1,0,,d024ae5edcd75b368aff2a1deaeba23ac52b37e1,Pexels,pexels,raw/image/thumbnails_webp/d024ae5edcd75b368aff2a1deaeba23ac52b37e1.webp
2024-10-17,1,1,0,,e568bc9b1d5575a00f3089f59754ad10390ea3b7,NASA GIBS,nasa_gibs,raw/image/thumbnails_webp/e568bc9b1d5575a00f3089f59754ad10390ea3b7.webp
2024-10-18,1,1,0,,8a944a6a23461c9a3284282c2bf245464cbab127,NASA GIBS,nasa_gibs,raw/image/thumbnails_webp/8a944a6a23461c9a3284282c2bf245464cbab127.webp
2024-10-19,1,1,0,,6135b6a778cd05852d131c8a693fef943dae1bc1,NASA GIBS,nasa_gibs,raw/image/thumbnails_webp/6135b6a778cd05852d131c8a693fef943dae1bc1.webp
2024-10-20,1,1,0,,75086a387dfc1159396257b37e79747689c7f744,Copernicus Data Space OGC,copernicus_ogc,raw/image/thumbnails_webp/75086a387dfc1159396257b37e79747689c7f744.webp
2024-10-21,1,1,0,,b9310caa69f03ed11b1b8ff951ac717648470116,NASA GIBS,nasa_gibs,raw/image/thumbnails_webp/b9310caa69f03ed11b1b8ff951ac717648470116.webp
2024-10-22,1,1,0,,3df413e660b61076890494fe7ce324e0feddd498,NASA GIBS,nasa_gibs,raw/image/thumbnails_webp/3df413e660b61076890494fe7ce324e0feddd498.webp
2024-10-23,1,1,0,,9ba8c6412dc9e8e1c685b90bdf9dd97942986dbb,NASA GIBS,nasa_gibs,raw/image/thumbnails_webp/9ba8c6412dc9e8e1c685b90bdf9dd97942986dbb.webp
2024-10-24,1,1,0,,9e177d3a4047bc8276353662a30fe332eb009725,NASA GIBS,nasa_gibs,raw/image/thumbnails_webp/9e177d3a4047bc8276353662a30fe332eb009725.webp
2024-10-25,1,1,0,,b956036567433cf6962c681515b3d2a32c9118b0,NASA GIBS,nasa_gibs,raw/image/thumbnails_webp/b956036567433cf6962c681515b3d2a32c9118b0.webp
2024-10-26,1,1,0,,0bfdcc6da192d5d12097f68e50c1ebaf89f1d13a,NASA GIBS,nasa_gibs,raw/image/thumbnails_webp/0bfdcc6da192d5d12097f68e50c1ebaf89f1d13a.webp
2024-10-27,1,1,0,,4962f34ccee35d15a82076419130c266c171e920,NASA GIBS,nasa_gibs,raw/image/thumbnails_webp/4962f34ccee35d15a82076419130c266c171e920.webp
2024-10-28,1,1,0,,e5effe89147375558d1234725242ed38f4e16171,NASA GIBS,nasa_gibs,raw/image/thumbnails_webp/e5effe89147375558d1234725242ed38f4e16171.webp
2024-10-29,1,1,0,,356c090ec490e4fa9f37617b56dcc7a934f058d0,NASA GIBS,nasa_gibs,raw/image/thumbnails_webp/356c090ec490e4fa9f37617b56dcc7a934f058d0.webp
2024-10-30,1,1,0,,0f03c20b0a990930da74bcb021f5188fc79730cd,NASA GIBS,nasa_gibs,raw/image/thumbnails_webp/0f03c20b0a990930da74bcb021f5188fc79730cd.webp
2024-10-31,1,1,0,,e5f19cfe899ce3b8023127302b6990b928806c14,NASA GIBS,nasa_gibs,raw/image/thumbnails_webp/e5f19cfe899ce3b8023127302b6990b928806c14.webp
2024-11-01,1,1,0,,d221c20b76b6c9a85d7d005cc1acbe4d92d7a53c,NASA GIBS,nasa_gibs,raw/image/thumbnails_webp/d221c20b76b6c9a85d7d005cc1acbe4d92d7a53c.webp
2024-11-02,1,1,0,,774a0dd54f5ef6d41c5f285eac8eb3973d27995a,businesstimes.com.sg,gdelt_doc_socialimage,raw/image/thumbnails_webp/774a0dd54f5ef6d41c5f285eac8eb3973d27995a.webp
2024-11-03,1,1,0,,fabb951ba1009201b8adc9c6631661e42cf64b1e,Copernicus Data Space OGC,copernicus_ogc,raw/image/thumbnails_webp/fabb951ba1009201b8adc9c6631661e42cf64b1e.webp
2024-11-04,1,1,0,,f589a0ae1eb5decd73a6e20626f18faf9fe7b217,fxstreet.com,gdelt_doc_socialimage,raw/image/thumbnails_webp/f589a0ae1eb5decd73a6e20626f18faf9fe7b217.webp
2024-11-05,1,1,0,,817147c8ce1d43e3a46e333bfdb7a41f29d14de8,Unsplash,unsplash,raw/image/thumbnails_webp/817147c8ce1d43e3a46e333bfdb7a41f29d14de8.webp
2024-11-06,1,1,0,,58516aa4d3c2bde7749aec7a6a669fd1fc17bce9,Pexels,pexels,raw/image/thumbnails_webp/58516aa4d3c2bde7749aec7a6a669fd1fc17bce9.webp
2024-11-07,1,1,0,,fbf318a20945daf9506006d0c887f0dd610e480b,indiainfoline.com,gdelt_doc_socialimage,raw/image/thumbnails_webp/fbf318a20945daf9506006d0c887f0dd610e480b.webp
2024-11-08,1,1,0,,1b74a0a28e6393d615a5ce6874ca8f0e9ef5a548,economictimes.indiatimes.com,gdelt_doc_socialimage,raw/image/thumbnails_webp/1b74a0a28e6393d615a5ce6874ca8f0e9ef5a548.webp
2024-11-09,1,1,0,,91765f13e80b3ed6c3315ce37b16725b7d5edb1e,NASA GIBS,nasa_gibs,raw/image/thumbnails_webp/91765f13e80b3ed6c3315ce37b16725b7d5edb1e.webp
2024-11-10,1,1,0,,816cbd6f660dd67b3dff760f9cbd5af657e18035,NASA GIBS,nasa_gibs,raw/image/thumbnails_webp/816cbd6f660dd67b3dff760f9cbd5af657e18035.webp
2024-11-11,1,1,0,,5e1b9856669350e28a6487658358698a0d367967,forexlive.com,gdelt_doc_socialimage,raw/image/thumbnails_webp/5e1b9856669350e28a6487658358698a0d367967.webp
2024-11-12,1,1,0,,49e155e2c9a99ef53629520cd963e477caaeef53,fxstreet.com,gdelt_doc_socialimage,raw/image/thumbnails_webp/49e155e2c9a99ef53629520cd963e477caaeef53.webp
2024-11-13,1,1,0,,a04f16ea7deb0a00352528d5d07a7528cf3609a6,dailytrust.com,gdelt_doc_socialimage,raw/image/thumbnails_webp/a04f16ea7deb0a00352528d5d07a7528cf3609a6.webp
2024-11-14,1,1,0,,1976a33ceae8cb841e68a3c4d20f44467dcf6ea2,fxstreet.com,gdelt_doc_socialimage,raw/image/thumbnails_webp/1976a33ceae8cb841e68a3c4d20f44467dcf6ea2.webp
2024-11-15,1,1,0,,0c2cabd54f47c24ea19fb1da5f3bd1544361b1e3,fxstreet.com,gdelt_doc_socialimage,raw/image/thumbnails_webp/0c2cabd54f47c24ea19fb1da5f3bd1544361b1e3.webp
2024-11-16,1,1,0,,c68eb1b08673914a85af4f126a0ffb7e54b29514,NASA GIBS,nasa_gibs,raw/image/thumbnails_webp/c68eb1b08673914a85af4f126a0ffb7e54b29514.webp
2024-11-17,1,1,0,,67c777def995e11328ee035d52861815f4e86fbd,Copernicus Data Space OGC,copernicus_ogc,raw/image/thumbnails_webp/67c777def995e11328ee035d52861815f4e86fbd.webp
2024-11-18,1,1,0,,952db8f8d2febad88fc3a04da0f79cefa9326762,fxstreet.com,gdelt_doc_socialimage,raw/image/thumbnails_webp/952db8f8d2febad88fc3a04da0f79cefa9326762.webp
2024-11-19,1,1,0,,4f8f3bc042e1e55e1e97e60fb3b91fccda118a31,finance.ifeng.com,gdelt_doc_socialimage,raw/image/thumbnails_webp/4f8f3bc042e1e55e1e97e60fb3b91fccda118a31.webp
2024-11-20,1,1,0,,c910efd72f1e13ec82b4a5543f3bea538d6e975f,fxstreet.com,gdelt_doc_socialimage,raw/image/thumbnails_webp/c910efd72f1e13ec82b4a5543f3bea538d6e975f.webp
2024-11-21,1,1,0,,65b02f86f590caadb9dcd5d9f520b1e6cf391486,fxstreet.com,gdelt_doc_socialimage,raw/image/thumbnails_webp/65b02f86f590caadb9dcd5d9f520b1e6cf391486.webp
2024-11-22,1,1,0,,8f51c271ebcd0cbdda53ec0cb4c1a446044645a5,fxstreet.com,gdelt_doc_socialimage,raw/image/thumbnails_webp/8f51c271ebcd0cbdda53ec0cb4c1a446044645a5.webp
2024-11-23,1,1,0,,f4a275a4ee9cd0b1b0935749395cd34b48ee3d92,oilprice.com,gdelt_doc_socialimage,raw/image/thumbnails_webp/f4a275a4ee9cd0b1b0935749395cd34b48ee3d92.webp
2024-11-24,1,1,0,,d14f5d500df65ce8858b398b5b16b283f064282a,NASA GIBS,nasa_gibs,raw/image/thumbnails_webp/d14f5d500df65ce8858b398b5b16b283f064282a.webp
2024-11-25,1,1,0,,c8f5f330fe0cc236d0cba088312f2ae9439b91e5,NASA GIBS,nasa_gibs,raw/image/thumbnails_webp/c8f5f330fe0cc236d0cba088312f2ae9439b91e5.webp
2024-11-26,1,1,0,,817972304423043177ccb64700f92107f46b3649,Pexels,pexels,raw/image/thumbnails_webp/817972304423043177ccb64700f92107f46b3649.webp
2024-11-27,1,1,0,,9cfc20f342ac1be901ac219447578e1e65d3fcdc,shipandbunker.com,gdelt_doc_socialimage,raw/image/thumbnails_webp/9cfc20f342ac1be901ac219447578e1e65d3fcdc.webp
2024-11-28,1,1,0,,8b17473ecac704f38bdf21f6162a06702bb26a6c,nbcchicago.com,gdelt_doc_socialimage,raw/image/thumbnails_webp/8b17473ecac704f38bdf21f6162a06702bb26a6c.webp
2024-11-29,1,1,0,,776cccb7ce3721d356da7e7fad8204ddbd8b4281,fxstreet.com,gdelt_doc_socialimage,raw/image/thumbnails_webp/776cccb7ce3721d356da7e7fad8204ddbd8b4281.webp
2024-11-30,1,1,0,,b0b4c472ec9a0db3630d7640a020cf7ca26264ab,NASA GIBS,nasa_gibs,raw/image/thumbnails_webp/b0b4c472ec9a0db3630d7640a020cf7ca26264ab.webp
2024-12-01,1,1,0,,966b1f4e88e6b46cb2149c54b123f63e35bf44df,Copernicus Data Space OGC,copernicus_ogc,raw/image/thumbnails_webp/966b1f4e88e6b46cb2149c54b123f63e35bf44df.webp
2024-12-02,1,1,0,,162bf43302537b7159ab1ee17f688c2f231a7d8b,en.ammonnews.net,gdelt_doc_socialimage,raw/image/thumbnails_webp/162bf43302537b7159ab1ee17f688c2f231a7d8b.webp
2024-12-03,1,1,0,,bc7291ce4c8ba9426cd58da19d705b03b7e97263,NASA GIBS,nasa_gibs,raw/image/thumbnails_webp/bc7291ce4c8ba9426cd58da19d705b03b7e97263.webp
2024-12-04,1,1,0,,f27f09c6e4e1844d8fb4ebf9358d86ab58de841c,NASA GIBS,nasa_gibs,raw/image/thumbnails_webp/f27f09c6e4e1844d8fb4ebf9358d86ab58de841c.webp
2024-12-05,1,1,0,,d10bdf09c299926660bb7bb9c437f1fa859d06eb,NASA GIBS,nasa_gibs,raw/image/thumbnails_webp/d10bdf09c299926660bb7bb9c437f1fa859d06eb.webp
2024-12-06,1,1,0,,1a771ba79038ac536c47da93945e5d7c77bc18fc,NASA GIBS,nasa_gibs,raw/image/thumbnails_webp/1a771ba79038ac536c47da93945e5d7c77bc18fc.webp
2024-12-07,1,1,0,,4646f30d866f0676f72a81901f2873371c138983,NASA GIBS,nasa_gibs,raw/image/thumbnails_webp/4646f30d866f0676f72a81901f2873371c138983.webp
2024-12-08,1,1,0,,e0929aad2fe91b4a25283b7f40d9ab6dba31d951,NASA GIBS,nasa_gibs,raw/image/thumbnails_webp/e0929aad2fe91b4a25283b7f40d9ab6dba31d951.webp
2024-12-09,1,1,0,,8b5b943c0b419c8f7377f0a4864553283920e29e,NASA GIBS,nasa_gibs,raw/image/thumbnails_webp/8b5b943c0b419c8f7377f0a4864553283920e29e.webp
2024-12-10,1,1,0,,51fcd0077fa6ca09b80a3b0911d641cb78224eae,NASA GIBS,nasa_gibs,raw/image/thumbnails_webp/51fcd0077fa6ca09b80a3b0911d641cb78224eae.webp
2024-12-11,1,1,0,,8f55b289e40df41e99bd69b30cafc4ef89efd148,NASA GIBS,nasa_gibs,raw/image/thumbnails_webp/8f55b289e40df41e99bd69b30cafc4ef89efd148.webp
2024-12-12,1,1,0,,5f90d446a06fa85f385014d99676e9cc6e10f701,NASA GIBS,nasa_gibs,raw/image/thumbnails_webp/5f90d446a06fa85f385014d99676e9cc6e10f701.webp
2024-12-13,1,1,0,,a90286f51c39935ce996ae19741f352997d462a8,NASA GIBS,nasa_gibs,raw/image/thumbnails_webp/a90286f51c39935ce996ae19741f352997d462a8.webp
2024-12-14,1,1,0,,6fcd2449405f0d3c5f10238870e2747e39fc0ca7,NASA GIBS,nasa_gibs,raw/image/thumbnails_webp/6fcd2449405f0d3c5f10238870e2747e39fc0ca7.webp
2024-12-15,1,1,0,,1fdaf4ffde5751f967f9e9f3c13bd6a8fe9e66c1,Copernicus Data Space OGC,copernicus_ogc,raw/image/thumbnails_webp/1fdaf4ffde5751f967f9e9f3c13bd6a8fe9e66c1.webp
2024-12-16,1,1,0,,c50cdb93e57877600709083743e6f40ade4dbd8f,Pexels,pexels,raw/image/thumbnails_webp/c50cdb93e57877600709083743e6f40ade4dbd8f.webp
2024-12-17,1,1,0,,9d753f71e2a1868f338c10e0238e0edb8de72096,fxstreet.com,gdelt_doc_socialimage,raw/image/thumbnails_webp/9d753f71e2a1868f338c10e0238e0edb8de72096.webp
2024-12-18,1,1,0,,a364f84892da173b2d1abf930a0f524db39dbccf,Unsplash,unsplash,raw/image/thumbnails_webp/a364f84892da173b2d1abf930a0f524db39dbccf.webp
2024-12-19,1,1,0,,ede13d8a579555942679f9296b1f3d5991946741,NASA GIBS,nasa_gibs,raw/image/thumbnails_webp/ede13d8a579555942679f9296b1f3d5991946741.webp
2024-12-20,1,1,0,,661c650cf9a3ad4b8c124a8c03d4b942f141d2ba,blikk.hu,gdelt_doc_socialimage,raw/image/thumbnails_webp/661c650cf9a3ad4b8c124a8c03d4b942f141d2ba.webp
2024-12-21,1,1,0,,378868270bc005807a3f7d9fc4bd37619ddf7e2a,NASA GIBS,nasa_gibs,raw/image/thumbnails_webp/378868270bc005807a3f7d9fc4bd37619ddf7e2a.webp
2024-12-22,1,1,0,,c43d00c4c4f9650ef0e9873b10cc9e229446f8cc,NASA GIBS,nasa_gibs,raw/image/thumbnails_webp/c43d00c4c4f9650ef0e9873b10cc9e229446f8cc.webp
2024-12-23,1,1,0,,c0711756c02e8d5a8c1fc46d1c3bd46cb82ac688,actualno.com,gdelt_doc_socialimage,raw/image/thumbnails_webp/c0711756c02e8d5a8c1fc46d1c3bd46cb82ac688.webp
2024-12-24,1,1,0,,dc1c028b7566ff9fd1dda46d122e9bc3180b3221,NASA GIBS,nasa_gibs,raw/image/thumbnails_webp/dc1c028b7566ff9fd1dda46d122e9bc3180b3221.webp
2024-12-25,1,1,0,,296e870905072ce6e92e0414648b0c1991f46e7a,NASA GIBS,nasa_gibs,raw/image/thumbnails_webp/296e870905072ce6e92e0414648b0c1991f46e7a.webp
2024-12-26,1,1,0,,be2fe0444ed9bfbc8776dbab98808580b4203d98,finanznachrichten.de,gdelt_doc_socialimage,raw/image/thumbnails_webp/be2fe0444ed9bfbc8776dbab98808580b4203d98.webp
2024-12-27,1,1,0,,c2e89ab39d49a07d07946b5d42deee53ca21e583,NASA GIBS,nasa_gibs,raw/image/thumbnails_webp/c2e89ab39d49a07d07946b5d42deee53ca21e583.webp
2024-12-28,1,1,0,,af657bd9259b0785c5de1f9e366e696d8bbceb70,NASA GIBS,nasa_gibs,raw/image/thumbnails_webp/af657bd9259b0785c5de1f9e366e696d8bbceb70.webp
2024-12-29,1,1,0,,bf5352ef1a4a87ec9204d0c83f4c31eec7d8a80a,bizcommunity.com,gdelt_doc_socialimage,raw/image/thumbnails_webp/bf5352ef1a4a87ec9204d0c83f4c31eec7d8a80a.webp
2024-12-30,1,1,0,,416c2b75024181f1e1112bd0c8168c4f7a879c11,NASA GIBS,nasa_gibs,raw/image/thumbnails_webp/416c2b75024181f1e1112bd0c8168c4f7a879c11.webp
2024-12-31,1,1,0,,86a44191878c100a0ccccf7b044c7f18bde9c55c,NASA GIBS,nasa_gibs,raw/image/thumbnails_webp/86a44191878c100a0ccccf7b044c7f18bde9c55c.webp
2025-01-01,1,1,0,,f43a6be4bf3971ec7369b1155c935b843a869a37,dunyanews.tv,gdelt_doc_socialimage,raw/image/thumbnails_webp/f43a6be4bf3971ec7369b1155c935b843a869a37.webp
2025-01-02,1,1,0,,34e94683e18a2ca10e54828034e3e4732ba9a894,NASA GIBS,nasa_gibs,raw/image/thumbnails_webp/34e94683e18a2ca10e54828034e3e4732ba9a894.webp
2025-01-03,1,1,0,,0e84e4647ecc57e53226324b0a5c56383748b08f,NASA GIBS,nasa_gibs,raw/image/thumbnails_webp/0e84e4647ecc57e53226324b0a5c56383748b08f.webp
2025-01-04,1,1,0,,cd7a2d7625f9f11ba299fedff78056a8cd8cea9b,Copernicus Data Space OGC,copernicus_ogc,raw/image/thumbnails_webp/cd7a2d7625f9f11ba299fedff78056a8cd8cea9b.webp
2025-01-05,1,1,0,,af2ee27aa35f07cd3cd35a64f7608b727a81dbe4,NASA GIBS,nasa_gibs,raw/image/thumbnails_webp/af2ee27aa35f07cd3cd35a64f7608b727a81dbe4.webp
2025-01-06,1,1,0,,297fbed7b53b0509e93a443b2a722d89638d4f19,fxstreet.com,gdelt_doc_socialimage,raw/image/thumbnails_webp/297fbed7b53b0509e93a443b2a722d89638d4f19.webp
2025-01-07,1,1,0,,ce44681522dba7aeca573a5be34b47ead30a2bd9,NASA GIBS,nasa_gibs,raw/image/thumbnails_webp/ce44681522dba7aeca573a5be34b47ead30a2bd9.webp
2025-01-08,1,1,0,,93624687f4a933bd5fc6177ab2c4cdd0652e442a,NASA GIBS,nasa_gibs,raw/image/thumbnails_webp/93624687f4a933bd5fc6177ab2c4cdd0652e442a.webp
2025-01-09,1,1,0,,a9fa6a1abc5d19a12afb95f275fff319285a3b66,auto.economictimes.indiatimes.com,gdelt_doc_socialimage,raw/image/thumbnails_webp/a9fa6a1abc5d19a12afb95f275fff319285a3b66.webp
2025-01-10,1,1,0,,caea1f27f257ae26b52aa8611e0f0b8d7d257173,NASA GIBS,nasa_gibs,raw/image/thumbnails_webp/caea1f27f257ae26b52aa8611e0f0b8d7d257173.webp
2025-01-11,1,1,0,,fe36ef779ed3b3639c82d0c437bc4b8c1232c796,NASA GIBS,nasa_gibs,raw/image/thumbnails_webp/fe36ef779ed3b3639c82d0c437bc4b8c1232c796.webp
2025-01-12,1,1,0,,779c5d17675665c79612939a85665b1dbc3feb85,NASA GIBS,nasa_gibs,raw/image/thumbnails_webp/779c5d17675665c79612939a85665b1dbc3feb85.webp
2025-01-13,1,1,0,,78d2954e128378b2f6e2491eb322c55ffc78ae7f,NASA GIBS,nasa_gibs,raw/image/thumbnails_webp/78d2954e128378b2f6e2491eb322c55ffc78ae7f.webp
2025-01-14,1,1,0,,95b58af1ef856f6195853a69c0f9e9781607768b,Unsplash,unsplash,raw/image/thumbnails_webp/95b58af1ef856f6195853a69c0f9e9781607768b.webp
2025-01-15,1,1,0,,1d916a8c114359f67c1f4ea03a2aa82ea39334bd,NASA GIBS,nasa_gibs,raw/image/thumbnails_webp/1d916a8c114359f67c1f4ea03a2aa82ea39334bd.webp
2025-01-16,1,1,0,,3cfcf1b6c1f4591a1508226a1db12979c936b4d4,Pexels,pexels,raw/image/thumbnails_webp/3cfcf1b6c1f4591a1508226a1db12979c936b4d4.webp
2025-01-17,1,1,0,,6d293d414c076ea235908e2a64b3ada19a6ff0e0,NASA GIBS,nasa_gibs,raw/image/thumbnails_webp/6d293d414c076ea235908e2a64b3ada19a6ff0e0.webp
2025-01-18,1,1,0,,a0585ab24d879d2d92553daa16315a30a709eb5e,NASA GIBS,nasa_gibs,raw/image/thumbnails_webp/a0585ab24d879d2d92553daa16315a30a709eb5e.webp
2025-01-19,1,1,0,,750b8210091351a67af0604d4bf276deb698dcb0,NASA GIBS,nasa_gibs,raw/image/thumbnails_webp/750b8210091351a67af0604d4bf276deb698dcb0.webp
2025-01-20,1,1,0,,e5ce3480a0cfec0ba7b234f752c66b98a8894faf,Copernicus Data Space OGC,copernicus_ogc,raw/image/thumbnails_webp/e5ce3480a0cfec0ba7b234f752c66b98a8894faf.webp
2025-01-21,1,1,0,,ffe0b88c6ce4e834644e30868d0250f23c49b499,NASA GIBS,nasa_gibs,raw/image/thumbnails_webp/ffe0b88c6ce4e834644e30868d0250f23c49b499.webp
2025-01-22,1,1,0,,50dee2d1fab838c59a41f08fe4eb34b164990a25,NASA GIBS,nasa_gibs,raw/image/thumbnails_webp/50dee2d1fab838c59a41f08fe4eb34b164990a25.webp
2025-01-23,1,1,0,,21c05297609a3b4b47bcdfeb1b89c59f43b6ac14,NASA GIBS,nasa_gibs,raw/image/thumbnails_webp/21c05297609a3b4b47bcdfeb1b89c59f43b6ac14.webp
2025-01-24,1,1,0,,836ef605a3236cfd5f62a4c0f11fd552ea42e10e,NASA GIBS,nasa_gibs,raw/image/thumbnails_webp/836ef605a3236cfd5f62a4c0f11fd552ea42e10e.webp
2025-01-25,1,1,0,,bb1fc399e595193a088fe45d65fbc69fef9f4f77,NASA GIBS,nasa_gibs,raw/image/thumbnails_webp/bb1fc399e595193a088fe45d65fbc69fef9f4f77.webp
2025-01-26,1,1,0,,ad33958f009602295a70c31f5ee04d8699209bd3,NASA GIBS,nasa_gibs,raw/image/thumbnails_webp/ad33958f009602295a70c31f5ee04d8699209bd3.webp
2025-01-27,1,1,0,,b55777aebfdaba671ac9315e9c57cfb2318a68c1,NASA GIBS,nasa_gibs,raw/image/thumbnails_webp/b55777aebfdaba671ac9315e9c57cfb2318a68c1.webp
2025-01-28,1,1,0,,30657687aa45a7f8e18c852405169cafc7f94c0f,NASA GIBS,nasa_gibs,raw/image/thumbnails_webp/30657687aa45a7f8e18c852405169cafc7f94c0f.webp
2025-01-29,1,1,0,,7dcd03dc0b00435a82ac317cf884a5958bc8c16d,NASA GIBS,nasa_gibs,raw/image/thumbnails_webp/7dcd03dc0b00435a82ac317cf884a5958bc8c16d.webp
2025-01-30,1,1,0,,f60a7cbd5c8122cd3e7e83c38dd6a51041e0aadf,NASA GIBS,nasa_gibs,raw/image/thumbnails_webp/f60a7cbd5c8122cd3e7e83c38dd6a51041e0aadf.webp
2025-01-31,1,1,0,,ae820de20cfda67ecb1be68c2aa47140186a0479,NASA GIBS,nasa_gibs,raw/image/thumbnails_webp/ae820de20cfda67ecb1be68c2aa47140186a0479.webp
2025-02-01,1,1,0,,6f3fedfcf7287e9dbc2cc68c7e8e460257d96d20,NASA GIBS,nasa_gibs,raw/image/thumbnails_webp/6f3fedfcf7287e9dbc2cc68c7e8e460257d96d20.webp
2025-02-02,1,1,0,,753bb10976dd693617e6f6d22053d0a5da03b8c6,NASA GIBS,nasa_gibs,raw/image/thumbnails_webp/753bb10976dd693617e6f6d22053d0a5da03b8c6.webp
2025-02-03,1,1,0,,4c15e7a141dc4947137e89136594a650ef9431cf,Copernicus Data Space OGC,copernicus_ogc,raw/image/thumbnails_webp/4c15e7a141dc4947137e89136594a650ef9431cf.webp
2025-02-04,1,1,0,,a0c77efcd403b170149c2ba491f2adcb638d307d,NASA GIBS,nasa_gibs,raw/image/thumbnails_webp/a0c77efcd403b170149c2ba491f2adcb638d307d.webp
2025-02-05,1,1,0,,a7723af051f7c60c326fc6ccaac4eecb5f65c670,Unsplash,unsplash,raw/image/thumbnails_webp/a7723af051f7c60c326fc6ccaac4eecb5f65c670.webp
2025-02-06,1,1,0,,70bbfa7d442b3e340c093f3a0a1b2f6a50a54b24,Pexels,pexels,raw/image/thumbnails_webp/70bbfa7d442b3e340c093f3a0a1b2f6a50a54b24.webp
2025-02-07,1,1,0,,f839fe0bf208b9e6e76f54751f5c40f4baab094d,NASA GIBS,nasa_gibs,raw/image/thumbnails_webp/f839fe0bf208b9e6e76f54751f5c40f4baab094d.webp
2025-02-08,1,1,0,,79cfa70ec8a86f10ea23956e4d759e46bfcbd261,NASA GIBS,nasa_gibs,raw/image/thumbnails_webp/79cfa70ec8a86f10ea23956e4d759e46bfcbd261.webp
2025-02-09,1,1,0,,5b6d8e30f8e88f601a339419e0653b99fee83a6f,NASA GIBS,nasa_gibs,raw/image/thumbnails_webp/5b6d8e30f8e88f601a339419e0653b99fee83a6f.webp
2025-02-10,1,1,0,,62f517d43061f173de46830f9029c0d563ec23dc,NASA GIBS,nasa_gibs,raw/image/thumbnails_webp/62f517d43061f173de46830f9029c0d563ec23dc.webp
2025-02-11,1,1,0,,1d5ca0dc93b917b51453320aa807b7c83d3cc723,NASA GIBS,nasa_gibs,raw/image/thumbnails_webp/1d5ca0dc93b917b51453320aa807b7c83d3cc723.webp
2025-02-12,1,1,0,,500ac93e6a12a8e269b8d1534edb4547136ae59f,auto.economictimes.indiatimes.com,gdelt_doc_socialimage,raw/image/thumbnails_webp/500ac93e6a12a8e269b8d1534edb4547136ae59f.webp
2025-02-13,1,1,0,,c1b70fb525ce175eb9d80d0c559f0f6294d3f9af,Wikimedia Commons,wikimedia,raw/image/thumbnails_webp/c1b70fb525ce175eb9d80d0c559f0f6294d3f9af.webp
2025-02-14,1,1,0,,a4d2f11b008046d5dac0bd48810f5b4b86d93fec,NASA GIBS,nasa_gibs,raw/image/thumbnails_webp/a4d2f11b008046d5dac0bd48810f5b4b86d93fec.webp
2025-02-15,1,1,0,,75241114333064ffe9870a0ef3bec7abfcd7bda9,aninews.in,gdelt_doc_socialimage,raw/image/thumbnails_webp/75241114333064ffe9870a0ef3bec7abfcd7bda9.webp
2025-02-16,1,1,0,,681ea8f4c1979d8cfa1f664eb954e8d9ed793d99,NASA GIBS,nasa_gibs,raw/image/thumbnails_webp/681ea8f4c1979d8cfa1f664eb954e8d9ed793d99.webp
2025-02-17,1,1,0,,f2c0746a14b1c90b98e10438673b545550eaeb3e,NASA GIBS,nasa_gibs,raw/image/thumbnails_webp/f2c0746a14b1c90b98e10438673b545550eaeb3e.webp
2025-02-18,1,1,0,,13a40c0a5f9b4e99306032a63df58604e9cb8047,NASA GIBS,nasa_gibs,raw/image/thumbnails_webp/13a40c0a5f9b4e99306032a63df58604e9cb8047.webp
2025-02-19,1,1,0,,3106720325b523b63e683fe4c461bbb1711d9de1,baystreet.ca,gdelt_doc_socialimage,raw/image/thumbnails_webp/3106720325b523b63e683fe4c461bbb1711d9de1.webp
2025-02-20,1,1,0,,b4e493c9db44cfa81433d553ba59bd54baa192d2,NASA GIBS,nasa_gibs,raw/image/thumbnails_webp/b4e493c9db44cfa81433d553ba59bd54baa192d2.webp
2025-02-21,1,1,0,,c549361f69672905d480c107ee490ddef2a1167a,Copernicus Data Space OGC,copernicus_ogc,raw/image/thumbnails_webp/c549361f69672905d480c107ee490ddef2a1167a.webp
2025-02-22,1,1,0,,99e6fab5b495e1ad54eb3a2c1c96381cc40ec2f8,NASA GIBS,nasa_gibs,raw/image/thumbnails_webp/99e6fab5b495e1ad54eb3a2c1c96381cc40ec2f8.webp
2025-02-23,1,1,0,,ce01190be983e4520ec8b31de1ba1ad4334a5a5c,youm7.com,gdelt_doc_socialimage,raw/image/thumbnails_webp/ce01190be983e4520ec8b31de1ba1ad4334a5a5c.webp
2025-02-24,1,1,0,,d6f54a87330c6c7e753ecde1979a53496e09d18d,NASA GIBS,nasa_gibs,raw/image/thumbnails_webp/d6f54a87330c6c7e753ecde1979a53496e09d18d.webp
2025-02-25,1,1,0,,60ded638d0a0dc50a8ccad3286e12de3ac82ff3e,NASA GIBS,nasa_gibs,raw/image/thumbnails_webp/60ded638d0a0dc50a8ccad3286e12de3ac82ff3e.webp
2025-02-26,1,1,0,,dc1823d40ab2994009e7174c5fa0d376cbce0c2e,emirates247.com,gdelt_doc_socialimage,raw/image/thumbnails_webp/dc1823d40ab2994009e7174c5fa0d376cbce0c2e.webp
2025-02-27,1,1,0,,143ab07ef93738c26bce487ff615ebc47e99969c,NASA GIBS,nasa_gibs,raw/image/thumbnails_webp/143ab07ef93738c26bce487ff615ebc47e99969c.webp
2025-02-28,1,1,0,,b951a47bfe891d8bb2484462c12e891283739969,NASA GIBS,nasa_gibs,raw/image/thumbnails_webp/b951a47bfe891d8bb2484462c12e891283739969.webp
2025-03-01,1,1,0,,13516df8ed224aa37bde7a5d13bc10b32eb636a7,nairametrics.com,gdelt_doc_socialimage,raw/image/thumbnails_webp/13516df8ed224aa37bde7a5d13bc10b32eb636a7.webp
2025-03-02,1,1,0,,e0dfec223933fa55cf9949f0508fd9a4ce7451c2,NASA GIBS,nasa_gibs,raw/image/thumbnails_webp/e0dfec223933fa55cf9949f0508fd9a4ce7451c2.webp
2025-03-03,1,1,0,,668dd694d9fa9b61e714097ca15b5287cfde51ac,edaily.co.kr,gdelt_doc_socialimage,raw/image/thumbnails_webp/668dd694d9fa9b61e714097ca15b5287cfde51ac.webp
2025-03-04,1,1,0,,2e3327774dcecd18618fe2a4b1698b7a7842b35b,NASA GIBS,nasa_gibs,raw/image/thumbnails_webp/2e3327774dcecd18618fe2a4b1698b7a7842b35b.webp
2025-03-05,1,1,0,,34e8d461cafaebbee945f87f9fcc4c5dffdaaf2d,Pexels,pexels,raw/image/thumbnails_webp/34e8d461cafaebbee945f87f9fcc4c5dffdaaf2d.webp
2025-03-06,1,1,0,,a93ddc9f44c29aab5f71e13fb5dbc89bcace91fe,Unsplash,unsplash,raw/image/thumbnails_webp/a93ddc9f44c29aab5f71e13fb5dbc89bcace91fe.webp
2025-03-07,1,1,0,,3f5910126fbd7d994fe74928586789398242489e,baystreet.ca,gdelt_doc_socialimage,raw/image/thumbnails_webp/3f5910126fbd7d994fe74928586789398242489e.webp
2025-03-08,1,1,0,,daba73c04d1508dca54fc30ae350b0b483bc0fc1,NASA GIBS,nasa_gibs,raw/image/thumbnails_webp/daba73c04d1508dca54fc30ae350b0b483bc0fc1.webp
2025-03-09,1,1,0,,6fc8659f1f1fefa979a23ceef2939358431e4c91,thehindubusinessline.com,gdelt_doc_socialimage,raw/image/thumbnails_webp/6fc8659f1f1fefa979a23ceef2939358431e4c91.webp
2025-03-10,1,1,0,,26de0706c58ffee74641254b6a656ce32cdeac38,Copernicus Data Space OGC,copernicus_ogc,raw/image/thumbnails_webp/26de0706c58ffee74641254b6a656ce32cdeac38.webp
2025-03-11,1,1,0,,b9779265a654c1c2b487f7dfc654dce91e5f0402,econotimes.com,gdelt_doc_socialimage,raw/image/thumbnails_webp/b9779265a654c1c2b487f7dfc654dce91e5f0402.webp
2025-03-12,1,1,0,,3cabc76f01a57065ed7a84a0e8fa5dd662172567,moneycontrol.com,gdelt_doc_socialimage,raw/image/thumbnails_webp/3cabc76f01a57065ed7a84a0e8fa5dd662172567.webp
2025-03-13,1,1,0,,ffd8db58c5fe6db05e643972c1266457df250df7,actionforex.com,gdelt_doc_socialimage,raw/image/thumbnails_webp/ffd8db58c5fe6db05e643972c1266457df250df7.webp
2025-03-14,1,1,0,,2094f3120b2cfcc2dedf037a7976d76d68de5ee8,fxstreet.com,gdelt_doc_socialimage,raw/image/thumbnails_webp/2094f3120b2cfcc2dedf037a7976d76d68de5ee8.webp
2025-03-15,1,1,0,,0f3b249629fc9e93596f3ad2591fb48a4b0a005c,NASA GIBS,nasa_gibs,raw/image/thumbnails_webp/0f3b249629fc9e93596f3ad2591fb48a4b0a005c.webp
2025-03-16,1,1,0,,4c16dc68c58a6c73ccccb91d40a7cdd167f1f6e7,NASA GIBS,nasa_gibs,raw/image/thumbnails_webp/4c16dc68c58a6c73ccccb91d40a7cdd167f1f6e7.webp
2025-03-17,1,1,0,,a9e563260949c99882a87706c92af0032d21449b,businesstimes.com.sg,gdelt_doc_socialimage,raw/image/thumbnails_webp/a9e563260949c99882a87706c92af0032d21449b.webp
2025-03-18,1,1,0,,8fa6c207b501acd2401d296fce13a54cacb253b6,en.apa.az,gdelt_doc_socialimage,raw/image/thumbnails_webp/8fa6c207b501acd2401d296fce13a54cacb253b6.webp
2025-03-19,1,1,0,,77e11eb4892fd1fb77c0bb1d3a9149bc68e6f0fe,dailypost.ng,gdelt_doc_socialimage,raw/image/thumbnails_webp/77e11eb4892fd1fb77c0bb1d3a9149bc68e6f0fe.webp
2025-03-20,1,1,0,,3e11ab8baa4550e6946c08b9dadfdcd4b4b9de47,fxstreet.com,gdelt_doc_socialimage,raw/image/thumbnails_webp/3e11ab8baa4550e6946c08b9dadfdcd4b4b9de47.webp
2025-03-21,1,1,0,,e91732c65094883e56afec3a6d5cc0a44508c6e9,dunyanews.tv,gdelt_doc_socialimage,raw/image/thumbnails_webp/e91732c65094883e56afec3a6d5cc0a44508c6e9.webp
2025-03-22,1,1,0,,d2e1aef5f75d41d11327879ce67d9ba18075ca79,NASA GIBS,nasa_gibs,raw/image/thumbnails_webp/d2e1aef5f75d41d11327879ce67d9ba18075ca79.webp
2025-03-23,1,1,0,,032951721ace3305195315fcc3cd5d6b86d62bbd,news.ycwb.com,gdelt_doc_socialimage,raw/image/thumbnails_webp/032951721ace3305195315fcc3cd5d6b86d62bbd.webp
2025-03-24,1,1,0,,530d27a60f5d325f343c74fdebdf277d84736481,auto.economictimes.indiatimes.com,gdelt_doc_socialimage,raw/image/thumbnails_webp/530d27a60f5d325f343c74fdebdf277d84736481.webp
2025-03-25,1,1,0,,957f3a56105133f6df5fefdea16ecc45fb5f9f14,economictimes.indiatimes.com,gdelt_doc_socialimage,raw/image/thumbnails_webp/957f3a56105133f6df5fefdea16ecc45fb5f9f14.webp
2025-03-26,1,1,0,,93d43e7be1887e670ebc04977a2472a33c3ab3b3,Copernicus Data Space OGC,copernicus_ogc,raw/image/thumbnails_webp/93d43e7be1887e670ebc04977a2472a33c3ab3b3.webp
2025-03-27,1,1,0,,ef68b54b2e47805a89e56831ce7d82df263a1ec5,seekingalpha.com,gdelt_doc_socialimage,raw/image/thumbnails_webp/ef68b54b2e47805a89e56831ce7d82df263a1ec5.webp
2025-03-28,1,1,0,,abaecc9231e546ad07d8eac01656e60b1afd7459,english.aawsat.com,gdelt_doc_socialimage,raw/image/thumbnails_webp/abaecc9231e546ad07d8eac01656e60b1afd7459.webp
2025-03-29,1,1,0,,9f0bc84cac0a52a876921b1758408e169e6c5722,Pexels,pexels,raw/image/thumbnails_webp/9f0bc84cac0a52a876921b1758408e169e6c5722.webp
2025-03-30,1,1,0,,0be123579fff959104b065fbda44f0cfc193c35e,Unsplash,unsplash,raw/image/thumbnails_webp/0be123579fff959104b065fbda44f0cfc193c35e.webp
2025-03-31,1,1,0,,ae2cc5eb7377747bee96ead514453a6a0f98be51,NASA GIBS,nasa_gibs,raw/image/thumbnails_webp/ae2cc5eb7377747bee96ead514453a6a0f98be51.webp
2025-04-01,1,1,0,,4fbde9e9abd063d2361d1cacd7b81001cf5530d2,bizcommunity.com,gdelt_doc_socialimage,raw/image/thumbnails_webp/4fbde9e9abd063d2361d1cacd7b81001cf5530d2.webp
2025-04-02,1,1,0,,7561d25f311f0f235918048548d06396617248f9,economictimes.indiatimes.com,gdelt_doc_socialimage,raw/image/thumbnails_webp/7561d25f311f0f235918048548d06396617248f9.webp
2025-04-03,1,1,0,,81ab049ade3b081c2033d49a4c5bdb6025ae7242,fxstreet.com,gdelt_doc_socialimage,raw/image/thumbnails_webp/81ab049ade3b081c2033d49a4c5bdb6025ae7242.webp
2025-04-04,1,1,0,,34b7cef4f8e376c5755725d974c65f6edb1694fa,nbcchicago.com,gdelt_doc_socialimage,raw/image/thumbnails_webp/34b7cef4f8e376c5755725d974c65f6edb1694fa.webp
2025-04-05,1,1,0,,49a63c1cb071aac871b774f9bd7d0e27ff987b44,economictimes.indiatimes.com,gdelt_doc_socialimage,raw/image/thumbnails_webp/49a63c1cb071aac871b774f9bd7d0e27ff987b44.webp
2025-04-06,1,1,0,,9200b032c44719a1db3786c60729b5046c8d1672,NASA GIBS,nasa_gibs,raw/image/thumbnails_webp/9200b032c44719a1db3786c60729b5046c8d1672.webp
2025-04-07,1,1,0,,2adb797584464139839c8e5db0f8ba3788d6c192,benzinga.com,gdelt_doc_socialimage,raw/image/thumbnails_webp/2adb797584464139839c8e5db0f8ba3788d6c192.webp
2025-04-08,1,1,0,,0e114d340ce967012300b5ee7e689359aa99c3fd,benzinga.com,gdelt_doc_socialimage,raw/image/thumbnails_webp/0e114d340ce967012300b5ee7e689359aa99c3fd.webp
2025-04-09,1,1,0,,f4c6c82492031d4b83935f5cca7929ac8faa2915,baystreet.ca,gdelt_doc_socialimage,raw/image/thumbnails_webp/f4c6c82492031d4b83935f5cca7929ac8faa2915.webp
2025-04-10,1,1,0,,82f212dbd01bef96f681e3f51b95269345c528b9,oilprice.com,gdelt_doc_socialimage,raw/image/thumbnails_webp/82f212dbd01bef96f681e3f51b95269345c528b9.webp
2025-04-11,1,1,0,,0627ccffabc31ad2ac64b74a10a4780e4e0e6439,economictimes.indiatimes.com,gdelt_doc_socialimage,raw/image/thumbnails_webp/0627ccffabc31ad2ac64b74a10a4780e4e0e6439.webp
2025-04-12,1,1,0,,6c3d472ba6b370a32b9150f6a61a0ae40f7fe5d0,NASA GIBS,nasa_gibs,raw/image/thumbnails_webp/6c3d472ba6b370a32b9150f6a61a0ae40f7fe5d0.webp
2025-04-13,1,1,0,,6e1055d93de6ff26dc5a8ba8bdc34ff9db41df32,oilprice.com,gdelt_doc_socialimage,raw/image/thumbnails_webp/6e1055d93de6ff26dc5a8ba8bdc34ff9db41df32.webp
2025-04-14,1,1,0,,e863b2cea0667497ea63c075fc5ae8062cb722bb,Copernicus Data Space OGC,copernicus_ogc,raw/image/thumbnails_webp/e863b2cea0667497ea63c075fc5ae8062cb722bb.webp
2025-04-15,1,1,0,,b6c8c13754d7f8e42696dc0548ba04fadf110b3c,econotimes.com,gdelt_doc_socialimage,raw/image/thumbnails_webp/b6c8c13754d7f8e42696dc0548ba04fadf110b3c.webp
2025-04-16,1,1,0,,d931138fc7c908b01396373deab33c816776b601,albayan.ae,gdelt_doc_socialimage,raw/image/thumbnails_webp/d931138fc7c908b01396373deab33c816776b601.webp
2025-04-17,1,1,0,,c3363c7cdde236143d13ab6238fead514eb13cd3,thehindubusinessline.com,gdelt_doc_socialimage,raw/image/thumbnails_webp/c3363c7cdde236143d13ab6238fead514eb13cd3.webp
2025-04-18,1,1,0,,7d03178777b52b2fb7d23e199bd54fbea39d966c,oilprice.com,gdelt_doc_socialimage,raw/image/thumbnails_webp/7d03178777b52b2fb7d23e199bd54fbea39d966c.webp
2025-04-19,1,1,0,,22b281f18946a8e9eecc7681b5f378e729430b18,Unsplash,unsplash,raw/image/thumbnails_webp/22b281f18946a8e9eecc7681b5f378e729430b18.webp
2025-04-20,1,1,0,,810ac10b2aed4491eb8bab5e94d3caff2b9625d8,NASA GIBS,nasa_gibs,raw/image/thumbnails_webp/810ac10b2aed4491eb8bab5e94d3caff2b9625d8.webp
2025-04-21,1,1,0,,4c2efa924ca124cd0036280a1a054a929a82822c,morningstar.com,gdelt_doc_socialimage,raw/image/thumbnails_webp/4c2efa924ca124cd0036280a1a054a929a82822c.webp
2025-04-22,1,1,0,,1d7707ba6385b6bf961134a884e18f1c957b03d6,moneycontrol.com,gdelt_doc_socialimage,raw/image/thumbnails_webp/1d7707ba6385b6bf961134a884e18f1c957b03d6.webp
2025-04-23,1,1,0,,7567062512e22e2136e4f0541a7a9ab88a94cf3b,forexlive.com,gdelt_doc_socialimage,raw/image/thumbnails_webp/7567062512e22e2136e4f0541a7a9ab88a94cf3b.webp
2025-04-24,1,1,0,,685a2545c194f25ff86473b036e39f39e46b89a2,dailyausaf.com,gdelt_doc_socialimage,raw/image/thumbnails_webp/685a2545c194f25ff86473b036e39f39e46b89a2.webp
2025-04-25,1,1,0,,823a091298ecb56d143362e9d592cdee2a70d619,economictimes.indiatimes.com,gdelt_doc_socialimage,raw/image/thumbnails_webp/823a091298ecb56d143362e9d592cdee2a70d619.webp
2025-04-26,1,1,0,,2aa2b75509a04bdc3aa12d5c3d54068154c556dd,NASA GIBS,nasa_gibs,raw/image/thumbnails_webp/2aa2b75509a04bdc3aa12d5c3d54068154c556dd.webp
2025-04-27,1,1,0,,b3437fc3abe1d8525ac83b302ab8bfeaa2ed54fb,Unsplash,unsplash,raw/image/thumbnails_webp/b3437fc3abe1d8525ac83b302ab8bfeaa2ed54fb.webp
2025-04-28,1,1,0,,17b36667c8e18416be5743e2dac9bae69fbf5e44,Pexels,pexels,raw/image/thumbnails_webp/17b36667c8e18416be5743e2dac9bae69fbf5e44.webp
2025-04-29,1,1,0,,7e27b3f29cfe08a2ac09a4a94b89a7585086fee1,dunyanews.tv,gdelt_doc_socialimage,raw/image/thumbnails_webp/7e27b3f29cfe08a2ac09a4a94b89a7585086fee1.webp
2025-04-30,1,1,0,,33d0804dbd0ff5298117ced614bd235030dcdea3,econotimes.com,gdelt_doc_socialimage,raw/image/thumbnails_webp/33d0804dbd0ff5298117ced614bd235030dcdea3.webp
2025-05-01,1,1,0,,90db10f8286972fe4db13ce53ceaa38cfb847841,moneycontrol.com,gdelt_doc_socialimage,raw/image/thumbnails_webp/90db10f8286972fe4db13ce53ceaa38cfb847841.webp
2025-05-02,1,1,0,,a8911247974bd82385a5872dc9a205b67b25bcf0,citizen.co.za,gdelt_doc_socialimage,raw/image/thumbnails_webp/a8911247974bd82385a5872dc9a205b67b25bcf0.webp
2025-05-03,1,1,0,,dfcd7b3707c2ced1aef52d5c707ee82f77e60628,Copernicus Data Space OGC,copernicus_ogc,raw/image/thumbnails_webp/dfcd7b3707c2ced1aef52d5c707ee82f77e60628.webp
2025-05-04,1,1,0,,4e46024ba141093577e95ce83c773bbe85e42d6f,NASA GIBS,nasa_gibs,raw/image/thumbnails_webp/4e46024ba141093577e95ce83c773bbe85e42d6f.webp
2025-05-05,1,1,0,,f3928226b942864e76c76a1a8bff36b313f7dc57,bssnews.net,gdelt_doc_socialimage,raw/image/thumbnails_webp/f3928226b942864e76c76a1a8bff36b313f7dc57.webp
2025-05-06,1,1,0,,8365559d4da6821e8334d9df2d05d84112b1e0b8,NASA GIBS,nasa_gibs,raw/image/thumbnails_webp/8365559d4da6821e8334d9df2d05d84112b1e0b8.webp
2025-05-07,1,1,0,,b70c0396e74594b6bff98c4841a0c1c73adaafd3,NASA GIBS,nasa_gibs,raw/image/thumbnails_webp/b70c0396e74594b6bff98c4841a0c1c73adaafd3.webp
2025-05-08,1,1,0,,1d1bf08d7ea77b5838cbd6d8fb0d64d80babcc8b,aleqt.com,gdelt_doc_socialimage,raw/image/thumbnails_webp/1d1bf08d7ea77b5838cbd6d8fb0d64d80babcc8b.webp
2025-05-09,1,1,0,,d73417b572a5b611d44ec885d9bdf46183e8f4d2,NASA GIBS,nasa_gibs,raw/image/thumbnails_webp/d73417b572a5b611d44ec885d9bdf46183e8f4d2.webp
2025-05-10,1,1,0,,7cf76acbc7d928111858f6f2422d70e494803358,NASA GIBS,nasa_gibs,raw/image/thumbnails_webp/7cf76acbc7d928111858f6f2422d70e494803358.webp
2025-05-11,1,1,0,,c056cac788b73c708234e753dde97289399b5f90,NASA GIBS,nasa_gibs,raw/image/thumbnails_webp/c056cac788b73c708234e753dde97289399b5f90.webp
2025-05-12,1,1,0,,ac49d810dc1d85129bbae29e4dcdf413ebcee0e8,NASA GIBS,nasa_gibs,raw/image/thumbnails_webp/ac49d810dc1d85129bbae29e4dcdf413ebcee0e8.webp
2025-05-13,1,1,0,,42da30b1a4b126a370d15489822f5d9b41bcbb39,NASA GIBS,nasa_gibs,raw/image/thumbnails_webp/42da30b1a4b126a370d15489822f5d9b41bcbb39.webp
2025-05-14,1,1,0,,381c3112880fc00713f7f3c2e23ea23409ae4429,NASA GIBS,nasa_gibs,raw/image/thumbnails_webp/381c3112880fc00713f7f3c2e23ea23409ae4429.webp
2025-05-15,1,1,0,,c2837e8b4bc81c206a07486245f536bbb902f7e4,myjoyonline.com,gdelt_doc_socialimage,raw/image/thumbnails_webp/c2837e8b4bc81c206a07486245f536bbb902f7e4.webp
2025-05-16,1,1,0,,42e6555a3f16086988bc88e1076164f2fed6211a,NASA GIBS,nasa_gibs,raw/image/thumbnails_webp/42e6555a3f16086988bc88e1076164f2fed6211a.webp
2025-05-17,1,1,0,,11e631faf648ce6b71ba90e00c15faeb5bf36e6d,NASA GIBS,nasa_gibs,raw/image/thumbnails_webp/11e631faf648ce6b71ba90e00c15faeb5bf36e6d.webp
2025-05-18,1,1,0,,13d94b8b9398f0846e901d2882ec221965e130a7,NASA GIBS,nasa_gibs,raw/image/thumbnails_webp/13d94b8b9398f0846e901d2882ec221965e130a7.webp
2025-05-19,1,1,0,,33812f1e624a043c97760b32ee8727158d05149e,NASA GIBS,nasa_gibs,raw/image/thumbnails_webp/33812f1e624a043c97760b32ee8727158d05149e.webp
2025-05-20,1,1,0,,4b4fdc40cc9a685a82473b938b8df1fde61d2cc9,fnnews.com,gdelt_doc_socialimage,raw/image/thumbnails_webp/4b4fdc40cc9a685a82473b938b8df1fde61d2cc9.webp
2025-05-21,1,1,0,,e643c875394351c3e41831fc1c0915725a3b29b5,Copernicus Data Space OGC,copernicus_ogc,raw/image/thumbnails_webp/e643c875394351c3e41831fc1c0915725a3b29b5.webp
2025-05-22,1,1,0,,6e7aae644b3982016c39030ba9ca451471e1f3f8,NASA GIBS,nasa_gibs,raw/image/thumbnails_webp/6e7aae644b3982016c39030ba9ca451471e1f3f8.webp
2025-05-23,1,1,0,,d7b0a0fd3c9b0165ace78c3fea1704032a634864,dunyanews.tv,gdelt_doc_socialimage,raw/image/thumbnails_webp/d7b0a0fd3c9b0165ace78c3fea1704032a634864.webp
2025-05-24,1,1,0,,e6c140ccd933f29241b3fabd9986552c21ceb8c0,NASA GIBS,nasa_gibs,raw/image/thumbnails_webp/e6c140ccd933f29241b3fabd9986552c21ceb8c0.webp
2025-05-25,1,1,0,,f9055de91b347473d57362c793f239ab1486c1b6,Unsplash,unsplash,raw/image/thumbnails_webp/f9055de91b347473d57362c793f239ab1486c1b6.webp
2025-05-26,1,1,0,,a8d9e83195ef9f494a3e6a02f6fdf2fc9694f115,Pexels,pexels,raw/image/thumbnails_webp/a8d9e83195ef9f494a3e6a02f6fdf2fc9694f115.webp
2025-05-27,1,1,0,,40e440d736a63bcbeae39eee76efe1279a0b21d5,fxstreet.com,gdelt_doc_socialimage,raw/image/thumbnails_webp/40e440d736a63bcbeae39eee76efe1279a0b21d5.webp
2025-05-28,1,1,0,,d2ee1e24f0ed97b27f8acede3b404a3a9ee9d9c9,NASA GIBS,nasa_gibs,raw/image/thumbnails_webp/d2ee1e24f0ed97b27f8acede3b404a3a9ee9d9c9.webp
2025-05-29,1,1,0,,af5ea517754df62beaf89ecc6eda0eddf6ca0f49,NASA GIBS,nasa_gibs,raw/image/thumbnails_webp/af5ea517754df62beaf89ecc6eda0eddf6ca0f49.webp
2025-05-30,1,1,0,,b6b1d6d31ad42ef81795a3d3b890ac6935d009c0,fxstreet.com,gdelt_doc_socialimage,raw/image/thumbnails_webp/b6b1d6d31ad42ef81795a3d3b890ac6935d009c0.webp
2025-05-31,1,1,0,,f40cfb74947c2d37032e1d86c1615240bb8b4220,en.apa.az,gdelt_doc_socialimage,raw/image/thumbnails_webp/f40cfb74947c2d37032e1d86c1615240bb8b4220.webp
2025-06-01,1,1,0,,cfcbf96d2a649bf42e70db9e1ca3c510ae2b27aa,NASA GIBS,nasa_gibs,raw/image/thumbnails_webp/cfcbf96d2a649bf42e70db9e1ca3c510ae2b27aa.webp
2025-06-02,1,1,0,,6732ccc1e1c29ac16b7d9dc58e4090e2efea3b6e,aleqt.com,gdelt_doc_socialimage,raw/image/thumbnails_webp/6732ccc1e1c29ac16b7d9dc58e4090e2efea3b6e.webp
2025-06-03,1,1,0,,9189c466e03945442bc012b5950bb0fca1f64e38,ktvz.com,gdelt_doc_socialimage,raw/image/thumbnails_webp/9189c466e03945442bc012b5950bb0fca1f64e38.webp
2025-06-04,1,1,0,,e965391d690d5a6b64c4b26e371f73af81535fd4,dunyanews.tv,gdelt_doc_socialimage,raw/image/thumbnails_webp/e965391d690d5a6b64c4b26e371f73af81535fd4.webp
2025-06-05,1,1,0,,0bb0ac549a8b977b1f61711dfa42b63f1a582122,fool.com.au,gdelt_doc_socialimage,raw/image/thumbnails_webp/0bb0ac549a8b977b1f61711dfa42b63f1a582122.webp
2025-06-06,1,1,0,,bf32c32b5aae52e27104a1c3dc3d456a9347a98d,dunyanews.tv,gdelt_doc_socialimage,raw/image/thumbnails_webp/bf32c32b5aae52e27104a1c3dc3d456a9347a98d.webp
2025-06-07,1,1,0,,667df6ed1718feac17e1d0e99e6829215db392d7,barrons.com,gdelt_doc_socialimage,raw/image/thumbnails_webp/667df6ed1718feac17e1d0e99e6829215db392d7.webp
2025-06-08,1,1,0,,36b0e51de505c5cb5c8a10aaf6426a47421219a3,leadership.ng,gdelt_doc_socialimage,raw/image/thumbnails_webp/36b0e51de505c5cb5c8a10aaf6426a47421219a3.webp
2025-06-09,1,1,0,,8fcce6607e0a3e3154364734f3e05d0c821459d7,Copernicus Data Space OGC,copernicus_ogc,raw/image/thumbnails_webp/8fcce6607e0a3e3154364734f3e05d0c821459d7.webp
2025-06-10,1,1,0,,47f4b37fe42f80df061d6da5f07883c84dd844f8,fxstreet.com,gdelt_doc_socialimage,raw/image/thumbnails_webp/47f4b37fe42f80df061d6da5f07883c84dd844f8.webp
2025-06-11,1,1,0,,fabee4302febb47a054e466cbc0d1f29b0cadb2c,bignewsnetwork.com,gdelt_doc_socialimage,raw/image/thumbnails_webp/fabee4302febb47a054e466cbc0d1f29b0cadb2c.webp
2025-06-12,1,1,0,,18356c99e29fb140df316c942e4ccdebf18a0a96,hindi.moneycontrol.com,gdelt_doc_socialimage,raw/image/thumbnails_webp/18356c99e29fb140df316c942e4ccdebf18a0a96.webp
2025-06-13,1,1,0,,ff15f23ac17ff18297bcb98409253e5080d9e78f,foxbusiness.com,gdelt_doc_socialimage,raw/image/thumbnails_webp/ff15f23ac17ff18297bcb98409253e5080d9e78f.webp
2025-06-14,1,1,0,,db692702a8ab734e5c4e008e679c938b91768261,economictimes.indiatimes.com,gdelt_doc_socialimage,raw/image/thumbnails_webp/db692702a8ab734e5c4e008e679c938b91768261.webp
2025-06-15,1,1,0,,1a00484367648b957b29847a8a1eb028a53bd1ef,NASA GIBS,nasa_gibs,raw/image/thumbnails_webp/1a00484367648b957b29847a8a1eb028a53bd1ef.webp
2025-06-16,1,1,0,,16d39f63e0dc03fa0521a91639f8112a72b3a902,NASA GIBS,nasa_gibs,raw/image/thumbnails_webp/16d39f63e0dc03fa0521a91639f8112a72b3a902.webp
2025-06-17,1,1,0,,7182960a9b9f8448212cbcc20d649549cc4a2f15,NASA GIBS,nasa_gibs,raw/image/thumbnails_webp/7182960a9b9f8448212cbcc20d649549cc4a2f15.webp
2025-06-18,1,1,0,,869786e6bbbae57005fd3d6e2af1e3431f1a3de6,NASA GIBS,nasa_gibs,raw/image/thumbnails_webp/869786e6bbbae57005fd3d6e2af1e3431f1a3de6.webp
2025-06-19,1,1,0,,04441fc946cf1cbc79a83068d108fea4bff5a85c,Unsplash,unsplash,raw/image/thumbnails_webp/04441fc946cf1cbc79a83068d108fea4bff5a85c.webp
2025-06-20,1,1,0,,6d7daa826c531986fbc1dc7275b9d5b0e946c245,NASA GIBS,nasa_gibs,raw/image/thumbnails_webp/6d7daa826c531986fbc1dc7275b9d5b0e946c245.webp
2025-06-21,1,1,0,,95fa8862b2169278681be4860dd6de2a12027a0b,Pexels,pexels,raw/image/thumbnails_webp/95fa8862b2169278681be4860dd6de2a12027a0b.webp
2025-06-22,1,1,0,,d615f306993f779071f62d86faec7a49ef46b3ae,NASA GIBS,nasa_gibs,raw/image/thumbnails_webp/d615f306993f779071f62d86faec7a49ef46b3ae.webp
2025-06-23,1,1,0,,cccbf724727bc102b32ad9a143a6c81e88ccc095,NASA GIBS,nasa_gibs,raw/image/thumbnails_webp/cccbf724727bc102b32ad9a143a6c81e88ccc095.webp
2025-06-24,1,1,0,,4e4a7f1ddb196bce571363a56244da0a56207a5c,Copernicus Data Space OGC,copernicus_ogc,raw/image/thumbnails_webp/4e4a7f1ddb196bce571363a56244da0a56207a5c.webp
2025-06-25,1,1,0,,910fe29231c18b4ce5a151086d9124afece8004a,NASA GIBS,nasa_gibs,raw/image/thumbnails_webp/910fe29231c18b4ce5a151086d9124afece8004a.webp
2025-06-26,1,1,0,,2186dcf022a7dfd70e0ea795acc2c426e416bb32,NASA GIBS,nasa_gibs,raw/image/thumbnails_webp/2186dcf022a7dfd70e0ea795acc2c426e416bb32.webp
2025-06-27,1,1,0,,0dffa7c12ed46775dc0434387699ff446b4638bd,NASA GIBS,nasa_gibs,raw/image/thumbnails_webp/0dffa7c12ed46775dc0434387699ff446b4638bd.webp
2025-06-28,1,1,0,,e6bf12976fd84ffbb803fa46227f1c844ad1234c,NASA GIBS,nasa_gibs,raw/image/thumbnails_webp/e6bf12976fd84ffbb803fa46227f1c844ad1234c.webp
2025-06-29,1,1,0,,5b9229c67616e771785ca5606a565ebc0b8441f8,NASA GIBS,nasa_gibs,raw/image/thumbnails_webp/5b9229c67616e771785ca5606a565ebc0b8441f8.webp
2025-06-30,1,1,0,,dc4e0eece3f788beab1c4ae5cbf6893476cdaeba,NASA GIBS,nasa_gibs,raw/image/thumbnails_webp/dc4e0eece3f788beab1c4ae5cbf6893476cdaeba.webp
2025-07-01,1,1,0,,2a94cbab9c10baf1a2f24c681e3a8b494803d11a,NASA GIBS,nasa_gibs,raw/image/thumbnails_webp/2a94cbab9c10baf1a2f24c681e3a8b494803d11a.webp
2025-07-02,1,1,0,,108d3c485b19eeb4c22a6fec4c73c6a35300063f,NASA GIBS,nasa_gibs,raw/image/thumbnails_webp/108d3c485b19eeb4c22a6fec4c73c6a35300063f.webp
2025-07-03,1,1,0,,ea9e86cc5701ddef43a7b1f4d732b45ed94748cf,NASA GIBS,nasa_gibs,raw/image/thumbnails_webp/ea9e86cc5701ddef43a7b1f4d732b45ed94748cf.webp
2025-07-04,1,1,0,,beac71060e7a511c7d53ad32182ee5fc93168489,NASA GIBS,nasa_gibs,raw/image/thumbnails_webp/beac71060e7a511c7d53ad32182ee5fc93168489.webp
2025-07-05,1,1,0,,0f7a334157aef8ac7b9ee5ebad0eab549c48e833,NASA GIBS,nasa_gibs,raw/image/thumbnails_webp/0f7a334157aef8ac7b9ee5ebad0eab549c48e833.webp
2025-07-06,1,1,0,,862ed029954191564d7b4dccf7a282530b631102,NASA GIBS,nasa_gibs,raw/image/thumbnails_webp/862ed029954191564d7b4dccf7a282530b631102.webp
2025-07-07,1,1,0,,03d027f3b992a52b1270644118a5c568cc4082ca,NASA GIBS,nasa_gibs,raw/image/thumbnails_webp/03d027f3b992a52b1270644118a5c568cc4082ca.webp
2025-07-08,1,1,0,,7ac9bd0af63e1a0953554dc15e6955df985580ac,Copernicus Data Space OGC,copernicus_ogc,raw/image/thumbnails_webp/7ac9bd0af63e1a0953554dc15e6955df985580ac.webp
2025-07-09,1,1,0,,963df75f50d49ce7ae2b04787e83169ba8c5183b,NASA GIBS,nasa_gibs,raw/image/thumbnails_webp/963df75f50d49ce7ae2b04787e83169ba8c5183b.webp
2025-07-10,1,1,0,,b58a70ebb6f12289466d678428d63b486c87549f,NASA GIBS,nasa_gibs,raw/image/thumbnails_webp/b58a70ebb6f12289466d678428d63b486c87549f.webp
2025-07-11,1,1,0,,778fcce7bf7661dfd690aa6e01f4940c0d6154be,Unsplash,unsplash,raw/image/thumbnails_webp/778fcce7bf7661dfd690aa6e01f4940c0d6154be.webp
2025-07-12,1,1,0,,c33a38e846de6f5923b6958fd6900de3403b90e5,en.apa.az,gdelt_doc_socialimage,raw/image/thumbnails_webp/c33a38e846de6f5923b6958fd6900de3403b90e5.webp
2025-07-13,1,1,0,,6be44448033d206059a53e8b29c13e33b2d8ec6f,Pexels,pexels,raw/image/thumbnails_webp/6be44448033d206059a53e8b29c13e33b2d8ec6f.webp
2025-07-14,1,1,0,,e4ab74f370eef67dc39210cc64b3b3145adc87a1,NASA GIBS,nasa_gibs,raw/image/thumbnails_webp/e4ab74f370eef67dc39210cc64b3b3145adc87a1.webp
2025-07-15,1,1,0,,62aa27f190624650ed791dbae1f09cd2c017d39f,finance.sina.com.cn,gdelt_doc_socialimage,raw/image/thumbnails_webp/62aa27f190624650ed791dbae1f09cd2c017d39f.webp
2025-07-16,1,1,0,,abd6a7c9bb1f71a8c101c118c32fd775c3383b4e,NASA GIBS,nasa_gibs,raw/image/thumbnails_webp/abd6a7c9bb1f71a8c101c118c32fd775c3383b4e.webp
2025-07-17,1,1,0,,a49af007bf0a43e882e78a8ed43887209ab15c82,NASA GIBS,nasa_gibs,raw/image/thumbnails_webp/a49af007bf0a43e882e78a8ed43887209ab15c82.webp
2025-07-18,1,1,0,,ccdd493a46aea5264a678167e9bef7c9da2c168c,fxstreet.com,gdelt_doc_socialimage,raw/image/thumbnails_webp/ccdd493a46aea5264a678167e9bef7c9da2c168c.webp
2025-07-19,1,1,0,,b359a3b7cf577f2a1f325fd35bf07240b7eed3ea,NASA GIBS,nasa_gibs,raw/image/thumbnails_webp/b359a3b7cf577f2a1f325fd35bf07240b7eed3ea.webp
2025-07-20,1,1,0,,a071872832655cec12a80b8fdd4b45d9fa1c9cdc,NASA GIBS,nasa_gibs,raw/image/thumbnails_webp/a071872832655cec12a80b8fdd4b45d9fa1c9cdc.webp
2025-07-21,1,1,0,,913c1f7c4f96f4a03e47b22120ba4c70299d453b,en.apa.az,gdelt_doc_socialimage,raw/image/thumbnails_webp/913c1f7c4f96f4a03e47b22120ba4c70299d453b.webp
2025-07-22,1,1,0,,8e9b800275ad6cce455d59886355049160a3440b,NASA GIBS,nasa_gibs,raw/image/thumbnails_webp/8e9b800275ad6cce455d59886355049160a3440b.webp
2025-07-23,1,1,0,,338c1fe468e0dffa1e3992a7e3ca81dc394f8739,NASA GIBS,nasa_gibs,raw/image/thumbnails_webp/338c1fe468e0dffa1e3992a7e3ca81dc394f8739.webp
2025-07-24,1,1,0,,14bd9f00f4fa08bf14e7e86f2568af9dc0a36127,fxstreet.com,gdelt_doc_socialimage,raw/image/thumbnails_webp/14bd9f00f4fa08bf14e7e86f2568af9dc0a36127.webp
2025-07-25,1,1,0,,1a50719cbd6047d4fde3fbc356d4d0794809d627,NASA GIBS,nasa_gibs,raw/image/thumbnails_webp/1a50719cbd6047d4fde3fbc356d4d0794809d627.webp
2025-07-26,1,1,0,,6fc9e3b51679001fd4da430f8473425545ed4f90,NASA GIBS,nasa_gibs,raw/image/thumbnails_webp/6fc9e3b51679001fd4da430f8473425545ed4f90.webp
2025-07-27,1,1,0,,d4b00dd2a44b334779ba150cdaa6fd251cd5cf06,Copernicus Data Space OGC,copernicus_ogc,raw/image/thumbnails_webp/d4b00dd2a44b334779ba150cdaa6fd251cd5cf06.webp
2025-07-28,1,1,0,,47fb8ff555ca4ab339b7b21443fe0bced3ff1d7f,e15.cz,gdelt_doc_socialimage,raw/image/thumbnails_webp/47fb8ff555ca4ab339b7b21443fe0bced3ff1d7f.webp
2025-07-29,1,1,0,,a8514b26555e8faad3a41310b459352471507b4d,NASA GIBS,nasa_gibs,raw/image/thumbnails_webp/a8514b26555e8faad3a41310b459352471507b4d.webp
2025-07-30,1,1,0,,3dab9e6e1c0ea254b7d60738d2c766b72bc193e9,NASA GIBS,nasa_gibs,raw/image/thumbnails_webp/3dab9e6e1c0ea254b7d60738d2c766b72bc193e9.webp
2025-07-31,1,1,0,,286145831c429343f4a0d63f095fbe0cb922dc40,fxstreet.com,gdelt_doc_socialimage,raw/image/thumbnails_webp/286145831c429343f4a0d63f095fbe0cb922dc40.webp
2025-08-01,1,1,0,,4db5e7b2998f89430da099a8811c319b7475c8f9,NASA GIBS,nasa_gibs,raw/image/thumbnails_webp/4db5e7b2998f89430da099a8811c319b7475c8f9.webp
2025-08-02,1,1,0,,ceb7a066a78ef5587949b9ade252e32c546f07ca,NASA GIBS,nasa_gibs,raw/image/thumbnails_webp/ceb7a066a78ef5587949b9ade252e32c546f07ca.webp
2025-08-03,1,1,0,,12f303a1f2448419a7bd0d2c19afb849753bce0c,dailysabah.com,gdelt_doc_socialimage,raw/image/thumbnails_webp/12f303a1f2448419a7bd0d2c19afb849753bce0c.webp
2025-08-04,1,1,0,,4df4bb56ce1dce44a946d00e647c2dfffaa12848,NASA GIBS,nasa_gibs,raw/image/thumbnails_webp/4df4bb56ce1dce44a946d00e647c2dfffaa12848.webp
2025-08-05,1,1,0,,5f4aab90f16249f33fbae9dfd0037128861506f3,NASA GIBS,nasa_gibs,raw/image/thumbnails_webp/5f4aab90f16249f33fbae9dfd0037128861506f3.webp
2025-08-06,1,1,0,,4d40e8ef941b1460efb73df27ccd69b3d717705e,fxstreet.com,gdelt_doc_socialimage,raw/image/thumbnails_webp/4d40e8ef941b1460efb73df27ccd69b3d717705e.webp
2025-08-07,1,1,0,,b8449b7eed41157b3ca16222deec97c0fcdcd224,NASA GIBS,nasa_gibs,raw/image/thumbnails_webp/b8449b7eed41157b3ca16222deec97c0fcdcd224.webp
2025-08-08,1,1,0,,5c9903e4f04c0727a9f8dbeb9ccb670b659132a2,NASA GIBS,nasa_gibs,raw/image/thumbnails_webp/5c9903e4f04c0727a9f8dbeb9ccb670b659132a2.webp
2025-08-09,1,1,0,,5cdeced09634c4ff8821f02a89f32cef35e48152,businesstimes.com.sg,gdelt_doc_socialimage,raw/image/thumbnails_webp/5cdeced09634c4ff8821f02a89f32cef35e48152.webp
2025-08-10,1,1,0,,14cd5cadb046247688ddf3257379d40e584a8a0c,Unsplash,unsplash,raw/image/thumbnails_webp/14cd5cadb046247688ddf3257379d40e584a8a0c.webp
2025-08-11,1,1,0,,ff7d382d0a222c5f6910d5230b1bbcc72514401e,NASA GIBS,nasa_gibs,raw/image/thumbnails_webp/ff7d382d0a222c5f6910d5230b1bbcc72514401e.webp
2025-08-12,1,1,0,,70f4d805f21051c5e7dc39b2254d6cecb9c63def,NASA GIBS,nasa_gibs,raw/image/thumbnails_webp/70f4d805f21051c5e7dc39b2254d6cecb9c63def.webp
2025-08-13,1,1,0,,455241726a5824f6932cdfcb763335ab0c9bafdf,Pexels,pexels,raw/image/thumbnails_webp/455241726a5824f6932cdfcb763335ab0c9bafdf.webp
2025-08-14,1,1,0,,62c4f016d558c7fd702bcbb1b2336b3b1711eb60,NASA GIBS,nasa_gibs,raw/image/thumbnails_webp/62c4f016d558c7fd702bcbb1b2336b3b1711eb60.webp
2025-08-15,1,1,0,,36dd33ee1a525178dae829bd5ca3d6f96d7f1402,Copernicus Data Space OGC,copernicus_ogc,raw/image/thumbnails_webp/36dd33ee1a525178dae829bd5ca3d6f96d7f1402.webp
2025-08-16,1,1,0,,fce193c658f1998a20e2f6d87a6f2ac5fc860c61,NASA GIBS,nasa_gibs,raw/image/thumbnails_webp/fce193c658f1998a20e2f6d87a6f2ac5fc860c61.webp
2025-08-17,1,1,0,,c4d53e8cd4e95695371c5a84f44b56a9f6717b82,NASA GIBS,nasa_gibs,raw/image/thumbnails_webp/c4d53e8cd4e95695371c5a84f44b56a9f6717b82.webp
2025-08-18,1,1,0,,55bba813d9a4237cbb48d5b34357e1b112361481,NASA GIBS,nasa_gibs,raw/image/thumbnails_webp/55bba813d9a4237cbb48d5b34357e1b112361481.webp
2025-08-19,1,1,0,,e5ce524b0d83a6e178fca08b4e7671d1cec1aa3d,NASA GIBS,nasa_gibs,raw/image/thumbnails_webp/e5ce524b0d83a6e178fca08b4e7671d1cec1aa3d.webp
2025-08-20,1,1,0,,fd50c951669e4a7b5b4fd273b9bf42c37a93f9d8,NASA GIBS,nasa_gibs,raw/image/thumbnails_webp/fd50c951669e4a7b5b4fd273b9bf42c37a93f9d8.webp
2025-08-21,1,1,0,,9d4008a2171c0b2449ee7e46ea6d733e1de95513,NASA GIBS,nasa_gibs,raw/image/thumbnails_webp/9d4008a2171c0b2449ee7e46ea6d733e1de95513.webp
2025-08-22,1,1,0,,29ecae3cd1f944ec4a2420cf3fd72b841350bba7,NASA GIBS,nasa_gibs,raw/image/thumbnails_webp/29ecae3cd1f944ec4a2420cf3fd72b841350bba7.webp
2025-08-23,1,1,0,,4adfc9e62422f0246c8611f46ab92c7c7c51f95d,NASA GIBS,nasa_gibs,raw/image/thumbnails_webp/4adfc9e62422f0246c8611f46ab92c7c7c51f95d.webp
2025-08-24,1,1,0,,c4a8495dc83ad2c80081cdd5b7811ac69d28e617,NASA GIBS,nasa_gibs,raw/image/thumbnails_webp/c4a8495dc83ad2c80081cdd5b7811ac69d28e617.webp
2025-08-25,1,1,0,,37b6a32a615724c1afd356ebc8597631ed904f11,NASA GIBS,nasa_gibs,raw/image/thumbnails_webp/37b6a32a615724c1afd356ebc8597631ed904f11.webp
2025-08-26,1,1,0,,a99196bd0ef2d4bb6d9adc09a116acdd0d711d43,NASA GIBS,nasa_gibs,raw/image/thumbnails_webp/a99196bd0ef2d4bb6d9adc09a116acdd0d711d43.webp
2025-08-27,1,1,0,,6c6d2408d82bc48c44968f5f6ae78ea64854c60d,NASA GIBS,nasa_gibs,raw/image/thumbnails_webp/6c6d2408d82bc48c44968f5f6ae78ea64854c60d.webp
2025-08-28,1,1,0,,5908bb84276fa908718c73f04581d14dbcffb5a1,NASA GIBS,nasa_gibs,raw/image/thumbnails_webp/5908bb84276fa908718c73f04581d14dbcffb5a1.webp
2025-08-29,1,1,0,,8b4ba09a7d5ff2ad4472b0d79a04c2feb2ce6f26,Copernicus Data Space OGC,copernicus_ogc,raw/image/thumbnails_webp/8b4ba09a7d5ff2ad4472b0d79a04c2feb2ce6f26.webp
2025-08-30,1,1,0,,4f1d4125a0fc430db2be16aa9b8a3a82af8ef7ef,liputan6.com,gdelt_doc_socialimage,raw/image/thumbnails_webp/4f1d4125a0fc430db2be16aa9b8a3a82af8ef7ef.webp
2025-08-31,1,1,0,,213e8e2278247e91acfad21e30dba052c17955cb,dunyanews.tv,gdelt_doc_socialimage,raw/image/thumbnails_webp/213e8e2278247e91acfad21e30dba052c17955cb.webp
2025-09-01,1,1,0,,50982d509c49d2bef0db7a9227578d38efc33af7,auto.economictimes.indiatimes.com,gdelt_doc_socialimage,raw/image/thumbnails_webp/50982d509c49d2bef0db7a9227578d38efc33af7.webp
2025-09-02,1,1,0,,5f3a65923a710883850acce9501d36bf8540533b,Pexels,pexels,raw/image/thumbnails_webp/5f3a65923a710883850acce9501d36bf8540533b.webp
2025-09-03,1,1,0,,5ee4af0cab2d2c5ee3aecece1f8c6bff00f0e20c,finance.ifeng.com,gdelt_doc_socialimage,raw/image/thumbnails_webp/5ee4af0cab2d2c5ee3aecece1f8c6bff00f0e20c.webp
2025-09-04,1,1,0,,62f38dff70ec20362aaf82d3e16eab22111ec9bf,seekingalpha.com,gdelt_doc_socialimage,raw/image/thumbnails_webp/62f38dff70ec20362aaf82d3e16eab22111ec9bf.webp
2025-09-05,1,1,0,,cddcfcaa4b14404fa1890d782dd58831197194fe,fxstreet.com,gdelt_doc_socialimage,raw/image/thumbnails_webp/cddcfcaa4b14404fa1890d782dd58831197194fe.webp
2025-09-06,1,1,0,,0d238ff1c5bbd79659a36ba8999a8dd8b7ac3435,leadership.ng,gdelt_doc_socialimage,raw/image/thumbnails_webp/0d238ff1c5bbd79659a36ba8999a8dd8b7ac3435.webp
2025-09-07,1,1,0,,8daa236cbe77e8b1775ee2799b9447a1d3245dae,edition.cnn.com,gdelt_doc_socialimage,raw/image/thumbnails_webp/8daa236cbe77e8b1775ee2799b9447a1d3245dae.webp
2025-09-08,1,1,0,,cf2ca9ef3a40ebed4277997c6d2073de0615c943,fxstreet.com,gdelt_doc_socialimage,raw/image/thumbnails_webp/cf2ca9ef3a40ebed4277997c6d2073de0615c943.webp
2025-09-09,1,1,0,,6f44256df9443ccd21af6a8401de66c81e0315c4,aleqt.com,gdelt_doc_socialimage,raw/image/thumbnails_webp/6f44256df9443ccd21af6a8401de66c81e0315c4.webp
2025-09-10,1,1,0,,42394ba748067a62fa4807dcaf1ae9a5f80fc53f,fxstreet.com,gdelt_doc_socialimage,raw/image/thumbnails_webp/42394ba748067a62fa4807dcaf1ae9a5f80fc53f.webp
2025-09-11,1,1,0,,774527bdd6539c5e4a77e0ecd6b17ffabfc55cfa,fxstreet.com,gdelt_doc_socialimage,raw/image/thumbnails_webp/774527bdd6539c5e4a77e0ecd6b17ffabfc55cfa.webp
2025-09-12,1,1,0,,085f1971ee1654f34ba6b0360fdf676ee96e0b8c,fxstreet.com,gdelt_doc_socialimage,raw/image/thumbnails_webp/085f1971ee1654f34ba6b0360fdf676ee96e0b8c.webp
2025-09-13,1,1,0,,2d1d06f6a38b970919caec678a48e54e9d23141b,Copernicus Data Space OGC,copernicus_ogc,raw/image/thumbnails_webp/2d1d06f6a38b970919caec678a48e54e9d23141b.webp
2025-09-14,1,1,0,,ed8b1bcb0c26b9de817f141f5d40f8544206f8ed,thestar.com.my,gdelt_doc_socialimage,raw/image/thumbnails_webp/ed8b1bcb0c26b9de817f141f5d40f8544206f8ed.webp
2025-09-15,1,1,0,,5320f12adfff6f7c8fa02d25639ffa8a17d077a7,oilprice.com,gdelt_doc_socialimage,raw/image/thumbnails_webp/5320f12adfff6f7c8fa02d25639ffa8a17d077a7.webp
2025-09-16,1,1,0,,05e04ffc389591e1ca768568b4b530042c76a7ac,dunyanews.tv,gdelt_doc_socialimage,raw/image/thumbnails_webp/05e04ffc389591e1ca768568b4b530042c76a7ac.webp
2025-09-17,1,1,0,,b91981fd070057eb9e6b29dbe5d8b9a27aa6c92e,fxstreet.com,gdelt_doc_socialimage,raw/image/thumbnails_webp/b91981fd070057eb9e6b29dbe5d8b9a27aa6c92e.webp
2025-09-18,1,1,0,,e56df1d4ebd3e0e8e41a86a6b8e4d6a7c1d451e2,Wikimedia Commons,wikimedia,raw/image/thumbnails_webp/e56df1d4ebd3e0e8e41a86a6b8e4d6a7c1d451e2.webp
2025-09-19,1,1,0,,bcf1d5499acd2d5f1199639aa40090529af023c9,fxstreet.com,gdelt_doc_socialimage,raw/image/thumbnails_webp/bcf1d5499acd2d5f1199639aa40090529af023c9.webp
2025-09-20,1,1,0,,8fe172b7df7506afc88fa75c35f32e5a4579feae,leadership.ng,gdelt_doc_socialimage,raw/image/thumbnails_webp/8fe172b7df7506afc88fa75c35f32e5a4579feae.webp
2025-09-21,1,1,0,,63e606a1fd7806f9ff8d3dcdcf3609e2c905ffcc,dailypost.ng,gdelt_doc_socialimage,raw/image/thumbnails_webp/63e606a1fd7806f9ff8d3dcdcf3609e2c905ffcc.webp
2025-09-22,1,1,0,,a4887822461061c20c4be3561920c99952476b91,fxstreet.com,gdelt_doc_socialimage,raw/image/thumbnails_webp/a4887822461061c20c4be3561920c99952476b91.webp
2025-09-23,1,1,0,,801fb0f52655dca069116e9d9390f917942b9437,channelnewsasia.com,gdelt_doc_socialimage,raw/image/thumbnails_webp/801fb0f52655dca069116e9d9390f917942b9437.webp
2025-09-24,1,1,0,,3ee7c1b488d7f7bb9d89ba7fa8fd9821445a1450,channelstv.com,gdelt_doc_socialimage,raw/image/thumbnails_webp/3ee7c1b488d7f7bb9d89ba7fa8fd9821445a1450.webp
2025-09-25,1,1,0,,4a6c50c576ac62b3865f890ce18d9851654759ef,thestar.com.my,gdelt_doc_socialimage,raw/image/thumbnails_webp/4a6c50c576ac62b3865f890ce18d9851654759ef.webp
2025-09-26,1,1,0,,9d3719abc0948b697358ae4b2c4e927373b7c174,Pexels,pexels,raw/image/thumbnails_webp/9d3719abc0948b697358ae4b2c4e927373b7c174.webp
2025-09-27,1,1,0,,34d0f628a4c73722d11c0f2fff19c1ecce1634e4,NASA GIBS,nasa_gibs,raw/image/thumbnails_webp/34d0f628a4c73722d11c0f2fff19c1ecce1634e4.webp
2025-09-28,1,1,0,,239d846e42465a98334c6fd22b0081211a0851b1,Unsplash,unsplash,raw/image/thumbnails_webp/239d846e42465a98334c6fd22b0081211a0851b1.webp
2025-09-29,1,1,0,,85412e5069e8b8ff17dff3321a873f989ad47d37,benzinga.com,gdelt_doc_socialimage,raw/image/thumbnails_webp/85412e5069e8b8ff17dff3321a873f989ad47d37.webp
2025-09-30,1,1,0,,a9b845a4ae45f276ee2800ee69c22d15a0256fee,channelnewsasia.com,gdelt_doc_socialimage,raw/image/thumbnails_webp/a9b845a4ae45f276ee2800ee69c22d15a0256fee.webp
2025-10-01,1,1,0,,62ec47724a2aa9948b5cd357c7a637cd6e3d10ed,Copernicus Data Space OGC,copernicus_ogc,raw/image/thumbnails_webp/62ec47724a2aa9948b5cd357c7a637cd6e3d10ed.webp
2025-10-02,1,1,0,,7b6d3baa884ae05d4ee7d91e9f8344c2a708da95,economictimes.indiatimes.com,gdelt_doc_socialimage,raw/image/thumbnails_webp/7b6d3baa884ae05d4ee7d91e9f8344c2a708da95.webp
2025-10-03,1,1,0,,3e1bb0174ddcb21953ffff2ad9ee3d16037ecca5,economictimes.indiatimes.com,gdelt_doc_socialimage,raw/image/thumbnails_webp/3e1bb0174ddcb21953ffff2ad9ee3d16037ecca5.webp
2025-10-04,1,1,0,,d1b80ba1fe419774ed2bff07fa2cdf7df3639d8a,NASA GIBS,nasa_gibs,raw/image/thumbnails_webp/d1b80ba1fe419774ed2bff07fa2cdf7df3639d8a.webp
2025-10-05,1,1,0,,93b95d0d8b26f1ca0d7b3a7443da7b4ad4533f05,dunyanews.tv,gdelt_doc_socialimage,raw/image/thumbnails_webp/93b95d0d8b26f1ca0d7b3a7443da7b4ad4533f05.webp
2025-10-06,1,1,0,,d7674e994d3e03370c0cf7827ab0b996c6ac7b8c,fxstreet.com,gdelt_doc_socialimage,raw/image/thumbnails_webp/d7674e994d3e03370c0cf7827ab0b996c6ac7b8c.webp
2025-10-07,1,1,0,,f579a145e3237783d925e8ba07d1860d337c4e17,fxstreet.com,gdelt_doc_socialimage,raw/image/thumbnails_webp/f579a145e3237783d925e8ba07d1860d337c4e17.webp
2025-10-08,1,1,0,,394b38fb2244cb06265dac66f15b5519713e1fef,econotimes.com,gdelt_doc_socialimage,raw/image/thumbnails_webp/394b38fb2244cb06265dac66f15b5519713e1fef.webp
2025-10-09,1,1,0,,6ffd0938ab3d0fef09f77cc731258ca93eafd2e8,businesstimes.com.sg,gdelt_doc_socialimage,raw/image/thumbnails_webp/6ffd0938ab3d0fef09f77cc731258ca93eafd2e8.webp
2025-10-10,1,1,0,,44f8a10b7a92c678bc544f44b71752640ad6921e,fxstreet.com,gdelt_doc_socialimage,raw/image/thumbnails_webp/44f8a10b7a92c678bc544f44b71752640ad6921e.webp
2025-10-11,1,1,0,,14ed9921717cb04032b2e260d474e41190be15c6,thenationonlineng.net,gdelt_doc_socialimage,raw/image/thumbnails_webp/14ed9921717cb04032b2e260d474e41190be15c6.webp
2025-10-12,1,1,0,,070450ed7c9cf470de71b0bbf5702b1c20e9a909,thisdaylive.com,gdelt_doc_socialimage,raw/image/thumbnails_webp/070450ed7c9cf470de71b0bbf5702b1c20e9a909.webp
2025-10-13,1,1,0,,3dc9d1e65c9498b44fba548f478139e6e4283923,fxstreet.com,gdelt_doc_socialimage,raw/image/thumbnails_webp/3dc9d1e65c9498b44fba548f478139e6e4283923.webp
2025-10-14,1,1,0,,bf697068905607d86831002cfbe2779c0c26124a,markets.financialcontent.com,gdelt_doc_socialimage,raw/image/thumbnails_webp/bf697068905607d86831002cfbe2779c0c26124a.webp
2025-10-15,1,1,0,,149e960b8ac81711f51560849c4d7b9d8eef6f2a,auto.economictimes.indiatimes.com,gdelt_doc_socialimage,raw/image/thumbnails_webp/149e960b8ac81711f51560849c4d7b9d8eef6f2a.webp
2025-10-16,1,1,0,,88cc0cca363a88c68066730a9c8ea9b899243621,auto.economictimes.indiatimes.com,gdelt_doc_socialimage,raw/image/thumbnails_webp/88cc0cca363a88c68066730a9c8ea9b899243621.webp
2025-10-17,1,1,0,,5bbf549bfde2bf872106a1c526ede346a3aca93d,NASA GIBS,nasa_gibs,raw/image/thumbnails_webp/5bbf549bfde2bf872106a1c526ede346a3aca93d.webp
2025-10-18,1,1,0,,7c2dabe1ab31cffcc489680e24ef310404912db5,Copernicus Data Space OGC,copernicus_ogc,raw/image/thumbnails_webp/7c2dabe1ab31cffcc489680e24ef310404912db5.webp
2025-10-19,1,1,0,,42ce98bf0a97c5e19714628278b533ea4b05bf22,NASA GIBS,nasa_gibs,raw/image/thumbnails_webp/42ce98bf0a97c5e19714628278b533ea4b05bf22.webp
2025-10-20,1,1,0,,16fd1e19fe53e97ac31204a415309f2b07093402,tunisienumerique.com,gdelt_doc_socialimage,raw/image/thumbnails_webp/16fd1e19fe53e97ac31204a415309f2b07093402.webp
2025-10-21,1,1,0,,bd18bb01a3f74acb0ecf2b6e008ca2c38c18aa0b,economictimes.indiatimes.com,gdelt_doc_socialimage,raw/image/thumbnails_webp/bd18bb01a3f74acb0ecf2b6e008ca2c38c18aa0b.webp
2025-10-22,1,1,0,,fccf87bc07a13450a3da4fc64a4c10656f6c7397,Pexels,pexels,raw/image/thumbnails_webp/fccf87bc07a13450a3da4fc64a4c10656f6c7397.webp
2025-10-23,1,1,0,,2cefd27af26badb655e2ebeef161b686225649f6,Unsplash,unsplash,raw/image/thumbnails_webp/2cefd27af26badb655e2ebeef161b686225649f6.webp
2025-10-24,1,1,0,,6f83db18b8abec3c26190daaedd79650509e2a8b,actionforex.com,gdelt_doc_socialimage,raw/image/thumbnails_webp/6f83db18b8abec3c26190daaedd79650509e2a8b.webp
2025-10-25,1,1,0,,0c08f39b01f669958aee604fb9ed0163da39d16a,NASA GIBS,nasa_gibs,raw/image/thumbnails_webp/0c08f39b01f669958aee604fb9ed0163da39d16a.webp
2025-10-26,1,1,0,,fa58651ce1e5b686c5927348392fae3e6d50b35b,NASA GIBS,nasa_gibs,raw/image/thumbnails_webp/fa58651ce1e5b686c5927348392fae3e6d50b35b.webp
2025-10-27,1,1,0,,0e05a6fc6cac10f312cde4c831a1c5f5d1f158bf,thehindubusinessline.com,gdelt_doc_socialimage,raw/image/thumbnails_webp/0e05a6fc6cac10f312cde4c831a1c5f5d1f158bf.webp
2025-10-28,1,1,0,,56f49ce45516471bc5db2ab103365c85e494c234,english.aawsat.com,gdelt_doc_socialimage,raw/image/thumbnails_webp/56f49ce45516471bc5db2ab103365c85e494c234.webp
2025-10-29,1,1,0,,b5a1fbfb837f7bd357141efd5261efd21ff6b5e6,channelstv.com,gdelt_doc_socialimage,raw/image/thumbnails_webp/b5a1fbfb837f7bd357141efd5261efd21ff6b5e6.webp
2025-10-30,1,1,0,,d8e24297372aa2a5a08b92fca4459b13324a52c9,markets.financialcontent.com,gdelt_doc_socialimage,raw/image/thumbnails_webp/d8e24297372aa2a5a08b92fca4459b13324a52c9.webp
2025-10-31,1,1,0,,40e3723f75c30fab86caf619780499accc0f10ac,seekingalpha.com,gdelt_doc_socialimage,raw/image/thumbnails_webp/40e3723f75c30fab86caf619780499accc0f10ac.webp
2025-11-01,1,1,0,,2f7d207dfbbe3b0cf20273b979199f267ba89a02,Copernicus Data Space OGC,copernicus_ogc,raw/image/thumbnails_webp/2f7d207dfbbe3b0cf20273b979199f267ba89a02.webp
2025-11-02,1,1,0,,f43330d4f30ce5bb1b582e1e2500c44eb56cbdc6,NASA GIBS,nasa_gibs,raw/image/thumbnails_webp/f43330d4f30ce5bb1b582e1e2500c44eb56cbdc6.webp
2025-11-03,1,1,0,,5140dd0f3c4886d9f7f45af914ff4f3ef2ba4bcc,markets.financialcontent.com,gdelt_doc_socialimage,raw/image/thumbnails_webp/5140dd0f3c4886d9f7f45af914ff4f3ef2ba4bcc.webp
2025-11-04,1,1,0,,32c1db21189c19c76e122f54c085dffe95955cc7,blogs.worldbank.org,gdelt_doc_socialimage,raw/image/thumbnails_webp/32c1db21189c19c76e122f54c085dffe95955cc7.webp
2025-11-05,1,1,0,,f2c8f396d8cbcf1e38fae19c370a0a670a17fadd,economictimes.indiatimes.com,gdelt_doc_socialimage,raw/image/thumbnails_webp/f2c8f396d8cbcf1e38fae19c370a0a670a17fadd.webp
2025-11-06,1,1,0,,40d5360763c67f6e90ae5884e82b01ec936baab7,econotimes.com,gdelt_doc_socialimage,raw/image/thumbnails_webp/40d5360763c67f6e90ae5884e82b01ec936baab7.webp
2025-11-07,1,1,0,,ba1913eddc0effae2968ba3b8687fdda5236b812,markets.financialcontent.com,gdelt_doc_socialimage,raw/image/thumbnails_webp/ba1913eddc0effae2968ba3b8687fdda5236b812.webp
2025-11-08,1,1,0,,2eb93c6a0dd55ecd895546ededa8c1163fad17f4,seekingalpha.com,gdelt_doc_socialimage,raw/image/thumbnails_webp/2eb93c6a0dd55ecd895546ededa8c1163fad17f4.webp
2025-11-09,1,1,0,,0a6d1100d649a73077322daf41e00434f0430797,NASA GIBS,nasa_gibs,raw/image/thumbnails_webp/0a6d1100d649a73077322daf41e00434f0430797.webp
2025-11-10,1,1,0,,977a546f9d6a37bda24b724abce9959782365ec8,NASA GIBS,nasa_gibs,raw/image/thumbnails_webp/977a546f9d6a37bda24b724abce9959782365ec8.webp
2025-11-11,1,1,0,,205a0271d00efb10cd64d449a6c78632398f91ad,econotimes.com,gdelt_doc_socialimage,raw/image/thumbnails_webp/205a0271d00efb10cd64d449a6c78632398f91ad.webp
2025-11-12,1,1,0,,87a0edb071116fc5ace45509b9381870ffe32aaf,Unsplash,unsplash,raw/image/thumbnails_webp/87a0edb071116fc5ace45509b9381870ffe32aaf.webp
2025-11-13,1,1,0,,a4e03c77ea6231d55fae95668ec58cd9e3cc523a,focus-news.net,gdelt_doc_socialimage,raw/image/thumbnails_webp/a4e03c77ea6231d55fae95668ec58cd9e3cc523a.webp
2025-11-14,1,1,0,,4399d89100e2f213f70f517e707ad517fca0038f,NASA GIBS,nasa_gibs,raw/image/thumbnails_webp/4399d89100e2f213f70f517e707ad517fca0038f.webp
2025-11-15,1,1,0,,96bc9427661152b8aec43772b14929caed1874c4,Pexels,pexels,raw/image/thumbnails_webp/96bc9427661152b8aec43772b14929caed1874c4.webp
2025-11-16,1,1,0,,b8cb719e95d3036c72c6a13783327c244f6b3893,Copernicus Data Space OGC,copernicus_ogc,raw/image/thumbnails_webp/b8cb719e95d3036c72c6a13783327c244f6b3893.webp
2025-11-17,1,1,0,,663b42cf065ff61f532eeea87d428221fab39051,fxstreet.com,gdelt_doc_socialimage,raw/image/thumbnails_webp/663b42cf065ff61f532eeea87d428221fab39051.webp
2025-11-18,1,1,0,,b8a64555475db478e549284ea8c9bd6b627b06b0,fxstreet.com,gdelt_doc_socialimage,raw/image/thumbnails_webp/b8a64555475db478e549284ea8c9bd6b627b06b0.webp
2025-11-19,1,1,0,,fad109140e7ae393c09a200380aa6ad660fab8b1,fxstreet.com,gdelt_doc_socialimage,raw/image/thumbnails_webp/fad109140e7ae393c09a200380aa6ad660fab8b1.webp
2025-11-20,1,1,0,,3f7934f7ac821315c2ba71be079da1f54d542d57,fxstreet.com,gdelt_doc_socialimage,raw/image/thumbnails_webp/3f7934f7ac821315c2ba71be079da1f54d542d57.webp
2025-11-21,1,1,0,,3c4923ea464a749e8531c40f1debdc6d519d4efc,fxstreet.com,gdelt_doc_socialimage,raw/image/thumbnails_webp/3c4923ea464a749e8531c40f1debdc6d519d4efc.webp
2025-11-22,1,1,0,,5d7c27d0b68c6a865aa84e5340c21205a212ce19,NASA GIBS,nasa_gibs,raw/image/thumbnails_webp/5d7c27d0b68c6a865aa84e5340c21205a212ce19.webp
2025-11-23,1,1,0,,f17be6b415e0008d723388d3e504043906d3035d,NASA GIBS,nasa_gibs,raw/image/thumbnails_webp/f17be6b415e0008d723388d3e504043906d3035d.webp
2025-11-24,1,1,0,,dce2d0467a9d74331ac0fe94cbc8af85abee7b57,fxstreet.com,gdelt_doc_socialimage,raw/image/thumbnails_webp/dce2d0467a9d74331ac0fe94cbc8af85abee7b57.webp
2025-11-25,1,1,0,,ed517ea722752a19b545bf55c1302aaa53810d8d,finanznachrichten.de,gdelt_doc_socialimage,raw/image/thumbnails_webp/ed517ea722752a19b545bf55c1302aaa53810d8d.webp
2025-11-26,1,1,0,,f4d39628874ad0a76d23b1723952af498e702696,markets.financialcontent.com,gdelt_doc_socialimage,raw/image/thumbnails_webp/f4d39628874ad0a76d23b1723952af498e702696.webp
2025-11-27,1,1,0,,fdb37c2c2b475e6069f5d274f0e1710ed031046b,fxstreet.com,gdelt_doc_socialimage,raw/image/thumbnails_webp/fdb37c2c2b475e6069f5d274f0e1710ed031046b.webp
2025-11-28,1,1,0,,53c4bbbee8ee2fd921433f065ecf611c561cc661,auto.economictimes.indiatimes.com,gdelt_doc_socialimage,raw/image/thumbnails_webp/53c4bbbee8ee2fd921433f065ecf611c561cc661.webp
2025-11-29,1,1,0,,86daed11553216efaa7351e90f68358a183fda85,economictimes.indiatimes.com,gdelt_doc_socialimage,raw/image/thumbnails_webp/86daed11553216efaa7351e90f68358a183fda85.webp
2025-11-30,1,1,0,,37163baf436b4e5dbe623880a8f7457be98ef7d8,auto.economictimes.indiatimes.com,gdelt_doc_socialimage,raw/image/thumbnails_webp/37163baf436b4e5dbe623880a8f7457be98ef7d8.webp
2025-12-01,1,1,0,,d00a7114203228372ff6cb2de5b5b416d0e6f6da,markets.financialcontent.com,gdelt_doc_socialimage,raw/image/thumbnails_webp/d00a7114203228372ff6cb2de5b5b416d0e6f6da.webp
2025-12-02,1,1,0,,1b5dc4155744d041ccb23b3c0b89d5eeab2874f9,seekingalpha.com,gdelt_doc_socialimage,raw/image/thumbnails_webp/1b5dc4155744d041ccb23b3c0b89d5eeab2874f9.webp
2025-12-03,1,1,0,,6476a4ca5d62223aa04f202a06afd2a578630ff1,markets.financialcontent.com,gdelt_doc_socialimage,raw/image/thumbnails_webp/6476a4ca5d62223aa04f202a06afd2a578630ff1.webp
2025-12-04,1,1,0,,c492bf0349410b2c68f80bc843170fd1a94381b0,thehindubusinessline.com,gdelt_doc_socialimage,raw/image/thumbnails_webp/c492bf0349410b2c68f80bc843170fd1a94381b0.webp
2025-12-05,1,1,0,,6b4456aad54c82dc77182daee399b052142a0218,Copernicus Data Space OGC,copernicus_ogc,raw/image/thumbnails_webp/6b4456aad54c82dc77182daee399b052142a0218.webp
2025-12-06,1,1,0,,a4e0c6e69414ca97f8a31fed5d93ab5d902dea4c,NASA GIBS,nasa_gibs,raw/image/thumbnails_webp/a4e0c6e69414ca97f8a31fed5d93ab5d902dea4c.webp
2025-12-07,1,1,0,,0ccc61962bc50bf780a48fedb67ea2e185b80097,dunyanews.tv,gdelt_doc_socialimage,raw/image/thumbnails_webp/0ccc61962bc50bf780a48fedb67ea2e185b80097.webp
2025-12-08,1,1,0,,7175e769e20203ff5105205c3d53890418427675,thehindubusinessline.com,gdelt_doc_socialimage,raw/image/thumbnails_webp/7175e769e20203ff5105205c3d53890418427675.webp
2025-12-09,1,1,0,,6150592975b18ae3d245beb97abf265716447ab9,fxstreet.com,gdelt_doc_socialimage,raw/image/thumbnails_webp/6150592975b18ae3d245beb97abf265716447ab9.webp
2025-12-10,1,1,0,,057e05748b933a27dd3d8711973b11d7cee0ad3b,Unsplash,unsplash,raw/image/thumbnails_webp/057e05748b933a27dd3d8711973b11d7cee0ad3b.webp
2025-12-11,1,1,0,,3c365aacfddfbace321e94e6878d53b0c4abf79d,Pexels,pexels,raw/image/thumbnails_webp/3c365aacfddfbace321e94e6878d53b0c4abf79d.webp
2025-12-12,1,1,0,,c4e172ed9bdc8138b6e7b5203b7ad1c902607173,milliyet.com.tr,gdelt_doc_socialimage,raw/image/thumbnails_webp/c4e172ed9bdc8138b6e7b5203b7ad1c902607173.webp
2025-12-13,1,1,0,,67320f38b87f9c16869861a6dbc9a3aa4d0920e7,en.apa.az,gdelt_doc_socialimage,raw/image/thumbnails_webp/67320f38b87f9c16869861a6dbc9a3aa4d0920e7.webp
2025-12-14,1,1,0,,ae895fa9f7ff8d3818ad3ed901e04519952eec3e,trend.az,gdelt_doc_socialimage,raw/image/thumbnails_webp/ae895fa9f7ff8d3818ad3ed901e04519952eec3e.webp
2025-12-15,1,1,0,,37c4429a9c72b618b430fd9c862e68193887ce14,oilprice.com,gdelt_doc_socialimage,raw/image/thumbnails_webp/37c4429a9c72b618b430fd9c862e68193887ce14.webp
2025-12-16,1,1,0,,58f535042c0d9fa5947afa09cdaa78ae73ec50b8,NASA GIBS,nasa_gibs,raw/image/thumbnails_webp/58f535042c0d9fa5947afa09cdaa78ae73ec50b8.webp
2025-12-17,1,1,0,,0502cafd325e0b567a84b1130986320f9b972eef,fxstreet.com,gdelt_doc_socialimage,raw/image/thumbnails_webp/0502cafd325e0b567a84b1130986320f9b972eef.webp
2025-12-18,1,1,0,,384f095b6e8312aa37e310eee70f9012bc6a4ddb,oilprice.com,gdelt_doc_socialimage,raw/image/thumbnails_webp/384f095b6e8312aa37e310eee70f9012bc6a4ddb.webp
2025-12-19,1,1,0,,1c3a4f8fd485c47cba24f7c902bdce52d0969aca,foxbusiness.com,gdelt_doc_socialimage,raw/image/thumbnails_webp/1c3a4f8fd485c47cba24f7c902bdce52d0969aca.webp
2025-12-20,1,1,0,,a7b1937ad14f3345710c8f321cd5bbc8bf7ba79b,Copernicus Data Space OGC,copernicus_ogc,raw/image/thumbnails_webp/a7b1937ad14f3345710c8f321cd5bbc8bf7ba79b.webp
2025-12-21,1,1,0,,ca536a4ae2c4f8c3ba10b6041731b4cb1a40782f,teraz.sk,gdelt_doc_socialimage,raw/image/thumbnails_webp/ca536a4ae2c4f8c3ba10b6041731b4cb1a40782f.webp
2025-12-22,1,1,0,,e1d12ca11bd0c57f48f5f7e3a97ab091e5461bc6,fxstreet.com,gdelt_doc_socialimage,raw/image/thumbnails_webp/e1d12ca11bd0c57f48f5f7e3a97ab091e5461bc6.webp
2025-12-23,1,1,0,,96ac6f7fd41f4db4f47967d58fe10fd3632f23c4,fxstreet.com,gdelt_doc_socialimage,raw/image/thumbnails_webp/96ac6f7fd41f4db4f47967d58fe10fd3632f23c4.webp
2025-12-24,1,1,0,,d7fd6422702dc5fb638e1c34e4899cedc5066505,fxstreet.com,gdelt_doc_socialimage,raw/image/thumbnails_webp/d7fd6422702dc5fb638e1c34e4899cedc5066505.webp
2025-12-25,1,1,0,,fc80e52922395d97deb753c72143c72ed189b12e,udn.com,gdelt_doc_socialimage,raw/image/thumbnails_webp/fc80e52922395d97deb753c72143c72ed189b12e.webp
2025-12-26,1,1,0,,d30dabb94d542c5e53de178f2c8c010a8aeef77f,econotimes.com,gdelt_doc_socialimage,raw/image/thumbnails_webp/d30dabb94d542c5e53de178f2c8c010a8aeef77f.webp
2025-12-27,1,1,0,,bf21763c1fb26ede313a2de17c42604c14466afc,auto.economictimes.indiatimes.com,gdelt_doc_socialimage,raw/image/thumbnails_webp/bf21763c1fb26ede313a2de17c42604c14466afc.webp
2025-12-28,1,1,0,,e77c3479f9a0322da7b0687ec5d05d699d710389,NASA GIBS,nasa_gibs,raw/image/thumbnails_webp/e77c3479f9a0322da7b0687ec5d05d699d710389.webp
2025-12-29,1,1,0,,61f9329bee66469275d4f8f02709ab5bfb5a9f31,milwaukeesun.com,gdelt_doc_socialimage,raw/image/thumbnails_webp/61f9329bee66469275d4f8f02709ab5bfb5a9f31.webp
2025-12-30,1,1,0,,5258f395d03be0bbfc570fd5b9d313c43d7a43f4,Unsplash,unsplash,raw/image/thumbnails_webp/5258f395d03be0bbfc570fd5b9d313c43d7a43f4.webp
2025-12-31,1,1,0,,72f966c08ed7dbb3b0ec346b80714e89f75e6955,Pexels,pexels,raw/image/thumbnails_webp/72f966c08ed7dbb3b0ec346b80714e89f75e6955.webp
2026-01-01,1,1,0,,00dcdbd326718025eb7b5960d0c410f076fb2179,NASA GIBS,nasa_gibs,raw/image/thumbnails_webp/00dcdbd326718025eb7b5960d0c410f076fb2179.webp
2026-01-02,1,1,0,,b2c9b2d3959ab63c6cd72404de9d8e7318d1130d,liputan6.com,gdelt_doc_socialimage,raw/image/thumbnails_webp/b2c9b2d3959ab63c6cd72404de9d8e7318d1130d.webp
2026-01-03,1,1,0,,7d4c115e0fc7e0a8fa90a040fee7b9dd9c0afaad,Copernicus Data Space OGC,copernicus_ogc,raw/image/thumbnails_webp/7d4c115e0fc7e0a8fa90a040fee7b9dd9c0afaad.webp
2026-01-04,1,1,0,,52b6697bec1f4d98bcb4d7f05d2cdaa5c0eced61,citizen.co.za,gdelt_doc_socialimage,raw/image/thumbnails_webp/52b6697bec1f4d98bcb4d7f05d2cdaa5c0eced61.webp
2026-01-05,1,1,0,,3cdbb7e123ff51bde710bdf6dbbd533117c9ec33,fxstreet.com,gdelt_doc_socialimage,raw/image/thumbnails_webp/3cdbb7e123ff51bde710bdf6dbbd533117c9ec33.webp
2026-01-06,1,1,0,,49fe32bdf2c0e0917347dc957709590cc0ead5c3,fxstreet.com,gdelt_doc_socialimage,raw/image/thumbnails_webp/49fe32bdf2c0e0917347dc957709590cc0ead5c3.webp
2026-01-07,1,1,0,,1a739d59512482007752f43ee858a848d03e3c8d,fxstreet.com,gdelt_doc_socialimage,raw/image/thumbnails_webp/1a739d59512482007752f43ee858a848d03e3c8d.webp
2026-01-08,1,1,0,,e13b73cd9a27a2a7d17b812c4e836b5e11bab7ac,fxstreet.com,gdelt_doc_socialimage,raw/image/thumbnails_webp/e13b73cd9a27a2a7d17b812c4e836b5e11bab7ac.webp
2026-01-09,1,1,0,,35a4e945244d4144d99ca48f46122cfe14c8394c,finanznachrichten.de,gdelt_doc_socialimage,raw/image/thumbnails_webp/35a4e945244d4144d99ca48f46122cfe14c8394c.webp
2026-01-10,1,1,0,,f7e2ded2b13ea8c08223230992158e6ce4c632a1,lsm.lv,gdelt_doc_socialimage,raw/image/thumbnails_webp/f7e2ded2b13ea8c08223230992158e6ce4c632a1.webp
2026-01-11,1,1,0,,ba2349d51e8e6733ebed2d807302e140f96b2c0e,economictimes.indiatimes.com,gdelt_doc_socialimage,raw/image/thumbnails_webp/ba2349d51e8e6733ebed2d807302e140f96b2c0e.webp
2026-01-12,1,1,0,,aa327f3dc788873e868eb30de143912be70b85a7,businesstimes.com.sg,gdelt_doc_socialimage,raw/image/thumbnails_webp/aa327f3dc788873e868eb30de143912be70b85a7.webp
2026-01-13,1,1,0,,03e5abb9b1512c22fdc9bae80fc9ee5f2cd22578,econotimes.com,gdelt_doc_socialimage,raw/image/thumbnails_webp/03e5abb9b1512c22fdc9bae80fc9ee5f2cd22578.webp
2026-01-14,1,1,0,,3300eec4955ffc06e10052bb35ed049bd793509b,econotimes.com,gdelt_doc_socialimage,raw/image/thumbnails_webp/3300eec4955ffc06e10052bb35ed049bd793509b.webp
2026-01-15,1,1,0,,c1e01075a6348d046d85237cf5d939b460bf77c7,finanznachrichten.de,gdelt_doc_socialimage,raw/image/thumbnails_webp/c1e01075a6348d046d85237cf5d939b460bf77c7.webp
2026-01-16,1,1,0,,9f2a610314875e5220a9ff32a736ffcbcd5825a5,fxstreet.com,gdelt_doc_socialimage,raw/image/thumbnails_webp/9f2a610314875e5220a9ff32a736ffcbcd5825a5.webp
2026-01-17,1,1,0,,799f7cd18431e7f1928b02cc024fb4be304882cb,kesq.com,gdelt_doc_socialimage,raw/image/thumbnails_webp/799f7cd18431e7f1928b02cc024fb4be304882cb.webp
2026-01-18,1,1,0,,226a91ce0c29b7569669446757552e1bec3d0dbb,oilprice.com,gdelt_doc_socialimage,raw/image/thumbnails_webp/226a91ce0c29b7569669446757552e1bec3d0dbb.webp
2026-01-19,1,1,0,,0d92ad3a942c84eaecb8c9e9f9026f053674948a,financialmirror.com,gdelt_doc_socialimage,raw/image/thumbnails_webp/0d92ad3a942c84eaecb8c9e9f9026f053674948a.webp
2026-01-20,1,1,0,,8ff3a51a4afae4a973a20d5fb281164066623e2c,fxstreet.com,gdelt_doc_socialimage,raw/image/thumbnails_webp/8ff3a51a4afae4a973a20d5fb281164066623e2c.webp
2026-01-21,1,1,0,,f55c979a09ab7def0afb9a894e77d5838b87f341,econotimes.com,gdelt_doc_socialimage,raw/image/thumbnails_webp/f55c979a09ab7def0afb9a894e77d5838b87f341.webp
2026-01-22,1,1,0,,4663e8e7fa742ef5cba9d8d199b75d10ae85f916,Copernicus Data Space OGC,copernicus_ogc,raw/image/thumbnails_webp/4663e8e7fa742ef5cba9d8d199b75d10ae85f916.webp
2026-01-23,1,1,0,,ba7d93864168f8744b8908265f6b7625083f0ca4,oilprice.com,gdelt_doc_socialimage,raw/image/thumbnails_webp/ba7d93864168f8744b8908265f6b7625083f0ca4.webp
2026-01-24,1,1,0,,50b0a101d23fade85c271c7912ccc18a08635c77,dailytimes.com.pk,gdelt_doc_socialimage,raw/image/thumbnails_webp/50b0a101d23fade85c271c7912ccc18a08635c77.webp
2026-01-25,1,1,0,,f510c3387992b70268d7966fe243c0e165c71b4e,dunyanews.tv,gdelt_doc_socialimage,raw/image/thumbnails_webp/f510c3387992b70268d7966fe243c0e165c71b4e.webp
2026-01-26,1,1,0,,b864b1c83bd5f2ca9a631d633c0e39c223e092ee,Pexels,pexels,raw/image/thumbnails_webp/b864b1c83bd5f2ca9a631d633c0e39c223e092ee.webp
2026-01-27,1,1,0,,0830c4adf5e85019864045b91f10fc5b2af42a75,marketscreener.com,gdelt_doc_socialimage,raw/image/thumbnails_webp/0830c4adf5e85019864045b91f10fc5b2af42a75.webp
2026-01-28,1,1,0,,16431105cfb2f3296586f09544d3d6e182e01561,Unsplash,unsplash,raw/image/thumbnails_webp/16431105cfb2f3296586f09544d3d6e182e01561.webp
2026-01-29,1,1,0,,72ff141df91f4620edc1168b58acf2bf4811d631,ekbis.sindonews.com,gdelt_doc_socialimage,raw/image/thumbnails_webp/72ff141df91f4620edc1168b58acf2bf4811d631.webp
2026-01-30,1,1,0,,6e207367c20e2e112ab54372110efdec374928cf,cnbc.com,gdelt_doc_socialimage,raw/image/thumbnails_webp/6e207367c20e2e112ab54372110efdec374928cf.webp
2026-01-31,1,1,0,,e5440fe9347cedd121a874f9d5b3cca3b15c4b5e,NASA GIBS,nasa_gibs,raw/image/thumbnails_webp/e5440fe9347cedd121a874f9d5b3cca3b15c4b5e.webp
2026-02-01,1,1,0,,e7dd3c9b4398d6a63e6914dfd582ce129fcf0c77,cnbc.com,gdelt_doc_socialimage,raw/image/thumbnails_webp/e7dd3c9b4398d6a63e6914dfd582ce129fcf0c77.webp
2026-02-02,1,1,0,,aa2ff1e44da0572d050b5ac773870db9d13a2e53,economictimes.indiatimes.com,gdelt_doc_socialimage,raw/image/thumbnails_webp/aa2ff1e44da0572d050b5ac773870db9d13a2e53.webp
2026-02-03,1,1,0,,0e00d7024c3a5ea1d419e8563f49337f24b8ec8b,liputan6.com,gdelt_doc_socialimage,raw/image/thumbnails_webp/0e00d7024c3a5ea1d419e8563f49337f24b8ec8b.webp
2026-02-04,1,1,0,,e384dbd1e8ae4e0b0adc15c9d1d856e31e16d3d3,dunyanews.tv,gdelt_doc_socialimage,raw/image/thumbnails_webp/e384dbd1e8ae4e0b0adc15c9d1d856e31e16d3d3.webp
2026-02-05,1,1,0,,15578f56ab5ae4229214077c9af1296c5a85b335,finanznachrichten.de,gdelt_doc_socialimage,raw/image/thumbnails_webp/15578f56ab5ae4229214077c9af1296c5a85b335.webp
2026-02-06,1,1,0,,6a9c274b62480d851400dcb82bd612361e162301,fxstreet.com,gdelt_doc_socialimage,raw/image/thumbnails_webp/6a9c274b62480d851400dcb82bd612361e162301.webp
2026-02-07,1,1,0,,fdedb8fa47c5d8ea53ed97404b20f79c5b888b55,zawya.com,gdelt_doc_socialimage,raw/image/thumbnails_webp/fdedb8fa47c5d8ea53ed97404b20f79c5b888b55.webp
2026-02-08,1,1,0,,d5c9e8238172da39336b5c7a04a825367ce76655,Copernicus Data Space OGC,copernicus_ogc,raw/image/thumbnails_webp/d5c9e8238172da39336b5c7a04a825367ce76655.webp
2026-02-09,1,1,0,,a4094c32ff8bb6886799ae21f44e85e4398ddf5c,fxstreet.com,gdelt_doc_socialimage,raw/image/thumbnails_webp/a4094c32ff8bb6886799ae21f44e85e4398ddf5c.webp
2026-02-10,1,1,0,,183ae92ff86bde04d9af581584bab54a7f7f62d8,trinidadexpress.com,gdelt_doc_socialimage,raw/image/thumbnails_webp/183ae92ff86bde04d9af581584bab54a7f7f62d8.webp
2026-02-11,1,1,0,,90e1f82580c184e084dcd8e02854a0feb7f203b5,actionforex.com,gdelt_doc_socialimage,raw/image/thumbnails_webp/90e1f82580c184e084dcd8e02854a0feb7f203b5.webp
2026-02-12,1,1,0,,4858d70d72fc80174bb2b0580ac54d3bc9e7ad30,stockandland.com.au,gdelt_doc_socialimage,raw/image/thumbnails_webp/4858d70d72fc80174bb2b0580ac54d3bc9e7ad30.webp
2026-02-13,1,1,0,,c02313415b805654119b67dbd471a07c971d5f52,thehindubusinessline.com,gdelt_doc_socialimage,raw/image/thumbnails_webp/c02313415b805654119b67dbd471a07c971d5f52.webp
2026-02-14,1,1,0,,d0556f3fc8b53db14ad0b22bd12278e392f0bc9d,liputan6.com,gdelt_doc_socialimage,raw/image/thumbnails_webp/d0556f3fc8b53db14ad0b22bd12278e392f0bc9d.webp
2026-02-15,1,1,0,,1e5cc7330663dcfd397282b0839c3ac5134b1c1c,cardu.com.tw,gdelt_doc_socialimage,raw/image/thumbnails_webp/1e5cc7330663dcfd397282b0839c3ac5134b1c1c.webp
2026-02-16,1,1,0,,a4e209e441336515c0c8848cefc035576d35eada,thehindubusinessline.com,gdelt_doc_socialimage,raw/image/thumbnails_webp/a4e209e441336515c0c8848cefc035576d35eada.webp
2026-02-17,1,1,0,,8fb5e00c6679220b4951bc2c897c959ff10eb920,neworleanscitybusiness.com,gdelt_doc_socialimage,raw/image/thumbnails_webp/8fb5e00c6679220b4951bc2c897c959ff10eb920.webp
2026-02-18,1,1,0,,fd14db13e9f1c314961d08211d1b1cedc0500ee6,channelnewsasia.com,gdelt_doc_socialimage,raw/image/thumbnails_webp/fd14db13e9f1c314961d08211d1b1cedc0500ee6.webp
2026-02-19,1,1,0,,9d581dd89ef7fecec59c53ce0025b6682a85e433,thehindubusinessline.com,gdelt_doc_socialimage,raw/image/thumbnails_webp/9d581dd89ef7fecec59c53ce0025b6682a85e433.webp
2026-02-20,1,1,0,,debbc0a355f981fc168cade0651d601f281c35a4,auto.economictimes.indiatimes.com,gdelt_doc_socialimage,raw/image/thumbnails_webp/debbc0a355f981fc168cade0651d601f281c35a4.webp
2026-02-21,1,1,0,,3f980f7eff87549f52d3acef908d9a56e7442d0f,economictimes.indiatimes.com,gdelt_doc_socialimage,raw/image/thumbnails_webp/3f980f7eff87549f52d3acef908d9a56e7442d0f.webp
2026-02-22,1,1,0,,881dc416ea51611475c99371dafb37b345fa0ce4,Unsplash,unsplash,raw/image/thumbnails_webp/881dc416ea51611475c99371dafb37b345fa0ce4.webp
2026-02-23,1,1,0,,567b0df70367fc3901c08cc5f01ed06cc6e1f098,economictimes.indiatimes.com,gdelt_doc_socialimage,raw/image/thumbnails_webp/567b0df70367fc3901c08cc5f01ed06cc6e1f098.webp
2026-02-24,1,1,0,,6f5639e961cbd8bba380c76f879c03340f3ca078,NASA GIBS,nasa_gibs,raw/image/thumbnails_webp/6f5639e961cbd8bba380c76f879c03340f3ca078.webp
2026-02-25,1,1,0,,ee0ca42136cec2f7912b2ae29c1b2f5089405511,Pexels,pexels,raw/image/thumbnails_webp/ee0ca42136cec2f7912b2ae29c1b2f5089405511.webp
2026-02-26,1,1,0,,ff192e70b53dee7e6cee3219ce5f2f784143a43c,journalrecord.com,gdelt_doc_socialimage,raw/image/thumbnails_webp/ff192e70b53dee7e6cee3219ce5f2f784143a43c.webp
2026-02-27,1,1,0,,386697832e25c9ec9b6cc37a9bec84e739bbe140,Copernicus Data Space OGC,copernicus_ogc,raw/image/thumbnails_webp/386697832e25c9ec9b6cc37a9bec84e739bbe140.webp
2026-02-28,1,1,0,,0bd09cda51b6eacd5943de2887a488ec11a032e4,NASA GIBS,nasa_gibs,raw/image/thumbnails_webp/0bd09cda51b6eacd5943de2887a488ec11a032e4.webp
2026-03-01,1,1,0,,5d8cd569d3476c4b718ad30fd57dcbee8c1f6264,NASA GIBS,nasa_gibs,raw/image/thumbnails_webp/5d8cd569d3476c4b718ad30fd57dcbee8c1f6264.webp
2026-03-02,1,1,0,,24aaf720e211d8975992edfd5c04efc3ae3ed66d,benzinga.com,gdelt_doc_socialimage,raw/image/thumbnails_webp/24aaf720e211d8975992edfd5c04efc3ae3ed66d.webp
2026-03-03,1,1,0,,635b07728109dab87c22f124180e54aa5b40b4c6,NASA GIBS,nasa_gibs,raw/image/thumbnails_webp/635b07728109dab87c22f124180e54aa5b40b4c6.webp
2026-03-04,1,1,0,,47115cc389b9c12a6d1391e3113d73808b10d129,NASA GIBS,nasa_gibs,raw/image/thumbnails_webp/47115cc389b9c12a6d1391e3113d73808b10d129.webp
2026-03-05,1,1,0,,95f28b55be7db7f856d9b5a752f8bb3e326385be,aleqt.com,gdelt_doc_socialimage,raw/image/thumbnails_webp/95f28b55be7db7f856d9b5a752f8bb3e326385be.webp
2026-03-06,1,1,0,,71771c082682c3fc3897fadd8957f7fee81aa097,NASA GIBS,nasa_gibs,raw/image/thumbnails_webp/71771c082682c3fc3897fadd8957f7fee81aa097.webp
2026-03-07,1,1,0,,7025bd0531eb78b721e1b8882f49f82410dcaf4e,NASA GIBS,nasa_gibs,raw/image/thumbnails_webp/7025bd0531eb78b721e1b8882f49f82410dcaf4e.webp
2026-03-08,1,1,0,,a4075a85dd98807c3f6130cccd71e22a39f78544,english.aawsat.com,gdelt_doc_socialimage,raw/image/thumbnails_webp/a4075a85dd98807c3f6130cccd71e22a39f78544.webp
2026-03-09,1,1,0,,74402e4855ff586949f7e9c520b0f8815dd01a72,NASA GIBS,nasa_gibs,raw/image/thumbnails_webp/74402e4855ff586949f7e9c520b0f8815dd01a72.webp
2026-03-10,1,1,0,,cbd98a31df9168ced4d904e8e16ced38b8c0ad3b,NASA GIBS,nasa_gibs,raw/image/thumbnails_webp/cbd98a31df9168ced4d904e8e16ced38b8c0ad3b.webp
2026-03-11,1,1,0,,fe6debcdbd62bc67c8c4337b6d57e94e077feb0e,NASA GIBS,nasa_gibs,raw/image/thumbnails_webp/fe6debcdbd62bc67c8c4337b6d57e94e077feb0e.webp
2026-03-12,1,1,0,,374a57c46b1f45b9cc46b49f6d05b8dab38033d3,NASA GIBS,nasa_gibs,raw/image/thumbnails_webp/374a57c46b1f45b9cc46b49f6d05b8dab38033d3.webp
2026-03-13,1,1,0,,400d89ab04b384501b0237384f7348cc279c613d,NASA GIBS,nasa_gibs,raw/image/thumbnails_webp/400d89ab04b384501b0237384f7348cc279c613d.webp
2026-03-14,1,1,0,,d693aa1e6a5adf052b3bb4c29c5123a6061cfcc2,NASA GIBS,nasa_gibs,raw/image/thumbnails_webp/d693aa1e6a5adf052b3bb4c29c5123a6061cfcc2.webp
2026-03-15,1,1,0,,ffb83d9eff66241dde7fb36cb26a1e221eeb0811,NASA GIBS,nasa_gibs,raw/image/thumbnails_webp/ffb83d9eff66241dde7fb36cb26a1e221eeb0811.webp
2026-03-16,1,1,0,,427f18eadf691ef52be420d4be7b007eacdb5efd,Copernicus Data Space OGC,copernicus_ogc,raw/image/thumbnails_webp/427f18eadf691ef52be420d4be7b007eacdb5efd.webp
2026-03-17,1,1,0,,7b332696aa4f1397a66bebac4da23acc6999bb06,NASA GIBS,nasa_gibs,raw/image/thumbnails_webp/7b332696aa4f1397a66bebac4da23acc6999bb06.webp
2026-03-18,1,1,0,,c1de20a0a017b4a7d6d2e1ce82b6544e4387daa9,NASA GIBS,nasa_gibs,raw/image/thumbnails_webp/c1de20a0a017b4a7d6d2e1ce82b6544e4387daa9.webp
2026-03-19,1,1,0,,d859be70926f58f0a316ce64e9cffc4e555c74d5,NASA GIBS,nasa_gibs,raw/image/thumbnails_webp/d859be70926f58f0a316ce64e9cffc4e555c74d5.webp
2026-03-20,1,1,0,,691bcbe433c9c618e4be113c587e28099a2f2d60,NASA GIBS,nasa_gibs,raw/image/thumbnails_webp/691bcbe433c9c618e4be113c587e28099a2f2d60.webp
2026-03-21,1,1,0,,f6f2de17f9aa7855959971e0c14cb92b5aed5722,Unsplash,unsplash,raw/image/thumbnails_webp/f6f2de17f9aa7855959971e0c14cb92b5aed5722.webp
2026-03-22,1,1,0,,c78213bec9898f6a3b840bd2e88a47e6b166c7c2,Pexels,pexels,raw/image/thumbnails_webp/c78213bec9898f6a3b840bd2e88a47e6b166c7c2.webp
2026-03-23,1,1,0,,42d19bd8f24bda0f504e8968d0e1ff626f3badb8,NASA GIBS,nasa_gibs,raw/image/thumbnails_webp/42d19bd8f24bda0f504e8968d0e1ff626f3badb8.webp
2026-03-24,1,1,0,,22978f6a58997ede2ca5fecc5f040bc0a45c9220,NASA GIBS,nasa_gibs,raw/image/thumbnails_webp/22978f6a58997ede2ca5fecc5f040bc0a45c9220.webp
2026-03-25,1,1,0,,f394edb1bc44f42ef0abe90a5dbf4aaa7d899cc3,NASA GIBS,nasa_gibs,raw/image/thumbnails_webp/f394edb1bc44f42ef0abe90a5dbf4aaa7d899cc3.webp
2026-03-26,1,1,0,,da4b2e1a2999306e0df8900b3ed4948ef28bc03d,NASA GIBS,nasa_gibs,raw/image/thumbnails_webp/da4b2e1a2999306e0df8900b3ed4948ef28bc03d.webp
2026-03-27,1,1,0,,bac5ec178a0627810504edf5146280938852781c,NASA GIBS,nasa_gibs,raw/image/thumbnails_webp/bac5ec178a0627810504edf5146280938852781c.webp
2026-03-28,1,1,0,,d0797ea83dc260248f6ab1d2f63e7a927008ae4d,NASA GIBS,nasa_gibs,raw/image/thumbnails_webp/d0797ea83dc260248f6ab1d2f63e7a927008ae4d.webp
2026-03-29,1,1,0,,df964cb998510d180860922aa9b57bc97b248778,NASA GIBS,nasa_gibs,raw/image/thumbnails_webp/df964cb998510d180860922aa9b57bc97b248778.webp
2026-03-30,1,1,0,,5a5ef200921d75760ec2fd77963254ab44d89605,Copernicus Data Space OGC,copernicus_ogc,raw/image/thumbnails_webp/5a5ef200921d75760ec2fd77963254ab44d89605.webp
2026-03-31,1,1,0,,3c36137d91fc413698cefd0079dd5efe36000ebb,NASA GIBS,nasa_gibs,raw/image/thumbnails_webp/3c36137d91fc413698cefd0079dd5efe36000ebb.webp
2026-04-01,1,1,0,,e89613c7cc58edbda91a79ac02e243c440adaa20,NASA GIBS,nasa_gibs,raw/image/thumbnails_webp/e89613c7cc58edbda91a79ac02e243c440adaa20.webp
2026-04-02,1,1,0,,dad51472a651994bb953fb53f14fd5a811c476b5,NASA GIBS,nasa_gibs,raw/image/thumbnails_webp/dad51472a651994bb953fb53f14fd5a811c476b5.webp
2026-04-03,1,1,0,,1135ab07f364acc46a9441522d8b13a48a5fac4c,NASA GIBS,nasa_gibs,raw/image/thumbnails_webp/1135ab07f364acc46a9441522d8b13a48a5fac4c.webp
2026-04-04,1,1,0,,a75cb9787f405c01813cb8c0bbd7ef12e0599cb7,NASA GIBS,nasa_gibs,raw/image/thumbnails_webp/a75cb9787f405c01813cb8c0bbd7ef12e0599cb7.webp
2026-04-05,1,1,0,,4efca105c1ade76154bc33f56c3badc85600eae1,NASA GIBS,nasa_gibs,raw/image/thumbnails_webp/4efca105c1ade76154bc33f56c3badc85600eae1.webp
2026-04-06,1,1,0,,3ef833babb2ed30df3e516037a7abd0a86d1da8d,NASA GIBS,nasa_gibs,raw/image/thumbnails_webp/3ef833babb2ed30df3e516037a7abd0a86d1da8d.webp
2026-04-07,1,1,0,,47832c5515d513bb34b1d087ebcd6f09b7ee82be,NASA GIBS,nasa_gibs,raw/image/thumbnails_webp/47832c5515d513bb34b1d087ebcd6f09b7ee82be.webp
2026-04-08,1,1,0,,7cb850cf92db270478975ac75503d22372954448,NASA GIBS,nasa_gibs,raw/image/thumbnails_webp/7cb850cf92db270478975ac75503d22372954448.webp
2026-04-09,1,1,0,,b124a3e82e6238328c554b16fe292b4e34479847,NASA GIBS,nasa_gibs,raw/image/thumbnails_webp/b124a3e82e6238328c554b16fe292b4e34479847.webp
2026-04-10,1,1,0,,05eeb1f8144bc9b6fdd41146a9cde1f99bbff2a7,baystreet.ca,gdelt_doc_socialimage,raw/image/thumbnails_webp/05eeb1f8144bc9b6fdd41146a9cde1f99bbff2a7.webp
2026-04-11,1,1,0,,5b4c7ffdd2bfe7593d625e7d678f7274a7192541,Pexels,pexels,raw/image/thumbnails_webp/5b4c7ffdd2bfe7593d625e7d678f7274a7192541.webp
2026-04-12,1,1,0,,5fa9289c98bb36271a9108c62f3aa3c5f842f407,Wikimedia Commons,wikimedia,raw/image/thumbnails_webp/5fa9289c98bb36271a9108c62f3aa3c5f842f407.webp
2026-04-13,1,1,0,,a305b26dda78bf147fa4980300f4016d55ed50d0,ansa.it,gdelt_doc_socialimage,raw/image/thumbnails_webp/a305b26dda78bf147fa4980300f4016d55ed50d0.webp
2026-04-14,1,1,0,,d3a0898d322f773e2fcaf4a7ea10d3c04fb1d346,NASA GIBS,nasa_gibs,raw/image/thumbnails_webp/d3a0898d322f773e2fcaf4a7ea10d3c04fb1d346.webp
2026-04-15,1,1,0,,e815631a2dca4bfc1e456013fde5d6f107d69a04,Copernicus Data Space OGC,copernicus_ogc,raw/image/thumbnails_webp/e815631a2dca4bfc1e456013fde5d6f107d69a04.webp
2026-04-16,1,1,0,,9f47bf3829efc6f6db2e21c02c669791ff0da5ce,economictimes.indiatimes.com,gdelt_doc_socialimage,raw/image/thumbnails_webp/9f47bf3829efc6f6db2e21c02c669791ff0da5ce.webp
