date,Brent,WTI,USD_Index,EPU,GPR,UAH_per_USD,RUB_per_USD,AED_per_USD,reference_brent,brent_step_return,brent_step_volatility_7,market_closed_flag,brent_return_1d,wti_return_1d,brent_wti_spread,brent_rolling_mean_7,brent_rolling_mean_30,brent_rolling_vol_7,brent_rolling_vol_30,abs_brent_return_1d,high_volatility_flag,target_brent_avg_next_30d,target_residual_30d
2022-04-17,110.83,106.84,116.7017,105.38,151.43167,29.2549,80.0437,3.6725,110.83,0.0,0.0321923099046335,1,,,3.989999999999995,,,,,,0,108.23366666666666,-2.596333333333334
2022-04-18,110.83,108.24,116.8441,93.03,218.62947,29.2549,80.0437,3.6725,110.83,0.0,0.0261066750692303,1,0.0,0.013103706476974786,2.5900000000000034,110.83,,,,0.0,0,108.20733333333331,-2.6226666666666887
2022-04-19,105.49,102.54,117.1324,276.08,213.51726,29.2549,79.4529,3.6725,105.49,-0.0481819002075251,0.0267210682453284,0,-0.04818190020752511,-0.05266075388026592,2.9499999999999886,109.05,,0.03406974836719453,,0.04818190020752511,1,108.46499999999997,2.97499999999998
2022-04-20,105.05,102.56,116.7306,95.07,189.60825,29.2549,79.0287,3.6725,105.05,-0.0041710114702815,0.0210899904535397,0,-0.004171011470281538,0.00019504583577134582,2.489999999999995,108.05,,0.026695352815721694,,0.004171011470281538,0,108.75099999999998,3.700999999999979
2022-04-21,107.2,103.89,117.1432,89.05,128.2644,29.2549,77.0809,3.6725,107.2,0.0204664445502142,0.020866714547257,0,0.02046644455021429,0.01296801872074882,3.3100000000000023,107.88,107.88,0.02888818386093968,,0.02046644455021429,1,108.96533333333333,1.7653333333333308
2022-04-22,105.15,102.86,118.0186,148.56,246.79726,29.2549,74.999,3.6725,105.15,-0.0191231343283582,0.021415536084386,0,-0.019123134328358216,-0.009914332467032438,2.2900000000000063,107.425,107.425,0.025510128259289357,0.025510128259289357,0.019123134328358216,1,109.248,4.097999999999999
2022-04-23,105.15,102.86,118.0186,112.1,134.42303,29.2549,73.505,3.6725,105.15,0.0,0.021415536084386,1,0.0,0.0,2.2900000000000063,107.10000000000001,107.10000000000001,0.023193961383277062,0.023193961383277062,0.0,0,109.58066666666667,4.430666666666667
2022-04-24,105.15,102.86,118.0186,131.87,50.44519,29.2549,73.505,3.6725,105.15,0.0,0.021415536084386,1,0.0,0.0,2.2900000000000063,106.28857142857143,106.85625,0.021415536084386084,0.021415536084386084,0.0,0,109.93466666666667,4.784666666666666
2022-04-25,99.27,99.6,118.6271,126.9,246.89946,29.2549,73.505,3.6725,99.27,-0.0559201141226819,0.0277401579776516,0,-0.05592011412268194,-0.03169356406766488,-0.3299999999999983,104.63714285714286,106.01333333333334,0.02774015797765169,0.02624411802844979,0.05592011412268194,1,110.50600000000001,11.236000000000018
2022-04-26,102.89,102.62,118.9624,130.06,160.54448,29.2549,73.3611,3.6725,102.89,0.0364662032839731,0.0294048912643068,0,0.0364662032839731,0.030321285140562315,0.269999999999996,104.26571428571428,105.701,0.02940489126430684,0.02964082299294191,0.0364662032839731,1,111.07000000000001,8.180000000000007
2022-04-27,103.3,101.96,119.4708,69.39,186.69865,29.2549,72.7089,3.6725,103.3,0.0039848381766935,0.0295205758485702,0,0.003984838176693595,-0.00643149483531491,1.3400000000000034,104.01571428571427,105.48272727272727,0.029520575848570266,0.028194253025214878,0.003984838176693595,0,111.66633333333334,8.366333333333344
2022-04-28,105.78,105.47,120.0675,80.21,176.37631,29.2549,72.8764,3.6725,105.78,0.0240077444336883,0.0299966212910387,0,0.02400774443368836,0.034425264809729406,0.3100000000000023,103.81285714285715,105.5075,0.029996621291038767,0.02829942817243428,0.02400774443368836,1,112.18000000000002,6.40000000000002
2022-04-29,108.36,104.59,119.4933,126.12,148.93715,29.2549,72.2953,3.6725,108.36,0.024390243902439,0.0302464211226391,0,0.024390243902439046,-0.00834360481653551,3.769999999999996,104.27142857142859,105.72692307692309,0.030246421122639144,0.02818800153296817,0.024390243902439046,1,112.60766666666667,4.2476666666666745
2022-04-30,108.36,104.59,119.4933,281.5,168.43564,29.2549,71.0237,3.6725,108.36,0.0,0.0302464211226391,1,0.0,0.0,3.769999999999996,104.72999999999999,105.91499999999999,0.030246421122639144,0.026991191957213143,0.0,0,113.09600000000002,4.736000000000018
2022-05-01,108.36,104.59,119.4933,150.39,66.92056,29.2549,71.0237,3.6725,108.36,0.0,0.0302464211226391,1,0.0,0.0,3.769999999999996,105.18857142857142,106.078,0.030246421122639144,0.025934962346117665,0.0,0,113.66833333333335,5.308333333333351
2022-05-02,108.36,105.18,119.8825,99.33,96.670265,29.2549,71.0237,3.6725,108.36,0.0,0.0152161262025978,1,0.0,0.0056410746725308325,3.1799999999999926,106.48714285714286,106.220625,0.0152161262025978,0.024993779589874438,0.0,0,114.1296666666667,5.769666666666694
2022-05-03,104.94,102.53,119.7043,103.64,157.4735,29.2549,71.0237,3.6725,104.94,-0.0315614617940199,0.018803048730276,0,-0.031561461794019974,-0.025194903974139593,2.4099999999999966,106.78,106.14529411764705,0.018803048730276047,0.025310794507600244,0.031561461794019974,1,114.70500000000001,9.765000000000015
2022-05-04,110.53,107.84,119.5592,123.78,163.44907,29.2549,71.0237,3.6725,110.53,0.0532685344006098,0.0267793938893786,0,0.05326853440060986,0.05178972008192728,2.6899999999999977,107.81285714285715,106.38888888888889,0.026779393889378635,0.028062797206422414,0.05326853440060986,1,115.21000000000001,4.680000000000007
2022-05-05,112.11,108.17,120.0068,87.92,144.69875,29.2549,69.416,3.6725,112.11,0.0142947616031845,0.0261784192945735,0,0.014294761603184547,0.0030600890207714837,3.9399999999999977,108.71714285714286,106.69,0.026178419294573572,0.027426479829548094,0.014294761603184547,0,115.66233333333331,3.5523333333333085
2022-05-06,113.86,109.72,119.8577,212.5,174.06805,29.2549,66.2378,3.6725,113.86,0.0156096690750155,0.025498788471919,0,0.015609669075015598,0.014329296477766373,4.140000000000001,109.50285714285714,107.04849999999999,0.025498788471919,0.0268637823394789,0.015609669075015598,0,116.05633333333331,2.196333333333314
2022-05-07,113.86,109.72,119.8577,108.42,97.71586,29.2549,67.3843,3.6725,113.86,0.0,0.025498788471919,1,0.0,0.0,4.140000000000001,110.28857142857144,107.37285714285714,0.025498788471919,0.02615026331162338,0.0,0,116.42733333333331,2.567333333333309
2022-05-08,113.86,109.72,119.8577,307.96,98.48174,29.2549,67.3843,3.6725,113.86,0.0,0.025498788471919,1,0.0,0.0,4.140000000000001,111.07428571428571,107.66772727272728,0.025498788471919,0.025490749396863275,0.0,0,116.86166666666664,3.0016666666666367
2022-05-09,106.67,103.08,120.4972,97.81,150.86942,29.2549,67.3843,3.6725,106.67,-0.0631477252766555,0.0370816391079903,0,-0.06314772527665558,-0.060517681370761967,3.5900000000000034,110.83285714285715,107.62434782608696,0.03708163910799039,0.0284495118235735,0.06314772527665558,1,117.61266666666663,10.942666666666625
2022-05-10,102.61,99.74,120.7742,135.75,143.24617,29.2549,67.3843,3.6725,102.61,-0.0380613105840442,0.0380249170480527,0,-0.03806131058404427,-0.03240201785021346,2.8700000000000045,110.5,107.41541666666666,0.038024917048052755,0.028830427613170298,0.03806131058404427,1,118.47466666666664,15.864666666666636
2022-05-11,107.7,105.5,120.3925,102.02,176.37631,29.2549,67.3843,3.6725,107.7,0.0496053016275217,0.0371432380933633,0,0.04960530162752175,0.05775015039101672,2.200000000000003,110.09571428571428,107.4268,0.037143238093363375,0.030167993307128618,0.04960530162752175,1,119.13266666666664,11.432666666666634
2022-05-12,108.06,106.15,121.2796,144.73,158.26106,29.2549,68.8389,3.6725,108.06,0.0033426183844011,0.0365137347711808,0,0.003342618384401197,0.006161137440758413,1.9099999999999966,109.51714285714286,107.45115384615384,0.036513734771180896,0.029544164180395682,0.003342618384401197,0,119.77866666666664,11.718666666666635
2022-05-13,112.12,110.52,120.8442,140.0,162.08282,29.2549,65.7916,3.6725,112.12,0.0375717194151397,0.0393773801487846,0,0.037571719415139704,0.041168158266603694,1.6000000000000085,109.26857142857143,107.62407407407407,0.03937738014878466,0.029899050218958372,0.037571719415139704,1,120.28933333333333,8.169333333333327
2022-05-14,112.12,110.52,120.8442,130.88,83.80008,29.2549,63.7799,3.6725,112.12,0.0,0.0393773801487846,1,0.0,0.0,1.6000000000000085,109.02,107.78464285714286,0.03937738014878466,0.029318918351440158,0.0,0,120.83333333333331,8.71333333333331
2022-05-15,112.12,110.52,120.8442,184.23,77.84102,29.2549,63.7799,3.6725,112.12,0.0,0.0393773801487846,1,0.0,0.0,1.6000000000000085,108.77142857142857,107.93413793103448,0.03937738014878466,0.028771297055874816,0.0,0,121.32999999999998,9.20999999999998
2022-05-16,114.86,114.07,120.6881,124.37,168.75345,29.2549,63.7799,3.6725,114.86,0.0244381020335353,0.0291108637503748,0,0.024438102033535358,0.0321208830980817,0.7900000000000063,109.94142857142857,108.16499999999999,0.029110863750374843,0.028591355050071793,0.024438102033535358,1,121.66666666666667,6.806666666666672
2022-05-17,112.89,112.31,119.8871,101.23,174.62418,29.2549,63.4445,3.6725,112.89,-0.0171513146439142,0.0238337864813811,0,-0.017151314643914284,-0.015429122468659462,0.5799999999999983,111.41,108.23366666666668,0.023833786481381184,0.028302569712992373,0.017151314643914284,0,122.09633333333336,9.206333333333362
2022-05-18,110.04,109.67,120.0274,97.83,165.89597,29.2549,63.5428,3.6725,110.04,-0.0252458145096996,0.0218947053399874,0,-0.02524581450969965,-0.02350636630754166,0.37000000000000455,111.74428571428572,108.20733333333334,0.021894705339987473,0.028705905700887317,0.02524581450969965,1,122.40233333333335,12.36233333333334
2022-05-19,113.22,112.21,119.4278,157.59,162.38077,29.2549,63.5643,3.6725,113.22,0.0288985823336966,0.0239419776730987,0,0.028898582333696687,0.02316039026169414,1.0100000000000051,112.48142857142857,108.46499999999999,0.023941977673098726,0.027660090974845113,0.028898582333696687,1,122.60233333333332,9.382333333333321
2022-05-20,113.63,112.63,119.3677,185.12,140.96033,29.2549,62.4031,3.6725,113.63,0.0036212683271505,0.0197766402372528,0,0.003621268327150595,0.0037429819089207506,1.0,112.69714285714285,108.751,0.019776640237252886,0.027629601878137764,0.003621268327150595,0,122.78866666666664,9.158666666666647
2022-05-21,113.63,112.63,119.3677,157.27,124.22129,29.2549,58.8862,3.6725,113.63,0.0,0.0197766402372528,1,0.0,0.0,1.0,112.91285714285713,108.96533333333333,0.019776640237252886,0.027435239627664403,0.0,0,122.94266666666665,9.312666666666658
2022-05-22,113.63,112.63,119.3677,247.4,75.09599,29.2549,58.8862,3.6725,113.63,0.0,0.0197766402372528,1,0.0,0.0,1.0,113.12857142857142,109.24799999999999,0.019776640237252886,0.027140668215608163,0.0,0,123.10533333333333,9.475333333333339
2022-05-23,115.13,110.32,118.7169,135.77,150.30847,29.2549,58.8862,3.6725,115.13,0.0132007392413975,0.0180390409618373,0,0.01320073924139753,-0.02050963331261657,4.810000000000002,113.16714285714285,109.58066666666667,0.018039040961837387,0.02719818981600317,0.01320073924139753,0,123.11899999999999,7.98899999999999
2022-05-24,115.77,112.55,118.6245,135.79,222.35826,29.2549,58.2087,3.6725,115.77,0.0055589333796577,0.0162989368435094,0,0.005558933379657738,0.02021392313270498,3.219999999999999,113.57857142857142,109.93466666666667,0.01629893684350949,0.02719325401781465,0.005558933379657738,0,123.07666666666665,7.306666666666658
2022-05-25,116.41,112.88,118.9598,100.89,155.1035,29.2549,56.969,3.6725,116.41,0.0055282024704155,0.0101894316947014,0,0.005528202470415522,0.002932030208796066,3.530000000000001,114.48857142857142,110.50600000000001,0.010189431694701403,0.0247632399762812,0.005528202470415522,0,123.10833333333333,6.698333333333338
2022-05-26,119.81,116.19,118.7687,132.56,134.57306,29.2549,56.2996,3.6725,119.81,0.0292071127909974,0.0102944418493084,0,0.029207112790997414,0.02932317505315374,3.6200000000000045,115.42999999999999,111.07,0.010294441849308484,0.02448535123052968,0.029207112790997414,1,123.02666666666667,3.2166666666666686
2022-05-27,121.19,114.96,118.2834,145.02,155.51962,29.2549,62.0495,3.6725,121.19,0.0115182372089139,0.0101458566500655,0,0.011518237208913984,-0.010586108959462992,6.230000000000004,116.50999999999999,111.66633333333334,0.01014585665006556,0.024509181797723645,0.011518237208913984,0,122.89900000000003,1.7090000000000316
2022-05-28,121.19,114.96,118.2834,61.72,118.47524,29.2549,66.4029,3.6725,121.19,0.0,0.0101458566500655,1,0.0,0.0,6.230000000000004,117.59,112.17999999999999,0.01014585665006556,0.024279289757653373,0.0,0,122.849,1.659000000000006
2022-05-29,121.19,114.96,118.2834,79.32,76.05385,29.2549,66.4029,3.6725,121.19,0.0,0.0101458566500655,1,0.0,0.0,6.230000000000004,118.66999999999999,112.60766666666667,0.01014585665006556,0.024008552786395104,0.0,0,122.88300000000002,1.6930000000000263
2022-05-30,123.01,114.96,118.2834,82.99,115.82404,29.2549,66.4029,3.6725,123.01,0.0150177407376845,0.0102849456492216,1,0.015017740737684582,0.0,8.050000000000011,119.79571428571428,113.096,0.010284945649221654,0.024078380428305717,0.015017740737684582,0,122.80933333333336,-0.200666666666649
2022-05-31,125.53,114.38,118.0704,72.9,190.3091,29.2549,63.0975,3.6725,125.53,0.0204861393382651,0.0108520648201865,0,0.020486139338265152,-0.005045233124565063,11.150000000000006,121.19000000000001,113.66833333333332,0.010852064820186517,0.024235837756906124,0.020486139338265152,1,122.6176666666667,-2.912333333333308
2022-06-01,122.2,115.26,118.6954,161.66,168.34361,29.2549,61.6069,3.6725,122.2,-0.0265275233012028,0.0181739507891448,0,-0.026527523301202893,0.007693652736492584,6.939999999999998,122.01714285714286,114.12966666666667,0.018173950789144806,0.02490674879890782,0.026527523301202893,1,122.51800000000001,0.31800000000001205
2022-06-02,122.2,116.88,118.0658,144.13,142.59398,29.2549,61.4733,3.6725,122.2,0.0,0.0153925829979737,1,0.0,0.014055179593961409,5.320000000000007,122.35857142857142,114.705,0.015392582997973787,0.023988707894295015,0.0,0,122.41833333333335,0.21833333333334792
2022-06-03,125.68,118.97,118.2153,163.85,142.7831,29.2549,61.575,3.6725,125.68,0.0284779050736498,0.018071671696139,0,0.02847790507364989,0.017881587953456624,6.710000000000008,123.0,115.21000000000001,0.018071671696139022,0.02267262955772682,0.02847790507364989,1,122.20266666666667,-3.477333333333334
2022-06-04,125.68,118.97,118.2153,88.7,102.87478,29.2549,61.9659,3.6725,125.68,0.0,0.018071671696139,1,0.0,0.0,6.710000000000008,123.64142857142858,115.66233333333334,0.018071671696139022,0.02261070999921145,0.0,0,122.07333333333335,-3.606666666666655
2022-06-05,125.68,118.97,118.2153,139.95,70.29321,29.2549,61.9659,3.6725,125.68,0.0,0.018071671696139,1,0.0,0.0,6.710000000000008,124.28285714285714,116.05633333333334,0.018071671696139022,0.02251528469415928,0.0,0,121.56700000000001,-4.1129999999999995
2022-06-06,124.99,118.41,118.3081,127.27,190.1253,29.2549,61.9659,3.6725,124.99,-0.0054901336728199,0.0179048332468454,0,-0.005490133672819919,-0.004707069008993869,6.579999999999998,124.5657142857143,116.42733333333334,0.01790483324684541,0.022567340713820005,0.005490133672819919,0,121.01866666666668,-3.9713333333333196
2022-06-07,126.89,119.55,118.4414,167.65,139.03113,29.2549,61.1094,3.6725,126.89,0.0152012160972878,0.0171098996768752,0,0.015201216097287862,0.009627565239422431,7.340000000000003,124.75999999999999,116.86166666666666,0.017109899676875272,0.022659727254460582,0.015201216097287862,0,120.569,-6.320999999999998
2022-06-08,129.2,121.94,118.3951,110.13,152.36682,29.2549,60.9565,3.6725,129.2,0.0182047442666875,0.0125784238225503,0,0.0182047442666875,0.019991635299038135,7.259999999999991,125.76,117.61266666666667,0.012578423822550316,0.0189228989608799,0.0182047442666875,1,120.06066666666668,-9.139333333333312
2022-06-09,128.47,121.52,118.9226,112.11,115.554695,29.2549,60.2282,3.6725,128.47,-0.0056501547987615,0.013339803891174,0,-0.00565015479876152,-0.003444316877152742,6.950000000000003,126.6557142857143,118.47466666666668,0.013339803891174026,0.01712622076604958,0.00565015479876152,0,119.57666666666665,-8.893333333333345
2022-06-10,127.44,120.73,119.9981,93.65,94.34528,29.2549,58.3895,3.6725,127.44,-0.008017435977271,0.0104867617708116,0,-0.008017435977271004,-0.00650098749177086,6.709999999999994,126.90714285714286,119.13266666666667,0.010486761770811696,0.015404502659062692,0.008017435977271004,0,119.12699999999998,-8.313000000000017
2022-06-11,127.44,120.73,119.9981,80.16,103.960754,29.2549,57.778,3.6725,127.44,0.0,0.0104867617708116,1,0.0,0.0,6.709999999999994,127.15857142857143,119.77866666666667,0.010486761770811696,0.01543449792135194,0.0,0,118.70733333333331,-8.732666666666688
2022-06-12,127.44,120.73,119.9981,124.32,83.74469,29.2549,57.778,3.6725,127.44,0.0,0.0104867617708116,1,0.0,0.0,6.709999999999994,127.41,120.28933333333335,0.010486761770811696,0.014230525064129553,0.0,0,118.02533333333332,-9.414666666666676
2022-06-13,128.44,120.92,121.1523,95.37,147.22523,29.2549,57.778,3.6725,128.44,0.0078468298807281,0.0100958719043431,0,0.007846829880728157,0.0015737596289240319,7.519999999999996,127.90285714285714,120.83333333333333,0.010095871904343183,0.014219430769078481,0.007846829880728157,0,117.3163333333333,-11.123666666666693
2022-06-14,127.02,118.92,121.6669,120.62,136.36642,29.2549,57.778,3.6725,127.02,-0.0110557458735596,0.0100926249312717,0,-0.01105574587355962,-0.016539861065167027,8.099999999999994,127.92142857142858,121.32999999999998,0.010092624931271778,0.014484557979885722,0.01105574587355962,0,116.67366666666665,-10.346333333333348
2022-06-15,124.96,115.32,121.6403,140.82,110.05208,29.2549,57.0926,3.6725,124.96,-0.0162179184380413,0.0080266604330984,0,-0.016217918438041323,-0.030272452068617617,9.64,127.3157142857143,121.66666666666667,0.008026660433098447,0.014434259816802363,0.016217918438041323,0,116.25033333333332,-8.709666666666678
2022-06-16,125.78,117.56,120.6714,189.54,132.28223,29.2549,56.6624,3.6725,125.78,0.0065620998719591,0.0090541754845059,0,0.006562099871959104,0.019424210891432647,8.219999999999999,126.93142857142857,122.09633333333333,0.009054175484505949,0.01393834784785297,0.006562099871959104,0,115.79966666666665,-9.980333333333348
2022-06-17,119.22,109.56,121.2369,108.29,114.047714,29.2549,56.8691,3.6725,119.22,-0.0521545555732231,0.0208408742186669,0,-0.05215455557322313,-0.06805035726437558,9.659999999999997,125.75714285714285,122.40233333333332,0.0208408742186669,0.016496612142896022,0.05215455557322313,1,115.56766666666667,-3.652333333333331
2022-06-18,119.22,109.56,121.2369,143.96,98.11555,29.2549,56.7101,3.6725,119.22,0.0,0.0208408742186669,1,0.0,0.0,9.659999999999997,124.58285714285714,122.60233333333333,0.0208408742186669,0.01574723975515875,0.0,0,115.50266666666668,-3.7173333333333147
2022-06-19,119.22,109.56,121.2369,184.49,56.464222,29.2549,56.7101,3.6725,119.22,0.0,0.0208408742186669,1,0.0,0.0,9.659999999999997,123.40857142857143,122.78866666666666,0.0208408742186669,0.01574702513349872,0.0,0,115.36066666666667,-3.859333333333325
2022-06-20,118.25,109.56,121.2369,165.42,115.72289,29.2549,56.7101,3.6725,118.25,-0.0081362187552423,0.0194819037050776,1,-0.008136218755242397,0.0,8.689999999999998,121.95285714285714,122.94266666666665,0.019481903705077682,0.015847470774932766,0.008136218755242397,0,115.28100000000002,-2.96899999999998
2022-06-21,118.51,110.49,120.6427,140.11,116.76955,29.2549,56.1727,3.6725,118.51,0.0021987315010572,0.0201723009696153,0,0.002198731501057205,0.008488499452354858,8.02000000000001,120.73714285714286,123.10533333333333,0.02017230096961538,0.015845608217985176,0.002198731501057205,0,115.09100000000002,-3.4189999999999827
2022-06-22,115.54,106.22,120.5197,96.97,121.32016,29.2549,54.7081,3.6725,115.54,-0.0250611762720445,0.0209134141457715,0,-0.025061176272044516,-0.038646031315051066,9.320000000000007,119.39142857142858,123.119,0.020913414145771567,0.01640347025399005,0.025061176272044516,1,114.79866666666666,-0.7413333333333441
2022-06-23,114.5,105.75,120.7622,96.96,143.56232,29.2549,53.2788,3.6725,114.5,-0.0090012117015753,0.0195235282120702,0,-0.009001211701575307,-0.004424778761061954,8.75,117.78,123.07666666666667,0.019523528212070294,0.016456286841873398,0.009001211701575307,0,114.541,0.04099999999999682
2022-06-24,117.36,109.07,120.4853,111.86,149.35893,29.2549,53.3578,3.6725,117.36,0.0249781659388645,0.0151205690670645,0,0.024978165938864594,0.03139479905437348,8.290000000000006,117.5142857142857,123.10833333333333,0.01512056906706454,0.01706313643596156,0.024978165938864594,1,114.18800000000002,-3.171999999999983
2022-06-25,117.36,109.07,120.4853,91.56,123.235405,29.2549,53.3234,3.6725,117.36,0.0,0.0151205690670645,1,0.0,0.0,8.290000000000006,117.24857142857142,123.02666666666666,0.01512056906706454,0.01617362310457884,0.0,0,113.88366666666667,-3.4763333333333293
2022-06-26,117.36,109.07,120.4853,239.87,75.86033,29.2549,53.3234,3.6725,117.36,0.0,0.0151205690670645,1,0.0,0.0,8.290000000000006,116.98285714285714,122.89899999999999,0.01512056906706454,0.016012913263632716,0.0,0,113.549,-3.810999999999993
2022-06-27,119.69,111.44,120.1736,140.94,131.99985,29.2549,53.3234,3.6725,119.69,0.0198534423994547,0.0168718837581192,0,0.019853442399454746,0.02172916475657849,8.25,117.18857142857144,122.849,0.016871883758119263,0.01645738139366989,0.019853442399454746,1,113.214,-6.475999999999999
2022-06-28,122.21,113.66,120.62,129.96,200.76169,29.2549,53.3641,3.6725,122.21,0.0210543905088143,0.0183746302379029,0,0.021054390508814302,0.019921033740129213,8.549999999999997,117.71714285714286,122.88300000000001,0.018374630237902968,0.016912490418187334,0.021054390508814302,1,112.79633333333332,-9.413666666666671
2022-06-29,120.8,111.65,120.9616,135.33,181.88808,29.2549,52.9699,3.6725,120.8,-0.0115375173881023,0.0151752187729699,0,-0.01153751738810238,-0.01768432166109446,9.149999999999991,118.46857142857144,122.80933333333333,0.015175218772969908,0.016816725528384993,0.01153751738810238,0,112.48666666666668,-8.313333333333318
2022-06-30,119.78,107.76,120.9652,158.37,173.20616,29.2549,51.158,3.6725,119.78,-0.0084437086092714,0.01508161340906,0,-0.00844370860927146,-0.03484102104791764,12.019999999999996,119.22285714285714,122.61766666666668,0.015081613409060089,0.016398073749614925,0.00844370860927146,0,112.21100000000001,-7.568999999999988
2022-07-01,119.21,110.3,121.5058,177.73,119.07924,29.2549,52.5123,3.6725,119.21,-0.0047587243279345,0.013084084456702,0,-0.00475872432793456,0.023570898292501807,8.909999999999997,119.48714285714287,122.518,0.01308408445670205,0.01571670477549833,0.00475872432793456,0,111.95433333333335,-7.255666666666642
2022-07-02,119.21,110.3,121.5058,130.95,60.2285,29.2549,53.7676,3.6725,119.21,0.0,0.013084084456702,1,0.0,0.0,8.909999999999997,119.75142857142858,122.41833333333334,0.01308408445670205,0.01571670477549833,0.0,0,111.51700000000001,-7.692999999999984
2022-07-03,119.21,110.3,121.5058,135.95,30.205784,29.2549,53.7676,3.6725,119.21,0.0,0.013084084456702,1,0.0,0.0,8.909999999999997,120.01571428571428,122.20266666666666,0.01308408445670205,0.01472185478731655,0.0,0,111.09366666666669,-8.116333333333301
2022-07-04,121.8,110.3,121.5058,309.83,80.43763,29.2549,53.7676,3.6725,121.8,0.0217263652378156,0.0135146986482977,1,0.02172636523781568,0.0,11.5,120.31714285714284,122.07333333333332,0.013514698648297727,0.015327950103709792,0.02172636523781568,1,110.42766666666671,-11.372333333333287
2022-07-05,110.49,101.55,122.6203,116.59,109.64945,29.2549,55.0858,3.6725,110.49,-0.0928571428571428,0.0365342575257262,0,-0.09285714285714286,-0.0793291024478695,8.939999999999998,118.64285714285714,121.56700000000001,0.03653425752572625,0.022724560990091618,0.09285714285714286,1,110.01100000000002,-0.4789999999999708
2022-07-06,108.54,100.31,123.0073,91.52,138.98885,29.2549,58.5118,3.6725,108.54,-0.017648655986967,0.0365471005597905,0,-0.017648655986967077,-0.012210733628754245,8.230000000000004,116.89142857142856,121.01866666666666,0.0365471005597905,0.022859608737428913,0.017648655986967077,0,109.73666666666668,1.1966666666666725
2022-07-07,113.4,104.62,122.7257,93.67,88.63057,29.2549,62.911,3.6725,113.4,0.0447761194029849,0.0429996679859028,0,0.04477611940298498,0.04296680291097599,8.780000000000001,115.98,120.569,0.04299966798590282,0.02432610298602209,0.04477611940298498,1,109.30033333333334,-4.099666666666664
2022-07-08,113.95,106.78,122.4662,104.33,110.41893,29.2549,63.1427,3.6725,113.95,0.0048500881834214,0.0432346056695253,0,0.004850088183421475,0.02064614796406028,7.170000000000002,115.22857142857143,120.06066666666666,0.04323460566952531,0.024036739853628364,0.004850088183421475,0,108.84566666666666,-5.104333333333344
2022-07-09,113.95,106.78,122.4662,104.17,70.48016,29.2549,61.2664,3.6725,113.95,0.0,0.0432346056695253,1,0.0,0.0,7.170000000000002,114.47714285714287,119.57666666666665,0.04323460566952531,0.02404460549530555,0.0,0,108.496,-5.454000000000008
2022-07-10,113.95,106.78,122.4662,210.3,38.51823,29.2549,61.2664,3.6725,113.95,0.0,0.0432346056695253,1,0.0,0.0,7.170000000000002,113.72571428571428,119.127,0.04323460566952531,0.024039535721067002,0.0,0,108.15799999999999,-5.792000000000016
2022-07-11,114.85,106.09,123.2974,200.3,112.85301,29.2549,61.2664,3.6725,114.85,0.0078982009653356,0.0420787473688485,0,0.007898200965335667,-0.006461884247986438,8.759999999999991,112.73285714285714,118.70733333333332,0.04207874736884857,0.024121552410033296,0.007898200965335667,0,107.83166666666665,-7.018333333333345
2022-07-12,106.98,97.69,123.4524,126.67,113.63868,29.2549,61.3045,3.6725,106.98,-0.0685241619503699,0.0341091246213867,0,-0.06852416195036992,-0.0791780563672354,9.290000000000006,112.23142857142857,118.02533333333332,0.03410912462138679,0.026895775697876444,0.06852416195036992,1,107.83866666666667,0.8586666666666645
2022-07-13,107.17,98.44,123.2834,52.82,182.87045,29.2549,58.8541,3.6725,107.17,0.0017760329033464,0.0336089447582351,0,0.0017760329033464917,0.007677346708977462,8.730000000000004,112.03571428571429,117.31633333333335,0.0336089447582351,0.026814959477566083,0.0017760329033464917,0,107.72299999999998,0.5529999999999831
2022-07-14,107.74,97.79,124.0622,203.03,165.3528,29.2549,58.5322,3.6725,107.74,0.005318652608006,0.0273079869910817,0,0.005318652608006014,-0.006603006907760944,9.949999999999989,111.22714285714285,116.67366666666666,0.02730798699108175,0.026867885542294957,0.005318652608006014,0,107.58833333333334,-0.15166666666665662
2022-07-15,112.26,99.59,123.4765,210.77,192.03291,29.2549,58.2568,3.6725,112.26,0.0419528494523855,0.0329905917492596,0,0.04195284945238553,0.0184067900603333,12.670000000000002,110.9857142857143,116.25033333333334,0.03299059174925968,0.028109107090124347,0.04195284945238553,1,107.30299999999997,-4.957000000000036
2022-07-16,112.26,99.59,123.4765,214.9,102.601654,29.2549,57.8323,3.6725,112.26,0.0,0.0329905917492596,1,0.0,0.0,12.670000000000002,110.74428571428572,115.79966666666665,0.03299059174925968,0.02805622483436326,0.0,0,106.83599999999998,-5.424000000000021
2022-07-17,112.26,99.59,123.4765,195.72,107.43463,29.2549,57.8323,3.6725,112.26,0.0,0.0329905917492596,1,0.0,0.0,12.670000000000002,110.50285714285714,115.56766666666667,0.03299059174925968,0.026503337657340503,0.0,0,106.27266666666667,-5.987333333333339
2022-07-18,117.27,104.48,122.7727,182.94,128.70917,29.2549,57.8323,3.6725,117.27,0.044628540887226,0.0373906790032116,0,0.04462854088722601,0.04910131539311169,12.789999999999992,110.84857142857143,115.50266666666667,0.037390679003211684,0.027819135839249068,0.04462854088722601,1,105.6043333333333,-11.665666666666695
2022-07-19,114.96,106.12,122.4819,177.18,151.07994,29.2549,56.5616,3.6725,114.96,-0.0196981325147096,0.0237675814889673,0,-0.019698132514709643,0.015696784073506942,8.83999999999999,111.98857142857143,115.36066666666667,0.023767581488967387,0.028046634991222123,0.019698132514709643,1,104.98399999999998,-9.976000000000013
2022-07-20,115.86,104.45,122.5997,113.33,149.5641,29.2549,55.437,3.6725,115.86,0.0078288100208769,0.0235030315933378,0,0.007828810020876986,-0.015736901620806654,11.409999999999997,113.22999999999999,115.281,0.02350303159333783,0.02805452554025605,0.007828810020876986,0,104.33699999999999,-11.52300000000001
2022-07-21,112.81,98.44,122.9032,132.76,117.50663,36.5686,54.8491,3.6725,112.81,-0.0263248748489556,0.0275668267312241,0,-0.026324874848955626,-0.05753949258018198,14.370000000000005,113.95428571428572,115.091,0.027566826731224157,0.028447868646476637,0.026324874848955626,1,103.79166666666666,-9.018333333333345
2022-07-22,106.77,97.71,122.451,138.82,125.47605,36.5686,56.4783,3.6725,106.77,-0.0535413527169578,0.0307779108952825,0,-0.05354135271695781,-0.007415684681024048,9.060000000000002,113.17,114.79866666666666,0.03077791089528259,0.02971710031389586,0.05354135271695781,1,103.44766666666663,-3.3223333333333613
2022-07-23,106.77,97.71,122.451,100.99,109.9193,36.5686,57.3917,3.6725,106.77,0.0,0.0307779108952825,1,0.0,0.0,9.060000000000002,112.38571428571427,114.541,0.03077791089528259,0.029691386503869047,0.0,0,103.05733333333332,-3.712666666666678
2022-07-24,106.77,97.71,122.451,209.57,89.2608,36.5686,57.3917,3.6725,106.77,0.0,0.0307779108952825,1,0.0,0.0,9.060000000000002,111.60142857142856,114.188,0.03077791089528259,0.029259047315511277,0.0,0,102.81466666666664,-3.955333333333357
2022-07-25,108.23,99.83,122.4594,120.62,109.55962,36.5686,57.3917,3.6725,108.23,0.013674253067341,0.0235423658301094,0,0.013674253067341047,0.021696858049329748,8.400000000000006,110.30999999999999,113.88366666666667,0.023542365830109494,0.029409046497727888,0.013674253067341047,0,102.53599999999997,-5.694000000000031
2022-07-26,107.32,97.74,122.7581,94.68,160.8621,36.5686,57.7821,3.6725,107.32,-0.008408019957498,0.0232441130158,0,-0.00840801995749807,-0.020935590503856627,9.579999999999998,109.21857142857144,113.54899999999999,0.023244113015800014,0.02942676025728206,0.00840801995749807,0,102.2523333333333,-5.067666666666696
2022-07-27,109.64,100.03,122.8169,181.99,145.5434,36.5686,58.6605,3.6725,109.64,0.0216175922474841,0.0254416210831257,0,0.021617592247484163,0.02342950685492129,9.61,108.33000000000001,113.214,0.025441621083125754,0.029474790908807006,0.021617592247484163,1,101.96866666666665,-7.671333333333351
2022-07-28,109.68,99.11,122.1161,111.0,106.684944,36.5686,60.2198,3.6725,109.68,0.0003648303538854,0.0241283092898021,0,0.00036483035388545915,-0.00919724082775164,10.570000000000007,107.88285714285713,112.79633333333332,0.024128309289802103,0.0291451545758038,0.00036483035388545915,0,101.68366666666664,-7.996333333333368
2022-07-29,111.51,101.31,121.7678,130.23,68.24625,36.5686,60.2031,3.6725,111.51,0.0166849015317287,0.0110134959071785,0,0.016684901531728746,0.02219755826859049,10.200000000000003,108.55999999999999,112.48666666666668,0.011013495907178561,0.02932096183567019,0.016684901531728746,0,101.33766666666665,-10.172333333333356
2022-07-30,111.51,101.31,121.7678,61.72,119.982765,36.5686,61.3101,3.6725,111.51,0.0,0.0110134959071785,1,0.0,0.0,10.200000000000003,109.23714285714287,112.211,0.011013495907178561,0.029299846001904484,0.0,0,100.99166666666666,-10.518333333333345
2022-07-31,111.51,101.31,121.7678,118.84,125.18424,36.5686,61.3101,3.6725,111.51,0.0,0.0110134959071785,1,0.0,0.0,10.200000000000003,109.91428571428573,111.95433333333334,0.011013495907178561,0.02929702761764759,0.0,0,100.58600000000001,-10.923999999999992
2022-08-01,106.09,96.59,121.4109,141.32,130.93153,36.5686,61.3101,3.6725,106.09,-0.0486055062326249,0.0228434748755913,0,-0.04860550623262494,-0.04658967525417035,9.5,109.60857142857142,111.517,0.022843474875591335,0.030512988788894194,0.04860550623262494,1,100.26800000000003,-5.821999999999974
2022-08-02,106.51,97.14,121.9486,96.66,204.47949,36.5686,62.0506,3.6725,106.51,0.0039589028183617,0.0227994886101203,0,0.003958902818361754,0.0056941712392586386,9.370000000000005,109.49285714285715,111.09366666666666,0.022799488610120332,0.03053682787545235,0.003958902818361754,0,99.79233333333335,-6.717666666666659
2022-08-03,101.82,93.25,122.3888,115.69,210.23157,36.5686,60.1595,3.6725,101.82,-0.0440334240916346,0.0253727019253755,0,-0.04403342409163469,-0.040045295449866125,8.569999999999993,108.37571428571428,110.42766666666667,0.025372701925375517,0.031035658600075983,0.04403342409163469,1,99.50133333333333,-2.318666666666658
2022-08-04,97.99,91.29,121.8333,78.43,212.05017,36.5686,60.2374,3.6725,97.99,-0.0376153997250049,0.0267521411690191,0,-0.03761539972500494,-0.021018766756032092,6.699999999999989,106.7057142857143,110.011,0.026752141169019188,0.02705614994649432,0.03761539972500494,1,99.33800000000001,1.3480000000000132
2022-08-05,100.31,91.77,122.321,107.43,163.93254,36.5686,60.258,3.6725,100.31,0.0236758852944178,0.0282494267087179,0,0.023675885294417887,0.005257969109431437,8.540000000000006,105.10571428571428,109.73666666666666,0.02824942670871792,0.027368276781774163,0.023675885294417887,1,99.09733333333335,-1.2126666666666495
2022-08-06,100.31,91.77,122.321,265.44,138.22935,36.5686,60.3696,3.6725,100.31,0.0,0.0282494267087179,1,0.0,0.0,8.540000000000006,103.50571428571429,109.30033333333333,0.02824942670871792,0.025896144856228893,0.0,0,98.89433333333334,-1.4156666666666666
2022-08-07,100.31,91.77,122.321,187.1,111.0358,36.5686,60.3696,3.6725,100.31,0.0,0.0282494267087179,1,0.0,0.0,8.540000000000006,101.90571428571427,108.84566666666666,0.02824942670871792,0.025855706505490406,0.0,0,98.59833333333333,-1.711666666666673
2022-08-08,103.46,93.52,121.8783,227.88,149.09796,36.5686,60.3696,3.6725,103.46,0.0314026517794834,0.0284111729432387,0,0.031402651779483426,0.019069412662090057,9.939999999999998,101.53,108.49600000000001,0.028411172943238774,0.026643225908398984,0.031402651779483426,1,98.044,-5.415999999999997
2022-08-09,103.81,93.18,121.8614,189.05,212.57118,36.5686,60.3164,3.6725,103.81,0.003382949932341,0.0283877075937973,0,0.003382949932341006,-0.0036355859709151783,10.629999999999995,101.14428571428572,108.15799999999999,0.028387707593797308,0.026662924358561206,0.003382949932341006,0,97.51666666666665,-6.293333333333351
2022-08-10,105.06,94.68,120.7543,84.3,80.653824,36.5686,60.3814,3.6725,105.06,0.0120412291686735,0.0222243002599111,0,0.012041229168673562,0.016097875080489432,10.379999999999995,101.60714285714286,107.83166666666666,0.02222430025991119,0.026730637432402407,0.012041229168673562,0,97.07066666666665,-7.989333333333349
2022-08-11,107.19,97.02,120.7163,99.36,130.26952,36.5686,60.4542,3.6725,107.19,0.0202741290691033,0.0124962984689793,0,0.020274129069103308,0.024714828897338226,10.170000000000002,102.92142857142858,107.83866666666667,0.012496298468979301,0.02395275261973198,0.020274129069103308,1,96.55366666666663,-10.636333333333369
2022-08-12,103.7,94.86,121.018,48.55,182.54019,36.5686,60.6229,3.6725,103.7,-0.0325590073700904,0.0201793700804829,0,-0.03255900737009043,-0.02226345083487935,8.840000000000003,103.4057142857143,107.723,0.020179370080482963,0.02469094369913849,0.03255900737009043,1,96.15299999999996,-7.54700000000004
2022-08-13,103.7,94.86,121.018,112.14,112.01919,36.5686,60.8993,3.6725,103.7,0.0,0.0201793700804829,1,0.0,0.0,8.840000000000003,103.89,107.58833333333334,0.020179370080482963,0.02466458072756254,0.0,0,95.8113333333333,-7.888666666666708
2022-08-14,103.7,94.86,121.018,95.08,120.09309,36.5686,60.8993,3.6725,103.7,0.0,0.0201793700804829,1,0.0,0.0,8.840000000000003,104.37428571428572,107.30300000000001,0.020179370080482963,0.023298107263434856,0.0,0,95.42266666666663,-8.277333333333374
2022-08-15,98.25,92.24,121.4315,145.63,110.41893,36.5686,60.8993,3.6725,98.25,-0.0525554484088717,0.0259512015510973,0,-0.05255544840887172,-0.027619650010541896,6.010000000000005,103.63,106.83600000000001,0.025951201551097366,0.025025239822437633,0.05255544840887172,1,95.24199999999996,-3.008000000000038
2022-08-16,95.36,89.23,121.6807,103.94,96.54114,36.5686,61.3747,3.6725,95.36,-0.02941475826972,0.0267015459404732,0,-0.029414758269720065,-0.03263226366001726,6.1299999999999955,102.42285714285713,106.27266666666667,0.02670154594047328,0.02543092114379432,0.029414758269720065,1,95.03933333333332,-0.320666666666682
2022-08-17,97.22,90.85,122.0711,75.77,156.08957,36.5686,61.4247,3.6725,97.22,0.019505033557047,0.0279304327854552,0,0.019505033557047025,0.01815532892524918,6.3700000000000045,101.30285714285715,105.60433333333334,0.027930432785455206,0.024116306114992207,0.019505033557047025,1,94.77966666666666,-2.440333333333342
2022-08-18,96.35,93.2,122.3627,92.67,100.73998,36.5686,60.7552,3.6725,96.35,-0.0089487759720222,0.0245070726718226,0,-0.00894877597202226,0.025866813428728763,3.1499999999999915,99.75428571428573,104.984,0.024507072671822686,0.023984412347339033,0.00894877597202226,0,94.54899999999999,-1.801000000000002
2022-08-19,96.45,93.55,123.0501,98.49,117.675575,36.5686,59.957,3.6725,96.45,0.0010378827192527,0.0237394389021472,0,0.0010378827192527584,0.00375536480686689,2.9000000000000057,98.71857142857142,104.33699999999999,0.023739438902147275,0.02388527430748924,0.0010378827192527584,0,94.315,-2.135000000000005
2022-08-20,96.45,93.55,123.0501,49.35,81.54013,36.5686,59.1321,3.6725,96.45,0.0,0.0237394389021472,1,0.0,0.0,2.9000000000000057,97.68285714285715,103.79166666666667,0.023739438902147275,0.023587424379684262,0.0,0,94.08099999999997,-2.369000000000028
2022-08-21,96.45,93.55,123.0501,149.65,122.68769,36.5686,59.1321,3.6725,96.45,0.0,0.0237394389021472,1,0.0,0.0,2.9000000000000057,96.64714285714287,103.44766666666666,0.023739438902147275,0.021735790261302384,0.0,0,93.85333333333331,-2.5966666666666924
2022-08-22,95.06,93.42,123.605,169.02,101.72952,36.5686,59.1321,3.6725,95.06,-0.0144116122343183,0.0151992874340682,0,-0.014411612234318305,-0.0013896312132548605,1.6400000000000006,96.19142857142857,103.05733333333333,0.015199287434068249,0.02182283817786791,0.014411612234318305,0,93.67999999999998,-1.3800000000000239
2022-08-23,99.49,96.46,123.0547,93.31,145.34119,36.5686,59.7419,3.6725,99.49,0.0466021460130443,0.0206848882376233,0,0.046602146013044354,0.032541211731963005,3.030000000000001,96.78142857142858,102.81466666666667,0.02068488823762334,0.02367062039730679,0.046602146013044354,1,93.377,-6.1129999999999995
2022-08-24,99.87,95.52,123.109,137.29,102.45055,36.5686,59.8963,3.6725,99.87,0.0038194793446577,0.0198427418809063,0,0.0038194793446577613,-0.009744972009122943,4.3500000000000085,97.16,102.536,0.019842741880906338,0.023512334439258323,0.0038194793446577613,0,92.85766666666665,-7.012333333333359
2022-08-25,98.81,93.33,123.0586,66.37,149.1188,36.5686,59.9974,3.6725,98.81,-0.0106137979373185,0.0200330969225977,0,-0.010613797937318536,-0.022927135678391886,5.480000000000004,97.51142857142857,102.25233333333334,0.02003309692259776,0.023535187988725136,0.010613797937318536,0,92.37366666666667,-6.436333333333337
2022-08-26,101.13,93.63,123.0656,121.88,108.25385,36.5686,59.7699,3.6725,101.13,0.0234794049185305,0.0212787737473471,0,0.02347940491853051,0.0032144005143039944,7.5,98.17999999999999,101.96866666666666,0.02127877374734712,0.023603277911043406,0.02347940491853051,1,91.81233333333334,-9.317666666666653
2022-08-27,101.13,93.63,123.0656,96.29,81.791794,36.5686,60.0924,3.6725,101.13,0.0,0.0212787737473471,1,0.0,0.0,7.5,98.84857142857143,101.68366666666667,0.02127877374734712,0.023601888836762897,0.0,0,91.19300000000003,-9.93699999999997
2022-08-28,101.13,93.63,123.0656,138.76,103.81266,36.5686,60.0924,3.6725,101.13,0.0,0.0212787737473471,1,0.0,0.0,7.5,99.51714285714284,101.33766666666665,0.02127877374734712,0.02333096143907951,0.0,0,90.68766666666667,-10.442333333333323
2022-08-29,101.13,97.4,123.4686,97.52,120.457,36.5686,60.0924,3.6725,101.13,0.0,0.0194854716361873,1,0.0,0.04026487236996701,3.7299999999999898,100.38428571428572,100.99166666666666,0.01948547163618732,0.02333096143907951,0.0,0,90.30166666666669,-10.828333333333305
2022-08-30,99.34,92.08,123.6848,83.23,115.27251,36.5686,60.3636,3.6725,99.34,-0.0176999901117372,0.0128560367616617,0,-0.017699990111737285,-0.054620123203285464,7.260000000000005,100.36285714285714,100.586,0.012856036761661725,0.023476197576678633,0.017699990111737285,0,89.97066666666667,-9.36933333333333
2022-08-31,96.55,90.09,123.535,126.46,97.747894,36.5686,60.3677,3.6725,96.55,-0.0280853633984297,0.0163869703122337,0,-0.028085363398429708,-0.0216116420503909,6.459999999999994,99.88857142857144,100.268,0.016386970312233795,0.02239291576212109,0.028085363398429708,1,89.71566666666668,-6.834333333333319
2022-09-01,92.24,87.09,124.4006,75.93,187.71217,36.5686,60.2386,3.6725,92.24,-0.0446400828586225,0.0223824474458458,0,-0.04464008285862253,-0.03330003330003328,5.1499999999999915,98.95000000000002,99.79233333333333,0.022382447445845825,0.02360529113108656,0.04464008285862253,1,89.60433333333336,-2.635666666666637
2022-09-02,93.09,87.29,123.7743,65.23,84.12871,36.5686,60.237,3.6725,93.09,0.0092150910667823,0.0193113617760604,0,0.00921509106678231,0.0022964749110117033,5.799999999999997,97.80142857142856,99.50133333333333,0.01931136177606048,0.022507507394223383,0.00921509106678231,0,89.46466666666669,-3.625333333333316
2022-09-03,93.09,87.29,123.7743,65.72,117.78019,36.5686,60.3713,3.6725,93.09,0.0,0.0193113617760604,1,0.0,0.0,5.799999999999997,96.65285714285714,99.338,0.01931136177606048,0.021523739190297094,0.0,0,89.38433333333334,-3.7056666666666587
2022-09-04,93.09,87.29,123.7743,95.37,65.921745,36.5686,60.3713,3.6725,93.09,0.0,0.0193113617760604,1,0.0,0.0,5.799999999999997,95.50428571428573,99.09733333333334,0.01931136177606048,0.020997051773937674,0.0,0,89.406,-3.6839999999999975
2022-09-05,94.22,87.29,123.7743,158.69,83.95908,36.5686,60.3713,3.6725,94.22,0.0121387904178751,0.0209981276108306,1,0.012138790417875134,0.0,6.929999999999993,94.51714285714287,98.89433333333334,0.020998127610830666,0.021158689164586714,0.012138790417875134,0,89.41033333333333,-4.809666666666672
2022-09-06,91.43,87.35,124.767,91.55,119.15711,36.5686,60.9033,3.6725,91.43,-0.0296115474421565,0.0221876151246655,0,-0.02961154744215655,0.0006873639592162029,4.0800000000000125,93.38714285714286,98.59833333333334,0.02218761512466557,0.021750957338288864,0.02961154744215655,1,89.551,-1.8790000000000049
2022-09-07,86.83,82.5,124.8408,87.66,124.28883,36.5686,60.8544,3.6725,86.83,-0.0503117138794707,0.0261768840294206,0,-0.050311713879470754,-0.055523755008586084,4.329999999999998,91.99857142857142,98.04400000000001,0.02617688402942064,0.022419237730590028,0.050311713879470754,1,89.95266666666666,3.1226666666666603
2022-09-08,87.99,84.04,124.578,47.62,99.42937,36.5686,61.1814,3.6725,87.99,0.0133594379822641,0.0242448061502315,0,0.013359437982264133,0.01866666666666683,3.9499999999999886,91.39142857142858,97.51666666666667,0.024244806150231592,0.022629752512713652,0.013359437982264133,0,90.31566666666667,2.3256666666666774
2022-09-09,91.68,87.27,123.7874,66.03,94.32772,36.5686,60.801,3.6725,91.68,0.0419365837026937,0.0301947400751395,0,0.04193658370269371,0.03843407900999507,4.410000000000011,91.19000000000001,97.07066666666667,0.030194740075139545,0.02403203397635348,0.04193658370269371,1,90.55566666666667,-1.1243333333333396
2022-09-10,91.68,87.27,123.7874,64.78,81.91821,36.5686,60.4696,3.6725,91.68,0.0,0.0301947400751395,1,0.0,0.0,4.410000000000011,90.98857142857143,96.55366666666667,0.030194740075139545,0.02359980330770007,0.0,0,90.73733333333335,-0.9426666666666534
2022-09-11,91.68,87.27,123.7874,141.95,66.75199,36.5686,60.4696,3.6725,91.68,0.0,0.0301947400751395,1,0.0,0.0,4.410000000000011,90.78714285714285,96.153,0.030194740075139545,0.023026873082774204,0.0,0,90.8536666666667,-0.8263333333333094
2022-09-12,93.45,88.18,123.3332,162.37,111.95557,36.5686,60.4696,3.6725,93.45,0.019306282722513,0.0308597683864312,0,0.019306282722513002,0.010427409189870618,5.269999999999996,90.67714285714285,95.81133333333334,0.030859768386431258,0.02340457444487104,0.019306282722513002,1,90.85333333333337,-2.5966666666666356
2022-09-13,92.04,87.84,124.4242,95.35,132.26222,36.5686,60.4568,3.6725,92.04,-0.0150882825040128,0.0290307638970825,0,-0.01508828250401284,-0.003855749603084657,4.200000000000003,90.76428571428572,95.42266666666666,0.029030763897082524,0.023495457693030776,0.01508828250401284,0,90.95733333333334,-1.0826666666666682
2022-09-14,92.83,88.88,124.4509,116.73,202.93208,36.5686,60.0676,3.6725,92.83,0.0085832246849195,0.0180219776082974,0,0.008583224684919566,0.011839708561020013,3.950000000000003,91.62142857142858,95.24199999999999,0.018021977608297445,0.021694117929963144,0.008583224684919566,0,90.937,-1.8930000000000007
2022-09-15,89.28,85.72,124.8843,118.58,95.60891,36.5686,59.7751,3.6725,89.28,-0.038241947646235,0.0253518928712506,0,-0.03824194764623501,-0.035553555355535504,3.5600000000000023,91.8057142857143,95.03933333333335,0.025351892871250642,0.022138823566103593,0.03824194764623501,1,91.035,1.7549999999999955
2022-09-16,89.43,85.57,124.8794,123.3,127.406456,36.5686,59.6663,3.6725,89.43,0.0016801075268817,0.0185233073157881,0,0.0016801075268817467,-0.0017498833411107029,3.8600000000000136,91.48428571428572,94.77966666666666,0.018523307315788107,0.021779272266854013,0.0016801075268817467,0,91.12799999999997,1.6979999999999649
2022-09-17,89.43,85.57,124.8794,125.98,119.15711,36.5686,60.0316,3.6725,89.43,0.0,0.0185233073157881,1,0.0,0.0,3.8600000000000136,91.16285714285716,94.54899999999999,0.018523307315788107,0.021749871148758856,0.0,0,91.18166666666664,1.7516666666666367
2022-09-18,89.43,85.57,124.8794,131.17,71.238014,36.5686,60.0316,3.6725,89.43,0.0,0.0185233073157881,1,0.0,0.0,3.8600000000000136,90.84142857142857,94.31500000000001,0.018523307315788107,0.02174528343531324,0.0,0,91.18266666666665,1.7526666666666415
2022-09-19,89.43,86.15,125.0104,65.09,122.184875,36.5686,60.0316,3.6725,89.43,0.0,0.0158199870973272,1,0.0,0.006778076428655133,3.280000000000001,90.26714285714286,94.08099999999999,0.015819987097327286,0.02174528343531324,0.0,0,91.24633333333333,1.8163333333333185
2022-09-20,89.62,84.69,125.1248,78.61,109.7732,36.5686,60.1662,3.6725,89.62,0.0021245667002123,0.0155347169722954,0,0.002124566700212327,-0.016947185142193955,4.930000000000007,89.92142857142858,93.85333333333332,0.015534716972295444,0.021756442231573296,0.002124566700212327,0,91.30966666666664,1.6896666666666391
2022-09-21,89.86,83.38,125.7399,70.88,189.75429,36.5686,60.0158,3.6725,89.86,0.0026779736665922,0.0149044811199765,0,0.0026779736665922815,-0.015468178061164295,6.480000000000004,89.49714285714286,93.68,0.014904481119976503,0.02164955983959859,0.0026779736665922815,0,91.375,1.5150000000000006
2022-09-22,90.4,84.02,126.1667,139.2,225.85689,36.5686,60.8685,3.6725,90.4,0.0060093478744713,0.0021728437058091,0,0.006009347874471382,0.007675701607100072,6.38000000000001,89.65714285714286,93.377,0.0021728437058091687,0.019711910241490542,0.006009347874471382,0,91.42233333333336,1.02233333333335
2022-09-23,84.29,79.07,127.2853,133.87,187.79912,36.5686,59.8318,3.6725,84.29,-0.0675884955752211,0.0263169477885368,0,-0.06758849557522117,-0.05891454415615338,5.220000000000013,88.92285714285715,92.85766666666667,0.02631694778853681,0.02291182504783312,0.06758849557522117,1,91.67333333333336,7.383333333333354
2022-09-24,84.29,79.07,127.2853,114.37,108.01851,36.5686,58.1006,3.6725,84.29,0.0,0.0263169477885368,1,0.0,0.0,5.220000000000013,88.18857142857144,92.37366666666667,0.02631694778853681,0.022910151202228585,0.0,0,91.91600000000003,7.626000000000019
2022-09-25,84.29,79.07,127.2853,127.96,71.04703,36.5686,58.1006,3.6725,84.29,0.0,0.0263169477885368,1,0.0,0.0,5.220000000000013,87.45428571428572,91.81233333333333,0.02631694778853681,0.02229561493038534,0.0,0,92.16500000000002,7.875000000000014
2022-09-26,82.55,77.17,128.4539,85.96,163.02007,36.5686,58.1006,3.6725,82.55,-0.0206430181516195,0.0264130006034531,0,-0.020643018151619508,-0.024029341090173184,5.3799999999999955,86.47142857142856,91.193,0.026413000603453102,0.022428341688653968,0.020643018151619508,1,92.51100000000001,9.961000000000013
2022-09-27,85.97,78.91,128.4386,194.98,155.88554,36.5686,57.999,3.6725,85.97,0.0414294367050271,0.0330315189146848,0,0.04142943670502719,0.02254762213295325,7.060000000000002,85.95,90.68766666666667,0.03303151891468488,0.024058347425607144,0.04142943670502719,1,92.78433333333335,6.814333333333352
2022-09-28,89.55,82.61,128.0884,155.79,202.58679,36.5686,58.1756,3.6725,89.55,0.0416424334070024,0.0375961845087218,0,0.041642433407002466,0.04688886072741094,6.939999999999998,85.9057142857143,90.30166666666668,0.03759618450872183,0.02552051812019929,0.041642433407002466,1,92.95400000000001,3.4040000000000106
2022-09-29,89.41,81.78,127.5437,93.12,156.9406,36.5686,58.4485,3.6725,89.41,-0.0015633724176438,0.0375073694081503,0,-0.0015633724176438157,-0.010047209780898125,7.6299999999999955,85.76428571428572,89.97066666666666,0.03750736940815036,0.025385552916563223,0.0015633724176438157,0,93.12833333333333,3.7183333333333337
2022-09-30,88.9,79.91,127.5148,192.84,162.74104,36.5686,57.413,3.6725,88.9,-0.0057040599485514,0.0240725360258005,0,-0.005704059948551499,-0.022866226461237482,8.990000000000009,86.42285714285715,89.71566666666668,0.02407253602580053,0.024953862680455668,0.005704059948551499,0,93.31966666666666,4.419666666666657
2022-10-01,88.9,79.91,127.5148,101.92,154.97392,36.5686,55.2987,3.6725,88.9,0.0,0.0240725360258005,1,0.0,0.0,8.990000000000009,87.08142857142856,89.60433333333334,0.02407253602580053,0.023647636207780702,0.0,0,93.46633333333332,4.5663333333333185
2022-10-02,88.9,79.91,127.5148,296.28,120.603195,36.5686,55.2987,3.6725,88.9,0.0,0.0240725360258005,1,0.0,0.0,8.990000000000009,87.74000000000001,89.46466666666667,0.02407253602580053,0.02357070174333886,0.0,0,93.67366666666665,4.773666666666642
2022-10-03,90.68,84.05,127.0813,146.03,123.89525,36.5686,55.2987,3.6725,90.68,0.0200224971878515,0.0207144978729734,0,0.02002249718785154,0.051808284319859954,6.63000000000001,88.90142857142858,89.38433333333334,0.020714497872973435,0.023888996850778155,0.02002249718785154,1,93.85333333333331,3.1733333333333036
2022-10-04,93.74,86.87,126.1819,148.79,164.21275,36.5686,57.5664,3.6725,93.74,0.0337450374944858,0.0191434421776464,0,0.033745037494485874,0.03355145746579424,6.86999999999999,90.01142857142858,89.406,0.01914344217764648,0.024698700902556898,0.033745037494485874,1,93.905,0.16500000000000625
2022-10-05,94.35,88.22,126.8616,153.24,171.14932,36.5686,58.7913,3.6725,94.35,0.0065073607851504,0.0142335015124151,0,0.006507360785150462,0.015540462760446516,6.1299999999999955,90.69714285714285,89.41033333333334,0.014233501512415155,0.024628731414326453,0.006507360785150462,0,94.07766666666667,-0.27233333333332155
2022-10-06,95.65,88.9,127.2493,168.97,202.7014,36.5686,59.4043,3.6725,95.65,0.0137784843667196,0.013765784745124,0,0.01377848436671969,0.007708002720471674,6.75,91.58857142857143,89.55099999999999,0.013765784745124073,0.02407688206362938,0.01377848436671969,0,94.20700000000002,-1.4429999999999836
2022-10-07,98.88,93.07,127.3111,139.82,144.24094,36.5686,60.2534,3.6725,98.88,0.033768949294302,0.014441574550753,0,0.033768949294302075,0.04690663667041606,5.810000000000002,93.01428571428572,89.95266666666666,0.014441574550753032,0.02265469242413995,0.033768949294302075,1,94.22866666666668,-4.651333333333312
2022-10-08,98.88,93.07,127.3111,100.81,132.69226,36.5686,61.2475,3.6725,98.88,0.0,0.014441574550753,1,0.0,0.0,5.810000000000002,94.44000000000001,90.31566666666667,0.014441574550753032,0.022607651569542638,0.0,0,94.26166666666668,-4.618333333333311
2022-10-09,98.88,93.07,127.3111,128.12,97.95227,36.5686,61.2475,3.6725,98.88,0.0,0.014441574550753,1,0.0,0.0,5.810000000000002,95.86571428571428,90.55566666666667,0.014441574550753032,0.021457671725658118,0.0,0,94.19400000000002,-4.685999999999979
2022-10-10,97.13,91.6,127.3111,181.4,193.34053,36.5686,61.2475,3.6725,97.13,-0.0176982200647248,0.0188080441510276,0,-0.01769822006472488,-0.015794563231975922,5.530000000000001,96.78714285714285,90.73733333333332,0.01880804415102766,0.021776752720116428,0.01769822006472488,0,94.05800000000002,-3.0719999999999743
2022-10-11,95.17,89.75,127.6641,155.85,228.25113,36.5686,62.3126,3.6725,95.17,-0.0201791413569442,0.0185093309944386,0,-0.020179141356944208,-0.02019650655021832,5.420000000000002,96.99142857142856,90.85366666666665,0.01850933099443866,0.022154092521256833,0.020179141356944208,1,94.02733333333335,-1.1426666666666563
2022-10-12,93.44,87.83,128.1481,186.85,181.95041,36.5686,63.684,3.6725,93.44,-0.0181779972680466,0.0198775929456728,0,-0.018177997268046697,-0.021392757660167128,5.609999999999999,96.86142857142856,90.85333333333332,0.01987759294567287,0.022171399855513522,0.018177997268046697,1,94.125,0.6850000000000023
2022-10-13,95.16,89.59,127.7286,169.02,133.84113,36.5686,63.7559,3.6725,95.16,0.0184075342465752,0.0205259762079896,0,0.018407534246575263,0.020038711146533217,5.569999999999993,96.79142857142857,90.95733333333334,0.020525976207989648,0.022216427052496317,0.018407534246575263,1,94.16533333333332,-0.9946666666666744
2022-10-14,92.22,86.1,128.3325,180.93,147.22523,36.5686,63.4917,3.6725,92.22,-0.0308953341740226,0.0166985874868894,0,-0.03089533417402268,-0.03895524054023891,6.1200000000000045,95.84,90.937,0.016698587486889415,0.02293109757714042,0.03089533417402268,1,94.30366666666666,2.083666666666659
2022-10-15,92.22,86.1,128.3325,120.4,92.42112,36.5686,63.0558,3.6725,92.22,0.0,0.0166985874868894,1,0.0,0.0,6.1200000000000045,94.88857142857144,91.035,0.016698587486889415,0.021763000233815062,0.0,0,94.34933333333333,2.129333333333335
2022-10-16,92.22,86.1,128.3325,208.79,64.23261,36.5686,63.0558,3.6725,92.22,0.0,0.0166985874868894,1,0.0,0.0,6.1200000000000045,93.93714285714285,91.128,0.016698587486889415,0.021764180603521734,0.0,0,94.41866666666667,2.198666666666668
2022-10-17,91.04,86.0,127.6448,129.16,171.66856,36.5686,63.0558,3.6725,91.04,-0.0127954890479288,0.0164120614793483,0,-0.01279548904792882,-0.0011614401858303092,5.040000000000006,93.06714285714285,91.18166666666667,0.016412061479348383,0.02191449120899057,0.01279548904792882,0,94.471,3.4309999999999974
2022-10-18,89.46,83.29,127.9153,73.35,128.98494,36.5686,61.7634,3.6725,89.46,-0.0173550087873463,0.0161262979372097,0,-0.017355008787346304,-0.0315116279069767,6.1699999999999875,92.25142857142858,91.18266666666666,0.016126297937209794,0.022164768671574242,0.017355008787346304,0,94.52233333333335,5.062333333333356
2022-10-19,91.34,86.0,128.3968,70.66,160.19327,36.5686,61.7032,3.6725,91.34,0.0210149787614577,0.0188552104880325,0,0.021014978761457748,0.03253691919798296,5.340000000000003,91.95142857142856,91.24633333333334,0.018855210488032563,0.022486328498176954,0.021014978761457748,1,94.44200000000001,3.102000000000004
2022-10-20,91.52,86.02,128.0052,78.35,159.91705,36.5686,61.5905,3.6725,91.52,0.0019706590759798,0.0166233550796201,0,0.0019706590759798193,0.00023255813953482196,5.5,91.43142857142857,91.30966666666669,0.016623355079620167,0.02248606905971718,0.0019706590759798193,0,94.35566666666668,2.8356666666666825
2022-10-21,91.82,85.47,127.6735,107.34,174.34567,36.5686,61.5018,3.6725,91.82,0.003277972027972,0.0123761903736112,0,0.003277972027972087,-0.006393861892583064,6.349999999999994,91.37428571428572,91.375,0.012376190373611274,0.022487929581929075,0.003277972027972087,0,94.25933333333333,2.4393333333333374
2022-10-22,91.82,85.47,127.6735,72.32,108.37703,36.5686,61.1958,3.6725,91.82,0.0,0.0123761903736112,1,0.0,0.0,6.349999999999994,91.31714285714284,91.42233333333334,0.012376190373611274,0.022468210649644448,0.0,0,94.14666666666666,2.326666666666668
2022-10-23,91.82,85.47,127.6735,140.06,52.3037,36.5686,61.1958,3.6725,91.82,0.0,0.0123761903736112,1,0.0,0.0,6.349999999999994,91.26,91.67333333333333,0.012376190373611274,0.0183977482330757,0.0,0,94.04099999999998,2.2209999999999894
2022-10-24,91.57,86.12,128.0304,168.29,93.575356,36.5686,61.1958,3.6725,91.57,-0.0027227183620126,0.011250192636571,0,-0.002722718362012655,0.0076050076050075965,5.449999999999989,91.33571428571427,91.916,0.011250192636571083,0.018419854323173727,0.002722718362012655,0,93.852,2.2820000000000107
2022-10-25,91.76,86.93,127.3771,104.95,139.72165,36.5686,61.1629,3.6725,91.76,0.0020749153652943,0.0078976567243689,0,0.002074915365294361,0.00940548072457048,4.829999999999998,91.66428571428571,92.165,0.007897656724368974,0.01841237615337077,0.002074915365294361,0,93.64633333333333,1.8863333333333259
2022-10-26,92.93,89.39,126.4723,84.81,133.39198,36.5686,61.3326,3.6725,92.93,0.0127506538796862,0.0049314582055936,0,0.012750653879686213,0.028298631082479986,3.5400000000000063,91.89142857142858,92.511,0.004931458205593642,0.01793722142756988,0.012750653879686213,0,93.32866666666668,0.3986666666666707
2022-10-27,94.17,89.06,126.7028,150.79,180.49248,36.5686,61.4277,3.6725,94.17,0.0133433767351769,0.0063929639183245,0,0.013343376735176937,-0.0036916881082894593,5.109999999999999,92.27,92.78433333333334,0.006392963918324518,0.01660576688905094,0.013343376735176937,0,92.96966666666668,-1.2003333333333188
2022-10-28,94.64,87.85,127.2135,204.29,203.6854,36.5686,61.3589,3.6725,94.64,0.00499097377084,0.0063888834418961,0,0.004990973770840013,-0.013586346283404493,6.790000000000006,92.67285714285713,92.954,0.006388883441896123,0.014942973028994807,0.004990973770840013,0,92.59500000000003,-2.0449999999999733
2022-10-29,94.64,87.85,127.2135,87.03,81.26068,36.5686,61.5343,3.6725,94.64,0.0,0.0063888834418961,1,0.0,0.0,6.790000000000006,93.07571428571428,93.12833333333333,0.006388883441896123,0.014933013208698226,0.0,0,92.2236666666667,-2.4163333333332986
2022-10-30,94.64,87.85,127.2135,114.98,51.75887,36.5686,61.5343,3.6725,94.64,0.0,0.0063888834418961,1,0.0,0.0,6.790000000000006,93.47857142857143,93.31966666666668,0.006388883441896123,0.01486765390109772,0.0,0,91.84300000000002,-2.796999999999983
2022-10-31,93.3,86.54,127.6219,161.13,113.79049,36.5686,61.5343,3.6725,93.3,-0.0141589180050718,0.0092981903465228,0,-0.014158918005071852,-0.014911781445645866,6.759999999999991,93.72571428571429,93.46633333333332,0.00929819034652282,0.015161541168992989,0.014158918005071852,0,91.58666666666667,-1.713333333333324
2022-11-01,95.12,88.36,127.3987,127.48,136.88297,36.5686,61.6229,3.6725,95.12,0.0195069667738478,0.0112317073438576,0,0.01950696677384789,0.02103073723133808,6.760000000000005,94.2057142857143,93.67366666666666,0.011231707343857696,0.015499654665858986,0.01950696677384789,1,91.29200000000002,-3.8279999999999887
2022-11-02,96.07,90.06,127.3115,98.2,150.8161,36.5686,61.4275,3.6725,96.07,0.009987384356602,0.0109677516794633,0,0.00998738435660207,0.019239474875509366,6.009999999999991,94.6542857142857,93.85333333333332,0.010967751679463317,0.015211212428166284,0.00998738435660207,0,90.97433333333335,-5.095666666666645
2022-11-03,95.29,88.14,128.1743,140.73,186.55252,36.5686,61.6175,3.6725,95.29,-0.0081190798376182,0.0111824671534102,0,-0.008119079837618282,-0.02131912058627583,7.150000000000006,94.81428571428572,93.90499999999999,0.011182467153410284,0.014080391325343602,0.008119079837618282,0,90.68266666666668,-4.6073333333333295
2022-11-04,99.53,92.58,127.1468,122.07,115.89158,36.5686,62.0955,3.6725,99.53,0.04449574981635,0.01976746290233,0,0.04449574981635007,0.05037440435670515,6.950000000000003,95.51285714285714,94.07766666666666,0.01976746290233004,0.01617795841575475,0.04449574981635007,1,90.24966666666667,-9.280333333333331
2022-11-05,99.53,92.58,127.1468,66.38,95.81808,36.5686,62.0955,3.6725,99.53,0.0,0.01976746290233,1,0.0,0.0,6.950000000000003,96.21142857142857,94.20700000000001,0.01976746290233004,0.01602421893127134,0.0,0,89.71066666666668,-9.819333333333319
2022-11-06,99.53,92.58,127.1468,116.64,101.1471,36.5686,62.0955,3.6725,99.53,0.0,0.01976746290233,1,0.0,0.0,6.950000000000003,96.91,94.22866666666667,0.01976746290233004,0.014816163410853418,0.0,0,89.05700000000002,-10.472999999999985
2022-11-07,99.87,91.8,126.3062,245.52,139.72165,36.5686,62.0955,3.6725,99.87,0.0034160554606652,0.0175685139909414,0,0.003416055460665257,-0.008425145819831559,8.070000000000007,97.84857142857143,94.26166666666667,0.01756851399094141,0.014826710830058046,0.003416055460665257,0,88.29833333333335,-11.571666666666658
2022-11-08,96.85,88.8,125.633,123.6,225.73756,36.5686,61.2367,3.6725,96.85,-0.0302393111044358,0.0224242259362458,0,-0.030239311104435895,-0.0326797385620915,8.049999999999997,98.09571428571428,94.19399999999999,0.022424225936245823,0.01585007871237413,0.030239311104435895,1,87.60400000000001,-9.245999999999981
2022-11-09,93.05,85.79,125.9861,146.6,137.41022,36.5686,60.9774,3.6725,93.05,-0.0392359318533814,0.0270353792250439,0,-0.03923593185338148,-0.0338963963963963,7.259999999999991,97.66428571428571,94.05799999999999,0.027035379225043916,0.017091775648282407,0.03923593185338148,1,87.04800000000002,-6.001999999999981
2022-11-10,94.25,86.52,124.7044,119.57,98.150154,36.5686,61.0611,3.6725,94.25,0.0128962923159592,0.0276917511258362,0,0.012896292315959235,0.00850915025061183,7.730000000000004,97.51571428571428,94.02733333333335,0.027691751125836273,0.016896838718878468,0.012896292315959235,0,86.452,-7.798000000000002
2022-11-11,96.37,89.14,124.7044,183.98,111.09222,36.5686,61.2434,3.6725,96.37,0.0224933687002653,0.0223734792609143,0,0.022493368700265304,0.030282015718908983,7.230000000000004,97.06428571428572,94.125,0.02237347926091434,0.01703450607770975,0.022493368700265304,1,85.78533333333331,-10.584666666666692
2022-11-12,96.37,89.14,124.7044,198.23,47.662846,36.5686,60.2179,3.6725,96.37,0.0,0.0223734792609143,1,0.0,0.0,7.230000000000004,96.61285714285715,94.16533333333332,0.02237347926091434,0.01672083720095956,0.0,0,85.17299999999999,-11.197000000000017
2022-11-13,96.37,89.14,124.7044,228.73,46.007885,36.5686,60.2179,3.6725,96.37,0.0,0.0223734792609143,1,0.0,0.0,7.230000000000004,96.16142857142857,94.30366666666667,0.02237347926091434,0.015632938998562804,0.0,0,84.63199999999999,-11.738000000000014
2022-11-14,93.59,85.85,123.4277,215.52,188.92972,36.5686,60.2179,3.6725,93.59,-0.028847151603196,0.023778521754144,0,-0.028847151603196064,-0.03690823423827694,7.740000000000009,95.2642857142857,94.34933333333333,0.02377852175414404,0.01659167029791522,0.028847151603196064,1,84.28999999999998,-9.300000000000026
2022-11-15,94.3,86.87,123.039,95.09,196.50826,36.5686,60.3982,3.6725,94.3,0.0075862805855326,0.0224030559484207,0,0.007586280585532679,0.011881188118811892,7.429999999999993,94.9,94.41866666666667,0.022403055948420764,0.01663956102725561,0.007586280585532679,0,83.89133333333332,-10.408666666666676
2022-11-16,92.61,85.62,123.2817,107.83,170.58072,36.5686,60.3116,3.6725,92.61,-0.0179215270413573,0.0177064110425047,0,-0.0179215270413573,-0.014389317370783972,6.989999999999995,94.83714285714287,94.471,0.017706411042504724,0.016810253496155784,0.0179215270413573,1,83.47766666666665,-9.13233333333335
2022-11-17,91.0,81.69,123.977,91.22,153.21286,36.5686,60.3484,3.6725,91.0,-0.0173847316704459,0.0175746564730644,0,-0.017384731670445963,-0.045900490539593664,9.310000000000002,94.37285714285714,94.52233333333334,0.017574656473064405,0.016811355574724445,0.017384731670445963,0,83.11766666666664,-7.882333333333364
2022-11-18,88.93,80.07,123.8524,133.39,77.714195,36.5686,60.3894,3.6725,88.93,-0.0227472527472526,0.0137348445772599,0,-0.022747252747252644,-0.019831068674256436,8.860000000000014,93.30999999999999,94.442,0.013734844577259948,0.01688682446749938,0.022747252747252644,1,82.82666666666664,-6.103333333333367
2022-11-19,88.93,80.07,123.8524,110.6,81.970375,36.5686,60.3741,3.6725,88.93,0.0,0.0137348445772599,1,0.0,0.0,8.860000000000014,92.24714285714286,94.35566666666665,0.013734844577259948,0.01687969617579593,0.0,0,82.5843333333333,-6.345666666666702
2022-11-20,88.93,80.07,123.8524,255.53,60.385345,36.5686,60.3741,3.6725,88.93,0.0,0.0137348445772599,1,0.0,0.0,8.860000000000014,91.1842857142857,94.25933333333334,0.013734844577259948,0.016862865219626058,0.0,0,82.2683333333333,-6.661666666666704
2022-11-21,88.44,79.74,124.7009,122.23,107.628555,36.5686,60.3741,3.6725,88.44,-0.0055099516473632,0.0114099646498332,0,-0.0055099516473632315,-0.004121393780442073,8.700000000000003,90.44857142857144,94.14666666666668,0.011409964649833248,0.016882406239175987,0.0055099516473632315,0,81.9953333333333,-6.444666666666691
2022-11-22,88.65,80.83,124.2365,125.51,105.24881,36.5686,60.7379,3.6725,88.65,0.0023744911804615,0.0103438811949559,0,0.002374491180461513,0.013669425633308308,7.820000000000007,89.64142857142858,94.04100000000001,0.010343881194955978,0.016893359503404395,0.002374491180461513,0,81.69299999999997,-6.957000000000036
2022-11-23,85.9,77.93,123.7574,183.38,105.60199,36.5686,60.6566,3.6725,85.9,-0.0310208685843204,0.0130993963367685,0,-0.031020868584320405,-0.03587776815538779,7.969999999999999,88.68285714285715,93.852,0.01309939633676856,0.017758867763450262,0.031020868584320405,1,81.57799999999999,-4.322000000000017
2022-11-24,85.59,77.93,123.7574,226.25,46.468887,36.5686,60.5043,3.6725,85.59,-0.0036088474970896,0.0129463355342242,1,-0.0036088474970896733,0.0,7.659999999999997,87.91,93.64633333333333,0.012946335534224277,0.017744477572601867,0.0036088474970896733,0,81.47333333333333,-4.116666666666674
2022-11-25,83.4,76.45,123.3386,189.26,80.5138,36.5686,60.3866,3.6725,83.4,-0.0255871012968804,0.013494794468874,0,-0.025587101296880466,-0.01899140254074172,6.950000000000003,87.12,93.32866666666668,0.013494794468874015,0.018011728272972732,0.025587101296880466,1,81.44166666666665,-1.958333333333357
2022-11-26,83.4,76.45,123.3386,119.31,94.32772,36.5686,60.4797,3.6725,83.4,0.0,0.013494794468874,1,0.0,0.0,6.950000000000003,86.33,92.96966666666667,0.013494794468874015,0.017745699325219307,0.0,0,81.40999999999998,-1.9900000000000233
2022-11-27,83.4,76.45,123.3386,173.32,85.424385,36.5686,60.4797,3.6725,83.4,0.0,0.013494794468874,1,0.0,0.0,6.950000000000003,85.54,92.595,0.013494794468874015,0.017682874849848648,0.0,0,81.3783333333333,-2.021666666666704
2022-11-28,83.5,77.1,123.6032,183.05,87.9999,36.5686,60.4797,3.6725,83.5,0.001199040767386,0.0140163121897812,0,0.0011990407673860837,0.008502289077828573,6.400000000000006,84.83428571428571,92.22366666666667,0.014016312189781246,0.017693706021179118,0.0011990407673860837,0,81.31833333333331,-2.181666666666686
2022-11-29,83.22,77.96,123.6615,90.52,100.55012,36.5686,60.752,3.6725,83.22,-0.0033532934131736,0.0134595958844969,0,-0.003353293413173697,0.011154345006485045,5.260000000000005,84.05857142857144,91.843,0.013459595884496942,0.017678057839926233,0.003353293413173697,0,81.24299999999998,-1.977000000000018
2022-11-30,85.61,80.48,123.5175,89.9,81.59033,36.5686,61.0742,3.6725,85.61,0.0287190579187694,0.015833514603628,0,0.028719057918769497,0.032324268855823624,5.1299999999999955,84.01714285714286,91.58666666666667,0.015833514603628092,0.018550720539802387,0.028719057918769497,1,81.15,-4.459999999999994
2022-12-01,86.28,81.06,122.0045,177.11,65.94698,36.5686,60.8803,3.6725,86.28,0.0078261885293773,0.0160330018852481,0,0.007826188529377331,0.007206759443340038,5.219999999999999,84.11571428571429,91.292,0.01603300188524812,0.018187650781299757,0.007826188529377331,0,81.03466666666668,-5.2453333333333205
2022-12-02,86.54,79.86,122.0102,48.03,109.09654,36.5686,61.1479,3.6725,86.54,0.0030134445989802,0.0108622154816681,0,0.0030134445989802305,-0.014803849000740277,6.680000000000007,84.56428571428572,90.97433333333333,0.010862215481668195,0.01805890429838623,0.0030134445989802305,0,80.91066666666669,-5.629333333333321
2022-12-03,86.54,79.86,122.0102,83.3,106.4093,36.5686,61.7749,3.6725,86.54,0.0,0.0108622154816681,1,0.0,0.0,6.680000000000007,85.01285714285714,90.68266666666666,0.010862215481668195,0.018045312995406695,0.0,0,80.78666666666669,-5.753333333333316
2022-12-04,86.54,79.86,122.0102,339.06,51.62443,36.5686,61.7749,3.6725,86.54,0.0,0.0108622154816681,1,0.0,0.0,6.680000000000007,85.46142857142857,90.24966666666666,0.010862215481668195,0.015675881555848672,0.0,0,80.58066666666669,-5.959333333333319
2022-12-05,83.36,76.83,122.6384,187.14,98.96951,36.5686,61.7749,3.6725,83.36,-0.0367460134042062,0.0193932406119824,0,-0.036746013404206246,-0.03794139744552971,6.530000000000001,85.44142857142857,89.71066666666667,0.01939324061198249,0.016711062281987012,0.036746013404206246,1,80.31233333333334,-3.0476666666666574
2022-12-06,79.92,74.21,123.0191,105.68,139.09692,36.5686,62.1849,3.6725,79.92,-0.0412667946257196,0.0249569182633212,0,-0.041266794625719694,-0.03410126252765855,5.710000000000008,84.97,89.057,0.024956918263321245,0.01787856999512664,0.041266794625719694,1,80.20599999999999,0.28599999999998715
2022-12-07,77.11,71.93,122.7608,151.37,127.406456,36.5686,62.9103,3.6725,77.11,-0.0351601601601602,0.0218470778136313,0,-0.035160160160160214,-0.03072362215334845,5.179999999999993,83.75571428571428,88.29833333333335,0.021847077813631332,0.01847123256806135,0.035160160160160214,1,80.18266666666666,3.072666666666663
2022-12-08,76.02,71.3,122.4152,81.81,140.96033,36.5686,62.9372,3.6725,76.02,-0.0141356503696019,0.0195418810714428,0,-0.01413565036960196,-0.008758515223133756,4.719999999999999,82.28999999999999,87.60400000000001,0.01954188107144285,0.01804425932848294,0.01413565036960196,0,80.19566666666665,4.1756666666666575
2022-12-09,76.37,71.05,122.4201,114.31,117.30847,36.5686,62.5722,3.6725,76.37,0.0046040515653775,0.0198307538158223,0,0.004604051565377576,-0.003506311360448766,5.320000000000007,80.83714285714287,87.048,0.019830753815822347,0.017171453690567766,0.004604051565377576,0,80.19699999999997,3.8269999999999698
2022-12-10,76.37,71.05,122.4201,61.0,46.72901,36.5686,62.3813,3.6725,76.37,0.0,0.0198307538158223,1,0.0,0.0,5.320000000000007,79.38428571428572,86.452,0.019830753815822347,0.016829242752690102,0.0,0,80.23466666666666,3.8646666666666505
2022-12-11,76.37,71.05,122.4201,223.06,18.454416,36.5686,62.3813,3.6725,76.37,0.0,0.0198307538158223,1,0.0,0.0,5.320000000000007,77.93142857142857,85.78533333333334,0.019830753815822347,0.015955263917863675,0.0,0,80.30233333333332,3.932333333333318
2022-12-12,78.0,72.96,122.7714,169.7,158.36978,36.5686,62.3813,3.6725,78.0,0.0213434594736152,0.0224324839780843,0,0.021343459473615267,0.026882477128782556,5.040000000000006,77.1657142857143,85.17300000000002,0.02243248397808431,0.0167612800606752,0.021343459473615267,1,80.406,2.406000000000006
2022-12-13,80.14,75.44,121.8493,122.35,152.62685,36.5686,62.7674,3.6725,80.14,0.0274358974358974,0.0210678885695282,0,0.02743589743589747,0.033991228070175517,4.700000000000003,77.19714285714285,84.632,0.021067888569528216,0.01786234598611517,0.02743589743589747,1,80.48766666666668,0.347666666666683
2022-12-14,83.33,77.14,121.8226,120.9,133.39198,36.5686,63.212,3.6725,83.33,0.0398053406538556,0.0188015089419681,0,0.03980534065385566,0.022534464475079563,6.189999999999998,78.08571428571429,84.29,0.018801508941968127,0.01917986654344374,0.03980534065385566,1,80.491,-2.8389999999999986
2022-12-15,82.34,75.89,122.5519,114.95,73.61262,36.5686,63.359,3.6725,82.34,-0.0118804752190087,0.0183059472475302,0,-0.011880475219008702,-0.016204303863106007,6.450000000000003,78.98857142857143,83.89133333333334,0.018305947247530287,0.019114593550746527,0.011880475219008702,0,80.52733333333335,-1.812666666666658
2022-12-16,80.2,74.19,122.6505,99.07,98.795876,36.5686,64.3015,3.6725,80.2,-0.0259897983968909,0.023244821498844,0,-0.025989798396890973,-0.02240084332586645,6.010000000000005,79.53571428571429,83.47766666666666,0.02324482149884404,0.019367458995561894,0.025989798396890973,1,80.63499999999999,0.43499999999998806
2022-12-17,80.2,74.19,122.6505,84.76,74.719574,36.5686,64.6078,3.6725,80.2,0.0,0.023244821498844,1,0.0,0.0,6.010000000000005,80.08285714285715,83.11766666666666,0.02324482149884404,0.019231415570398702,0.0,0,80.71666666666665,0.5166666666666515
2022-12-18,80.2,74.19,122.6505,103.12,49.738255,36.5686,64.6078,3.6725,80.2,0.0,0.023244821498844,1,0.0,0.0,6.010000000000005,80.63,82.82666666666667,0.02324482149884404,0.01891350980927023,0.0,0,80.856,0.6559999999999917
2022-12-19,81.66,75.05,122.5275,87.27,171.45796,36.5686,64.6078,3.6725,81.66,0.0182044887780548,0.0229559944465852,0,0.018204488778054806,0.01159185874107016,6.609999999999999,81.15285714285714,82.58433333333333,0.022955994446585276,0.019309745711656803,0.018204488778054806,1,80.92666666666668,-0.7333333333333201
2022-12-20,79.45,75.92,122.1357,72.84,132.74405,36.5686,66.3474,3.6725,79.45,-0.0270634337496937,0.0240071681345435,0,-0.027063433749693777,0.011592271818787525,3.530000000000001,81.05428571428571,82.26833333333335,0.02400716813454358,0.019807069236531322,0.027063433749693777,1,81.11433333333335,1.6643333333333459
2022-12-21,80.25,78.17,122.2828,147.63,169.54088,36.5686,69.0037,3.6725,80.25,0.0100692259282566,0.0172715753994585,0,0.010069225928256653,0.029636459430979922,2.0799999999999983,80.61428571428571,81.99533333333333,0.01727157539945858,0.019957834602112375,0.010069225928256653,0,81.33800000000001,1.088000000000008
2022-12-22,79.58,77.68,122.2419,98.69,159.00325,36.5686,70.5256,3.6725,79.58,-0.0083489096573209,0.0170958640861578,0,-0.008348909657320935,-0.006268389407701136,1.8999999999999915,80.22,81.693,0.01709586408615787,0.01995353375642789,0.008348909657320935,0,81.58400000000002,2.004000000000019
2022-12-23,82.45,79.57,121.9743,84.14,114.92582,36.5686,72.1306,3.6725,82.45,0.0360643377733098,0.0200667005595873,0,0.03606433777330986,0.024330587023686734,2.8800000000000097,80.54142857142857,81.578,0.02006670055958737,0.020502654149554402,0.03606433777330986,1,81.73433333333334,-0.7156666666666638
2022-12-24,82.45,79.57,121.9743,73.31,80.794334,36.5686,68.676,3.6725,82.45,0.0,0.0200667005595873,1,0.0,0.0,2.8800000000000097,80.86285714285714,81.47333333333334,0.02006670055958737,0.020498388555406578,0.0,0,81.90400000000001,-0.5459999999999923
2022-12-25,82.45,79.57,121.9743,343.59,74.161964,36.5686,68.676,3.6725,82.45,0.0,0.0200667005595873,1,0.0,0.0,2.8800000000000097,81.1842857142857,81.44166666666666,0.02006670055958737,0.019967311647713832,0.0,0,81.99733333333333,-0.45266666666667277
2022-12-26,82.45,79.57,121.9743,170.29,64.698586,36.5686,68.676,3.6725,82.45,0.0,0.0190951078225353,1,0.0,0.0,2.8800000000000097,81.29714285714286,81.41,0.01909510782253536,0.019967311647713832,0.0,0,82.08500000000001,-0.3649999999999949
2022-12-27,82.45,79.45,121.7539,69.63,146.8174,36.5686,68.4487,3.6725,82.45,0.0,0.0145360228683049,1,0.0,-0.0015081060701268578,3.0,81.72571428571428,81.37833333333334,0.0145360228683049,0.019967311647713832,0.0,0,82.213,-0.23700000000000898
2022-12-28,81.7,78.89,122.0075,85.9,151.88629,36.5686,69.9346,3.6725,81.7,-0.0090964220739842,0.0152946708243806,0,-0.0090964220739842,-0.007048458149779724,2.8100000000000023,81.93285714285715,81.31833333333334,0.015294670824380642,0.020031011868393282,0.0090964220739842,0,82.33500000000001,0.6350000000000051
2022-12-29,80.96,78.43,121.6577,123.69,116.4859,36.5686,71.3261,3.6725,80.96,-0.0090575275397798,0.0153817757868104,0,-0.009057527539779842,-0.005830903790087438,2.529999999999987,82.13,81.243,0.015381775786810405,0.02008571605902275,0.009057527539779842,0,82.48166666666667,1.5216666666666754
2022-12-30,82.82,80.16,121.4256,199.3,150.22983,36.5686,71.9778,3.6725,82.82,0.0229743083003952,0.0107182331667174,0,0.022974308300395263,0.02205788601300518,2.6599999999999966,82.18285714285715,81.15,0.010718233166717411,0.01982099451238829,0.022974308300395263,1,82.56633333333335,-0.2536666666666463
2022-12-31,82.82,80.16,121.4256,162.78,74.579384,36.5686,70.3375,3.6725,82.82,0.0,0.0107182331667174,1,0.0,0.0,2.6599999999999966,82.23571428571428,81.03466666666667,0.010718233166717411,0.01975338806134252,0.0,0,82.6356666666667,-0.18433333333329927
2023-01-01,82.82,80.16,121.4256,433.38,34.626144,36.5686,70.3375,3.6725,82.82,0.0,0.0107182331667174,1,0.0,0.0,2.6599999999999966,82.28857142857143,80.91066666666667,0.010718233166717411,0.019739014937407803,0.0,0,82.65566666666669,-0.16433333333330324
2023-01-02,82.82,80.16,121.4256,185.33,117.051865,36.5686,70.3375,3.6725,82.82,0.0,0.0107182331667174,1,0.0,0.0,2.6599999999999966,82.34142857142857,80.78666666666668,0.010718233166717411,0.019739014937407803,0.0,0,82.61533333333335,-0.20466666666663968
2023-01-03,80.36,76.87,122.0905,117.51,198.44876,36.5686,70.3375,3.6725,80.36,-0.0297029702970296,0.0157396515826797,0,-0.02970297029702962,-0.04104291417165662,3.489999999999995,82.04285714285713,80.58066666666667,0.015739651582679797,0.0204065230706088,0.02970297029702962,1,82.62233333333334,2.262333333333345
2023-01-04,75.31,72.82,121.5008,114.2,94.28561,36.5686,70.3375,3.6725,75.31,-0.0628422100547535,0.0275622442629595,0,-0.06284221005475354,-0.05268635358397311,2.490000000000009,81.13,80.31233333333333,0.027562244262959557,0.022387128522514253,0.06284221005475354,1,82.74033333333335,7.430333333333351
2023-01-05,76.73,73.61,122.1017,176.01,100.73998,36.5686,70.3375,3.6725,76.73,0.0188553976895498,0.0298533013931164,0,0.018855397689549802,0.01084866794836592,3.1200000000000045,80.52571428571427,80.20599999999999,0.029853301393116486,0.02153053137477198,0.018855397689549802,1,82.811,6.081000000000003
2023-01-06,76.41,73.77,121.0852,158.88,88.72949,36.5686,70.3375,3.6725,76.41,-0.0041704678743647,0.0268895810145763,0,-0.004170467874364703,0.002173617714984255,2.6400000000000006,79.61,80.18266666666666,0.026889581014576315,0.02056325292588797,0.004170467874364703,0,82.89233333333333,6.4823333333333295
2023-01-07,76.41,73.77,121.0852,168.63,88.861725,36.5686,70.3375,3.6725,76.41,0.0,0.0268895810145763,1,0.0,0.0,2.6400000000000006,78.6942857142857,80.19566666666667,0.026889581014576315,0.020391731787875934,0.0,0,83.028,6.618000000000009
2023-01-08,76.41,73.77,121.0852,204.85,29.22854,36.5686,70.3375,3.6725,76.41,0.0,0.0268895810145763,1,0.0,0.0,2.6400000000000006,77.77857142857144,80.19699999999999,0.026889581014576315,0.020376113615607375,0.0,0,83.24499999999999,6.834999999999994
2023-01-09,77.5,74.69,120.1508,152.46,86.12676,36.5686,70.3375,3.6725,77.5,0.0142651485407669,0.0283727001064362,0,0.014265148540766992,0.01247119425240606,2.8100000000000023,77.01857142857143,80.23466666666667,0.028372700106436208,0.02053661876244154,0.014265148540766992,0,83.46733333333333,5.967333333333329
2023-01-10,78.4,75.11,120.2483,386.4,114.62172,36.5686,70.3002,3.6725,78.4,0.0116129032258065,0.0276571480429039,0,0.011612903225806548,0.005623242736644718,3.2900000000000063,76.73857142857143,80.30233333333334,0.02765714804290396,0.020632280490964827,0.011612903225806548,0,83.636,5.23599999999999
2023-01-11,81.11,77.46,120.1614,363.54,129.44315,36.5686,69.6094,3.6725,81.11,0.0345663265306122,0.013538580877232,0,0.0345663265306122,0.03128744508054848,3.6500000000000057,77.56714285714285,80.40599999999999,0.013538580877232014,0.0212130962042675,0.0345663265306122,1,83.781,2.6710000000000065
2023-01-12,82.59,78.32,119.4218,189.12,114.445724,36.5686,69.0202,3.6725,82.59,0.0182468252989767,0.0134795527658785,0,0.0182468252989767,0.011102504518461176,4.27000000000001,78.40428571428572,80.48766666666667,0.013479552765878576,0.020889915358980434,0.0182468252989767,1,83.87666666666668,1.286666666666676
2023-01-13,83.43,79.9,119.1673,141.9,103.69777,36.5686,67.7775,3.6725,83.43,0.0101707228478025,0.011842803806668,0,0.010170722847802516,0.020173646578141025,3.530000000000001,79.40714285714286,80.491,0.011842803806668053,0.01966715089456522,0.010170722847802516,0,83.94433333333335,0.5143333333333402
2023-01-14,83.43,79.9,119.1673,176.67,95.40195,36.5686,67.5744,3.6725,83.43,0.0,0.011842803806668,1,0.0,0.0,3.530000000000001,80.41,80.52733333333332,0.011842803806668054,0.019534064131224306,0.0,0,84.02933333333334,0.5993333333333339
2023-01-15,83.43,79.9,119.1673,261.68,42.605373,36.5686,67.5744,3.6725,83.43,0.0,0.011842803806668,1,0.0,0.0,3.530000000000001,81.41285714285716,80.635,0.011842803806668054,0.018878307103632412,0.0,0,84.08033333333334,0.6503333333333359
2023-01-16,82.65,79.9,119.1673,166.4,107.1038,36.5686,67.5744,3.6725,82.65,-0.0093491549802229,0.0144066448045669,1,-0.009349154980222929,0.0,2.75,82.14857142857144,80.71666666666667,0.014406644804566974,0.01898066827377998,0.009349154980222929,0,84.12899999999999,1.478999999999985
2023-01-17,84.38,80.25,119.2121,73.48,127.406456,36.5686,68.2892,3.6725,84.38,0.020931639443436,0.0150690378329585,0,0.020931639443436012,0.00438047559449295,4.1299999999999955,83.00285714285714,80.856,0.015069037832958545,0.019317527912250505,0.020931639443436012,1,84.11100000000002,-0.26899999999997704
2023-01-18,83.78,79.53,119.0755,310.22,76.78137,36.5686,68.6644,3.6725,83.78,-0.0071106897369044,0.0119579996562622,0,-0.00711068973690443,-0.008971962616822426,4.25,83.38428571428572,80.92666666666668,0.011957999656262258,0.019131760493698566,0.00711068973690443,0,84.05066666666667,0.2706666666666706
2023-01-19,85.08,80.31,119.6107,106.09,115.06176,36.5686,68.8728,3.6725,85.08,0.0155168297923131,0.0114773462140962,0,0.01551682979231317,0.009807619766126097,4.769999999999996,83.74000000000001,81.11433333333333,0.01147734621409626,0.01854590594720115,0.01551682979231317,0,83.94699999999999,-1.1330000000000098
2023-01-20,86.96,81.27,119.3486,119.89,152.36682,36.5686,68.8467,3.6725,86.96,0.0220968500235072,0.0132420931548388,0,0.022096850023507253,0.011953679491968572,5.689999999999998,84.24428571428572,81.338,0.013242093154838822,0.01884383714859793,0.022096850023507253,1,83.78066666666665,-3.1793333333333464
2023-01-21,86.96,81.27,119.3486,89.56,126.19306,36.5686,68.6656,3.6725,86.96,0.0,0.0132420931548388,1,0.0,0.0,5.689999999999998,84.74857142857142,81.584,0.013242093154838822,0.018734009987316204,0.0,0,83.64166666666665,-3.3183333333333422
2023-01-22,86.96,81.27,119.3486,258.78,41.5369,36.5686,68.6656,3.6725,86.96,0.0,0.0132420931548388,1,0.0,0.0,5.689999999999998,85.25285714285714,81.73433333333334,0.013242093154838822,0.017675109387056187,0.0,0,83.48099999999997,-3.4790000000000276
2023-01-23,87.54,81.62,119.1434,326.16,87.70546,36.5686,68.6656,3.6725,87.54,0.0066697332106717,0.0114011778858136,0,0.006669733210671769,0.004306632213609163,5.920000000000002,85.95142857142858,81.904,0.011401177885813667,0.017691931972593725,0.006669733210671769,0,83.21466666666664,-4.3253333333333615
2023-01-24,85.25,79.86,119.0958,123.28,89.98486,36.5686,68.6288,3.6725,85.25,-0.0261594699565913,0.0157643083847653,0,-0.026159469956591352,-0.021563342318059342,5.390000000000001,86.07571428571428,81.99733333333333,0.015764308384765304,0.018430911957806936,0.026159469956591352,1,83.10899999999998,-2.1410000000000196
2023-01-25,85.08,79.78,118.9686,113.38,110.612976,36.5686,68.7529,3.6725,85.08,-0.0019941348973607,0.0154091711151675,0,-0.0019941348973607775,-0.0010017530678687603,5.299999999999997,86.26142857142857,82.08500000000001,0.015409171115167503,0.018439283703885753,0.0019941348973607775,0,83.01666666666665,-2.063333333333347
2023-01-26,86.29,80.64,119.021,72.53,71.49427,36.5686,68.9573,3.6725,86.29,0.0142219087917254,0.015230857542055,0,0.014221908791725468,0.01077964402105791,5.650000000000006,86.4342857142857,82.213,0.015230857542055,0.018589202166599907,0.014221908791725468,0,82.884,-3.406000000000006
2023-01-27,85.36,79.73,118.9223,110.89,120.77069,36.5686,69.1263,3.6725,85.36,-0.0107776103835902,0.0129403110553801,0,-0.010777610383590264,-0.01128472222222221,5.6299999999999955,86.20571428571428,82.33500000000001,0.01294031105538019,0.01862533385008089,0.010777610383590264,0,82.78233333333333,-2.5776666666666728
2023-01-28,85.36,79.73,118.9223,114.2,82.93616,36.5686,69.3372,3.6725,85.36,0.0,0.0129403110553801,1,0.0,0.0,5.6299999999999955,85.97714285714287,82.48166666666665,0.01294031105538019,0.018519187567290422,0.0,0,82.64499999999998,-2.7150000000000176
2023-01-29,85.36,79.73,118.9223,225.17,55.209465,36.5686,69.3372,3.6725,85.36,0.0,0.0129403110553801,1,0.0,0.0,5.6299999999999955,85.74857142857142,82.56633333333333,0.01294031105538019,0.018089150535271274,0.0,0,82.57333333333331,-2.78666666666669
2023-01-30,84.9,77.97,118.8953,190.98,155.1712,36.5686,69.3372,3.6725,84.9,-0.0053889409559512,0.0122905097140845,0,-0.005388940955951216,-0.022074501442368,6.930000000000007,85.37142857142858,82.63566666666667,0.012290509714084503,0.018127867283914297,0.005388940955951216,0,82.53266666666666,-2.367333333333349
2023-01-31,83.42,78.95,118.9802,158.19,148.32393,36.5686,69.5927,3.6725,83.42,-0.0174322732626619,0.0099169468786006,0,-0.017432273262661946,0.012568936770552819,4.469999999999999,85.11,82.65566666666668,0.009916946878600641,0.018437396503655622,0.017432273262661946,0,82.55699999999999,-0.8630000000000138
2023-02-01,81.61,76.34,118.6259,137.21,108.70257,36.5686,70.5174,3.6725,81.61,-0.0216974346679453,0.0121182264417265,0,-0.02169743466794538,-0.03305889803673212,5.269999999999996,84.61428571428573,82.61533333333334,0.012118226441726518,0.018874322581839333,0.02169743466794538,1,82.69466666666666,1.0846666666666636
2023-02-02,80.57,75.87,118.3421,116.99,130.60303,36.5686,70.1217,3.6725,80.57,-0.012743536331332,0.0083756918541127,0,-0.012743536331332073,-0.006156667539952809,4.699999999999989,83.79714285714286,82.62233333333333,0.008375691854112738,0.018205923309349024,0.012743536331332073,0,82.86699999999998,2.296999999999983
2023-02-03,78.85,73.4,119.5095,115.81,116.32763,36.5686,70.0414,3.6725,78.85,-0.021347896239295,0.0094784120456519,0,-0.021347896239295006,-0.03255568735995784,5.449999999999989,82.86714285714285,82.74033333333334,0.00947841204565191,0.014432596494729256,0.021347896239295006,1,83.09666666666664,4.246666666666641
2023-02-04,78.85,73.4,119.5095,99.82,119.19284,36.5686,70.3847,3.6725,78.85,0.0,0.0094784120456519,1,0.0,0.0,5.449999999999989,81.93714285714285,82.811,0.00947841204565191,0.014062534032335454,0.0,0,83.33033333333331,4.48033333333332
2023-02-05,78.85,73.4,119.5095,90.75,83.86247,36.5686,70.3847,3.6725,78.85,0.0,0.0094784120456519,1,0.0,0.0,5.449999999999989,81.00714285714285,82.89233333333333,0.00947841204565191,0.0140301917717623,0.0,0,83.46966666666665,4.61966666666666
2023-02-06,80.48,74.11,120.541,219.03,112.52885,36.5686,70.3847,3.6725,80.48,0.0206721623335448,0.0154145304538728,0,0.020672162333544852,0.009673024523160656,6.3700000000000045,80.37571428571428,83.028,0.015414530453872824,0.014472767054867589,0.020672162333544852,1,83.52366666666666,3.0436666666666525
2023-02-07,82.92,77.17,120.3475,190.34,138.02365,36.5686,70.5991,3.6725,82.92,0.0303180914512921,0.0201334899307012,0,0.030318091451292162,0.0412899743624342,5.75,80.30428571428571,83.24500000000002,0.02013348993070121,0.015371054525623673,0.030318091451292162,1,83.45966666666666,0.5396666666666619
2023-02-08,84.17,78.47,120.1436,139.63,134.9773,36.5686,70.8924,3.6725,84.17,0.0150747708634828,0.0184655521778682,0,0.015074770863482856,0.016845924582091554,5.700000000000003,80.67,83.46733333333333,0.01846555217786824,0.015392496155668487,0.015074770863482856,0,83.39733333333334,-0.772666666666666
2023-02-09,83.46,78.04,119.9781,129.06,169.58537,36.5686,71.5763,3.6725,83.46,-0.0084353094926934,0.0178540746492156,0,-0.008435309492693444,-0.005479801197909917,5.4199999999999875,81.08285714285715,83.636,0.017854074649215682,0.015434969245707052,0.008435309492693444,0,83.35866666666669,-0.10133333333330086
2023-02-10,85.46,79.74,120.1419,99.82,147.88249,36.5686,72.8949,3.6725,85.46,0.0239635753654445,0.0145379654413745,0,0.023963575365444578,0.021783700666324846,5.719999999999999,82.02714285714285,83.78099999999999,0.01453796544137453,0.014775646038689657,0.023963575365444578,1,83.25333333333336,-2.206666666666635
2023-02-11,85.46,79.74,120.1419,118.66,98.812386,36.5686,72.7923,3.6725,85.46,0.0,0.0145379654413745,1,0.0,0.0,5.719999999999999,82.97142857142856,83.87666666666665,0.01453796544137453,0.014449287384221906,0.0,0,83.06033333333335,-2.399666666666647
2023-02-12,85.46,79.74,120.1419,54.4,75.777695,36.5686,72.7923,3.6725,85.46,0.0,0.0145379654413745,1,0.0,0.0,5.719999999999999,83.91571428571429,83.94433333333333,0.01453796544137453,0.014351506982825916,0.0,0,82.77066666666668,-2.689333333333309
2023-02-13,85.98,80.14,119.9828,70.05,110.41893,36.5686,72.7923,3.6725,85.98,0.0060847179967238,0.0140681018479736,0,0.006084717996723832,0.005016302984700349,5.840000000000003,84.70142857142856,84.02933333333334,0.014068101847973646,0.014381300350507841,0.006084717996723832,0,82.38133333333334,-3.5986666666666594
2023-02-14,84.96,79.08,119.9229,105.73,82.66657,36.5686,73.6307,3.6725,84.96,-0.0118632240055828,0.0126647754499911,0,-0.011863224005582818,-0.01322685300723736,5.8799999999999955,84.99285714285715,84.08033333333333,0.012664775449991138,0.014574500869150138,0.011863224005582818,0,81.98666666666668,-2.973333333333315
2023-02-15,84.11,78.57,120.4557,200.6,119.274124,36.5686,73.8645,3.6725,84.11,-0.0100047080979284,0.0124046507813893,0,-0.010004708097928416,-0.006449165402124479,5.540000000000006,84.98428571428572,84.129,0.012404650781389335,0.014590582790596083,0.010004708097928416,0,81.55066666666669,-2.5593333333333135
2023-02-16,83.84,78.45,120.4651,223.17,134.7485,36.5686,74.2077,3.6725,83.84,-0.0032100820354297,0.0119644092728702,0,-0.0032100820354297177,-0.0015273004963725079,5.390000000000001,85.03857142857143,84.111,0.01196440927287023,0.014092745037407936,0.0032100820354297177,0,81.12366666666668,-2.716333333333324
2023-02-17,81.97,76.31,120.5526,97.82,106.09647,36.5686,74.7638,3.6725,81.97,-0.0223043893129771,0.0095044005702051,0,-0.02230438931297718,-0.02727852135117914,5.659999999999997,84.53999999999999,84.05066666666667,0.009504400570205114,0.014615998405604432,0.02230438931297718,1,80.75900000000003,-1.21099999999997
2023-02-18,81.97,76.31,120.5526,153.22,86.769875,36.5686,74.7588,3.6725,81.97,0.0,0.0095044005702051,1,0.0,0.0,5.659999999999997,84.04142857142857,83.94699999999999,0.009504400570205114,0.014296142543119799,0.0,0,80.44066666666669,-1.5293333333333123
2023-02-19,81.97,76.31,120.5526,101.26,115.21974,36.5686,74.7588,3.6725,81.97,0.0,0.0095044005702051,1,0.0,0.0,5.659999999999997,83.54285714285713,83.78066666666668,0.009504400570205114,0.013610340266591003,0.0,0,80.20100000000002,-1.768999999999977
2023-02-20,82.79,76.31,120.5526,88.82,146.02968,36.5686,74.7588,3.6725,82.79,0.0100036598755643,0.0104011065638504,1,0.010003659875564397,0.0,6.480000000000004,83.08714285714287,83.64166666666667,0.010401106563850446,0.013779445032299359,0.010003659875564397,0,79.97733333333335,-2.812666666666658
2023-02-21,82.14,76.28,120.6256,68.9,174.9808,36.5686,74.0432,3.6725,82.14,-0.0078511897572171,0.0100875401729969,0,-0.007851189757217103,-0.0003931332721792691,5.859999999999999,82.6842857142857,83.481,0.01008754017299699,0.013823575752265404,0.007851189757217103,0,79.71633333333334,-2.423666666666662
2023-02-22,79.55,73.95,120.8389,140.33,150.30847,36.5686,74.8596,3.6725,79.55,-0.0315315315315315,0.0143368456646318,0,-0.03153153153153154,-0.03054535920293655,5.599999999999994,82.03285714285714,83.21466666666667,0.014336845664631821,0.01474462591784292,0.03153153153153154,1,79.519,-0.0309999999999917
2023-02-23,82.08,75.26,121.0896,188.33,127.874855,36.5686,74.7087,3.6725,82.08,0.0318038969201759,0.0208505349592497,0,0.031803896920175934,0.017714672075726856,6.819999999999993,81.78142857142858,83.109,0.02085053495924971,0.015399238003930036,0.031803896920175934,1,79.23733333333334,-2.842666666666659
2023-02-24,82.31,76.19,121.5681,82.35,110.9738,36.5686,74.7087,3.6725,82.31,0.0028021442495127,0.0190236199613303,0,0.00280214424951275,0.012357161838958186,6.1200000000000045,81.83,83.01666666666667,0.01902361996133035,0.01541503981268911,0.00280214424951275,0,78.94800000000002,-3.3619999999999806
2023-02-25,82.31,76.19,121.5681,57.93,84.050224,36.5686,74.7087,3.6725,82.31,0.0,0.0190236199613303,1,0.0,0.0,6.1200000000000045,81.87857142857142,82.884,0.01902361996133035,0.015147515805140484,0.0,0,78.76433333333334,-3.545666666666662
2023-02-26,82.31,76.19,121.5681,78.14,67.603424,36.5686,74.7087,3.6725,82.31,0.0,0.0190236199613303,1,0.0,0.0,6.1200000000000045,81.92714285714285,82.78233333333333,0.01902361996133035,0.015046432086376044,0.0,0,78.62300000000002,-3.6869999999999834
2023-02-27,81.24,75.57,121.3941,130.62,125.62632,36.5686,74.7087,3.6725,81.24,-0.0129996355242377,0.0191444794975292,0,-0.012999635524237774,-0.008137550859692921,5.670000000000002,81.7057142857143,82.64500000000001,0.019144479497529284,0.015199978354372066,0.012999635524237774,0,78.4986666666667,-2.7413333333333014
2023-02-28,83.21,76.88,121.3341,88.38,146.9531,36.5686,75.4323,3.6725,83.21,0.0242491383554899,0.0213747418681159,0,0.02424913835548992,0.017334921265052206,6.329999999999998,81.85857142857142,82.57333333333332,0.021374741868115985,0.015912547446404034,0.02424913835548992,1,78.34000000000002,-4.869999999999976
2023-03-01,83.68,77.57,120.6347,79.33,92.77372,36.5686,74.8932,3.6725,83.68,0.005648359572167,0.0154342950098028,0,0.005648359572167028,0.008975026014568233,6.110000000000014,82.44857142857143,82.53266666666667,0.015434295009802857,0.01592865256326526,0.005648359572167028,0,78.19033333333333,-5.489666666666679
2023-03-02,84.15,78.05,121.1302,158.83,121.40301,36.5686,75.2513,3.6725,84.15,0.0056166347992352,0.0110811554557471,0,0.005616634799235243,0.006187959262601517,6.1000000000000085,82.74428571428572,82.557,0.011081155455747184,0.01562986477204315,0.005616634799235243,0,78.025,-6.125
2023-03-03,85.74,79.62,120.7742,90.05,154.62614,36.5686,75.4729,3.6725,85.74,0.0188948306595364,0.0124667199404271,0,0.018894830659536455,0.020115310698270328,6.11999999999999,83.23428571428572,82.69466666666666,0.012466719940427144,0.015405611993970069,0.018894830659536455,1,77.80666666666666,-7.933333333333337
2023-03-04,85.74,79.62,120.7742,109.74,101.25752,36.5686,75.4592,3.6725,85.74,0.0,0.0124667199404271,1,0.0,0.0,6.11999999999999,83.7242857142857,82.867,0.012466719940427144,0.015165695104766964,0.0,0,77.809,-7.930999999999997
2023-03-05,85.74,79.62,120.7742,120.29,60.046543,36.5686,75.4592,3.6725,85.74,0.0,0.0124667199404271,1,0.0,0.0,6.11999999999999,84.21428571428571,83.09666666666666,0.012466719940427144,0.014510030360486148,0.0,0,77.80766666666665,-7.932333333333347
2023-03-06,85.86,80.39,120.485,88.74,106.85702,36.5686,75.4592,3.6725,85.86,0.0013995801259623,0.0097082677890126,0,0.0013995801259623075,0.009670936950514797,5.469999999999999,84.87428571428572,83.33033333333333,0.009708267789012634,0.014502640389042051,0.0013995801259623075,0,77.80866666666665,-8.051333333333346
2023-03-07,83.03,77.45,121.4623,97.28,161.43118,36.5686,75.4728,3.6725,83.03,-0.0329606335895643,0.0158563703157589,0,-0.03296063358956436,-0.03657171289961436,5.579999999999998,84.84857142857142,83.46966666666665,0.015856370315758983,0.015913297578711526,0.03296063358956436,1,77.92633333333332,-5.103666666666683
2023-03-08,82.1,76.56,121.4511,71.68,125.93232,36.5686,75.4577,3.6725,82.1,-0.0112007708057328,0.0160976108052073,0,-0.011200770805732896,-0.011491284699806315,5.539999999999992,84.62285714285714,83.52366666666667,0.016097610805207312,0.015675227300578465,0.011200770805732896,0,78.07499999999999,-4.025000000000006
2023-03-09,81.0,75.6,121.4458,99.01,147.47734,36.5686,75.4577,3.6725,81.0,-0.0133982947624846,0.0160829227565222,0,-0.013398294762484664,-0.012539184952978122,5.400000000000006,84.17285714285715,83.45966666666666,0.016082922756522216,0.01484491819481723,0.013398294762484664,0,78.26033333333334,-2.7396666666666647
2023-03-10,82.3,76.55,121.2421,167.33,113.4441,36.5686,75.9028,3.6725,82.3,0.0160493827160492,0.0153898110647355,0,0.016049382716049276,0.01256613756613767,5.75,83.68142857142857,83.39733333333334,0.015389811064735507,0.014881592741907259,0.016049382716049276,0,78.40233333333332,-3.89766666666668
2023-03-11,82.3,76.55,121.2421,111.64,84.21782,36.5686,75.9406,3.6725,82.3,0.0,0.0153898110647355,1,0.0,0.0,5.75,83.18999999999998,83.35866666666668,0.015389811064735507,0.01480876705249415,0.0,0,78.54433333333333,-3.75566666666667
2023-03-12,82.3,76.55,121.2421,63.42,77.714195,36.5686,75.9406,3.6725,82.3,0.0,0.0153898110647355,1,0.0,0.0,5.75,82.69857142857143,83.25333333333333,0.015389811064735507,0.014079853229720482,0.0,0,78.71166666666666,-3.5883333333333383
2023-03-13,79.67,74.68,120.8897,226.43,144.29745,36.5686,75.9406,3.6725,79.67,-0.0319562575941676,0.0177909705863865,0,-0.03195625759416765,-0.024428478118876384,4.989999999999995,81.81428571428572,83.06033333333333,0.017790970586386564,0.015156777194124936,0.03195625759416765,1,78.99966666666666,-0.6703333333333461
2023-03-14,76.77,71.18,121.0141,246.38,117.30847,36.5686,75.4609,3.6725,76.77,-0.0364001506213129,0.0185463040167976,0,-0.036400150621312966,-0.046866630958757316,5.589999999999989,80.91999999999999,82.77066666666666,0.018546304016797677,0.016380166764113413,0.036400150621312966,1,79.32433333333333,2.5543333333333322
2023-03-15,74.3,67.38,122.1079,165.53,101.75122,36.5686,75.1927,3.6725,74.3,-0.0321740263123615,0.0202064945757935,0,-0.03217402631236155,-0.053385782523180825,6.920000000000002,79.80571428571429,82.38133333333333,0.020206494575793595,0.01708730251272569,0.03217402631236155,1,79.75800000000001,5.458000000000013
2023-03-16,73.12,68.15,121.7221,191.67,112.811905,36.5686,75.7457,3.6725,73.12,-0.0158815612382233,0.0202163194032948,0,-0.015881561238223374,0.011427723360047715,4.969999999999999,78.67999999999999,81.98666666666666,0.02021631940329487,0.017160876577401778,0.015881561238223374,0,80.23100000000001,7.111000000000004
2023-03-17,71.03,66.61,121.5643,236.53,85.22901,36.5686,76.4095,3.6725,71.03,-0.0285831509846827,0.0155305691709995,0,-0.02858315098468278,-0.02259721203228182,4.420000000000002,77.07000000000001,81.55066666666667,0.01553056917099953,0.01768076875878625,0.02858315098468278,1,80.77366666666667,9.74366666666667
2023-03-18,71.03,66.61,121.5643,80.16,87.944275,36.5686,76.6044,3.6725,71.03,0.0,0.0155305691709995,1,0.0,0.0,4.420000000000002,75.46000000000001,81.12366666666667,0.01553056917099953,0.01770459058117738,0.0,0,81.26033333333334,10.230333333333334
2023-03-19,71.03,66.61,121.5643,213.92,32.057106,36.5686,76.6044,3.6725,71.03,0.0,0.0155305691709995,1,0.0,0.0,4.420000000000002,73.85000000000001,80.759,0.01553056917099953,0.0174347245657417,0.0,0,81.742,10.712000000000003
2023-03-20,72.42,67.56,121.0141,158.68,94.068855,36.5686,76.6044,3.6725,72.42,0.0195691961143178,0.0206729675297208,0,0.019569196114317844,0.01426212280438377,4.859999999999999,72.81428571428572,80.44066666666667,0.020672967529720858,0.017971199699311966,0.019569196114317844,1,82.17266666666667,9.75266666666667
2023-03-21,74.78,69.4,120.8958,102.69,129.90462,36.5686,77.2422,3.6725,74.78,0.032587682960508,0.0240266377547433,0,0.03258768296050807,0.027235050325636445,5.3799999999999955,72.53,80.201,0.024026637754743393,0.019164287526987456,0.03258768296050807,1,82.45633333333333,7.676333333333332
2023-03-22,76.08,70.71,120.6217,215.3,114.43416,36.5686,76.8373,3.6725,76.08,0.0173843273602567,0.021317101605736,0,0.017384327360256746,0.018876080691642372,5.3700000000000045,72.78428571428572,79.97733333333332,0.021317101605736046,0.01938149053196788,0.017384327360256746,0,82.69900000000001,6.619000000000014
2023-03-23,74.31,69.77,119.7587,190.0,100.57131,36.5686,76.9561,3.6725,74.31,-0.0232649842271293,0.022585617418449,0,-0.023264984227129304,-0.01329373497383679,4.540000000000006,72.95428571428572,79.71633333333332,0.022585617418449052,0.01972589093229366,0.023264984227129304,1,83.00066666666667,8.690666666666672
2023-03-24,73.63,69.22,120.4598,163.72,72.61953,36.5686,76.3072,3.6725,73.63,-0.0091508545283274,0.0190404131407192,0,-0.009150854528327423,-0.007883044288376051,4.409999999999997,73.32571428571428,79.51899999999999,0.01904041314071921,0.019026102590273097,0.009150854528327423,0,83.32500000000002,9.695000000000022
2023-03-25,73.63,69.22,120.4598,132.95,101.6125,36.5686,76.4479,3.6725,73.63,0.0,0.0190404131407192,1,0.0,0.0,4.409999999999997,73.69714285714285,79.23733333333332,0.01904041314071921,0.017907805932119783,0.0,0,83.67833333333334,10.048333333333346
2023-03-26,73.63,69.22,120.4598,153.05,31.648737,36.5686,76.4479,3.6725,73.63,0.0,0.0190404131407192,1,0.0,0.0,4.409999999999997,74.06857142857143,78.94800000000001,0.01904041314071921,0.017881310879622195,0.0,0,83.96166666666669,10.331666666666692
2023-03-27,76.8,72.87,120.2541,141.81,120.94568,36.5686,76.4479,3.6725,76.8,0.0430531033546108,0.0235157953958882,0,0.04305310335461088,0.05273042473273626,3.9299999999999926,74.69428571428571,78.76433333333333,0.023515795395888276,0.019800872928069268,0.04305310335461088,1,84.04133333333336,7.241333333333358
2023-03-28,78.07,73.12,119.7138,117.77,76.76182,36.5686,76.5662,3.6725,78.07,0.0165364583333333,0.0214887770071294,0,0.016536458333333393,0.0034307671195279443,4.949999999999989,75.16428571428571,78.623,0.02148877700712948,0.020089906605615895,0.016536458333333393,0,84.10933333333335,6.03933333333336
2023-03-29,77.51,72.95,119.7258,127.01,79.95853,36.5686,76.5939,3.6725,77.51,-0.0071730498270781,0.0213944219079709,0,-0.007173049827078115,-0.0023249452954048344,4.560000000000002,75.36857142857143,78.49866666666665,0.021394421907970956,0.020003539390742998,0.007173049827078115,0,84.23633333333335,6.7263333333333435
2023-03-30,78.45,74.32,119.4078,82.78,129.30096,36.5686,76.9781,3.6725,78.45,0.0121274674235583,0.0181243289584643,0,0.012127467423558302,0.018779986291980633,4.13000000000001,75.96000000000001,78.34,0.01812432895846433,0.01958624176211402,0.012127467423558302,0,84.33200000000002,5.882000000000019
2023-03-31,79.19,75.68,119.3602,144.99,90.44553,36.5686,77.0863,3.6725,79.19,0.0094327597195664,0.01649613712795,0,0.009432759719566475,0.01829924650161474,3.509999999999991,76.75428571428571,78.19033333333333,0.01649613712795009,0.019647797178180194,0.009432759719566475,0,84.40300000000003,5.2130000000000365
2023-04-01,79.19,75.68,119.3602,118.19,52.3538,36.5686,77.3233,3.6725,79.19,0.0,0.01649613712795,1,0.0,0.0,3.509999999999991,77.54857142857144,78.025,0.01649613712795009,0.019602877981544153,0.0,0,84.47400000000003,5.2840000000000344
2023-04-02,79.19,75.68,119.3602,407.69,43.58642,36.5686,77.3233,3.6725,79.19,0.0,0.01649613712795,1,0.0,0.0,3.509999999999991,78.34285714285714,77.80666666666666,0.01649613712795009,0.019213481740001474,0.0,0,84.39133333333338,5.20133333333338
2023-04-03,85.81,80.4,119.3204,150.38,84.60389,36.5686,77.3233,3.6725,85.81,0.0835964136885971,0.0307564927761182,0,0.08359641368859716,0.06236786469344602,5.409999999999997,79.63,77.809,0.030756492776118236,0.024825892762711955,0.08359641368859716,1,83.96133333333336,-1.8486666666666451
2023-04-04,85.7,80.7,119.142,154.53,119.428444,36.5686,77.951,3.6725,85.7,-0.0012819018762382,0.03146855738323,0,-0.0012819018762382228,0.003731343283582156,5.0,80.72,77.80766666666666,0.031468557383230025,0.024827565240357143,0.0012819018762382228,0,83.53800000000001,-2.161999999999992
2023-04-05,85.89,80.69,119.2953,108.51,117.88497,36.5686,79.3563,3.6725,85.89,0.0022170361726954,0.0306133080803931,0,0.002217036172695419,-0.00012391573729875205,5.200000000000003,81.91714285714286,77.80866666666665,0.03061330808039312,0.024829288265116507,0.002217036172695419,0,83.20333333333335,-2.686666666666653
2023-04-06,86.56,80.7,119.3072,40.4,173.69269,36.5686,79.4961,3.6725,86.56,0.0078006752823378,0.03072811377419,0,0.0078006752823378545,0.0001239310943115246,5.859999999999999,83.07571428571428,77.92633333333333,0.03072811377419004,0.024049211285037158,0.0078006752823378545,0,82.84633333333333,-3.7136666666666684
2023-04-07,86.56,80.7,119.3547,65.4,169.00856,36.5686,80.6713,3.6725,86.56,0.0,0.0311926222253675,1,0.0,0.0,5.859999999999999,84.12857142857145,78.075,0.03119262222536755,0.023929263410286193,0.0,0,82.48933333333333,-4.070666666666668
2023-04-08,86.56,80.7,119.3547,124.42,64.85449,36.5686,82.3988,3.6725,86.56,0.0,0.0311926222253675,1,0.0,0.0,5.859999999999999,85.18142857142857,78.26033333333334,0.03119262222536755,0.023755663303080574,0.0,0,82.13233333333332,-4.427666666666681
2023-04-09,86.56,80.7,119.3547,210.2,44.020832,36.5686,82.3988,3.6725,86.56,0.0,0.0311926222253675,1,0.0,0.0,5.859999999999999,86.23428571428573,78.40233333333335,0.03119262222536755,0.02361994011144764,0.0,0,81.839,-4.721000000000004
2023-04-10,86.56,79.79,119.7948,116.65,142.7831,36.5686,82.3988,3.6725,86.56,0.0,0.0030688489687495,1,0.0,-0.01127633209417589,6.769999999999996,86.34142857142857,78.54433333333333,0.003068848968749532,0.02361994011144764,0.0,0,81.51033333333334,-5.049666666666667
2023-04-11,87.32,81.54,119.5248,155.38,92.7519,36.5686,81.7441,3.6725,87.32,0.0087800369685766,0.0039237630387845,0,0.008780036968576654,0.021932573004135758,5.779999999999987,86.57285714285715,78.71166666666667,0.003923763038784508,0.02364934818920446,0.008780036968576654,0,81.11033333333333,-6.209666666666664
2023-04-12,88.31,83.26,119.003,109.82,119.428444,36.5686,82.1799,3.6725,88.31,0.0113376087952359,0.0050848375226444,0,0.011337608795235932,0.021093941623743007,5.049999999999997,86.91857142857143,78.99966666666667,0.005084837522644495,0.022796178424840354,0.011337608795235932,0,80.65133333333333,-7.658666666666676
2023-04-13,86.51,82.16,118.3915,258.05,126.19306,36.5686,82.0934,3.6725,86.51,-0.0203827426112557,0.0101741222327625,0,-0.020382742611255722,-0.013211626231083407,4.3500000000000085,86.91142857142857,79.32433333333333,0.01017412223276251,0.0219986137586803,0.020382742611255722,1,80.25233333333334,-6.257666666666665
2023-04-14,87.31,82.58,118.8567,38.2,119.803535,36.5686,81.6758,3.6725,87.31,0.0092474858397872,0.0107631812649047,0,0.009247485839787295,0.005111976630963966,4.730000000000004,87.01857142857143,79.758,0.010763181264904782,0.0209086537274644,0.009247485839787295,0,79.82666666666667,-7.483333333333334
2023-04-15,87.31,82.58,118.8567,50.4,87.30798,36.5686,81.5045,3.6725,87.31,0.0,0.0107631812649047,1,0.0,0.0,4.730000000000004,87.12571428571428,80.231,0.010763181264904782,0.020543921069645477,0.0,0,79.43166666666666,-7.8783333333333445
2023-04-16,87.31,82.58,118.8567,279.06,42.064354,36.5686,81.5045,3.6725,87.31,0.0,0.0107631812649047,1,0.0,0.0,4.730000000000004,87.23285714285714,80.77366666666667,0.010763181264904782,0.019515683803361578,0.0,0,79.02633333333333,-8.283666666666676
2023-04-17,85.63,80.93,119.2787,51.34,91.624214,36.5686,81.5045,3.6725,85.63,-0.0192417821555378,0.013302959218867,0,-0.019241782155537845,-0.0199806248486315,4.699999999999989,87.10000000000001,81.26033333333334,0.013302959218867079,0.020064882032513238,0.019241782155537845,1,78.73800000000001,-6.891999999999982
2023-04-18,85.48,80.85,119.1049,186.52,106.85702,36.5686,81.6279,3.6725,85.48,-0.0017517225271516,0.0125238115155163,0,-0.0017517225271516113,-0.000988508587668524,4.63000000000001,86.83714285714288,81.74199999999999,0.012523811515516386,0.020086803649737434,0.0017517225271516113,0,78.41366666666667,-7.066333333333333
2023-04-19,85.34,79.18,119.303,128.99,158.03075,36.5686,81.6028,3.6725,85.34,-0.0016378100140383,0.010909371161777,0,-0.0016378100140383989,-0.020655534941249054,6.159999999999997,86.41285714285713,82.17266666666666,0.010909371161777008,0.019979543600182545,0.0016378100140383989,0,78.08300000000001,-7.256999999999991
2023-04-20,83.29,77.27,119.1199,98.98,95.66982,36.5686,81.6549,3.6725,83.29,-0.0240215608155612,0.0118227750447675,0,-0.024021560815561283,-0.024122253094215895,6.02000000000001,85.95285714285716,82.45633333333333,0.01182277504476752,0.020023200497716408,0.024021560815561283,1,77.82066666666668,-5.469333333333324
2023-04-21,83.36,77.86,119.3117,118.21,140.0534,36.5686,81.6188,3.6725,83.36,0.0008404370272541,0.010439613711575,0,0.0008404370272541151,0.007635563608127338,5.5,85.38857142857144,82.69900000000001,0.010439613711575048,0.019862975796538444,0.0008404370272541151,0,77.55600000000001,-5.803999999999988
2023-04-22,83.36,77.86,119.3117,113.76,70.80297,36.5686,81.4863,3.6725,83.36,0.0,0.010439613711575,1,0.0,0.0,5.5,84.82428571428571,83.00066666666666,0.010439613711575048,0.019236952781714615,0.0,0,77.30300000000001,-6.056999999999988
2023-04-23,83.36,77.86,119.3117,127.64,56.464222,36.5686,81.4863,3.6725,83.36,0.0,0.010439613711575,1,0.0,0.0,5.5,84.26,83.325,0.010439613711575048,0.01909306954704267,0.0,0,77.07966666666667,-6.280333333333331
2023-04-24,84.23,78.64,119.2039,149.57,159.46716,36.5686,81.4863,3.6725,84.23,0.010436660268714,0.0104501196360541,0,0.010436660268714038,0.01001798099152329,5.590000000000003,84.06000000000002,83.67833333333333,0.010450119636054135,0.019106794624433543,0.010436660268714038,0,76.87166666666666,-7.3583333333333485
2023-04-25,82.13,77.05,119.613,111.25,180.2335,36.5686,81.2745,3.6725,82.13,-0.0249317345363885,0.0134792473664368,0,-0.024931734536388528,-0.02021871820956256,5.079999999999998,83.58142857142857,83.96166666666666,0.013479247366436816,0.019844608370111327,0.024931734536388528,1,76.65599999999998,-5.474000000000018
2023-04-26,79.19,74.33,119.3228,135.07,105.34668,36.5686,81.5499,3.6725,79.19,-0.0357969073420186,0.0174092419973495,0,-0.03579690734201868,-0.03530175210902009,4.859999999999999,82.70285714285714,84.04133333333334,0.017409241997349577,0.019692010002186528,0.03579690734201868,1,76.56066666666666,-2.629333333333335
2023-04-27,80.11,74.77,119.4298,157.01,117.88497,36.5686,81.6274,3.6725,80.11,0.0116176284884454,0.0179959393927212,0,0.011617628488445497,0.005919547961791949,5.340000000000003,82.24857142857142,84.10933333333332,0.017995939392721295,0.019580109451476178,0.011617628488445497,0,76.43466666666664,-3.6753333333333558
2023-04-28,81.32,76.78,119.2248,94.05,117.88497,36.5686,81.5601,3.6725,81.32,0.015104231681438,0.0195604898167936,0,0.01510423168143804,0.026882439481075382,4.539999999999992,81.95714285714287,84.23633333333333,0.019560489816793668,0.019680047197491543,0.01510423168143804,0,76.26833333333333,-5.051666666666662
2023-04-29,81.32,76.78,119.2248,93.97,63.050335,36.5686,80.5093,3.6725,81.32,0.0,0.0195604898167936,1,0.0,0.0,4.539999999999992,81.66571428571429,84.33200000000001,0.019560489816793668,0.01958455926216852,0.0,0,76.102,-5.217999999999989
2023-04-30,81.32,76.78,119.2248,209.08,71.34761,36.5686,80.5093,3.6725,81.32,0.0,0.0195604898167936,1,0.0,0.0,4.539999999999992,81.3742857142857,84.40299999999999,0.019560489816793668,0.019526430644495062,0.0,0,75.83733333333335,-5.4826666666666455
2023-05-01,81.32,75.65,119.4435,435.03,104.6074,36.5686,80.5093,3.6725,81.32,0.0,0.0187123324996324,1,0.0,-0.014717374316228105,5.6699999999999875,80.95857142857143,84.47399999999999,0.018712332499632455,0.019526430644495062,0.0,0,75.526,-5.793999999999997
2023-05-02,76.71,71.71,119.6105,249.56,77.03646,36.5686,80.5093,3.6725,76.71,-0.0566896212493851,0.0265844029911582,0,-0.05668962124938515,-0.052081956378057015,5.0,80.1842857142857,84.39133333333334,0.026584402991158294,0.022193843326709123,0.05668962124938515,1,75.44166666666665,-1.268333333333345
2023-05-03,72.91,68.62,119.1233,139.92,149.52562,36.5686,79.9609,3.6725,72.91,-0.0495372180941207,0.0292339707681219,0,-0.049537218094120705,-0.043090224515409115,4.289999999999992,79.28714285714285,83.96133333333333,0.029233970768121925,0.017557249110627088,0.049537218094120705,1,75.54466666666666,2.6346666666666607
2023-05-04,73.0,68.52,119.0465,105.0,118.08403,36.5686,79.3071,3.6725,73.0,0.0012343985735838,0.028115952380007,0,0.0012343985735838725,-0.0014573010784029172,4.480000000000004,78.27142857142857,83.538,0.02811595238000708,0.017582915965934233,0.0012343985735838725,0,75.64466666666665,2.6446666666666516
2023-05-05,75.85,71.32,118.5548,100.93,69.73827,36.5686,78.6139,3.6725,75.85,0.0390410958904108,0.0330958494027809,0,0.039041095890410826,0.040863981319322784,4.530000000000001,77.49,83.20333333333333,0.033095849402780944,0.019316900106705795,0.039041095890410826,1,75.64966666666666,-0.20033333333333303
2023-05-06,75.85,71.32,118.5548,87.09,91.451256,36.5686,76.8207,3.6725,75.85,0.0,0.0330958494027809,1,0.0,0.0,4.530000000000001,76.70857142857142,82.84633333333335,0.033095849402780944,0.01920542811391495,0.0,0,75.67500000000001,-0.17499999999998295
2023-05-07,75.85,71.32,118.5548,152.42,42.605373,36.5686,76.8207,3.6725,75.85,0.0,0.0330958494027809,1,0.0,0.0,4.530000000000001,75.92714285714285,82.48933333333333,0.033095849402780944,0.01920542811391495,0.0,0,75.68733333333333,-0.16266666666666652
2023-05-08,75.85,73.13,118.5759,311.34,51.75887,36.5686,76.8207,3.6725,75.85,0.0,0.0330958494027809,1,0.0,0.02537857543466071,2.719999999999999,75.14571428571428,82.13233333333332,0.033095849402780944,0.01920542811391495,0.0,0,75.72066666666666,-0.12933333333333508
2023-05-09,77.76,73.68,118.8239,163.06,116.35052,36.5686,76.8207,3.6725,77.76,0.0251812788398155,0.0276211244136215,0,0.02518127883981558,0.007520853274989969,4.079999999999998,75.29571428571428,81.839,0.027621124413621516,0.019932367279947148,0.02518127883981558,1,75.65799999999999,-2.102000000000018
2023-05-10,76.7,72.53,118.5864,69.51,118.51763,36.5686,76.8207,3.6725,76.7,-0.0136316872427983,0.0180829535090015,0,-0.013631687242798396,-0.015608034744842625,4.170000000000002,75.83714285714287,81.51033333333334,0.01808295350900155,0.020008072590402933,0.013631687242798396,0,75.59266666666666,-1.1073333333333437
2023-05-11,75.32,70.81,119.0303,155.22,137.27757,36.5686,76.6929,3.6725,75.32,-0.0179921773142113,0.0204777779276979,0,-0.01799217731421132,-0.02371432510685234,4.509999999999991,76.16857142857143,81.11033333333333,0.02047777792769794,0.02002343769827227,0.01799217731421132,1,75.57333333333331,0.2533333333333161
2023-05-12,74.54,70.02,119.3671,190.28,146.21684,36.5686,75.8846,3.6725,74.54,-0.0103558151885287,0.0142042759354723,0,-0.010355815188528794,-0.01115661629713327,4.52000000000001,75.98142857142857,80.65133333333333,0.014204275935472339,0.01981419715082731,0.010355815188528794,0,75.57999999999997,1.0399999999999636
2023-05-13,74.54,70.02,119.3671,250.04,88.82279,36.5686,77.2041,3.6725,74.54,0.0,0.0142042759354723,1,0.0,0.0,4.52000000000001,75.7942857142857,80.25233333333334,0.014204275935472339,0.019632855259737014,0.0,0,75.48866666666666,0.9486666666666537
2023-05-14,74.54,70.02,119.3671,189.55,74.02386,36.5686,77.2041,3.6725,74.54,0.0,0.0142042759354723,1,0.0,0.0,4.52000000000001,75.60714285714286,79.82666666666667,0.014204275935472339,0.019477277902085234,0.0,0,75.47866666666665,0.9386666666666486
2023-05-15,75.46,71.07,119.1608,99.1,135.86703,36.5686,77.2041,3.6725,75.46,0.0123423665146229,0.0152773168397334,0,0.012342366514622949,0.014995715509854346,4.390000000000001,75.55142857142857,79.43166666666667,0.01527731683973346,0.019716963350314008,0.012342366514622949,0,75.40966666666665,-0.05033333333334156
2023-05-16,75.15,70.85,119.1743,67.14,137.52538,36.5686,79.1004,3.6725,75.15,-0.0041081367611978,0.0101924457849369,0,-0.0041081367611978115,-0.0030955396088363507,4.300000000000011,75.17857142857143,79.02633333333333,0.010192445784936943,0.019697741703072542,0.0041081367611978115,0,75.42966666666666,0.27966666666665674
2023-05-17,76.98,72.78,119.607,113.54,89.377884,36.5686,79.9798,3.6725,76.98,0.0243512974051895,0.0140865928812918,0,0.024351297405189598,0.02724064925899805,4.200000000000003,75.21857142857142,78.73800000000001,0.014086592881291885,0.0201969795067538,0.024351297405189598,1,75.42233333333334,-1.5576666666666625
2023-05-18,75.75,71.82,120.0886,210.79,125.21734,36.5686,80.7642,3.6725,75.75,-0.0159781761496493,0.0136574668552765,0,-0.01597817614964936,-0.013190436933223526,3.930000000000007,75.28,78.41366666666666,0.013657466855276513,0.02032492638538646,0.01597817614964936,0,75.456,-0.29399999999999693
2023-05-19,75.42,71.57,119.7751,111.5,160.85306,36.5686,80.0366,3.6725,75.42,-0.0043564356435643,0.0130066420521281,0,-0.00435643564356436,-0.0034809245335560846,3.8500000000000085,75.4057142857143,78.083,0.01300664205212812,0.020320932145478844,0.00435643564356436,0,75.5006666666667,0.0806666666667013
2023-05-20,75.42,71.57,119.7751,206.6,98.44183,36.5686,79.9093,3.6725,75.42,0.0,0.0130066420521281,1,0.0,0.0,3.8500000000000085,75.53142857142858,77.82066666666667,0.01300664205212812,0.0199713302896505,0.0,0,75.52300000000001,0.10300000000000864
2023-05-21,75.42,71.57,119.7751,328.45,60.2285,36.5686,79.9093,3.6725,75.42,0.0,0.0130066420521281,1,0.0,0.0,3.8500000000000085,75.65714285714286,77.556,0.01300664205212812,0.019966190026173607,0.0,0,75.53533333333333,0.11533333333332507
2023-05-22,75.77,71.81,120.0875,398.71,78.24963,36.5686,79.9093,3.6725,75.77,0.0046406788650223,0.0122659591401227,0,0.004640678865022396,0.0033533603465141226,3.9599999999999937,75.70142857142856,77.30300000000001,0.012265959140122741,0.020009251771707894,0.004640678865022396,0,75.57366666666667,-0.19633333333332814
2023-05-23,76.66,72.87,120.3204,156.99,183.69136,36.5686,79.9379,3.6725,76.66,0.0117460736439223,0.0126971191396906,0,0.011746073643922328,0.01476117532377108,3.789999999999992,75.91714285714286,77.07966666666667,0.012697119139690623,0.020183754575355504,0.011746073643922328,0,75.48266666666667,-1.1773333333333227
2023-05-24,77.99,74.37,120.4752,301.54,115.21974,36.5686,80.1665,3.6725,77.99,0.0173493347247586,0.010871439100095,0,0.017349334724758636,0.020584602717167666,3.6199999999999903,76.06142857142856,76.87166666666667,0.010871439100095037,0.020376132645947963,0.017349334724758636,0,75.335,-2.655000000000001
2023-05-25,75.66,71.68,120.8413,237.84,106.28559,36.5686,79.9669,3.6725,75.66,-0.0298756250801384,0.0151217389091986,0,-0.029875625080138413,-0.036170498857066025,3.9799999999999898,76.04857142857144,76.65599999999999,0.015121738909198636,0.020583922751516028,0.029875625080138413,1,75.265,-0.394999999999996
2023-05-26,76.33,72.35,120.6304,220.29,61.343845,36.5686,79.9841,3.6725,76.33,0.0088554057626222,0.0153208882711874,0,0.008855405762622226,0.009347098214285587,3.980000000000004,76.17857142857143,76.56066666666666,0.015320888271187496,0.01968997849596667,0.008855405762622226,0,75.17266666666667,-1.1573333333333267
2023-05-27,76.33,72.35,120.6304,154.91,85.71332,36.5686,79.9667,3.6725,76.33,0.0,0.0153208882711874,1,0.0,0.0,3.980000000000004,76.30857142857143,76.43466666666667,0.015320888271187496,0.01954626429081755,0.0,0,75.09033333333335,-1.2396666666666505
2023-05-28,76.33,72.35,120.6304,241.49,36.502125,36.5686,79.9667,3.6725,76.33,0.0,0.0153208882711874,1,0.0,0.0,3.980000000000004,76.43857142857142,76.26833333333335,0.015320888271187496,0.01929884691899224,0.0,0,74.94200000000001,-1.387999999999991
2023-05-29,76.33,72.35,120.6304,80.39,44.966984,36.5686,79.9667,3.6725,76.33,0.0,0.0152786633421196,1,0.0,0.0,3.980000000000004,76.51857142857143,76.102,0.015278663342119617,0.01929884691899224,0.0,0,74.85233333333332,-1.4776666666666785
2023-05-30,73.38,69.45,120.5546,111.1,111.29181,36.5686,80.0555,3.6725,73.38,-0.0386479758941439,0.0204523665739038,0,-0.03864797589414393,-0.040082930200414535,3.9299999999999926,76.05,75.83733333333335,0.02045236657390384,0.020423040416900205,0.03864797589414393,1,74.86833333333333,1.4883333333333297
2023-05-31,71.98,68.11,120.9662,264.79,219.58307,36.5686,80.6872,3.6725,71.98,-0.019078768056691,0.0179942928061914,0,-0.019078768056691064,-0.019294456443484598,3.8700000000000045,75.19142857142856,75.526,0.017994292806191494,0.020615637402617727,0.019078768056691064,1,74.95266666666667,2.972666666666669
2023-06-01,74.18,70.09,120.0491,108.62,182.39716,36.5686,80.9942,3.6725,74.18,0.0305640455682134,0.0216885720977599,0,0.03056404556821346,0.029070621054177126,4.090000000000003,74.98,75.44166666666666,0.021688572097759956,0.01899520326720308,0.03056404556821346,1,74.96366666666668,0.7836666666666758
2023-06-02,76.0,71.76,120.0049,96.48,129.57323,36.5686,80.9657,3.6725,76.0,0.0245349150714477,0.0237795497109885,0,0.024534915071447783,0.02382650877443293,4.239999999999995,74.93285714285715,75.54466666666667,0.023779549710988584,0.017188993799252598,0.024534915071447783,1,74.91400000000002,-1.0859999999999843
2023-06-03,76.0,71.76,120.0049,63.27,119.01441,36.5686,80.8756,3.6725,76.0,0.0,0.0237795497109885,1,0.0,0.0,4.239999999999995,74.88571428571429,75.64466666666667,0.023779549710988584,0.017191196173728697,0.0,0,74.86466666666666,-1.1353333333333353
2023-06-04,76.0,71.76,120.0049,150.73,38.18522,36.5686,80.8756,3.6725,76.0,0.0,0.0237795497109885,1,0.0,0.0,4.239999999999995,74.83857142857143,75.64966666666668,0.023779549710988584,0.015659744157424046,0.0,0,74.87233333333333,-1.12766666666667
2023-06-05,76.61,72.14,120.0048,133.01,107.08731,36.5686,80.8756,3.6725,76.61,0.0080263157894737,0.0239932166284196,0,0.00802631578947377,0.005295429208472591,4.469999999999999,74.87857142857142,75.675,0.023993216628419693,0.015724908499633494,0.00802631578947377,0,74.87666666666665,-1.7333333333333485
2023-06-06,76.22,71.71,119.9718,62.63,133.47343,36.5686,81.3294,3.6725,76.22,-0.0050907192272549,0.0171933424070102,0,-0.005090719227254903,-0.005960632104241803,4.510000000000005,75.28428571428572,75.68733333333333,0.01719334240701026,0.015757390826518048,0.005090719227254903,0,74.8933333333333,-1.3266666666666964
2023-06-07,76.85,72.52,119.859,119.0,142.29243,36.5686,81.2502,3.6725,76.85,0.0082655471004984,0.0133343021643449,0,0.008265547100498427,0.0112954957467577,4.329999999999998,75.98,75.72066666666666,0.013334302164344915,0.015824399396013267,0.008265547100498427,0,74.95733333333332,-1.8926666666666705
2023-06-08,75.88,71.28,119.5712,96.83,78.73675,36.5686,81.4581,3.6725,75.88,-0.0126219908913467,0.011857559275721,0,-0.012621990891346746,-0.01709873138444562,4.599999999999994,76.22285714285714,75.65799999999999,0.011857559275721019,0.01529222398987476,0.012621990891346746,0,75.05366666666667,-0.8263333333333236
2023-06-09,74.74,70.16,119.4322,58.14,96.32668,36.5686,82.093,3.6725,74.74,-0.0150237216657881,0.0091747054903537,0,-0.015023721665788137,-0.015712682379349086,4.579999999999998,76.04285714285713,75.59266666666666,0.00917470549035375,0.015334861666635216,0.015023721665788137,0,75.188,0.4480000000000075
2023-06-10,74.74,70.16,119.4322,64.39,97.142746,36.5686,82.6417,3.6725,74.74,0.0,0.0091747054903537,1,0.0,0.0,4.579999999999998,75.86285714285714,75.57333333333332,0.00917470549035375,0.014985055765189255,0.0,0,75.291,0.5510000000000019
2023-06-11,74.74,70.16,119.4322,90.27,81.29,36.5686,82.6417,3.6725,74.74,0.0,0.0091747054903537,1,0.0,0.0,4.579999999999998,75.68285714285715,75.57999999999998,0.00917470549035375,0.014860578961532683,0.0,0,75.45100000000001,0.7110000000000127
2023-06-12,71.8,67.08,119.6376,204.38,65.725555,36.5686,82.6417,3.6725,71.8,-0.0393363660690393,0.015518739459341,0,-0.03933636606903934,-0.043899657924743374,4.719999999999999,74.99571428571427,75.48866666666666,0.015518739459341067,0.01652114264784723,0.03933636606903934,1,75.736,3.936000000000007
2023-06-13,74.24,69.39,119.1899,110.96,77.174515,36.5686,82.6417,3.6725,74.24,0.033983286908078,0.0226133041077938,0,0.03398328690807806,0.034436493738819296,4.849999999999994,74.71285714285715,75.47866666666665,0.02261330410779381,0.017721630329836938,0.03398328690807806,1,75.97166666666665,1.731666666666655
2023-06-14,73.39,68.22,118.776,147.42,72.132965,36.5686,83.6405,3.6725,73.39,-0.0114493534482758,0.0221212345256229,0,-0.0114493534482758,-0.016861219195849597,5.170000000000002,74.21857142857142,75.40966666666667,0.022121234525622906,0.017683397040949435,0.0114493534482758,0,76.18866666666666,2.798666666666662
2023-06-15,75.75,70.61,118.5521,71.0,158.32126,36.5686,84.3249,3.6725,75.75,0.0321569696143888,0.0261185389214152,0,0.03215696961438885,0.03503371445323955,5.140000000000001,74.2,75.42966666666666,0.026118538921415205,0.018660247725512502,0.03215696961438885,1,76.327,0.5769999999999982
2023-06-16,76.76,71.81,118.4184,56.58,111.431946,36.5686,83.9611,3.6725,76.76,0.0133333333333334,0.0255850838502381,0,0.01333333333333342,0.01699475994901567,4.950000000000003,74.48857142857142,75.42233333333333,0.02558508385023818,0.01827778547366614,0.01333333333333342,0,76.43166666666667,-0.32833333333333314
2023-06-17,76.76,71.81,118.4184,61.35,93.10471,36.5686,83.6498,3.6725,76.76,0.0,0.0255850838502381,1,0.0,0.0,4.950000000000003,74.77714285714286,75.456,0.02558508385023818,0.018025180320422367,0.0,0,76.46633333333334,-0.29366666666666674
2023-06-18,76.76,71.81,118.4184,126.36,84.696335,36.5686,83.6498,3.6725,76.76,0.0,0.0255850838502381,1,0.0,0.0,4.950000000000003,75.0657142857143,75.50066666666666,0.02558508385023818,0.018001412822956187,0.0,0,76.55900000000001,-0.2009999999999934
2023-06-19,76.09,71.81,118.4184,277.07,107.784195,36.5686,83.6498,3.6725,76.09,-0.0087285044293903,0.0185818161167911,1,-0.008728504429390327,0.0,4.280000000000001,75.67857142857143,75.523,0.018581816116791192,0.0180842062118893,0.008728504429390327,0,76.66866666666668,0.5786666666666775
2023-06-20,75.79,70.94,118.938,213.08,142.7831,36.5686,83.9866,3.6725,75.79,-0.0039426994348796,0.015107557883813,0,-0.003942699434879682,-0.012115304275170602,4.8500000000000085,75.89999999999999,75.53533333333333,0.01510755788381309,0.01810193274391768,0.003942699434879682,0,76.79633333333335,1.0063333333333446
2023-06-21,76.92,72.55,118.727,65.39,127.874855,36.5686,84.2336,3.6725,76.92,0.0149096186832036,0.0141447513335243,0,0.014909618683203618,0.022695235410205905,4.3700000000000045,76.40428571428572,75.57366666666667,0.01414475133352435,0.018282601086711557,0.014909618683203618,0,76.93433333333334,0.014333333333340192
2023-06-22,73.93,69.22,118.7552,72.75,154.50409,36.5686,84.2467,3.6725,73.93,-0.0388715548621944,0.0179129819094847,0,-0.0388715548621944,-0.045899379738111645,4.710000000000008,76.14428571428572,75.48266666666667,0.01791298190948474,0.019518536977173196,0.0388715548621944,1,77.172,3.2419999999999902
2023-06-23,73.56,68.91,119.152,74.02,46.410755,36.5686,83.6077,3.6725,73.56,-0.0050047342080347,0.0163421760841319,0,-0.005004734208034711,-0.004478474429355672,4.650000000000006,75.68714285714286,75.335,0.01634217608413192,0.019217343300785974,0.005004734208034711,0,77.422,3.8619999999999948
2023-06-24,73.56,68.91,119.152,161.0,105.08145,36.5686,84.0793,3.6725,73.56,0.0,0.0163421760841319,1,0.0,0.0,4.650000000000006,75.23,75.26500000000001,0.01634217608413192,0.01847012762753132,0.0,0,77.721,4.161000000000001
2023-06-25,73.56,68.91,119.152,340.25,125.18424,36.5686,84.0793,3.6725,73.56,0.0,0.0163421760841319,1,0.0,0.0,4.650000000000006,74.77285714285715,75.17266666666667,0.01634217608413192,0.018381506656039468,0.0,0,78.051,4.491
2023-06-26,73.86,69.09,119.0761,150.9,169.51306,36.5686,84.0793,3.6725,73.86,0.0040783034257747,0.0166921743657381,0,0.004078303425774754,0.0026121027427079557,4.769999999999996,74.45428571428572,75.09033333333333,0.016692174365738187,0.01840473928902916,0.004078303425774754,0,78.355,4.4950000000000045
2023-06-27,71.88,67.68,118.8949,127.96,118.30599,36.5686,84.6642,3.6725,71.88,-0.0268074735987002,0.0187609305054523,0,-0.026807473598700282,-0.020408163265306034,4.199999999999989,73.89571428571428,74.942,0.01876093050545238,0.01899913223337534,0.026807473598700282,1,78.76833333333335,6.88833333333335
2023-06-28,73.64,69.54,119.3382,152.99,82.53906,36.5686,85.0504,3.6725,73.64,0.0244852531997774,0.0208862052920054,0,0.024485253199777457,0.027482269503546153,4.099999999999994,73.42714285714285,74.85233333333332,0.020886205292005453,0.019596763260851253,0.024485253199777457,1,79.13000000000001,5.490000000000009
2023-06-29,73.86,69.85,119.527,117.91,120.89662,36.5686,85.6192,3.6725,73.86,0.0029875067897882,0.0151038827392447,0,0.002987506789788208,0.0044578659764162865,4.010000000000005,73.41714285714285,74.86833333333333,0.015103882739244763,0.018268539202804957,0.002987506789788208,0,79.48433333333332,5.624333333333325
2023-06-30,74.51,70.66,119.3606,96.85,102.673386,36.5686,87.0341,3.6725,74.51,0.0088004332520985,0.015247774983399,0,0.00880043325209856,0.011596277738010086,3.8500000000000085,73.55285714285715,74.95266666666666,0.015247774983399074,0.017950943836494225,0.00880043325209856,0,79.81699999999998,5.306999999999974
2023-07-01,74.51,70.66,119.3606,86.8,103.03477,36.5686,88.3844,3.6725,74.51,0.0,0.015247774983399,1,0.0,0.0,3.8500000000000085,73.68857142857142,74.96366666666667,0.015247774983399074,0.017079457572088806,0.0,0,80.17399999999998,5.663999999999973
2023-07-02,74.51,70.66,119.3606,123.9,69.42507,36.5686,88.3844,3.6725,74.51,0.0,0.015247774983399,1,0.0,0.0,3.8500000000000085,73.82428571428571,74.914,0.015247774983399074,0.01645443601857396,0.0,0,80.535,6.0249999999999915
2023-07-03,74.52,69.71,119.2119,65.32,45.37764,36.5686,88.3844,3.6725,74.52,0.0001342101731309,0.0152282280531609,0,0.0001342101731309775,-0.013444664590999245,4.810000000000002,73.91857142857144,74.86466666666666,0.015228228053160998,0.016454602865401367,0.0001342101731309775,0,80.85133333333333,6.331333333333333
2023-07-04,76.23,69.71,119.2119,60.81,109.93034,36.5686,89.3255,3.6725,76.23,0.0229468599033817,0.0108719925168545,1,0.022946859903381744,0.0,6.52000000000001,74.53999999999999,74.87233333333333,0.01087199251685455,0.017003968959819624,0.022946859903381744,1,81.18333333333334,4.953333333333333
2023-07-05,76.74,71.78,119.3483,137.28,89.852646,36.5686,89.545,3.6725,76.74,0.006690279417552,0.0082761689180716,0,0.00669027941755207,0.029694448429206766,4.959999999999994,74.98285714285714,74.87666666666665,0.008276168918071654,0.01698461419460295,0.00669027941755207,0,81.53800000000003,4.79800000000003
2023-07-06,76.72,71.76,119.8193,40.77,172.6628,36.5686,90.338,3.6725,76.72,-0.0002606202762573,0.0085554456092265,0,-0.00026062027625739503,-0.00027862914460852206,4.959999999999994,75.39142857142858,74.89333333333335,0.008555445609226527,0.016955635048397998,0.00026062027625739503,0,81.89333333333336,5.17333333333336
2023-07-07,78.77,73.91,119.0761,93.53,120.561386,36.5686,92.5695,3.6725,78.77,0.0267205422314911,0.0117875891402728,0,0.026720542231491118,0.02996098104793754,4.859999999999999,76.0,74.95733333333334,0.011787589140272812,0.017575878495729867,0.026720542231491118,1,82.18033333333334,3.410333333333341
2023-07-08,78.77,73.91,119.0761,139.58,58.676723,36.5686,91.6879,3.6725,78.77,0.0,0.0117875891402728,1,0.0,0.0,4.859999999999999,76.60857142857142,75.05366666666667,0.011787589140272812,0.017389309909685416,0.0,0,82.437,3.6670000000000016
2023-07-09,78.77,73.91,119.0761,71.88,75.932785,36.5686,91.6879,3.6725,78.77,0.0,0.0117875891402728,1,0.0,0.0,4.859999999999999,77.21714285714286,75.18800000000002,0.011787589140272812,0.01711437311454036,0.0,0,82.74466666666667,3.9746666666666783
2023-07-10,77.83,73.05,118.9548,39.18,138.29805,36.5686,91.6879,3.6725,77.83,-0.0119334772121365,0.0138392537117406,0,-0.011933477212136556,-0.01163577323772158,4.780000000000001,77.69000000000001,75.291,0.0138392537117406,0.01729761834891963,0.011933477212136556,0,83.12733333333334,5.297333333333341
2023-07-11,79.54,74.87,118.7344,37.82,141.35262,36.5686,91.4931,3.6725,79.54,0.0219709623538482,0.0136472979714637,0,0.02197096235384821,0.024914442162902173,4.670000000000002,78.16285714285713,75.45100000000001,0.013647297971463785,0.01769268152505169,0.02197096235384821,1,83.39066666666666,3.8506666666666547
2023-07-12,80.35,75.77,117.6385,89.22,203.18724,36.5686,90.5045,3.6725,80.35,0.0101835554438016,0.0137331072880803,0,0.010183555443801673,0.012020836115934186,4.579999999999998,78.67857142857143,75.736,0.013733107288080398,0.015900310990369947,0.010183555443801673,0,83.64333333333333,3.2933333333333366
2023-07-13,81.31,76.86,117.1831,75.95,80.5138,36.5686,90.6253,3.6725,81.31,0.0119477286869944,0.013479304456296,0,0.011947728686994452,0.014385640754916329,4.450000000000003,79.33428571428571,75.97166666666666,0.013479304456296082,0.01494177921330371,0.011947728686994452,0,83.86399999999999,2.553999999999988
2023-07-14,79.9,75.44,117.0463,206.65,151.36514,36.5686,90.1757,3.6725,79.9,-0.0173410404624276,0.0137894100673602,0,-0.01734104046242768,-0.01847514962269059,4.460000000000008,79.49571428571429,76.18866666666666,0.01378941006736025,0.01517708200496896,0.01734104046242768,0,84.13166666666665,4.231666666666641
2023-07-15,79.9,75.44,117.0463,53.17,65.74562,36.5686,90.119,3.6725,79.9,0.0,0.0137894100673602,1,0.0,0.0,4.460000000000008,79.65714285714286,76.327,0.01378941006736025,0.014143429848259255,0.0,0,84.38166666666666,4.481666666666655
2023-07-16,79.9,75.44,117.0463,79.3,30.577547,36.5686,90.119,3.6725,79.9,0.0,0.0137894100673602,1,0.0,0.0,4.460000000000008,79.81857142857143,76.43166666666667,0.01378941006736025,0.01397954296041218,0.0,0,84.59433333333332,4.694333333333319
2023-07-17,77.8,74.17,117.1267,155.95,110.85364,36.5686,90.119,3.6725,77.8,-0.0262828535669588,0.0169344008664143,0,-0.026282853566958808,-0.01683457051961823,3.6299999999999955,79.81428571428572,76.46633333333332,0.016934400866414342,0.014867745981750228,0.026282853566958808,1,84.81733333333334,7.01733333333334
2023-07-18,79.54,75.76,117.0264,104.21,151.43167,36.5686,90.4217,3.6725,79.54,0.0223650385604115,0.0170197890453802,0,0.0223650385604115,0.021437238775785294,3.780000000000001,79.81428571428572,76.559,0.017019789045380207,0.015390429948602563,0.0223650385604115,1,85.00733333333332,5.467333333333315
2023-07-19,79.38,75.4,117.3462,37.11,188.82715,36.5686,90.6906,3.6725,79.38,-0.0020115665074177,0.0164325635923294,0,-0.002011566507417739,-0.0047518479408659164,3.9799999999999898,79.67571428571429,76.66866666666667,0.016432563592329412,0.015287999748758123,0.002011566507417739,0,85.22533333333334,5.845333333333343
2023-07-20,79.62,75.65,117.5947,260.18,127.64023,36.5686,91.2046,3.6725,79.62,0.0030234315948602,0.015525890304739,0,0.003023431594860293,0.003315649867374093,3.969999999999999,79.43428571428572,76.79633333333332,0.015525890304739066,0.015254948907868264,0.003023431594860293,0,85.43533333333333,5.815333333333328
2023-07-21,81.06,77.06,117.9418,80.78,112.39069,36.5686,90.8545,3.6725,81.06,0.0180859080633006,0.01580270133857,0,0.018085908063300682,0.018638466622604044,4.0,79.60000000000001,76.93433333333334,0.015802701338570035,0.015360037452115602,0.018085908063300682,1,85.59733333333334,4.537333333333336
2023-07-22,81.06,77.06,117.9418,81.81,36.516495,36.5686,90.3846,3.6725,81.06,0.0,0.01580270133857,1,0.0,0.0,4.0,79.76571428571428,77.17200000000001,0.015802701338570035,0.013307696405064873,0.0,0,85.74333333333333,4.683333333333323
2023-07-23,81.06,77.06,117.9418,142.45,49.441307,36.5686,90.3846,3.6725,81.06,0.0,0.01580270133857,1,0.0,0.0,4.0,79.93142857142857,77.42200000000001,0.015802701338570035,0.013232983589359752,0.0,0,85.86466666666666,4.804666666666662
2023-07-24,82.53,78.81,117.8124,105.67,143.43077,36.5686,90.3846,3.6725,82.53,0.0181347150259068,0.0105035004836926,0,0.0181347150259068,0.02270957695302367,3.719999999999999,80.60714285714286,77.72099999999999,0.01050350048369268,0.01348755963563279,0.0181347150259068,1,85.91166666666668,3.381666666666675
2023-07-25,83.46,79.76,117.8565,37.76,61.724865,36.5686,90.489,3.6725,83.46,0.0112686295892401,0.0087567717346944,0,0.011268629589240131,0.012054307828955668,3.6999999999999886,81.16714285714286,78.05099999999999,0.008756771734694416,0.013531162295506757,0.011268629589240131,0,85.93200000000002,2.4720000000000226
2023-07-26,82.98,79.11,117.76,220.51,84.07532,36.5686,90.0945,3.6725,82.98,-0.0057512580877066,0.0094775314369151,0,-0.005751258087706601,-0.00814944834503517,3.8700000000000045,81.68142857142857,78.355,0.009477531436915166,0.013655311336230205,0.005751258087706601,0,86.01333333333334,3.0333333333333314
2023-07-27,84.28,80.17,117.8938,95.33,132.5027,36.5686,90.0468,3.6725,84.28,0.0156664256447336,0.0099222925760204,0,0.01566642564473364,0.01339906459360396,4.109999999999999,82.34714285714287,78.76833333333335,0.009922292576020408,0.012506895116219057,0.01566642564473364,0,86.05133333333335,1.7713333333333452
2023-07-28,84.49,80.55,117.788,82.35,130.33054,36.5686,90.0225,3.6725,84.49,0.0024916943521593,0.0090447469144496,0,0.002491694352159346,0.004739927653735654,3.9399999999999977,82.83714285714287,79.13000000000001,0.009044746914449682,0.011982875015281818,0.002491694352159346,0,86.08233333333334,1.5923333333333431
2023-07-29,84.49,80.55,117.788,108.35,71.89212,36.5686,90.9783,3.6725,84.49,0.0,0.0090447469144496,1,0.0,0.0,3.9399999999999977,83.32714285714285,79.48433333333334,0.009044746914449682,0.012009648083096958,0.0,0,86.11333333333336,1.6233333333333633
2023-07-30,84.49,80.55,117.788,156.43,10.068595,36.5686,90.9783,3.6725,84.49,0.0,0.0090447469144496,1,0.0,0.0,3.9399999999999977,83.81714285714284,79.817,0.009044746914449682,0.012010021106913961,0.0,0,86.176,1.686000000000007
2023-07-31,85.22,81.8,117.8241,81.19,154.39934,36.5686,90.9783,3.6725,85.22,0.0086400757486093,0.0074963346369702,0,0.008640075748609366,0.015518311607697122,3.4200000000000017,84.20142857142856,80.174,0.007496334636970263,0.012007731966417589,0.008640075748609366,0,86.22266666666668,1.0026666666666841
2023-08-01,85.34,81.37,118.5738,151.79,116.91416,36.5686,91.5923,3.6725,85.34,0.001408120159587,0.0069441019465006,0,0.001408120159587023,-0.005256723716381306,3.969999999999999,84.47,80.535,0.00694410194650062,0.011992049425023282,0.001408120159587023,0,86.28766666666667,0.9476666666666631
2023-08-02,84.01,79.5,119.1268,121.59,132.75557,36.5686,91.7755,3.6725,84.01,-0.0155847199437543,0.0095603768073407,0,-0.015584719943754322,-0.022981442792183948,4.510000000000005,84.61714285714285,80.85133333333333,0.009560376807340766,0.012525578989708156,0.015584719943754322,0,86.48666666666666,2.4766666666666595
2023-08-03,86.19,81.56,119.3963,62.21,88.72949,36.5686,92.841,3.6725,86.19,0.025949291750982,0.0124106579087774,0,0.02594929175098204,0.025911949685534674,4.6299999999999955,84.89,81.18333333333334,0.012410657908777427,0.012692415725688256,0.02594929175098204,1,86.613,0.4230000000000018
2023-08-04,87.38,82.76,118.821,60.58,119.37181,36.5686,93.7792,3.6725,87.38,0.0138067061143984,0.0130142634141255,0,0.013806706114398493,0.01471309465424242,4.61999999999999,85.30285714285715,81.53800000000001,0.013014263414125534,0.012806945881081699,0.013806706114398493,0,86.69966666666666,-0.680333333333337
2023-08-05,87.38,82.76,118.821,52.64,97.42846,36.5686,94.8076,3.6725,87.38,0.0,0.0130142634141255,1,0.0,0.0,4.61999999999999,85.71571428571428,81.89333333333333,0.013014263414125534,0.012803751787883655,0.0,0,86.801,-0.5789999999999935
2023-08-06,87.38,82.76,118.821,85.29,30.18285,36.5686,94.8076,3.6725,87.38,0.0,0.0130142634141255,1,0.0,0.0,4.61999999999999,86.12857142857142,82.18033333333332,0.013014263414125534,0.012109912821385216,0.0,0,86.93,-0.44999999999998863
2023-08-07,86.47,81.94,119.0809,59.3,117.56503,36.5686,94.8076,3.6725,86.47,-0.0104142824444952,0.0140502672734054,0,-0.01041428244449527,-0.009908168197196754,4.530000000000001,86.30714285714285,82.43699999999998,0.014050267273405404,0.012361385802931993,0.01041428244449527,0,87.10733333333333,0.6373333333333306
2023-08-08,88.0,82.94,119.6407,49.89,108.29549,36.5686,96.5668,3.6725,88.0,0.0176939979183532,0.0152047137940223,0,0.017693997918353244,0.012204051745179356,5.060000000000002,86.68714285714286,82.74466666666666,0.015204713794022304,0.01262339996833175,0.017693997918353244,0,87.21266666666666,-0.7873333333333363
2023-08-09,89.31,84.35,119.476,77.25,105.720245,36.5686,96.0755,3.6725,89.31,0.0148863636363636,0.0126449342013328,0,0.014886363636363642,0.017000241138172223,4.960000000000008,87.4442857142857,83.12733333333334,0.012644934201332813,0.012420458627281332,0.014886363636363642,0,87.29733333333334,-2.012666666666661
2023-08-10,87.44,82.81,119.1581,46.74,131.0055,36.5686,97.3999,3.6725,87.44,-0.0209383047810995,0.0143752426298527,0,-0.020938304781099593,-0.018257261410788317,4.6299999999999955,87.62285714285714,83.39066666666666,0.014375242629852781,0.012823685085201047,0.020938304781099593,1,87.44433333333333,0.0043333333333350765
2023-08-11,87.93,83.17,119.6268,170.3,142.35828,36.5686,97.2794,3.6725,87.93,0.0056038426349498,0.0135787029236419,0,0.0056038426349498405,0.004347301050597663,4.760000000000005,87.70142857142856,83.64333333333335,0.013578702923641942,0.012765314242850568,0.0056038426349498405,0,87.57499999999999,-0.3550000000000182
2023-08-12,87.93,83.17,119.6268,73.28,119.274124,36.5686,98.2066,3.6725,87.93,0.0,0.0135787029236419,1,0.0,0.0,4.760000000000005,87.78,83.864,0.013578702923641942,0.012665365737504305,0.0,0,87.70966666666664,-0.22033333333337168
2023-08-13,87.93,83.17,119.6268,64.02,60.701504,36.5686,98.2066,3.6725,87.93,0.0,0.0135787029236419,1,0.0,0.0,4.760000000000005,87.85857142857142,84.13166666666667,0.013578702923641942,0.012102867621587864,0.0,0,87.89799999999998,-0.0320000000000249
2023-08-14,87.4,82.5,120.0725,236.53,114.96981,36.5686,98.2066,3.6725,87.4,-0.0060275218924144,0.0130566024670566,0,-0.0060275218924144,-0.008055789347120368,4.900000000000006,87.99142857142859,84.38166666666666,0.013056602467056654,0.012208559898468219,0.0060275218924144,0,88.08599999999998,0.6859999999999786
2023-08-15,86.28,81.06,120.2127,53.33,114.6426,36.5686,101.0399,3.6725,86.28,-0.0128146453089245,0.011823750414774,0,-0.01281464530892451,-0.01745454545454539,5.219999999999999,87.74571428571429,84.59433333333332,0.011823750414774096,0.012539274341829845,0.01281464530892451,0,88.38333333333331,2.1033333333333104
2023-08-16,84.49,79.4,120.3551,128.55,100.02425,36.5686,97.4217,3.6725,84.49,-0.0207464070468244,0.0105659905990879,0,-0.0207464070468244,-0.0204786577843572,5.089999999999989,87.05714285714286,84.81733333333334,0.010565990599087974,0.012133083584603707,0.0207464070468244,1,88.75199999999998,4.261999999999986
2023-08-17,85.24,80.43,120.5242,101.81,116.02689,36.5686,96.7045,3.6725,85.24,0.0088767901526807,0.0104171463335188,0,0.008876790152680725,0.012972292191435697,4.809999999999988,86.74285714285715,85.00733333333334,0.010417146333518893,0.011623213132873024,0.008876790152680725,0,89.09566666666666,3.8556666666666644
2023-08-18,85.92,81.25,120.4321,36.93,77.42228,36.5686,93.746,3.6725,85.92,0.0079774753636792,0.0107978511332272,0,0.00797747536367921,0.010195200795722892,4.670000000000002,86.4557142857143,85.22533333333334,0.010797851133227208,0.011636291271492512,0.00797747536367921,0,89.41666666666667,3.4966666666666697
2023-08-19,85.92,81.25,120.4321,59.85,114.047714,36.5686,93.4047,3.6725,85.92,0.0,0.0107978511332272,1,0.0,0.0,4.670000000000002,86.16857142857143,85.43533333333335,0.010797851133227208,0.011646552374722223,0.0,0,89.751,3.831000000000003
2023-08-20,85.92,81.25,120.4321,141.46,43.70142,36.5686,93.4047,3.6725,85.92,0.0,0.0107978511332272,1,0.0,0.0,4.670000000000002,85.88142857142859,85.59733333333332,0.010797851133227208,0.011280014819249368,0.0,0,90.09066666666668,4.170666666666676
2023-08-21,85.44,80.71,120.4627,130.14,97.22421,36.5686,93.4047,3.6725,85.44,-0.0055865921787709,0.0107802042249498,0,-0.005586592178770999,-0.006646153846153968,4.730000000000004,85.60142857142856,85.74333333333333,0.010780204224949859,0.011360073211977106,0.005586592178770999,0,90.39466666666668,4.954666666666682
2023-08-22,84.7,80.25,120.3554,52.69,81.09864,36.5686,94.1424,3.6725,84.7,-0.0086610486891385,0.0102637494125243,0,-0.008661048689138529,-0.005699417668194706,4.450000000000003,85.37571428571428,85.86466666666666,0.010263749412524314,0.011516841858722903,0.008661048689138529,0,90.69466666666668,5.994666666666674
2023-08-23,83.94,78.91,120.0307,141.21,126.71024,36.5686,94.1185,3.6725,83.94,-0.0089728453364817,0.0073414737723443,0,-0.008972845336481794,-0.01669781931464176,5.030000000000001,85.29714285714284,85.91166666666668,0.007341473772344358,0.01122889380762624,0.008972845336481794,0,91.02966666666666,7.089666666666659
2023-08-24,84.07,79.52,120.2354,76.47,61.571888,36.5686,94.4421,3.6725,84.07,0.0015487252799617,0.0061370989252651,0,0.001548725279961749,0.007730325687492101,4.549999999999997,85.13,85.932,0.006137098925265187,0.011050019419206553,0.001548725279961749,0,91.36033333333332,7.290333333333322
2023-08-25,85.42,80.47,120.5137,137.35,40.2569,36.5686,94.4007,3.6725,85.42,0.0160580468657072,0.0085877158369006,0,0.01605804686570722,0.01194668008048283,4.950000000000003,85.05857142857143,86.01333333333334,0.008587715836900673,0.011351367785416266,0.01605804686570722,0,91.64599999999997,6.225999999999971
2023-08-26,85.42,80.47,120.5137,172.14,85.97504,36.5686,94.7117,3.6725,85.42,0.0,0.0085877158369006,1,0.0,0.0,4.950000000000003,84.98714285714287,86.05133333333333,0.008587715836900673,0.011009975329041098,0.0,0,91.93233333333332,6.512333333333316
2023-08-27,85.42,80.47,120.5137,109.45,41.931236,36.5686,94.7117,3.6725,85.42,0.0,0.0085877158369006,1,0.0,0.0,4.950000000000003,84.91571428571429,86.08233333333334,0.008587715836900673,0.01100387972401473,0.0,0,92.23366666666665,6.8136666666666486
2023-08-28,85.42,80.65,120.3155,70.13,75.441505,36.5686,94.7117,3.6725,85.42,0.0,0.0083245123168157,1,0.0,0.0022368584565677363,4.769999999999996,84.91285714285713,86.11333333333333,0.0083245123168157,0.01100387972401473,0.0,0,92.62299999999998,7.2029999999999745
2023-08-29,86.37,81.14,120.2669,69.2,115.63378,36.5686,95.4717,3.6725,86.37,0.0111215172090846,0.0082533385089653,0,0.011121517209084608,0.006075635461872286,5.230000000000004,85.15142857142857,86.176,0.008253338508965341,0.011175130045797274,0.011121517209084608,0,92.96533333333332,6.595333333333315
2023-08-30,86.62,81.64,119.7937,66.94,163.2956,36.5686,95.707,3.6725,86.62,0.0028945235614217,0.0064481051461133,0,0.0028945235614217246,0.0061621888094651744,4.980000000000004,85.53428571428572,86.22266666666665,0.006448105146113373,0.011084899773333195,0.0028945235614217246,0,93.27333333333333,6.653333333333322
2023-08-31,87.29,83.55,120.225,167.14,117.42311,36.5686,95.9283,3.6725,87.29,0.0077349341953358,0.0063971222751412,0,0.007734934195335885,0.023395394414502668,3.740000000000009,85.99428571428572,86.28766666666667,0.006397122275141245,0.011160678655252112,0.007734934195335885,0,93.55900000000001,6.2690000000000055
2023-09-01,89.98,85.52,120.759,57.38,73.487,36.5686,96.3344,3.6725,89.98,0.0308168175048688,0.0111564952397539,0,0.030816817504868865,0.023578695391980764,4.460000000000008,86.64571428571428,86.48666666666666,0.011156495239753927,0.01199394448895565,0.030816817504868865,1,93.75500000000001,3.7750000000000057
2023-09-02,89.98,85.52,120.759,141.49,58.97747,36.5686,96.3411,3.6725,89.98,0.0,0.0111564952397539,1,0.0,0.0,4.460000000000008,87.29714285714284,86.613,0.011156495239753927,0.011139350244956362,0.0,0,93.796,3.8160000000000025
2023-09-03,89.98,85.52,120.759,180.96,16.35836,36.5686,96.3411,3.6725,89.98,0.0,0.0111564952397539,1,0.0,0.0,4.460000000000008,87.94857142857143,86.69966666666667,0.011156495239753927,0.010895710620585848,0.0,0,93.94533333333334,3.9653333333333336
2023-09-04,90.42,85.52,120.759,41.29,100.61537,36.5686,96.3411,3.6725,90.42,0.0048899755501221,0.0107537268610964,1,0.004889975550122161,0.0,4.900000000000006,88.66285714285716,86.801,0.010753726861096416,0.010916249964471318,0.004889975550122161,0,93.92566666666667,3.50566666666667
2023-09-05,91.25,86.74,121.4345,66.39,121.78558,36.5686,96.6199,3.6725,91.25,0.0091793850917938,0.0106909073231931,0,0.009179385091793835,0.014265668849391844,4.510000000000005,89.36000000000001,86.93,0.0106909073231931,0.011009758448923126,0.009179385091793835,0,93.82666666666668,2.576666666666682
2023-09-06,91.79,87.55,121.8671,41.02,76.62523,36.5686,97.5383,3.6725,91.79,0.0059178082191782,0.0105131288624571,0,0.0059178082191782,0.009338252248097811,4.240000000000009,90.09857142857143,87.10733333333334,0.010513128862457127,0.01080193604200228,0.0059178082191782,0,93.69566666666668,1.9056666666666757
2023-09-07,91.16,86.87,121.9528,95.66,80.342125,36.5686,97.8439,3.6725,91.16,-0.0068634927552021,0.0120010648519491,0,-0.00686349275520215,-0.007766990291262044,4.289999999999992,90.65142857142857,87.21266666666666,0.012001064851949118,0.010501738724005161,0.00686349275520215,0,93.58566666666667,2.4256666666666717
2023-09-08,91.85,87.51,121.9475,37.05,80.14276,36.5686,98.1961,3.6725,91.85,0.0075691092584466,0.0055740795692823,0,0.007569109258446671,0.0073673304938413064,4.339999999999989,90.91857142857143,87.29733333333334,0.005574079569282347,0.010255713292410292,0.007569109258446671,0,93.4526666666667,1.6026666666667069
2023-09-09,91.85,87.51,121.9475,65.78,44.430862,36.5686,97.9241,3.6725,91.85,0.0,0.0055740795692823,1,0.0,0.0,4.339999999999989,91.1857142857143,87.44433333333335,0.005574079569282347,0.009387989324849393,0.0,0,93.43666666666668,1.5866666666666873
2023-09-10,91.85,87.51,121.9475,70.26,16.60435,36.5686,97.9241,3.6725,91.85,0.0,0.0055740795692823,1,0.0,0.0,4.339999999999989,91.45285714285716,87.575,0.005574079569282347,0.00936302069379382,0.0,0,93.39833333333334,1.5483333333333462
2023-09-11,91.97,87.3,121.3386,82.18,93.49989,36.5686,97.9241,3.6725,91.97,0.0013064779531846,0.0055312619167123,0,0.001306477953184615,-0.0023997257456291887,4.670000000000002,91.6742857142857,87.70966666666666,0.0055312619167123015,0.00935885475939284,0.001306477953184615,0,93.252,1.2819999999999965
2023-09-12,93.58,88.87,121.2913,99.71,164.96852,36.5686,96.5083,3.6725,93.58,0.0175057083831684,0.0076936313763853,0,0.01750570838316845,0.017983963344788245,4.709999999999994,92.00714285714285,87.89799999999998,0.007693631376385365,0.009795058126570963,0.01750570838316845,0,93.07933333333334,-0.5006666666666604
2023-09-13,93.04,88.59,121.0549,132.91,134.78366,36.5686,94.7035,3.6725,93.04,-0.0057704637743106,0.0083551923443398,0,-0.005770463774310675,-0.0031506695172723864,4.450000000000003,92.18571428571428,88.08600000000001,0.008355192344339818,0.009787790974443218,0.005770463774310675,0,93.12233333333333,0.08233333333332382
2023-09-14,95.2,90.13,121.2395,111.69,119.9378,36.5686,95.9794,3.6725,95.2,0.0232158211521926,0.010514468032233,0,0.023215821152192673,0.017383451856868737,5.070000000000007,92.76285714285714,88.38333333333334,0.010514468032233026,0.010096131911209784,0.023215821152192673,1,93.0933333333333,-2.1066666666666976
2023-09-15,95.55,90.83,121.199,63.69,106.684944,36.5686,96.1609,3.6725,95.55,0.0036764705882352,0.010536664733492,0,0.003676470588235281,0.007766559414179586,4.719999999999999,93.29142857142857,88.75200000000001,0.010536664733492088,0.00901417622507734,0.003676470588235281,0,93.05266666666665,-2.4973333333333443
2023-09-16,95.55,90.83,121.199,29.01,79.4619,36.5686,96.6338,3.6725,95.55,0.0,0.010536664733492,1,0.0,0.0,4.719999999999999,93.82000000000001,89.09566666666666,0.010536664733492088,0.008999273555186663,0.0,0,92.90066666666665,-2.6493333333333453
2023-09-17,95.55,90.83,121.199,132.64,64.3217,36.5686,96.6338,3.6725,95.55,0.0,0.010536664733492,1,0.0,0.0,4.719999999999999,94.34857142857143,89.41666666666667,0.010536664733492088,0.008991024174213864,0.0,0,92.79966666666665,-2.7503333333333444
2023-09-18,95.95,91.47,121.1938,63.82,114.69175,36.5686,96.6338,3.6725,95.95,0.0041862899005755,0.010391529867243,0,0.004186289900575568,0.0070461301332158666,4.480000000000004,94.91714285714286,89.75099999999999,0.010391529867243053,0.008965899948685194,0.004186289900575568,0,92.66766666666665,-3.282333333333355
2023-09-19,96.11,91.16,121.1645,146.72,207.41676,36.5686,96.6472,3.6725,96.11,0.00166753517457,0.009148220356883,0,0.0016675351745700784,-0.0033890893189023608,4.950000000000003,95.27857142857144,90.09066666666668,0.009148220356883048,0.008947156037548797,0.0016675351745700784,0,92.56799999999998,-3.542000000000016
2023-09-20,94.56,89.2,120.9648,82.86,190.11258,36.5686,96.2236,3.6725,94.56,-0.0161273540734574,0.0114995165135672,0,-0.016127354073457445,-0.021500658183413734,5.359999999999999,95.49571428571429,90.39466666666667,0.011499516513567232,0.00951656800027379,0.016127354073457445,0,92.53999999999996,-2.0200000000000387
2023-09-21,93.7,89.56,121.5528,106.49,162.91316,36.5686,96.6172,3.6725,93.7,-0.0090947546531302,0.0075437844374125,0,-0.009094754653130255,0.004035874439461962,4.140000000000001,95.28142857142858,90.69466666666666,0.007543784437412545,0.009535878716755842,0.009094754653130255,0,92.54066666666662,-1.1593333333333788
2023-09-22,93.99,90.0,121.5306,42.8,131.62521,36.5686,96.0762,3.6725,93.99,0.003094983991462,0.0074706008836512,0,0.003094983991462019,0.004912907548012546,3.989999999999995,95.05857142857144,91.02966666666666,0.007470600883651248,0.00924538571012786,0.003094983991462019,0,92.53166666666662,-1.4583333333333712
2023-09-23,93.99,90.0,121.5306,52.98,70.02176,36.5686,96.0419,3.6725,93.99,0.0,0.0074706008836512,1,0.0,0.0,3.989999999999995,94.83571428571427,91.36033333333333,0.007470600883651248,0.009262798942474773,0.0,0,92.46133333333331,-1.5286666666666804
2023-09-24,93.99,90.0,121.5306,62.13,66.4174,36.5686,96.0419,3.6725,93.99,0.0,0.0074706008836512,1,0.0,0.0,3.989999999999995,94.61285714285714,91.646,0.007470600883651248,0.008987877186947811,0.0,0,92.26166666666663,-1.7283333333333672
2023-09-25,94.01,89.68,122.1143,14.69,109.96076,36.5686,96.0419,3.6725,94.01,0.0002127885945313,0.0070314666577563,0,0.00021278859453133236,-0.003555555555555534,4.329999999999998,94.33571428571427,91.93233333333333,0.007031466657756383,0.008985323295115701,0.00021278859453133236,0,92.13266666666665,-1.877333333333354
2023-09-26,94.46,91.43,122.4742,143.47,81.25166,36.5686,96.1456,3.6725,94.46,0.0047867248165087,0.0074546985617359,0,0.0047867248165087695,0.01951382694023196,3.029999999999987,94.10000000000001,92.23366666666666,0.007454698561735911,0.008968329414985187,0.0047867248165087695,0,91.93233333333332,-2.5276666666666756
2023-09-27,97.1,93.67,122.9895,150.04,101.46604,36.5686,96.2378,3.6725,97.1,0.0279483379208129,0.0114936096187711,0,0.02794833792081297,0.02449961719348126,3.4299999999999926,94.46285714285715,92.62299999999999,0.011493609618771163,0.00999597937601192,0.02794833792081297,1,91.72,-5.3799999999999955
2023-09-28,96.64,91.65,122.5342,111.89,64.378525,36.5686,96.5,3.6725,96.64,-0.0047373841400617,0.0107709862803192,0,-0.004737384140061751,-0.021565068858759417,4.989999999999995,94.88285714285713,92.96533333333333,0.010770986280319203,0.010043603456367416,0.004737384140061751,0,91.52299999999998,-5.117000000000019
2023-09-29,95.86,90.77,122.3077,136.08,86.41481,36.5686,97.0018,3.6725,95.86,-0.0080711920529801,0.0117877978539813,0,-0.008071192052980125,-0.009601745771958603,5.090000000000003,95.15,93.27333333333333,0.011787797853981331,0.010274591545783208,0.008071192052980125,0,91.352,-4.507999999999996
2023-09-30,95.86,90.77,122.3077,113.8,82.5562,36.5686,97.4147,3.6725,95.86,0.0,0.0117877978539813,1,0.0,0.0,5.090000000000003,95.41714285714286,93.559,0.011787797853981331,0.01026000331596394,0.0,0,91.181,-4.679000000000002
2023-10-01,95.86,90.77,122.3077,143.15,38.971386,36.5686,97.4147,3.6725,95.86,0.0,0.0117877978539813,1,0.0,0.0,5.090000000000003,95.6842857142857,93.75500000000001,0.011787797853981331,0.008841983470287746,0.0,0,90.87966666666668,-4.98033333333332
2023-10-02,91.21,88.81,123.0545,77.03,63.45915,36.5686,97.4147,3.6725,91.21,-0.0485082411850615,0.0228325657561068,0,-0.048508241185061585,-0.02159303734714102,2.3999999999999915,95.28428571428572,93.796,0.022832565756106843,0.012798728428910187,0.048508241185061585,1,90.73666666666668,-0.47333333333331495
2023-10-03,94.46,89.26,123.7848,100.4,107.04886,36.5686,98.4785,3.6725,94.46,0.0356320578883895,0.0273576850409409,0,0.03563205788838952,0.005066996959801839,5.199999999999989,95.28428571428572,93.94533333333334,0.027357685040940962,0.014311518559556645,0.03563205788838952,1,90.55533333333334,-3.9046666666666567
2023-10-04,89.83,84.32,123.5946,181.95,61.24075,36.5901,99.2677,3.6725,89.83,-0.0490154562777894,0.0297647291174435,0,-0.04901545627778947,-0.05534393905444779,5.510000000000005,94.24571428571427,93.92566666666667,0.029764729117443597,0.01702635370387038,0.04901545627778947,1,90.47933333333334,0.6493333333333453
2023-10-05,88.28,82.3,123.8993,47.99,54.304386,36.6023,99.4555,3.6725,88.28,-0.0172548146498942,0.0297247881688139,0,-0.0172548146498942,-0.023956356736242856,5.980000000000004,93.05142857142857,93.82666666666665,0.029724788168813996,0.01721381422354313,0.0172548146498942,0,90.45500000000003,2.1750000000000256
2023-10-06,87.86,82.83,123.3563,95.46,161.30765,36.6216,99.6762,3.6725,87.86,-0.0047575894879927,0.0298325127118576,0,-0.004757589487992764,0.006439854191980565,5.030000000000001,91.90857142857142,93.69566666666667,0.02983251271185768,0.01717708980591037,0.004757589487992764,0,90.4446666666667,2.584666666666706
2023-10-07,87.86,82.83,123.3563,89.38,54.143005,36.6216,100.4911,3.6725,87.86,0.0,0.0298325127118576,1,0.0,0.0,5.030000000000001,90.76571428571427,93.58566666666667,0.02983251271185768,0.017146297097555652,0.0,0,90.42633333333335,2.566333333333347
2023-10-08,87.86,82.83,123.3563,228.9,75.66779,36.6216,100.4911,3.6725,87.86,0.0,0.0298325127118576,1,0.0,0.0,5.030000000000001,89.62285714285714,93.45266666666667,0.02983251271185768,0.017070089915233202,0.0,0,90.27866666666667,2.4186666666666667
2023-10-09,91.37,82.83,123.3563,264.13,227.07118,36.5827,100.4911,3.6725,91.37,0.0399499203277942,0.0305110774103822,1,0.03994992032779421,0.0,8.540000000000006,89.64571428571428,93.43666666666667,0.03051107741038222,0.018662018994325034,0.03994992032779421,1,89.94833333333335,-1.4216666666666526
2023-10-10,90.7,85.89,122.9282,143.27,259.0835,36.5527,101.3598,3.6725,90.7,-0.0073328225894714,0.0263371573216719,0,-0.007332822589471433,0.03694313654473014,4.810000000000002,89.10857142857142,93.39833333333333,0.026337157321671915,0.01870990907537798,0.007332822589471433,0,89.64966666666668,-1.0503333333333273
2023-10-11,87.58,83.7,122.7697,192.77,265.9304,36.5058,99.9349,3.6725,87.58,-0.0343991179713341,0.0226294311856145,0,-0.0343991179713341,-0.025497729654208823,3.8799999999999955,88.78714285714285,93.252,0.022629431185614567,0.019716118554714415,0.0343991179713341,1,89.51899999999999,1.938999999999993
2023-10-12,88.4,82.87,123.2101,189.71,218.01176,36.4385,99.9808,3.6725,88.4,0.0093628682347568,0.0221443183599406,0,0.00936286823475685,-0.009916367980884133,5.530000000000001,88.80428571428571,93.07933333333334,0.022144318359940643,0.01950118523300956,0.00936286823475685,0,89.36099999999998,0.9609999999999701
2023-10-13,94.33,87.67,123.5954,58.76,287.31454,36.3931,96.9948,3.6725,94.33,0.0670814479638008,0.0332272440814349,0,0.06708144796380089,0.05792204657897915,6.659999999999997,89.72857142857141,93.12233333333332,0.03322724408143496,0.023169261005719782,0.06708144796380089,1,89.00533333333331,-5.324666666666687
2023-10-14,94.33,87.67,123.5954,70.39,216.03702,36.3931,97.3075,3.6725,94.33,0.0,0.0332272440814349,1,0.0,0.0,6.659999999999997,90.65285714285714,93.09333333333333,0.03322724408143496,0.02277626291993859,0.0,0,88.66399999999999,-5.666000000000011
2023-10-15,94.33,87.67,123.5954,512.8,154.47208,36.3931,97.3075,3.6725,94.33,0.0,0.0332272440814349,1,0.0,0.0,6.659999999999997,91.57714285714287,93.05266666666667,0.03322724408143496,0.022765372181258105,0.0,0,88.3263333333333,-6.003666666666703
2023-10-16,90.99,86.65,123.3185,136.3,290.34457,36.3688,97.3075,3.6725,90.99,-0.0354076115763808,0.0343469636551029,0,-0.03540761157638084,-0.011634538610699185,4.339999999999989,91.52285714285715,92.90066666666667,0.034346963655102945,0.02365617393194266,0.03540761157638084,1,88.03999999999999,-2.950000000000003
2023-10-17,92.52,86.66,123.1202,97.8,274.5222,36.3297,97.2865,3.6725,92.52,0.0168150346191888,0.0347101151515541,0,0.016815034619188873,0.00011540680900168354,5.859999999999999,91.78285714285714,92.79966666666665,0.03471011515155415,0.0238875679671731,0.016815034619188873,0,87.547,-4.972999999999999
2023-10-18,91.99,88.35,123.8148,90.33,333.00943,36.4507,97.3458,3.6725,91.99,-0.0057284911370514,0.0310073241912434,0,-0.005728491137051428,0.019501500115393533,3.6400000000000006,92.41285714285716,92.66766666666668,0.031007324191243423,0.023884804211227316,0.005728491137051428,0,87.188,-4.8019999999999925
2023-10-19,93.12,89.35,123.798,279.65,338.8517,36.5616,97.3724,3.6725,93.12,0.0122839439069464,0.0310570342060036,0,0.012283943906946426,0.011318619128466434,3.7700000000000102,93.08714285714284,92.568,0.031057034206003635,0.024006012971315088,0.012283943906946426,0,86.79133333333333,-6.3286666666666775
2023-10-20,93.72,89.12,123.612,287.49,298.6288,36.6118,97.3074,3.6725,93.72,0.0064432989690721,0.0171133535151817,0,0.006443298969072142,-0.0025741466144374447,4.599999999999994,93.0,92.53999999999999,0.017113353515181756,0.023861543280507286,0.006443298969072142,0,86.37466666666664,-7.3453333333333575
2023-10-21,93.72,89.12,123.612,82.04,251.51968,36.6118,95.9053,3.6725,93.72,0.0,0.0171133535151817,1,0.0,0.0,4.599999999999994,92.91285714285713,92.54066666666668,0.017113353515181756,0.023800010509969736,0.0,0,86.02566666666665,-7.694333333333347
2023-10-22,93.72,89.12,123.612,159.3,105.16089,36.6118,95.9053,3.6725,93.72,0.0,0.0171133535151817,1,0.0,0.0,4.599999999999994,92.82571428571428,92.53166666666667,0.017113353515181756,0.023794094605288016,0.0,0,85.64899999999997,-8.071000000000026
2023-10-23,91.88,85.49,123.2846,150.87,312.77466,36.5401,95.9053,3.6725,91.88,-0.019632949210414,0.0121010881782645,0,-0.01963294921041403,-0.04073159784560154,6.390000000000001,92.95285714285714,92.46133333333334,0.012101088178264519,0.02406754525041725,0.01963294921041403,1,85.31166666666667,-6.568333333333328
2023-10-24,88.0,84.58,123.6416,79.87,250.00511,36.5569,94.7081,3.6725,88.0,-0.042228994340444,0.0184972082973607,0,-0.042228994340444026,-0.010644519826880305,3.4200000000000017,92.30714285714285,92.26166666666667,0.01849720829736072,0.025244773909025395,0.042228994340444026,1,85.07333333333332,-2.9266666666666765
2023-10-25,90.14,86.07,123.7871,124.21,208.08998,36.579,93.5224,3.6725,90.14,0.0243181818181819,0.0219922175884565,0,0.024318181818181905,0.017616457791439943,4.070000000000007,92.04285714285716,92.13266666666667,0.021992217588456556,0.025693491693637306,0.024318181818181905,1,84.72933333333334,-5.410666666666657
2023-10-26,88.45,83.8,124.0064,37.91,168.43564,36.5312,93.1507,3.6725,88.45,-0.0187486132682493,0.0215953358053383,0,-0.018748613268249392,-0.026373881724177983,4.650000000000006,91.3757142857143,91.93233333333335,0.02159533580533834,0.02586685052324621,0.018748613268249392,1,84.44166666666668,-4.008333333333326
2023-10-27,90.73,86.04,123.62,90.17,251.86464,36.5082,93.5616,3.6725,90.73,0.0257772752967777,0.0246409840611252,0,0.025777275296777757,0.026730310262530033,4.689999999999998,90.94857142857143,91.72000000000001,0.024640984061125235,0.02578346325503668,0.025777275296777757,1,84.07800000000002,-6.651999999999987
2023-10-28,90.73,86.04,123.62,57.07,173.53975,36.5082,93.2174,3.6725,90.73,0.0,0.0246409840611252,1,0.0,0.0,4.689999999999998,90.52142857142857,91.523,0.024640984061125238,0.02578023810341519,0.0,0,83.70333333333335,-7.026666666666657
2023-10-29,90.73,86.04,123.62,67.84,133.1292,36.5082,93.2174,3.6725,90.73,0.0,0.0246409840611252,1,0.0,0.0,4.689999999999998,90.0942857142857,91.35200000000002,0.024640984061125238,0.025754429963455436,0.0,0,83.40100000000001,-7.3289999999999935
2023-10-30,90.73,83.03,123.4076,164.09,205.43056,36.4216,93.2174,3.6725,90.73,0.0,0.0237125952360069,0,0.0,-0.034983728498372946,7.700000000000003,89.92999999999999,91.18100000000001,0.023712595236006915,0.025754429963455436,0.0,0,83.14266666666667,-7.5873333333333335
2023-10-31,86.82,81.64,123.8364,42.38,172.08144,36.3659,93.2435,3.6725,86.82,-0.0430948969469856,0.0239610999059413,0,-0.04309489694698565,-0.016740937010718993,5.179999999999993,89.76142857142857,90.87966666666667,0.02396109990594135,0.026845921490767657,0.04309489694698565,1,82.97266666666665,-3.8473333333333386
2023-11-01,86.92,81.05,123.7922,132.01,251.73225,36.2812,92.0226,3.6725,86.92,0.0011518083390924,0.0212144994230367,0,0.0011518083390924527,-0.007226849583537476,5.8700000000000045,89.30142857142857,90.73666666666666,0.021214499423036732,0.025433678997718923,0.0011518083390924527,0,82.6993333333333,-4.220666666666702
2023-11-02,89.02,83.04,122.8818,58.14,219.58307,36.2655,93.2801,3.6725,89.02,0.02416014726185,0.022721309865418,0,0.024160147261850007,0.024552745219000638,5.97999999999999,89.38285714285715,90.55533333333332,0.022721309865418034,0.02494083219074714,0.024160147261850007,1,82.35599999999997,-6.66400000000003
2023-11-03,87.55,81.19,121.7564,72.02,174.92107,36.2659,93.173,3.6725,87.55,-0.0165131431139069,0.020602838747117,0,-0.016513143113906947,-0.02227842003853575,6.359999999999999,88.92857142857143,90.47933333333334,0.020602838747117064,0.02347644648460566,0.016513143113906947,0,82.06166666666664,-5.488333333333358
2023-11-04,87.55,81.19,121.7564,34.76,157.24213,36.2659,93.0351,3.6725,87.55,0.0,0.020602838747117,1,0.0,0.0,6.359999999999999,88.47428571428573,90.455,0.020602838747117064,0.023264545924213967,0.0,0,81.74866666666664,-5.8013333333333605
2023-11-05,87.55,81.19,121.7564,85.27,92.954704,36.2659,93.0351,3.6725,87.55,0.0,0.020602838747117,1,0.0,0.0,6.359999999999999,88.02,90.44466666666668,0.020602838747117064,0.02324732342828388,0.0,0,81.40599999999996,-6.144000000000034
2023-11-06,87.31,81.54,121.6484,342.88,182.90251,36.1705,93.0351,3.6725,87.31,-0.0027412906910336,0.020520076974843,0,-0.002741290691033682,0.00431087572361144,5.769999999999996,87.53142857142858,90.42633333333333,0.020520076974843034,0.023253287173606006,0.002741290691033682,0,80.97333333333331,-6.336666666666687
2023-11-07,83.43,77.96,122.0777,122.59,140.21451,36.0426,93.0351,3.6725,83.43,-0.0444393540258847,0.0209349866062511,0,-0.044439354025884725,-0.043904831984302284,5.470000000000013,87.04714285714286,90.27866666666665,0.020934986606251108,0.024631256102817165,0.044439354025884725,1,80.66599999999998,-2.764000000000024
2023-11-08,81.46,75.85,122.0926,119.34,132.5027,36.0371,92.4151,3.6725,81.46,-0.0236126093731273,0.021705173112177,0,-0.02361260937312737,-0.027065161621344314,5.609999999999999,86.26714285714286,89.94833333333332,0.021705173112177012,0.02366378197122619,0.02361260937312737,1,80.482,-0.9779999999999944
2023-11-09,81.74,76.34,122.1281,142.71,201.47997,36.0407,92.1973,3.6725,81.74,0.0034372698256812,0.0174143781483807,0,0.003437269825681266,0.006460118655240654,5.3999999999999915,85.22714285714287,89.64966666666668,0.017414378148380736,0.023686092458166517,0.003437269825681266,0,80.28866666666667,-1.4513333333333236
2023-11-10,83.66,76.34,122.1281,127.96,180.98466,36.036,91.9266,3.6725,83.66,0.0234891118179594,0.0217124350824584,1,0.02348911181795943,0.0,7.319999999999993,84.67142857142856,89.519,0.021712435082458417,0.02341236311434054,0.02348911181795943,1,80.03133333333334,-3.6286666666666605
2023-11-11,83.66,76.34,122.1281,54.07,161.46162,36.036,92.0535,3.6725,83.66,0.0,0.0217124350824584,1,0.0,0.0,7.319999999999993,84.11571428571429,89.361,0.021712435082458417,0.02332811431367469,0.0,0,79.76766666666667,-3.892333333333326
2023-11-12,83.66,76.34,122.1281,145.04,128.39409,36.036,92.0535,3.6725,83.66,0.0,0.0217124350824584,1,0.0,0.0,7.319999999999993,83.55999999999999,89.00533333333334,0.021712435082458417,0.019405712288822607,0.0,0,79.44933333333334,-4.210666666666654
2023-11-13,84.09,78.86,122.4264,116.21,131.04663,36.0779,92.0535,3.6725,84.09,0.0051398517810183,0.0221261032606326,0,0.00513985178101839,0.03301021744825783,5.230000000000004,83.10000000000001,88.66399999999999,0.02212610326063267,0.01946310561313726,0.00513985178101839,0,79.11766666666668,-4.972333333333324
2023-11-14,84.2,78.9,121.35,198.44,148.22774,36.1609,92.1185,3.6725,84.2,0.0013081222499702,0.013757571737757,0,0.0013081222499702339,0.0005072279989857265,5.299999999999997,83.21000000000001,88.32633333333334,0.013757571737757091,0.019472999228765966,0.0013081222499702339,0,78.87933333333334,-5.320666666666668
2023-11-15,82.4,77.15,121.0749,68.82,130.60303,36.3171,91.257,3.6725,82.4,-0.021377672209026,0.0130902461646812,0,-0.02137767220902609,-0.02217997465145749,5.25,83.3442857142857,88.03999999999999,0.013090246164681282,0.01884082941115156,0.02137767220902609,1,78.694,-3.706000000000003
2023-11-16,77.73,73.5,121.1754,149.23,170.86455,36.2643,89.4565,3.6725,77.73,-0.0566747572815534,0.0255544321098926,0,-0.05667475728155347,-0.0473104342190539,4.230000000000004,82.77142857142857,87.547,0.025554432109892687,0.020831060908990735,0.05667475728155347,1,78.66433333333335,0.9343333333333419
2023-11-17,81.22,76.47,120.8477,168.58,149.4841,36.2496,88.9466,3.6725,81.22,0.0448990093914831,0.0305810407168659,0,0.04489900939148317,0.04040816326530616,4.75,82.42285714285715,87.188,0.030581040716865945,0.02277804277225373,0.04489900939148317,1,78.51833333333336,-2.7016666666666396
2023-11-18,81.22,76.47,120.8477,62.79,111.659584,36.2496,89.1237,3.6725,81.22,0.0,0.0305810407168659,1,0.0,0.0,4.75,82.07428571428571,86.79133333333333,0.030581040716865945,0.022586904475323348,0.0,0,78.44066666666667,-2.7793333333333266
2023-11-19,81.22,76.47,120.8477,124.34,101.564575,36.2496,89.1237,3.6725,81.22,0.0,0.0305810407168659,1,0.0,0.0,4.75,81.72571428571429,86.37466666666667,0.030581040716865945,0.02251175379007482,0.0,0,78.394,-2.8259999999999934
2023-11-20,83.25,78.1,120.2533,42.9,204.9011,36.1394,89.1237,3.6725,83.25,0.0249938438808174,0.0324156633483572,0,0.02499384388081749,0.02131554858114293,5.150000000000006,81.60571428571428,86.02566666666667,0.03241566334835727,0.023138298948481753,0.02499384388081749,1,78.32233333333332,-4.927666666666681
2023-11-21,82.42,78.35,120.2241,295.43,96.48255,36.0496,88.4954,3.6725,82.42,-0.0099699699699699,0.0325629958956284,0,-0.009969969969969905,0.003201024327784907,4.070000000000007,81.35142857142857,85.64900000000002,0.032562995895628444,0.023155218612607324,0.009969969969969905,0,78.266,-4.153999999999996
2023-11-22,81.76,76.8,120.6802,65.95,191.44437,36.0453,87.8701,3.6725,81.76,-0.0080077651055568,0.0316568309721934,0,-0.008007765105556897,-0.01978302488832162,4.960000000000008,81.26,85.31166666666667,0.031656830972193406,0.022981407243295747,0.008007765105556897,0,78.215,-3.5450000000000017
2023-11-23,80.85,76.8,120.6802,15.44,175.4538,36.0675,88.1648,3.6725,80.85,-0.0111301369863014,0.0211754069558013,1,-0.011130136986301498,0.0,4.049999999999997,81.70571428571428,85.07333333333332,0.021175406955801373,0.02185374249904707,0.011130136986301498,0,78.19433333333333,-2.6556666666666615
2023-11-24,79.82,74.83,120.2105,94.64,152.79372,36.0143,88.1206,3.6725,79.82,-0.0127396413110698,0.0131264187813823,0,-0.01273964131106986,-0.025651041666666652,4.989999999999995,81.50571428571428,84.72933333333334,0.013126418781382302,0.021321305358062054,0.01273964131106986,0,78.208,-1.6119999999999948
2023-11-25,79.82,74.83,120.2105,46.51,125.10518,36.0143,88.8133,3.6725,79.82,0.0,0.0131264187813823,1,0.0,0.0,4.989999999999995,81.30571428571429,84.44166666666666,0.013126418781382302,0.02114275978350714,0.0,0,78.22166666666666,-1.5983333333333292
2023-11-26,79.82,74.83,120.2105,127.55,87.866516,36.0143,88.8133,3.6725,79.82,0.0,0.0131264187813823,1,0.0,0.0,4.989999999999995,81.10571428571428,84.07799999999999,0.013126418781382302,0.020436593191960485,0.0,0,78.23533333333333,-1.5846666666666636
2023-11-27,79.49,74.46,120.173,89.08,166.35165,36.0487,88.8133,3.6725,79.49,-0.0041343021799047,0.0052400493292534,0,-0.004134302179904736,-0.004944540959508248,5.030000000000001,80.56857142857143,83.70333333333333,0.005240049329253446,0.02042222382116,0.004134302179904736,0,78.28466666666667,-1.2053333333333285
2023-11-28,81.66,76.09,119.5904,101.83,184.38477,36.2173,88.7045,3.6725,81.66,0.027299031324695,0.0135510611186634,0,0.027299031324695022,0.021890948160086188,5.569999999999993,80.46000000000001,83.401,0.013551061118663481,0.02120864811956687,0.027299031324695022,1,78.19733333333332,-3.462666666666678
2023-11-29,82.98,77.56,119.8159,83.76,88.77903,36.3644,88.6102,3.6725,82.98,0.0161645848640705,0.0145811483097749,0,0.016164584864070575,0.01931922723091084,5.420000000000002,80.63428571428571,83.14266666666667,0.014581148309774923,0.02149834728459474,0.016164584864070575,0,78.021,-4.959000000000003
2023-11-30,81.72,75.66,120.2434,147.72,178.90173,36.3752,88.8841,3.6725,81.72,-0.0151843817787419,0.0152638152110499,0,-0.015184381778741929,-0.02449716348633324,6.060000000000002,80.75857142857141,82.97266666666665,0.015263815211049936,0.020260311276257062,0.015184381778741929,0,77.88666666666667,-3.8333333333333286
2023-12-01,78.72,73.7,119.9424,38.37,94.8141,36.3535,88.5819,3.6725,78.72,-0.0367107195301027,0.020733663233713,0,-0.03671071953010274,-0.025905366111551587,5.019999999999996,80.60142857142856,82.69933333333333,0.020733663233713086,0.021225365744840775,0.03671071953010274,1,77.85233333333335,-0.8676666666666506
2023-12-02,78.72,73.7,119.9424,56.37,122.122314,36.3535,89.7619,3.6725,78.72,0.0,0.020733663233713,1,0.0,0.0,5.019999999999996,80.44428571428571,82.356,0.020733663233713086,0.0206055407860575,0.0,0,77.818,-0.902000000000001
2023-12-03,78.72,73.7,119.9424,119.31,110.70278,36.3535,89.7619,3.6725,78.72,0.0,0.020733663233713,1,0.0,0.0,5.019999999999996,80.28714285714285,82.06166666666667,0.020733663233713086,0.02047668578009327,0.0,0,77.73533333333333,-0.9846666666666692
2023-12-04,78.16,72.73,120.4727,51.19,194.85692,36.4606,89.7619,3.6725,78.16,-0.0071138211382114,0.0208200919822343,0,-0.0071138211382114624,-0.0131614654002713,5.429999999999993,80.09714285714286,81.74866666666667,0.02082009198223435,0.020477947054456772,0.0071138211382114624,0,77.70266666666664,-0.45733333333335224
2023-12-05,77.27,71.95,120.7913,328.17,89.69046,36.5383,90.6728,3.6725,77.27,-0.0113868986693961,0.0163281831125049,0,-0.011386898669396128,-0.010724597827581506,5.319999999999993,79.47,81.40599999999999,0.016328183112504956,0.0205149868339157,0.011386898669396128,0,77.65333333333334,0.38333333333333997
2023-12-06,74.33,68.98,120.5334,88.12,131.24277,36.6618,91.5823,3.6725,74.33,-0.0380484017082956,0.0159487189217021,0,-0.0380484017082956,-0.04127866574009731,5.349999999999994,78.23428571428572,80.97333333333333,0.015948718921702177,0.021435372373868666,0.0380484017082956,1,77.78599999999999,3.455999999999989
2023-12-07,74.21,69.0,120.6013,73.65,194.1647,36.6906,92.7826,3.6725,74.21,-0.0016144221713978,0.0167946268943501,0,-0.0016144221713978446,0.0002899391127861861,5.209999999999994,77.16142857142857,80.666,0.016794626894350195,0.020112181359374898,0.0016144221713978446,0,77.92266666666666,3.7126666666666637
2023-12-08,75.94,70.87,120.7607,64.67,153.52364,36.6722,92.5654,3.6725,75.94,0.023312222072497,0.0182596936260883,0,0.023312222072497057,0.027101449275362288,5.069999999999993,76.7642857142857,80.482,0.018259693626088352,0.02033356850868768,0.023312222072497057,1,78.00166666666665,2.061666666666653
2023-12-09,75.94,70.87,120.7607,89.99,106.34247,36.6722,91.6402,3.6725,75.94,0.0,0.0182596936260883,1,0.0,0.0,5.069999999999993,76.36714285714285,80.28866666666666,0.018259693626088352,0.020310758558280993,0.0,0,77.986,2.0460000000000065
2023-12-10,75.94,70.87,120.7607,178.8,124.12431,36.6722,91.6402,3.6725,75.94,0.0,0.0182596936260883,1,0.0,0.0,5.069999999999993,75.97,80.03133333333334,0.018259693626088352,0.019728738016228264,0.0,0,78.05366666666664,2.1136666666666457
2023-12-11,75.75,70.95,120.9279,117.01,153.7749,36.7424,91.6402,3.6725,75.75,-0.0025019752436133,0.0182530180181509,0,-0.002501975243613397,0.0011288274305065737,4.799999999999997,75.62571428571428,79.76766666666667,0.018253018018150942,0.019720763205690193,0.002501975243613397,0,78.14399999999999,2.3939999999999912
2023-12-12,74.11,68.27,120.6817,36.95,167.4222,36.8716,90.9846,3.6725,74.11,-0.0216501650165016,0.0192975961177403,0,-0.021650165016501632,-0.037773079633544815,5.840000000000003,75.17428571428572,79.44933333333331,0.019297596117740352,0.019997008944278475,0.021650165016501632,1,78.34733333333332,4.237333333333325
2023-12-13,74.14,69.09,121.1571,95.78,192.79495,36.9861,90.2158,3.6725,74.14,0.0004048036702199,0.0130423627874209,0,0.00040480367021999974,0.012011132268932245,5.049999999999997,75.14714285714285,79.11766666666668,0.013042362787420981,0.01994231898810215,0.00040480367021999974,0,78.53899999999999,4.398999999999987
2023-12-14,77.05,71.21,119.5683,89.93,148.67899,37.0245,89.8926,3.6725,77.05,0.0392500674399782,0.0197650880361533,0,0.039250067439978276,0.03068461427124025,5.840000000000003,75.55285714285715,78.87933333333332,0.019765088036153396,0.021437356066204404,0.039250067439978276,1,78.63366666666666,1.5836666666666588
2023-12-15,76.84,71.05,119.7382,61.4,169.25528,36.9913,89.6741,3.6725,76.84,-0.0027255029201815,0.0182566291335976,0,-0.0027255029201815884,-0.0022468754388428325,5.790000000000006,75.68142857142857,78.69399999999999,0.018256629133597643,0.02114640352032957,0.0027255029201815884,0,78.73533333333332,1.895333333333312
2023-12-16,76.84,71.05,119.7382,51.97,104.33284,36.9913,89.6966,3.6725,76.84,0.0,0.0182566291335976,1,0.0,0.0,5.790000000000006,75.80999999999999,78.66433333333335,0.018256629133597643,0.018465155285702622,0.0,0,78.83266666666667,1.9926666666666648
2023-12-17,76.84,71.05,119.7382,94.75,90.89362,36.9913,89.6966,3.6725,76.84,0.0,0.0182566291335976,1,0.0,0.0,5.790000000000006,75.93857142857144,78.51833333333333,0.018256629133597643,0.016384432471946226,0.0,0,78.943,2.1029999999999944
2023-12-18,78.89,72.16,119.9102,264.75,144.02469,37.0211,89.6966,3.6725,78.89,0.0266788131181676,0.0203189250599587,0,0.026678813118167666,0.015622800844475648,6.730000000000004,76.38714285714286,78.44066666666667,0.020318925059958783,0.017185257063498525,0.026678813118167666,1,78.94266666666668,0.052666666666681294
2023-12-19,79.82,73.23,119.4632,632.37,187.75687,37.1924,90.4162,3.6725,79.82,0.0117885663582202,0.0162623990704512,0,0.011788566358220232,0.014828159645232875,6.589999999999989,77.20285714285714,78.39399999999999,0.016262399070451267,0.017338912501435922,0.011788566358220232,0,78.98333333333335,-0.8366666666666447
2023-12-20,81.1,73.87,119.5435,69.49,143.77463,37.3205,90.087,3.6725,81.1,0.0160360811826609,0.0156639323459576,0,0.016036081182660977,0.008739587600710141,7.22999999999999,78.19714285714285,78.32233333333333,0.01566393234595767,0.01695888399332049,0.016036081182660977,0,78.97033333333336,-2.129666666666637
2023-12-21,80.73,73.59,119.3168,95.99,114.01954,37.5516,90.4056,3.6725,80.73,-0.0045622688039456,0.0116737130616944,0,-0.004562268803945613,-0.003790442669554639,7.140000000000001,78.72285714285714,78.26599999999999,0.011673713061694442,0.016885898387907362,0.004562268803945613,0,78.96966666666667,-1.7603333333333353
2023-12-22,80.23,73.29,119.0625,52.02,89.36783,37.5964,91.7062,3.6725,80.23,-0.0061934844543539,0.0122041657432939,0,-0.00619348445435397,-0.0040766408479412375,6.939999999999998,79.20714285714287,78.21499999999999,0.012204165743293907,0.016861508423397332,0.00619348445435397,0,78.98566666666667,-1.24433333333333
2023-12-23,80.23,73.29,119.0625,174.58,150.29799,37.5964,91.9389,3.6725,80.23,0.0,0.0122041657432939,1,0.0,0.0,6.939999999999998,79.69142857142857,78.19433333333333,0.012204165743293907,0.016741387641974463,0.0,0,79.03466666666667,-1.1953333333333376
2023-12-24,80.23,73.29,119.0625,83.17,52.91642,37.5964,91.9389,3.6725,80.23,0.0,0.0122041657432939,1,0.0,0.0,6.939999999999998,80.17571428571429,78.208,0.012204165743293907,0.016570979899818844,0.0,0,79.095,-1.1350000000000051
2023-12-25,80.23,73.29,119.0625,74.35,136.39986,37.5525,91.9389,3.6725,80.23,0.0,0.0083034001176854,1,0.0,0.0,6.939999999999998,80.36714285714287,78.22166666666665,0.008303400117685484,0.016570979899818844,0.0,0,79.159,-1.070999999999998
2023-12-26,80.23,75.84,118.8875,111.18,139.57448,37.5225,91.969,3.6725,80.23,0.0,0.0072151036344897,1,0.0,0.03479328694228401,4.390000000000001,80.42571428571429,78.23533333333333,0.007215103634489765,0.016570979899818844,0.0,0,79.229,-1.0010000000000048
2023-12-27,80.97,74.31,118.4729,145.72,180.1815,37.3684,91.7069,3.6725,80.97,0.0092234824878474,0.0048974613807561,0,0.009223482487847434,-0.020174050632911444,6.659999999999997,80.40714285714286,78.28466666666667,0.004897461380756122,0.01662698852241392,0.009223482487847434,0,79.308,-1.661999999999992
2023-12-28,79.04,72.02,118.4104,168.59,122.68769,37.6194,91.7051,3.6725,79.04,-0.023835988637767,0.0102448760567729,0,-0.023835988637767036,-0.030816848338043434,7.02000000000001,80.16571428571429,78.19733333333333,0.010244876056772973,0.016431244981912424,0.023835988637767036,1,79.45133333333335,0.41133333333334576
2023-12-29,77.69,71.89,118.4208,107.55,221.2849,37.9824,90.3041,3.6725,77.69,-0.0170799595141701,0.0115575697972554,0,-0.017079959514170184,-0.0018050541516244634,5.799999999999997,79.80285714285715,78.021,0.011557569797255402,0.016357682645549036,0.017079959514170184,0,79.63966666666667,1.9496666666666727
2023-12-30,77.69,71.89,118.4208,131.31,190.98303,37.9824,89.6883,3.6725,77.69,0.0,0.0115575697972554,1,0.0,0.0,5.799999999999997,79.44000000000001,77.88666666666668,0.011557569797255402,0.016171562637855214,0.0,0,79.84966666666668,2.1596666666666806
2023-12-31,77.69,71.89,118.4208,221.29,110.085335,37.9824,89.6883,3.6725,77.69,0.0,0.0115575697972554,1,0.0,0.0,5.799999999999997,79.07714285714285,77.85233333333332,0.011557569797255402,0.014745927892765558,0.0,0,80.06466666666667,2.37466666666667
2024-01-01,77.69,71.89,118.4208,110.48,167.60016,38.002,89.6883,3.6725,77.69,0.0,0.0115575697972554,1,0.0,0.0,5.799999999999997,78.71428571428571,77.818,0.011557569797255402,0.014745927892765558,0.0,0,80.24099999999999,2.5509999999999877
2024-01-02,76.24,70.62,119.2686,138.57,131.12247,38.0144,89.6883,3.6725,76.24,-0.0186639207105161,0.0124568702684349,0,-0.018663920710516146,-0.01766587842537204,5.61999999999999,78.14428571428572,77.73533333333333,0.01245687026843498,0.01512031490389393,0.018663920710516146,1,80.43966666666664,4.199666666666644
2024-01-03,77.18,72.97,119.6958,162.46,149.3903,38.0839,89.6883,3.6725,77.18,0.012329485834208,0.0131738051809107,0,0.01232948583420801,0.033276692155196796,4.210000000000008,77.60285714285715,77.70266666666666,0.013173805180910795,0.015263299821118768,0.01232948583420801,0,80.51833333333333,3.338333333333324
2024-01-04,75.79,72.38,119.6208,118.85,180.68552,38.1159,89.6883,3.6725,75.79,-0.0180098471106504,0.0120505844417739,0,-0.018009847110650457,-0.008085514595039145,3.410000000000011,77.13857142857144,77.65333333333334,0.01205058444177397,0.015475489895761415,0.018009847110650457,1,80.64333333333333,4.853333333333325
2024-01-05,78.31,74.0,119.388,106.49,167.48938,38.0412,89.6883,3.6725,78.31,0.0332497690988256,0.0178835595998581,0,0.0332497690988256,0.022381873445703304,4.310000000000002,77.22714285714287,77.786,0.01788355959985818,0.01498165415944981,0.0332497690988256,1,80.68433333333333,2.3743333333333254
2024-01-06,78.31,74.0,119.388,145.36,131.24277,38.0412,89.6883,3.6725,78.31,0.0,0.0178835595998581,1,0.0,0.0,4.310000000000002,77.3157142857143,77.92266666666667,0.01788355959985818,0.014971684992613699,0.0,0,80.71733333333333,2.4073333333333267
2024-01-07,78.31,74.0,119.388,10.92,89.04752,38.0412,89.6883,3.6725,78.31,0.0,0.0178835595998581,1,0.0,0.0,4.310000000000002,77.40428571428572,78.00166666666668,0.01788355959985818,0.01441679887234541,0.0,0,80.78900000000002,2.4790000000000134
2024-01-08,75.47,71.06,119.2506,153.56,106.62771,38.0775,89.6883,3.6725,75.47,-0.0362661218235219,0.0228711900704874,0,-0.03626612182352196,-0.03972972972972966,4.409999999999997,77.08714285714287,77.986,0.022871190070487456,0.015952989988690946,0.03626612182352196,1,80.97933333333334,5.509333333333345
2024-01-09,77.97,72.43,119.6666,1026.38,241.2697,38.192,89.6883,3.6725,77.97,0.0331257453292699,0.0255251856537288,0,0.03312574532926993,0.0192794821277793,5.539999999999992,77.33428571428571,78.05366666666667,0.02552518565372883,0.01706656318693281,0.03312574532926993,1,81.14733333333334,3.177333333333337
2024-01-10,78.46,71.57,119.7614,73.6,118.0951,38.2253,90.404,3.6725,78.46,0.0062844683852762,0.0252773322933974,0,0.006284468385276298,-0.011873533066409148,6.890000000000001,77.51714285714286,78.14399999999999,0.025277332293397462,0.01707942716893343,0.006284468385276298,0,81.318,2.858000000000004
2024-01-11,80.21,72.15,119.8916,57.0,165.31047,38.1923,89.3939,3.6725,80.21,0.0223043589089981,0.0243682208894616,0,0.02230435890899818,0.008103954170742167,8.059999999999988,78.14857142857143,78.34733333333334,0.024368220889461622,0.016926255719089813,0.02230435890899818,1,81.43033333333332,1.220333333333329
2024-01-12,79.89,72.94,119.534,76.85,210.59279,37.9982,88.7818,3.6725,79.89,-0.0039895274903377,0.0219835478918289,0,-0.003989527490337763,0.01094941094941082,6.950000000000003,78.37428571428572,78.539,0.021983547891828926,0.016966467047275103,0.003989527490337763,0,81.55333333333333,1.663333333333327
2024-01-13,79.89,72.94,119.534,92.97,160.02742,37.9982,88.1324,3.6725,79.89,0.0,0.0219835478918289,1,0.0,0.0,6.950000000000003,78.60000000000001,78.63366666666667,0.021983547891828926,0.015494849110010893,0.0,0,81.68633333333334,1.7963333333333367
2024-01-14,79.89,72.94,119.534,126.89,107.43463,37.9982,88.1324,3.6725,79.89,0.0,0.0219835478918289,1,0.0,0.0,6.950000000000003,78.82571428571428,78.73533333333333,0.021983547891828926,0.0154782736566347,0.0,0,81.84733333333334,1.957333333333338
2024-01-15,79.76,72.94,119.534,80.09,106.39939,37.8386,88.1324,3.6725,79.76,-0.0016272374514957,0.0141615201316723,1,-0.0016272374514957333,0.0,6.820000000000007,79.43857142857142,78.83266666666667,0.014161520131672318,0.015486248777111829,0.0016272374514957333,0,82.00233333333333,2.2423333333333204
2024-01-16,80.15,72.63,120.5759,248.39,193.38907,37.8641,87.6772,3.6725,80.15,0.004889669007021,0.0088370006364842,0,0.004889669007021036,-0.004250068549492725,7.52000000000001,79.75,78.94300000000001,0.008837000636484203,0.01549717171999208,0.004889669007021036,0,82.14166666666665,1.9916666666666458
2024-01-17,78.88,72.79,121.0402,69.96,176.20041,37.9247,87.6457,3.6725,78.88,-0.015845290081098,0.0114479772133472,0,-0.01584529008109803,0.002202946440864828,6.089999999999989,79.80999999999999,78.94266666666665,0.011447977213347204,0.015055358866826197,0.01584529008109803,0,82.34166666666667,3.461666666666673
2024-01-18,81.04,74.32,120.8895,121.41,167.48938,37.8977,88.354,3.6725,81.04,0.0273833671399594,0.0130811464139121,0,0.02738336713995948,0.021019370792691117,6.720000000000013,79.92857142857143,78.98333333333333,0.013081146413912165,0.015726914979007814,0.02738336713995948,1,82.46966666666665,1.4296666666666482
2024-01-19,80.71,73.69,120.6442,147.36,207.40584,37.7094,88.661,3.6725,80.71,-0.0040720631786773,0.0130870017274821,0,-0.004072063178677365,-0.008476856835306745,7.019999999999996,80.0457142857143,78.97033333333333,0.01308700172748218,0.015473923092191902,0.004072063178677365,0,82.60866666666666,1.8986666666666707
2024-01-20,80.71,73.69,120.6442,57.76,83.86247,37.7094,88.5896,3.6725,80.71,0.0,0.0130870017274821,1,0.0,0.0,7.019999999999996,80.16285714285713,78.96966666666667,0.01308700172748218,0.015450399736907738,0.0,0,82.769,2.0590000000000117
2024-01-21,80.71,73.69,120.6442,142.04,70.107254,37.7094,88.5896,3.6725,80.71,0.0,0.0130870017274821,1,0.0,0.0,7.019999999999996,80.28,78.98566666666667,0.01308700172748218,0.015404621663731412,0.0,0,82.90466666666667,2.194666666666677
2024-01-22,81.7,75.26,120.6178,175.55,186.62354,37.5268,88.5896,3.6725,81.7,0.0122661380250279,0.0135724343850622,0,0.012266138025027962,0.021305468856018583,6.439999999999998,80.55714285714285,79.03466666666667,0.013572434385062237,0.01555803868192418,0.012266138025027962,0,83.00700000000002,1.3070000000000164
2024-01-23,82.04,74.72,121.1001,71.62,169.07245,37.4521,87.9724,3.6725,82.04,0.0041615667074663,0.0135629516847111,0,0.004161566707466369,-0.007175126229072681,7.320000000000007,80.82714285714285,79.09500000000001,0.01356295168471112,0.01556992536166263,0.004161566707466369,0,83.13366666666667,1.093666666666664
2024-01-24,82.15,75.48,120.4916,91.92,159.14471,37.4544,87.9199,3.6725,82.15,0.0013408093612872,0.0107620185910858,0,0.0013408093612872207,0.010171306209850073,6.670000000000002,81.29428571428572,79.159,0.010762018591085873,0.015569293206909812,0.0013408093612872207,0,83.20133333333334,1.0513333333333321
2024-01-25,82.33,77.91,120.8311,114.57,202.2942,37.5252,88.2829,3.6725,82.33,0.0021911138161898,0.0050809773143295,0,0.0021911138161898602,0.03219395866454677,4.420000000000002,81.47857142857143,79.22900000000001,0.005080977314329587,0.015570037658115788,0.0021911138161898602,0,83.26299999999999,0.9329999999999927
2024-01-26,83.34,78.45,120.6173,85.29,141.32115,37.5825,88.6562,3.6725,83.34,0.0122677031458764,0.0054237213094842,0,0.01226770314587644,0.006931074316519181,4.890000000000001,81.85428571428572,79.30799999999999,0.005423721309484221,0.015635406935691123,0.01226770314587644,0,83.29099999999998,-0.049000000000020805
2024-01-27,83.34,78.45,120.6173,80.68,178.91956,37.5825,89.5159,3.6725,83.34,0.0,0.0054237213094842,1,0.0,0.0,4.890000000000001,82.23,79.45133333333334,0.005423721309484221,0.014914615890124739,0.0,0,83.31333333333333,-0.026666666666670835
2024-01-28,83.34,78.45,120.6173,109.4,152.74088,37.5825,89.5159,3.6725,83.34,0.0,0.0054237213094842,1,0.0,0.0,4.890000000000001,82.60571428571428,79.63966666666667,0.005423721309484221,0.014485949604810559,0.0,0,83.32866666666668,-0.011333333333325868
2024-01-29,83.99,77.25,120.8538,212.58,140.53317,37.7811,89.5159,3.6725,83.99,0.0077993760499159,0.0045671189306818,0,0.007799376049915985,-0.015296367112810794,6.739999999999995,82.93285714285715,79.84966666666666,0.004567118930681898,0.014510541336571627,0.007799376049915985,0,83.33166666666666,-0.6583333333333314
2024-01-30,84.14,78.3,120.6025,144.27,206.27711,37.8862,89.609,3.6725,84.14,0.0017859268960591,0.0046378643672359,0,0.0017859268960591645,0.013592233009708687,5.840000000000003,83.23285714285714,80.06466666666667,0.004637864367235917,0.014502726810143004,0.0017859268960591645,0,83.346,-0.7939999999999969
2024-01-31,82.98,76.28,120.4331,81.76,205.60765,37.8746,89.2887,3.6725,82.98,-0.0137865462324696,0.0081071476907855,0,-0.013786546232469665,-0.025798212005108456,6.700000000000003,83.35142857142857,80.241,0.00810714769078556,0.014808519661830881,0.013786546232469665,0,83.40733333333336,0.4273333333333511
2024-02-01,82.2,74.36,120.3335,97.99,147.49837,37.5627,89.6678,3.6725,82.2,-0.0093998553868401,0.0090617188259865,0,-0.009399855386840184,-0.025170424750917686,7.840000000000003,83.33285714285714,80.43966666666667,0.00906171882598651,0.014448412158960174,0.009399855386840184,0,83.49466666666669,1.2946666666666857
2024-02-02,79.54,72.72,120.902,55.14,171.52455,37.6047,90.2299,3.6725,79.54,-0.0323600973236009,0.0134650529447431,0,-0.0323600973236009,-0.022054868208714384,6.820000000000007,82.78999999999999,80.51833333333335,0.013465052944743167,0.015664649916380145,0.0323600973236009,1,83.67066666666669,4.130666666666684
2024-02-03,79.54,72.72,120.902,95.61,96.79581,37.6047,90.6626,3.6725,79.54,0.0,0.0134650529447431,1,0.0,0.0,6.820000000000007,82.24714285714286,80.64333333333335,0.013465052944743167,0.015245616453709924,0.0,0,83.90533333333335,4.365333333333339
2024-02-04,79.54,72.72,120.902,213.37,85.66985,37.6047,90.6626,3.6725,79.54,0.0,0.0134650529447431,1,0.0,0.0,6.820000000000007,81.70428571428572,80.68433333333334,0.013465052944743167,0.014035233029572986,0.0,0,84.11466666666668,4.574666666666673
2024-02-05,79.3,73.21,121.349,209.6,125.87757,37.5698,90.6626,3.6725,79.3,-0.0030173497611265,0.0120924409644694,0,-0.003017349761126553,0.006738173817381732,6.090000000000003,81.03428571428572,80.71733333333333,0.012092440964469495,0.014050595992087068,0.003017349761126553,0,84.35766666666669,5.057666666666691
2024-02-06,80.46,73.83,120.9588,109.35,118.752426,37.5544,91.2434,3.6725,80.46,0.0146279949558638,0.0145654789756894,0,0.014627994955863866,0.008468788416883033,6.6299999999999955,80.50857142857144,80.789,0.014565478975689428,0.014284004172220609,0.014627994955863866,0,84.50500000000002,4.04500000000003
2024-02-07,81.18,74.26,120.9049,178.57,100.380844,37.6254,90.6842,3.6725,81.18,0.0089485458612976,0.0151353997927033,0,0.008948545861297674,0.005824190708384247,6.920000000000002,80.25142857142858,80.97933333333334,0.015135399792703386,0.01248865294900328,0.008948545861297674,0,84.60866666666668,3.428666666666672
2024-02-08,83.01,76.67,121.0798,153.72,116.230446,37.5937,91.1514,3.6725,83.01,0.0225424981522541,0.0175214921217414,0,0.022542498152254176,0.03245354161055736,6.340000000000003,80.36714285714287,81.14733333333332,0.017521492121741467,0.011719797268136609,0.022542498152254176,1,84.65133333333334,1.6413333333333355
2024-02-09,83.58,77.26,121.039,67.61,194.52998,37.5707,91.2561,3.6725,83.58,0.0068666425731838,0.0091449759879828,0,0.006866642573183812,0.007695317594887285,6.319999999999993,80.94428571428571,81.31800000000001,0.009144975987982808,0.0117273476329054,0.006866642573183812,0,84.675,1.0949999999999989
2024-02-10,83.58,77.26,121.039,55.65,98.49575,37.5707,90.8901,3.6725,83.58,0.0,0.0091449759879828,1,0.0,0.0,6.319999999999993,81.52142857142859,81.43033333333334,0.009144975987982808,0.011097355644907193,0.0,0,84.67033333333333,1.0903333333333336
2024-02-11,83.58,77.26,121.039,216.31,86.26478,37.5707,90.8901,3.6725,83.58,0.0,0.0091449759879828,1,0.0,0.0,6.319999999999993,82.09857142857143,81.55333333333333,0.009144975987982808,0.01105396063580101,0.0,0,84.673,1.0930000000000035
2024-02-12,83.88,77.34,120.9378,215.18,156.38733,37.6234,90.8901,3.6725,83.88,0.0035893754486719,0.0082158908563201,0,0.003589375448671994,0.0010354646647683374,6.539999999999992,82.75285714285714,81.68633333333334,0.00821589085632011,0.011055857635572972,0.003589375448671994,0,84.67533333333333,0.7953333333333319
2024-02-13,84.72,78.28,121.5202,183.22,187.85829,37.8951,91.0758,3.6725,84.72,0.0100143061516453,0.0077765614818938,0,0.010014306151645336,0.012154124644427222,6.439999999999998,83.36142857142856,81.84733333333334,0.007776561481893863,0.011153971559153555,0.010014306151645336,0,84.72333333333331,0.003333333333316091
2024-02-14,84.41,77.09,121.4002,86.93,135.80937,38.1264,91.2057,3.6725,84.41,-0.0036591123701605,0.0087619358930869,0,-0.0036591123701605888,-0.015201839550332163,7.319999999999993,83.82285714285715,82.00233333333333,0.008761935893086974,0.011183006194264761,0.0036591123701605888,0,84.75599999999999,0.3459999999999894
2024-02-15,84.33,78.47,121.2121,83.03,214.80815,38.1734,91.4316,3.6725,84.33,-0.000947755005331,0.0048072544557523,0,-0.0009477550053310635,0.017901154494746274,5.859999999999999,84.01142857142858,82.14166666666667,0.004807254455752384,0.011180898411771915,0.0009477550053310635,0,84.79133333333331,0.4613333333333145
2024-02-16,84.88,79.65,121.1505,58.32,160.93446,37.9484,91.8237,3.6725,84.88,0.0065219969168741,0.004753751937055,0,0.006521996916874162,0.015037593984962516,5.22999999999999,84.19714285714285,82.34166666666667,0.004753751937055074,0.010702189909063948,0.006521996916874162,0,84.80833333333331,-0.07166666666668675
2024-02-17,84.88,79.65,121.1505,147.98,87.02969,37.9484,92.5492,3.6725,84.88,0.0,0.004753751937055,1,0.0,0.0,5.22999999999999,84.38285714285713,82.46966666666667,0.004753751937055074,0.009619950846934101,0.0,0,84.8613333333333,-0.01866666666668948
2024-02-18,84.88,79.65,121.1505,309.05,80.794334,37.9484,92.5492,3.6725,84.88,0.0,0.004753751937055,1,0.0,0.0,5.22999999999999,84.56857142857143,82.60866666666668,0.004753751937055074,0.009565890717824621,0.0,0,84.94399999999997,0.06399999999997874
2024-02-19,85.52,79.65,121.1505,88.77,167.8173,37.9719,92.5492,3.6725,85.52,0.0075400565504242,0.0051609265545439,1,0.007540056550424223,0.0,5.86999999999999,84.80285714285715,82.769,0.005160926554543962,0.00961791471362081,0.007540056550424223,0,84.95233333333333,-0.5676666666666677
2024-02-20,84.78,78.72,121.0199,149.95,170.21098,38.2847,92.4102,3.6725,84.78,-0.0086529466791392,0.0056044295655806,0,-0.008652946679139295,-0.01167608286252364,6.060000000000002,84.81142857142856,82.90466666666666,0.005604429565580658,0.009807115749765278,0.008652946679139295,0,84.95699999999998,0.17699999999997829
2024-02-21,84.77,78.89,121.0379,111.52,193.75397,38.4756,92.349,3.6725,84.77,-0.0001179523472517,0.0053615843142784,0,-0.00011795234725175963,0.0021595528455284896,5.8799999999999955,84.86285714285714,83.00699999999999,0.005361584314278417,0.009605060897967001,0.00011795234725175963,0,84.96033333333331,0.1903333333333137
2024-02-22,85.84,79.64,121.102,70.29,219.58307,38.6237,92.4387,3.6725,85.84,0.012622389996461,0.0069253022955142,0,0.012622389996461036,0.009506908353403398,6.200000000000003,85.07857142857142,83.13366666666666,0.006925302295514224,0.009814661633896559,0.012622389996461036,0,84.92799999999998,-0.9120000000000203
2024-02-23,84.18,77.6,121.0369,117.11,167.06863,38.4803,92.7519,3.6725,84.18,-0.0193383038210623,0.0104563618069525,0,-0.019338303821062386,-0.025615268709191397,6.5800000000000125,84.97857142857141,83.20133333333334,0.01045636180695255,0.010530452582284527,0.019338303821062386,1,84.951,0.7709999999999866
2024-02-24,84.18,77.6,121.0369,192.21,111.12447,38.4803,92.7519,3.6725,84.18,0.0,0.0104563618069525,1,0.0,0.0,6.5800000000000125,84.87857142857142,83.26299999999999,0.01045636180695255,0.010528557202421681,0.0,0,85.01766666666666,0.8376666666666495
2024-02-25,84.18,77.6,121.0369,68.12,87.17284,38.4803,92.7519,3.6725,84.18,0.0,0.0104563618069525,1,0.0,0.0,6.5800000000000125,84.77857142857144,83.291,0.01045636180695255,0.010303422601643152,0.0,0,85.0753333333333,0.8953333333332978
2024-02-26,84.01,78.53,121.0592,167.77,200.97168,38.3527,92.7519,3.6725,84.01,-0.0020194820622475,0.0097337809582523,0,-0.0020194820622475573,0.011984536082474406,5.480000000000004,84.56285714285715,83.31333333333333,0.009733780958252369,0.010312624164057791,0.0020194820622475573,0,85.10633333333332,1.0963333333333196
2024-02-27,83.8,79.8,120.9647,117.39,166.86441,38.3361,92.6321,3.6725,83.8,-0.002499702416379,0.0093561240923256,0,-0.0024997024163790904,0.01617216350439321,4.0,84.42285714285715,83.32866666666665,0.009356124092325674,0.01032537821109412,0.0024997024163790904,0,85.18533333333332,1.385333333333321
2024-02-28,84.08,79.44,121.128,143.19,177.45898,38.4249,92.0425,3.6725,84.08,0.0033412887828161,0.0095383786850398,0,0.003341288782816143,-0.004511278195488688,4.640000000000001,84.32428571428572,83.33166666666668,0.009538378685039844,0.010244526469574836,0.003341288782816143,0,85.25500000000001,1.1750000000000114
2024-02-29,84.57,79.22,121.1824,105.86,153.25046,38.2077,91.8692,3.6725,84.57,0.0058277830637487,0.0081506923278814,0,0.005827783063748759,-0.0027693856998992628,5.349999999999994,84.14285714285714,83.346,0.008150692327881426,0.010294101452496828,0.005827783063748759,0,85.30833333333334,0.7383333333333439
2024-03-01,84.82,80.9,121.0111,58.59,155.18335,38.0492,90.8423,3.6725,84.82,0.0029561310157266,0.0030530939084948,0,0.0029561310157266707,0.021206765968190044,3.9199999999999875,84.23428571428572,83.40733333333334,0.003053093908494886,0.009956798965381005,0.0029561310157266707,0,85.35333333333334,0.5333333333333456
2024-03-02,84.82,80.9,121.0111,72.85,82.69259,38.0492,91.3336,3.6725,84.82,0.0,0.0030530939084948,1,0.0,0.0,3.9199999999999875,84.32571428571428,83.49466666666666,0.003053093908494886,0.009771598031929412,0.0,0,85.39833333333334,0.5783333333333474
2024-03-03,84.82,80.9,121.0111,85.57,82.35665,38.0492,91.3336,3.6725,84.82,0.0,0.0030530939084948,1,0.0,0.0,3.9199999999999875,84.41714285714285,83.67066666666666,0.003053093908494886,0.007465383897970865,0.0,0,85.492,0.6720000000000113
2024-03-04,86.58,79.67,120.872,185.31,170.75092,38.1575,91.3336,3.6725,86.58,0.0207498231549163,0.0077337037041542,0,0.020749823154916358,-0.01520395550061815,6.909999999999997,84.78428571428572,83.90533333333333,0.007733703704154231,0.008183902707613409,0.020749823154916358,1,85.626,-0.9539999999999935
2024-03-05,85.82,79.11,120.8846,98.25,83.45617,38.3135,91.3534,3.6725,85.82,-0.0087780087780088,0.0089304932286553,0,-0.008778008778008828,-0.007028994602736316,6.709999999999994,85.07285714285715,84.11466666666666,0.008930493228655377,0.008442632281665387,0.008778008778008828,0,85.77600000000001,-0.04399999999998272
2024-03-06,86.59,80.08,120.4649,107.93,108.01851,38.3943,91.1604,3.6725,86.59,0.0089722675367047,0.009170254583237,0,0.00897226753670477,0.012261408165844978,6.510000000000005,85.43142857142857,84.35766666666665,0.009170254583237038,0.008452764182432211,0.00897226753670477,0,85.98333333333335,-0.6066666666666549
2024-03-07,84.88,79.81,120.1909,56.71,122.23496,38.2664,90.3412,3.6725,84.88,-0.0197482388266544,0.0128087153449822,0,-0.01974823882665444,-0.003371628371628299,5.069999999999993,85.47571428571428,84.50499999999998,0.012808715344982213,0.009121524539445152,0.01974823882665444,1,86.24766666666666,1.3676666666666648
2024-03-08,84.29,78.96,119.975,36.66,183.72224,38.0836,90.7493,3.6725,84.29,-0.0069509896324221,0.0130491871032476,0,-0.006950989632422133,-0.0106502944493172,5.3300000000000125,85.39999999999999,84.60866666666666,0.013049187103247685,0.00915515902833543,0.006950989632422133,0,86.53166666666667,2.24166666666666
2024-03-09,84.29,78.96,119.975,230.58,89.67142,38.0836,90.7493,3.6725,84.29,0.0,0.0130491871032476,1,0.0,0.0,5.3300000000000125,85.32428571428571,84.65133333333333,0.013049187103247685,0.008229355064033462,0.0,0,86.77966666666666,2.4896666666666505
2024-03-10,84.29,78.96,119.975,221.18,98.21629,38.0836,90.7493,3.6725,84.29,0.0,0.0130491871032476,1,0.0,0.0,5.3300000000000125,85.24857142857142,84.675,0.013049187103247685,0.008142440458686697,0.0,0,87.041,2.7509999999999906
2024-03-11,83.44,78.87,120.0394,159.06,155.80585,38.141,90.7493,3.6725,83.44,-0.0100842330051015,0.0091860687065961,0,-0.010084233005101528,-0.0011398176291791406,4.569999999999993,84.8,84.67033333333332,0.009186068706596114,0.008361070831601328,0.010084233005101528,0,87.312,3.872
2024-03-12,83.66,78.51,120.1668,104.69,199.55228,38.3825,90.6252,3.6725,83.66,0.0026366251198466,0.0094597157981576,0,0.002636625119846636,-0.004564473183719997,5.1499999999999915,84.49142857142859,84.673,0.009459715798157652,0.008375156127885185,0.002636625119846636,0,87.57300000000001,3.913000000000011
2024-03-13,83.95,80.67,119.9642,159.16,149.75441,38.4924,90.8818,3.6725,83.95,0.0034664116662683,0.0084112917261387,0,0.0034664116662683764,0.02751241880015276,3.280000000000001,84.11428571428571,84.67533333333333,0.008411291726138765,0.008373402158224236,0.0034664116662683764,0,87.87866666666667,3.928666666666672
2024-03-14,86.16,82.16,120.241,69.68,187.15071,38.7878,91.5449,3.6725,86.16,0.0263251935675996,0.0117483501640985,0,0.02632519356759966,0.01847031114416753,4.0,84.29714285714286,84.72333333333333,0.011748350164098526,0.009496186404891247,0.02632519356759966,1,88.11066666666666,1.9506666666666632
2024-03-15,85.39,81.94,120.4003,181.53,138.02365,38.6854,91.6359,3.6725,85.39,-0.0089368616527389,0.0120268041915327,0,-0.008936861652738992,-0.002677702044790675,3.450000000000003,84.4542857142857,84.75600000000001,0.012026804191532754,0.009625916475458603,0.008936861652738992,0,88.36833333333333,2.9783333333333246
2024-03-16,85.39,81.94,120.4003,110.1,126.5599,38.6854,91.87,3.6725,85.39,0.0,0.0120268041915327,1,0.0,0.0,3.450000000000003,84.61142857142856,84.79133333333333,0.012026804191532754,0.009622795203283775,0.0,0,88.55,3.1599999999999966
2024-03-17,85.39,81.94,120.4003,180.66,69.19202,38.6854,91.87,3.6725,85.39,0.0,0.0120268041915327,1,0.0,0.0,3.450000000000003,84.76857142857143,84.80833333333334,0.012026804191532754,0.009554576095209289,0.0,0,88.74666666666666,3.356666666666655
2024-03-18,86.47,83.68,120.5752,140.24,147.65321,38.7998,91.87,3.6725,86.47,0.0126478510364211,0.0112933730554162,0,0.012647851036421187,0.021235050036612302,2.789999999999992,85.20142857142856,84.86133333333333,0.011293373055416297,0.009818839907294511,0.012647851036421187,0,88.84899999999999,2.3789999999999907
2024-03-19,87.36,84.39,120.9332,91.96,183.30414,38.9744,91.9829,3.6725,87.36,0.0102925870244015,0.0113783584328319,0,0.0102925870244015,0.008484703632887003,2.969999999999999,85.73,84.94399999999999,0.011378358432831972,0.009973394975687291,0.0102925870244015,0,88.88166666666666,1.5216666666666612
2024-03-20,85.77,82.79,120.9289,202.01,116.02689,39.1338,92.2243,3.6725,85.77,-0.0182005494505494,0.0147201541714942,0,-0.018200549450549497,-0.01895959236876399,2.9799999999999898,85.99,84.95233333333333,0.014720154171494255,0.010486155604511058,0.018200549450549497,1,88.95466666666668,3.1846666666666863
2024-03-21,84.92,81.99,120.8086,77.59,130.51392,39.1399,92.6861,3.6725,84.92,-0.0099102250204032,0.0111565758342178,0,-0.009910225020403285,-0.009663002778113383,2.930000000000007,85.81285714285715,84.95700000000001,0.011156575834217888,0.010524992941404767,0.009910225020403285,0,89.05600000000001,4.13600000000001
2024-03-22,84.87,81.1,121.1842,73.05,125.002556,38.9234,91.9499,3.6725,84.87,-0.000588789448893,0.0107314685085554,0,-0.0005887894488930678,-0.01085498231491644,3.7700000000000102,85.73857142857143,84.96033333333335,0.010731468508555485,0.01052569322951609,0.0005887894488930678,0,89.15900000000002,4.289000000000016
2024-03-23,84.87,81.1,121.1842,147.64,107.02965,38.9234,92.6118,3.6725,84.87,0.0,0.0107314685085554,1,0.0,0.0,3.7700000000000102,85.66428571428571,84.92800000000001,0.010731468508555485,0.010256406936896644,0.0,0,89.24000000000001,4.3700000000000045
2024-03-24,84.87,81.1,121.1842,93.1,69.011826,38.9234,92.6118,3.6725,84.87,0.0,0.0107314685085554,1,0.0,0.0,3.7700000000000102,85.59,84.951,0.010731468508555485,0.009607597811577924,0.0,0,89.35400000000003,4.484000000000023
2024-03-25,86.18,82.41,121.0295,79.67,187.99307,38.9075,92.6118,3.6725,86.18,0.0154353717450217,0.011348610713869,0,0.015435371745021742,0.016152897657213394,3.7700000000000102,85.54857142857144,85.01766666666666,0.011348610713869046,0.009995527554662369,0.015435371745021742,0,89.44866666666667,3.268666666666661
2024-03-26,85.91,82.41,121.0742,85.54,165.62839,39.2298,92.7761,3.6725,85.91,-0.0031329774889766,0.0103237257969608,0,-0.0031329774889766737,0.0,3.5,85.34142857142858,85.07533333333335,0.010323725796960838,0.010020845207964008,0.0031329774889766737,0,89.52166666666668,3.611666666666679
2024-03-27,84.94,82.15,121.0089,97.9,126.74172,39.343,92.5745,3.6725,84.94,-0.0112908858107321,0.008767844822536,0,-0.01129088581073212,-0.0031549569227034002,2.789999999999992,85.22285714285714,85.10633333333334,0.008767844822536097,0.010248832645966066,0.01129088581073212,0,89.68866666666666,4.748666666666665
2024-03-28,86.17,83.96,121.0635,59.31,99.6261,39.2273,92.5919,3.6725,86.17,0.0144808099835178,0.0096078105605263,0,0.014480809983517862,0.022032866707242693,2.210000000000008,85.40142857142858,85.18533333333333,0.009607810560526384,0.01054672426637503,0.014480809983517862,0,89.81466666666665,3.6446666666666516
2024-03-29,86.17,83.96,121.0191,90.04,126.19306,39.2214,92.2628,3.6725,86.17,0.0,0.0095825952504951,1,0.0,0.0,2.210000000000008,85.58714285714287,85.25499999999998,0.009582595250495105,0.010538608089004012,0.0,0,89.94066666666664,3.770666666666642
2024-03-30,86.17,83.96,121.0191,49.51,161.58867,39.2214,92.366,3.6725,86.17,0.0,0.0095825952504951,1,0.0,0.0,2.210000000000008,85.77285714285715,85.30833333333334,0.009582595250495105,0.01049774620051429,0.0,0,90.01633333333331,3.8463333333333054
2024-03-31,86.17,83.96,121.0191,89.56,119.953705,39.2214,92.366,3.6725,86.17,0.0,0.0095825952504951,1,0.0,0.0,2.210000000000008,85.95857142857143,85.35333333333332,0.009582595250495105,0.010489496149847602,0.0,0,90.08499999999998,3.914999999999978
2024-04-01,86.17,84.54,121.5151,113.74,123.22462,38.9974,92.366,3.6725,86.17,0.0,0.0076047468163115,1,0.0,0.00690805145307305,1.6299999999999955,85.95714285714284,85.39833333333334,0.007604746816311593,0.010489496149847602,0.0,0,89.99766666666665,3.8276666666666443
2024-04-02,87.63,85.95,121.3035,64.34,197.96222,39.0749,92.2914,3.6725,87.63,0.0169432517117325,0.009715497438385,0,0.0169432517117325,0.016678495386799108,1.6799999999999926,86.20285714285714,85.492,0.009715497438385005,0.0109051135956253,0.0169432517117325,0,89.90366666666667,2.2736666666666707
2024-04-03,90.6,86.22,121.0198,87.02,181.86647,39.3236,92.5254,3.6725,90.6,0.0338925025676137,0.0131402978869132,0,0.03389250256761378,0.003141361256544517,4.3799999999999955,87.01142857142858,85.626,0.01314029788691321,0.011935219738110873,0.03389250256761378,1,89.67033333333332,-0.9296666666666766
2024-04-04,90.32,87.37,120.7613,79.84,160.98459,39.1953,92.3892,3.6725,90.32,-0.0030905077262692,0.0136605781963567,0,-0.003090507726269287,0.01333797262816061,2.9499999999999886,87.60428571428572,85.776,0.013660578196356759,0.011809485832271793,0.003090507726269287,0,89.44633333333333,-0.873666666666665
2024-04-05,92.81,87.69,120.9646,65.9,142.04836,39.0201,92.3058,3.6725,92.81,0.0275686448184235,0.0152481975784457,0,0.027568644818423582,0.0036625844111251027,5.1200000000000045,88.55285714285715,85.98333333333333,0.015248197578445716,0.012658038136531798,0.027568644818423582,1,89.13933333333333,-3.6706666666666763
2024-04-06,92.81,87.69,120.9646,286.44,130.29767,39.0201,92.4155,3.6725,92.81,0.0,0.0152481975784457,1,0.0,0.0,5.1200000000000045,89.50142857142858,86.24766666666667,0.015248197578445716,0.011961274111887884,0.0,0,88.83233333333332,-3.9776666666666785
2024-04-07,92.81,87.69,120.9646,136.54,69.73827,39.0201,92.4155,3.6725,92.81,0.0,0.0152481975784457,1,0.0,0.0,5.1200000000000045,90.45,86.53166666666668,0.015248197578445716,0.011827438788690508,0.0,0,88.49499999999998,-4.315000000000026
2024-04-08,91.73,87.24,120.7359,96.86,126.32673,38.8437,92.4155,3.6725,91.73,-0.0116366770822109,0.0171343407774861,0,-0.011636677082210944,-0.0051317139924734745,4.490000000000009,91.24428571428572,86.77966666666667,0.017134340777486122,0.012125831811531313,0.011636677082210944,0,88.18533333333332,-3.5446666666666857
2024-04-09,92.13,86.04,120.7048,127.5,171.76276,38.9882,92.581,3.6725,92.13,0.0043606235691702,0.0168313174119187,0,0.004360623569170219,-0.013755158184318939,6.089999999999989,91.88714285714286,87.04099999999998,0.016831317411918754,0.012116077584565194,0.004360623569170219,0,87.89,-4.239999999999995
2024-04-10,91.57,86.98,121.5727,134.32,208.52495,38.9945,92.7463,3.6725,91.57,-0.0060783675241506,0.0125384643904328,0,-0.006078367524150696,0.010925151092515017,4.589999999999989,92.0257142857143,87.312,0.012538464390432828,0.011987854214896065,0.006078367524150696,0,87.61733333333332,-3.9526666666666728
2024-04-11,91.49,85.79,121.6081,116.38,123.34029,39.0232,93.2198,3.6725,91.49,-0.0008736485748607,0.0124280788349498,0,-0.0008736485748607192,-0.01368130604736717,5.699999999999989,92.19285714285714,87.57300000000001,0.012428078834949813,0.012010378195495866,0.0008736485748607192,0,87.34733333333334,-4.142666666666656
2024-04-12,93.12,86.46,122.2885,164.38,161.32634,39.1676,93.7196,3.6725,93.12,0.0178161547710133,0.0091988521227426,0,0.017816154771013393,0.007809768038232745,6.660000000000011,92.23714285714286,87.87866666666667,0.009198852122742601,0.012309321128392274,0.017816154771013393,0,87.02299999999998,-6.097000000000023
2024-04-13,93.12,86.46,122.2885,83.15,130.11723,39.1676,93.4419,3.6725,93.12,0.0,0.0091988521227426,1,0.0,0.0,6.660000000000011,92.28142857142856,88.11066666666667,0.009198852122742601,0.011543050576135139,0.0,0,86.69166666666665,-6.428333333333356
2024-04-14,93.12,86.46,122.2885,351.28,137.64131,39.1676,93.4419,3.6725,93.12,0.0,0.0091988521227426,1,0.0,0.0,6.660000000000011,92.32571428571428,88.36833333333333,0.009198852122742601,0.011347193514351265,0.0,0,86.28766666666664,-6.8323333333333665
2024-04-15,90.84,86.21,122.425,148.0,230.79364,39.399,93.4419,3.6725,90.84,-0.0244845360824742,0.01265822308951,0,-0.02448453608247425,-0.002891510525098284,4.63000000000001,92.19857142857143,88.55,0.012658223089510043,0.012398823695940649,0.02448453608247425,1,85.92566666666663,-4.914333333333374
2024-04-16,91.29,86.15,123.1234,205.0,340.54434,39.5737,93.5891,3.6725,91.29,0.0049537648612945,0.0127045097218911,0,0.004953764861294507,-0.0006959749449018116,5.140000000000001,92.07857142857142,88.74666666666667,0.01270450972189119,0.012402349646073466,0.004953764861294507,0,85.60433333333332,-5.685666666666691
2024-04-17,89.54,83.58,123.0207,89.86,227.49628,39.5737,94.0742,3.6725,89.54,-0.0191696790448022,0.0143878292776383,0,-0.019169679044802268,-0.029831688914683796,5.960000000000008,91.78857142857144,88.84899999999999,0.014387829277638308,0.012839963737017842,0.019169679044802268,1,85.36099999999998,-4.1790000000000305
2024-04-18,88.34,83.5,123.0017,73.0,155.66577,39.5451,94.3242,3.6725,88.34,-0.0134018315836498,0.014835763523282,0,-0.013401831583649826,-0.0009571667863125244,4.840000000000003,91.33857142857144,88.88166666666667,0.014835763523282038,0.01299195020124636,0.013401831583649826,0,85.15766666666664,-3.1823333333333608
2024-04-19,87.96,83.79,123.1075,69.55,208.11943,39.6037,94.0922,3.6725,87.96,-0.0043015621462532,0.0110690003489367,0,-0.004301562146253213,0.0034730538922156384,4.1699999999999875,90.60142857142857,88.95466666666668,0.01106900034893673,0.012543911314153925,0.004301562146253213,0,84.96699999999997,-2.9930000000000234
2024-04-20,87.96,83.79,123.1075,105.0,134.36313,39.6037,93.4409,3.6725,87.96,0.0,0.0110690003489367,1,0.0,0.0,4.1699999999999875,89.86428571428573,89.05600000000001,0.01106900034893673,0.012378362964283051,0.0,0,84.7653333333333,-3.1946666666666914
2024-04-21,87.96,83.79,123.1075,129.65,70.48016,39.6037,93.4409,3.6725,87.96,0.0,0.0110690003489367,1,0.0,0.0,4.1699999999999875,89.12714285714287,89.159,0.01106900034893673,0.012375818855848023,0.0,0,84.54066666666662,-3.4193333333333698
2024-04-22,87.3,83.82,123.0609,63.52,162.91316,39.7879,93.4409,3.6725,87.3,-0.0075034106412005,0.008410395798188,0,-0.007503410641200525,0.00035803795202271615,3.480000000000004,88.62142857142858,89.24,0.00841039579818803,0.012477696249810885,0.007503410641200525,0,84.29399999999997,-3.0060000000000286
2024-04-23,88.29,84.17,122.7227,50.68,148.32393,39.7836,93.2519,3.6725,88.29,0.0113402061855671,0.0099547050008419,0,0.011340206185567192,0.004175614411835005,4.1200000000000045,88.19285714285714,89.354,0.009954705000841946,0.012616845862846298,0.011340206185567192,0,83.99266666666664,-4.29733333333337
2024-04-24,89.02,84.09,122.89,103.13,139.23227,39.586,93.2918,3.6725,89.02,0.0082682070449653,0.0086303707512093,0,0.008268207044965337,-0.0009504574076274475,4.929999999999993,88.11857142857141,89.44866666666667,0.008630370751209333,0.01240792985562247,0.008268207044965337,0,83.65599999999999,-5.364000000000004
2024-04-25,88.1,84.92,122.8384,228.77,172.40129,39.4716,92.5058,3.6725,88.1,-0.010334756234554,0.0079336829718138,0,-0.010334756234554043,0.00987037697704829,3.1799999999999926,88.0842857142857,89.52166666666668,0.007933682971813868,0.012562462845651386,0.010334756234554043,0,83.35,-4.75
2024-04-26,89.95,85.38,122.9471,71.47,150.83495,39.6702,92.1314,3.6725,89.95,0.0209988649262202,0.0110072887551354,0,0.020998864926220273,0.005416862929816135,4.570000000000007,88.36857142857143,89.68866666666666,0.011007288755135465,0.0128603300103934,0.020998864926220273,1,82.98233333333334,-6.967666666666659
2024-04-27,89.95,85.38,122.9471,53.88,154.32927,39.6702,92.0134,3.6725,89.95,0.0,0.0110072887551354,1,0.0,0.0,4.570000000000007,88.65285714285713,89.81466666666667,0.011007288755135465,0.01264536293985051,0.0,0,82.61466666666666,-7.335333333333338
2024-04-28,89.95,85.38,122.9471,105.58,106.32934,39.6702,91.7791,3.6725,89.95,0.0,0.0110072887551354,1,0.0,0.0,4.570000000000007,88.93714285714285,89.94066666666667,0.011007288755135465,0.01264536293985051,0.0,0,82.32766666666667,-7.62233333333333
2024-04-29,88.44,84.26,122.5449,80.35,191.10968,39.6015,91.7791,3.6725,88.44,-0.016787103946637,0.0129134968017399,0,-0.016787103946637072,-0.013117826188802861,4.179999999999993,89.10000000000001,90.01633333333334,0.012913496801739957,0.013078443180367775,0.016787103946637072,0,82.09633333333335,-6.34366666666665
2024-04-30,88.23,83.49,122.9853,111.88,167.80362,39.6688,91.7791,3.6725,88.23,-0.0023744911804612,0.0122716497109822,0,-0.002374491180461291,-0.009138381201044488,4.740000000000009,89.09142857142857,90.08500000000001,0.012271649710982229,0.01309156514723437,0.002374491180461291,0,81.86933333333334,-6.36066666666666
2024-05-01,83.55,80.7,123.0168,52.26,130.75925,39.5151,91.7791,3.6725,83.55,-0.0530431825909555,0.0227586889031089,0,-0.05304318259095553,-0.033417175709665736,2.8499999999999943,88.31000000000002,89.99766666666666,0.02275868890310898,0.016381646185006687,0.05304318259095553,1,81.73133333333334,-1.8186666666666582
2024-05-02,84.81,80.59,122.4384,80.5,137.77406,39.637,91.7791,3.6725,84.81,0.01508078994614,0.0244369077719588,0,0.015080789946140039,-0.0013630731102850513,4.219999999999999,87.84,89.90366666666665,0.024436907771958862,0.016315095365138057,0.015080789946140039,0,81.55133333333333,-3.25866666666667
2024-05-03,83.6,79.65,122.1375,55.72,110.41893,39.5345,92.0538,3.6725,83.6,-0.0142671854734112,0.0216175358912472,0,-0.014267185473411215,-0.011663978161062127,3.9499999999999886,86.93285714285715,89.67033333333332,0.021617535891247285,0.015090942909001077,0.014267185473411215,0,81.41166666666665,-2.188333333333347
2024-05-04,83.6,79.65,122.1375,43.53,86.4618,39.5345,91.6918,3.6725,83.6,0.0,0.0216175358912472,1,0.0,0.0,3.9499999999999886,86.0257142857143,89.44633333333334,0.021617535891247285,0.015097781140698428,0.0,0,81.17333333333332,-2.4266666666666765
2024-05-05,83.6,79.65,122.1375,165.5,68.83257,39.5345,91.6918,3.6725,83.6,0.0,0.0216175358912472,1,0.0,0.0,3.9499999999999886,85.11857142857141,89.13933333333333,0.021617535891247285,0.014006423991333682,0.0,0,80.89766666666665,-2.7023333333333426
2024-05-06,83.6,80.1,121.8913,76.56,93.61604,39.3969,91.6918,3.6725,83.6,0.0,0.0216958396589865,1,0.0,0.005649717514124131,3.5,84.42714285714285,88.83233333333332,0.021695839658986533,0.014006423991333682,0.0,0,80.62466666666666,-2.9753333333333387
2024-05-07,82.69,79.97,122.093,38.92,176.26508,39.3561,91.3124,3.6725,82.69,-0.0108851674641148,0.0215792400059791,0,-0.010885167464114831,-0.001622971285892616,2.719999999999999,83.63571428571427,88.49499999999999,0.02157924000597918,0.014056712236772207,0.010885167464114831,0,80.45566666666666,-2.234333333333339
2024-05-08,82.44,80.57,122.1926,35.93,163.58359,39.2966,91.1231,3.6725,82.44,-0.0030233401862377,0.0094349847378175,0,-0.003023340186237733,0.007502813555082977,1.8700000000000045,83.47714285714287,88.18533333333333,0.009434984737817512,0.013977688301716067,0.003023340186237733,0,80.31166666666667,-2.1283333333333303
2024-05-09,83.27,80.86,122.1634,51.54,145.39896,39.3828,91.8239,3.6725,83.27,0.0100679281901989,0.0080177056464124,0,0.010067928190198971,0.0035993545984858155,2.4099999999999966,83.25714285714285,87.89000000000001,0.008017705646412472,0.014125813826582474,0.010067928190198971,0,80.14,-3.1299999999999955
2024-05-10,83.39,79.81,122.014,103.08,185.27922,39.5518,91.8239,3.6725,83.39,0.0014410952323766,0.0061946870597156,0,0.0014410952323766768,-0.012985406876082073,3.5799999999999983,83.22714285714285,87.61733333333333,0.006194687059715617,0.014140908696884554,0.0014410952323766768,0,79.96433333333331,-3.425666666666686
2024-05-11,83.39,79.81,122.014,262.99,106.002174,39.5518,91.8239,3.6725,83.39,0.0,0.0061946870597156,1,0.0,0.0,3.5799999999999983,83.19714285714285,87.34733333333332,0.006194687059715617,0.01414637150591589,0.0,0,79.83766666666666,-3.552333333333337
2024-05-12,83.39,79.81,122.014,245.08,54.009254,39.5518,91.8239,3.6725,83.39,0.0,0.0061946870597156,1,0.0,0.0,3.5799999999999983,83.16714285714285,87.023,0.006194687059715617,0.013606598669280809,0.0,0,79.72966666666666,-3.660333333333341
2024-05-13,83.18,80.71,122.0261,36.94,177.10759,39.7206,91.8239,3.6725,83.18,-0.002518287564456,0.0062443873030637,0,-0.0025182875644560454,0.011276782358100368,2.470000000000013,83.10714285714286,86.69166666666666,0.006244387303063726,0.0135915052974828,0.0025182875644560454,0,79.641,-3.5390000000000015
2024-05-14,81.0,79.62,121.9256,135.19,154.67242,39.6196,91.633,3.6725,81.0,-0.0262082231305602,0.0111599428900358,0,-0.02620822313056026,-0.013505141865939652,1.3799999999999955,82.86571428571429,86.28766666666667,0.011159942890035881,0.014177473028908505,0.02620822313056026,1,79.65566666666668,-1.3443333333333243
2024-05-15,79.98,80.23,121.3543,96.41,129.21364,39.6799,91.3591,3.6725,79.98,-0.0125925925925924,0.0117493074911162,0,-0.012592592592592489,0.007661391610148227,-0.25,82.51428571428572,85.92566666666667,0.01174930749111625,0.013760675046338714,0.012592592592592489,0,79.70599999999999,-0.2740000000000151
2024-05-16,81.65,80.85,121.2236,55.17,124.90009,39.5771,91.2573,3.6725,81.65,0.0208802200550137,0.014365972782148,0,0.020880220055013776,0.007727782624953106,0.8000000000000114,82.28285714285714,85.60433333333334,0.014365972782148077,0.014415332595339536,0.020880220055013776,1,79.70066666666665,-1.9493333333333567
2024-05-17,82.24,81.66,121.2354,54.29,181.65694,39.4305,90.9239,3.6725,82.24,0.0072259644825474,0.0148045268854602,0,0.00722596448254742,0.010018552875695752,0.5799999999999983,82.11857142857143,85.361,0.014804526885460296,0.014237398222679252,0.00722596448254742,0,79.67566666666666,-2.5643333333333374
2024-05-18,82.24,81.66,121.2354,71.86,110.92312,39.4305,90.9873,3.6725,82.24,0.0,0.0148045268854602,1,0.0,0.0,0.5799999999999983,81.95428571428572,85.15766666666667,0.014804526885460296,0.014100640120478448,0.0,0,79.68266666666663,-2.5573333333333608
2024-05-19,82.24,81.66,121.2354,228.26,98.48174,39.4305,90.9873,3.6725,82.24,0.0,0.0148045268854602,1,0.0,0.0,0.5799999999999983,81.78999999999999,84.967,0.014804526885460296,0.014101292941780487,0.0,0,79.76766666666664,-2.472333333333353
2024-05-20,81.91,81.39,121.2289,92.53,135.07558,39.4272,90.9873,3.6725,81.91,-0.0040126459143968,0.0148258965775108,0,-0.004012645914396873,-0.0033063923585597843,0.519999999999996,81.60857142857142,84.76533333333333,0.01482589657751087,0.014099313615444309,0.004012645914396873,0,79.89199999999998,-2.018000000000015
2024-05-21,81.22,80.66,121.3793,62.26,165.28404,39.665,90.6537,3.6725,81.22,-0.0084238798681479,0.0110489969398931,0,-0.008423879868147965,-0.008969160830568867,0.5600000000000023,81.64,84.54066666666667,0.011048996939893124,0.014136280076689019,0.008423879868147965,0,80.04866666666665,-1.1713333333333509
2024-05-22,79.9,79.15,121.5462,55.15,140.0534,39.8052,90.4082,3.6725,79.9,-0.0162521546417138,0.0118275475788338,0,-0.016252154641713812,-0.018720555417803042,0.75,81.62857142857142,84.29400000000001,0.01182754757883386,0.014330771932964913,0.016252154641713812,0,80.266,0.36599999999999966
2024-05-23,79.25,77.47,121.7477,77.2,101.833,39.825,90.1887,3.6725,79.25,-0.0081351689612015,0.0075767552339292,0,-0.008135168961201589,-0.021225521162350103,1.7800000000000011,81.28571428571429,83.99266666666668,0.007576755233929261,0.014105259432627568,0.008135168961201589,0,80.50500000000001,1.2550000000000097
2024-05-24,78.92,78.48,121.6172,153.24,116.63971,39.9205,90.2486,3.6725,78.92,-0.0041640378548896,0.0056967067865912,0,-0.004164037854889613,0.01303730476313425,0.4399999999999977,80.81142857142856,83.656,0.005696706786591249,0.013929226438760047,0.004164037854889613,0,80.75500000000001,1.835000000000008
2024-05-25,78.92,78.48,121.6172,58.73,91.41827,39.9205,89.7026,3.6725,78.92,0.0,0.0056967067865912,1,0.0,0.0,0.4399999999999977,80.33714285714287,83.35,0.005696706786591249,0.013892625606535394,0.0,0,81.016,2.0960000000000036
2024-05-26,78.92,78.48,121.6172,40.78,121.3053,39.9205,89.7026,3.6725,78.92,0.0,0.0056967067865912,1,0.0,0.0,0.4399999999999977,79.86285714285714,82.98233333333333,0.005696706786591249,0.013119758802812865,0.0,0,81.27900000000001,2.359000000000009
2024-05-27,78.92,78.48,121.6172,52.47,145.4298,40.1153,89.7026,3.6725,78.92,0.0,0.0061006104370508,1,0.0,0.0,0.4399999999999977,79.4357142857143,82.61466666666666,0.006100610437050883,0.013119758802812865,0.0,0,81.50700000000002,2.5870000000000175
2024-05-28,81.34,80.9,121.43,56.95,143.45766,40.3012,88.6852,3.6725,81.34,0.0306639635073493,0.0146474900571473,0,0.030663963507349346,0.030835881753312977,0.4399999999999977,79.45285714285716,82.32766666666666,0.014647490057147331,0.014577141372611672,0.030663963507349346,1,81.69566666666668,0.35566666666667857
2024-05-29,81.5,80.24,122.1641,123.02,135.43718,40.3958,88.4375,3.6725,81.5,0.0019670518809933,0.0127057303483311,0,0.0019670518809933313,-0.008158220024721996,1.2600000000000051,79.68142857142857,82.09633333333333,0.01270573034833112,0.014377093006460373,0.0019670518809933313,0,81.88766666666669,0.38766666666668925
2024-05-30,81.42,78.96,121.9601,92.78,93.575356,40.4832,89.2589,3.6725,81.42,-0.0009815950920245,0.0119340535073635,0,-0.0009815950920245564,-0.015952143569292088,2.460000000000008,79.99142857142859,81.86933333333333,0.011934053507363587,0.014380159038251641,0.0009815950920245564,0,82.08233333333335,0.6623333333333505
2024-05-31,79.41,77.97,122.098,72.4,156.49927,40.5001,89.7869,3.6725,79.41,-0.024686809137804,0.0160604306884599,0,-0.024686809137804078,-0.012537993920972546,1.4399999999999977,80.06142857142858,81.73133333333334,0.01606043068845997,0.01161426087480448,0.024686809137804078,1,82.34400000000002,2.934000000000026
2024-06-01,79.41,77.97,122.098,87.64,121.1915,40.5001,90.1915,3.6725,79.41,0.0,0.0160604306884599,1,0.0,0.0,1.4399999999999977,80.13142857142857,81.55133333333333,0.01606043068845997,0.011184568094850595,0.0,0,82.5826666666667,3.1726666666667
2024-06-02,79.41,77.97,122.098,58.35,90.01543,40.5001,90.1915,3.6725,79.41,0.0,0.0160604306884599,1,0.0,0.0,1.4399999999999977,80.20142857142856,81.41166666666666,0.01606043068845997,0.010951598072965146,0.0,0,82.87833333333337,3.4683333333333763
2024-06-03,76.45,75.26,122.3509,191.95,111.11338,40.5373,90.1915,3.6725,76.45,-0.0372749024052385,0.0216514288665785,0,-0.037274902405238564,-0.03475695780428367,1.1899999999999977,79.84857142857143,81.17333333333333,0.021651428866578597,0.012727844313293114,0.037274902405238564,1,83.2716666666667,6.821666666666701
2024-06-04,75.33,74.27,122.7256,67.8,110.21482,40.4813,89.3755,3.6725,75.33,-0.0146500981033356,0.0152821560993014,0,-0.014650098103335618,-0.013154398086633101,1.0600000000000023,78.99,80.89766666666667,0.015282156099301464,0.01289283229185427,0.014650098103335618,0,83.70533333333336,8.375333333333359
2024-06-05,75.41,75.08,122.5339,35.32,119.320625,40.2938,88.7574,3.6725,75.41,0.001061993893535,0.0151594372287825,0,0.001061993893535007,0.01090615322472055,0.3299999999999983,78.12,80.62466666666667,0.015159437228782503,0.01290390136634743,0.001061993893535007,0,84.14700000000002,8.737000000000023
2024-06-06,77.62,76.52,122.3713,80.15,122.00986,40.1254,88.7436,3.6725,77.62,0.029306458029439,0.0214786172425818,0,0.029306458029439098,0.01917954182205639,1.1000000000000085,77.57714285714285,80.45566666666667,0.021478617242581842,0.01412338635834007,0.029306458029439098,1,84.51500000000001,6.89500000000001
2024-06-07,78.12,76.53,123.549,55.59,122.68769,40.1537,88.7604,3.6725,78.12,0.0064416387528987,0.020301467650816,0,0.006441638752898715,0.00013068478829070251,1.5900000000000034,77.39285714285714,80.31166666666667,0.020301467650816016,0.014205455589447111,0.006441638752898715,0,84.86633333333333,6.746333333333325
2024-06-08,78.12,76.53,123.549,102.97,66.66158,40.1537,88.7606,3.6725,78.12,0.0,0.020301467650816,1,0.0,0.0,1.5900000000000034,77.20857142857143,80.14,0.020301467650816016,0.014035897121361269,0.0,0,85.16733333333333,7.047333333333327
2024-06-09,78.12,76.53,123.549,82.89,92.954704,40.1537,88.7606,3.6725,78.12,0.0,0.020301467650816,1,0.0,0.0,1.5900000000000034,77.02428571428572,79.96433333333334,0.020301467650816016,0.01402606914108548,0.0,0,85.44599999999998,7.325999999999979
2024-06-10,79.59,78.75,123.9125,92.67,107.28964,40.2485,88.7606,3.6725,79.59,0.0188172043010752,0.0143197286178974,0,0.018817204301075252,0.029008232065856454,0.8400000000000034,77.47285714285714,79.83766666666666,0.014319728617897494,0.014533780939315432,0.018817204301075252,1,85.67800000000001,6.088000000000008
2024-06-11,80.15,78.88,124.0349,59.32,121.78558,40.4246,88.9944,3.6725,80.15,0.0070360598065084,0.0111364848006505,0,0.0070360598065084545,0.0016507936507936805,1.2700000000000102,78.16142857142857,79.72966666666666,0.011136484800650544,0.014614553692889526,0.0070360598065084545,0,85.88933333333331,5.739333333333306
2024-06-12,80.52,79.56,123.8295,100.25,117.675575,40.5178,89.0214,3.6725,80.52,0.0046163443543354,0.0107925078842337,0,0.004616344354335444,0.008620689655172598,0.9599999999999937,78.89142857142858,79.641,0.010792507884233757,0.01465064805986417,0.004616344354335444,0,86.11699999999999,5.596999999999994
2024-06-13,81.44,79.61,124.0235,94.21,133.47343,40.4441,89.0214,3.6725,81.44,0.0114257327372082,0.0066227576106234,0,0.01142573273720826,0.0006284565108094498,1.8299999999999983,79.43714285714286,79.65566666666668,0.0066227576106234615,0.01401322571611675,0.01142573273720826,0,86.314,4.873999999999995
2024-06-14,81.49,79.41,124.1694,88.92,90.13789,40.6908,88.208,3.6725,81.49,0.0006139489194498,0.0070436699379285,0,0.0006139489194498804,-0.0025122472051249956,2.0799999999999983,79.91857142857144,79.70599999999999,0.007043669937928584,0.013800867086328461,0.0006139489194498804,0,86.50933333333333,5.019333333333336
2024-06-15,81.49,79.41,124.1694,62.45,109.895615,40.6908,89.0658,3.6725,81.49,0.0,0.0070436699379285,1,0.0,0.0,2.0799999999999983,80.39999999999999,79.70066666666666,0.007043669937928584,0.01326498057346096,0.0,0,86.67366666666665,5.183666666666653
2024-06-16,81.49,79.41,124.1694,48.63,102.35462,40.6908,89.0658,3.6725,81.49,0.0,0.0070436699379285,1,0.0,0.0,2.0799999999999983,80.88142857142857,79.67566666666667,0.007043669937928584,0.01319503981217428,0.0,0,86.844,5.353999999999999
2024-06-17,82.45,81.33,124.239,64.98,120.94568,40.649,89.0658,3.6725,82.45,0.0117805865750399,0.0051763026340515,0,0.011780586575039997,0.0241783150736683,1.1200000000000045,81.28999999999999,79.68266666666666,0.005176302634051512,0.013375900952640943,0.011780586575039997,0,86.95433333333334,4.504333333333335
2024-06-18,84.79,82.67,123.9776,72.11,142.94383,40.6485,89.0499,3.6725,84.79,0.0283808368708309,0.0102900794196007,0,0.028380836870830928,0.016476085085454395,2.1200000000000045,81.95285714285714,79.76766666666667,0.010290079419600797,0.014332752940073409,0.028380836870830928,1,87.00333333333333,2.213333333333324
2024-06-19,85.64,82.67,123.9776,52.65,114.88674,40.5493,87.0354,3.6725,85.64,0.0100247670715885,0.0101859631237322,1,0.010024767071588503,0.0,2.969999999999999,82.6842857142857,79.892,0.010185963123732253,0.014388517855509268,0.010024767071588503,0,86.98833333333336,1.3483333333333576
2024-06-20,85.92,83.34,124.192,89.94,177.00743,40.5381,82.6282,3.6725,85.92,0.0032695002335356,0.0103131799122935,0,0.0032695002335356715,0.008104511914842183,2.5799999999999983,83.32428571428571,80.04866666666666,0.010313179912293573,0.014265876790408452,0.0032695002335356715,0,86.96400000000001,1.0440000000000111
2024-06-21,86.42,81.71,124.1086,76.15,128.30368,40.5184,85.4176,3.6725,86.42,0.0058193668528863,0.0098942031093943,0,0.00581936685288631,-0.019558435325174095,4.710000000000008,84.02857142857144,80.266,0.009894203109394345,0.013856701239245928,0.00581936685288631,0,86.92300000000002,0.5030000000000143
2024-06-22,86.42,81.71,124.1086,109.47,64.95231,40.5184,87.9595,3.6725,86.42,0.0,0.0098942031093943,1,0.0,0.0,4.710000000000008,84.73285714285714,80.50500000000001,0.009894203109394345,0.013716010621502727,0.0,0,86.8236666666667,0.4036666666666946
2024-06-23,86.42,81.71,124.1086,197.14,85.15598,40.5184,87.9595,3.6725,86.42,0.0,0.0098942031093943,1,0.0,0.0,4.710000000000008,85.43714285714285,80.75499999999998,0.009894203109394345,0.013662162376238518,0.0,0,86.683,0.26300000000000523
2024-06-24,86.75,82.63,123.7125,99.49,212.60785,40.4478,87.9595,3.6725,86.75,0.0038185605183984,0.009907549136148,0,0.0038185605183984617,0.01125933178313554,4.1200000000000045,86.05142857142856,81.01599999999999,0.009907549136148032,0.013649864372549973,0.0038185605183984617,0,86.55833333333334,-0.19166666666666288
2024-06-25,86.81,81.97,123.9417,49.78,109.9876,40.5505,87.373,3.6725,86.81,0.0006916426512968,0.0036602336906224,0,0.0006916426512968421,-0.007987413772237661,4.840000000000003,86.34,81.27900000000001,0.003660233690622425,0.013644771827260063,0.0006916426512968421,0,86.41733333333333,-0.3926666666666705
2024-06-26,85.76,82.19,124.26,66.89,128.58397,40.6545,87.277,3.6725,85.76,-0.0120953807165072,0.0058536265008001,0,-0.012095380716507287,0.00268390874710267,3.5700000000000074,86.35714285714286,81.507,0.005853626500800196,0.0139206787828786,0.012095380716507287,0,86.27033333333334,0.5103333333333353
2024-06-27,87.0,83.04,124.3379,88.91,120.676414,40.5138,87.8064,3.6725,87.0,0.0144589552238805,0.0079714894643249,0,0.01445895522388052,0.010341890740966253,3.9599999999999937,86.51142857142858,81.69566666666667,0.007971489464324919,0.013094829599476226,0.01445895522388052,0,86.08199999999998,-0.9180000000000206
2024-06-28,87.26,82.83,124.2103,56.38,121.46081,40.5374,84.964,3.6725,87.26,0.0029885057471263,0.0078044390538448,0,0.002988505747126391,-0.0025289017341041387,4.430000000000007,86.63142857142857,81.88766666666668,0.007804439053844894,0.01309518651158778,0.002988505747126391,0,85.88499999999999,-1.3750000000000142
2024-06-29,87.26,82.83,124.2103,134.0,42.536983,40.5374,85.748,3.6725,87.26,0.0,0.0078044390538448,1,0.0,0.0,4.430000000000007,86.75142857142858,82.08233333333332,0.007804439053844894,0.01308776799888395,0.0,0,85.67433333333332,-1.5856666666666825
2024-06-30,87.26,82.83,124.2103,130.99,46.920223,40.5374,85.748,3.6725,87.26,0.0,0.0078044390538448,1,0.0,0.0,4.430000000000007,86.87142857142855,82.34400000000001,0.007804439053844894,0.01206220351960792,0.0,0,85.40766666666667,-1.852333333333334
2024-07-01,86.57,84.7,124.4667,244.08,71.44754,40.4542,85.748,3.6725,86.57,-0.0079074031629613,0.0084340578952504,0,-0.007907403162961346,0.02257636122177953,1.8699999999999903,86.84571428571428,82.58266666666667,0.008434057895250419,0.012220300142893903,0.007907403162961346,0,85.23499999999999,-1.335000000000008
2024-07-02,88.28,84.09,124.2917,41.45,79.599594,40.6413,87.2972,3.6725,88.28,0.0197528012013401,0.0113632485221973,0,0.019752801201340153,-0.007201889020070795,4.189999999999998,87.05571428571429,82.87833333333333,0.011363248522197342,0.012582415862920764,0.019752801201340153,1,85.00466666666667,-3.275333333333336
2024-07-03,88.25,85.19,123.7768,58.82,107.82317,40.7476,87.9921,3.6725,88.25,-0.0003398278205709,0.0095834424369144,0,-0.0003398278205709593,0.01308122249970256,3.0600000000000023,87.41142857142857,83.27166666666668,0.009583442436914474,0.009981985767789157,0.0003398278205709593,0,84.67466666666665,-3.5753333333333472
2024-07-04,88.34,85.19,123.7768,33.75,90.279625,40.7599,87.9506,3.6725,88.34,0.0010198300283286,0.0084498899700438,1,0.0010198300283286166,0.0,3.1500000000000057,87.60285714285715,83.70533333333334,0.008449889970043858,0.009314410114650378,0.0010198300283286166,0,84.34166666666667,-3.998333333333335
2024-07-05,88.66,84.44,123.4762,778.95,73.1127,40.5458,88.1205,3.6725,88.66,0.0036223681231604,0.008462930999981,0,0.0036223681231604132,-0.00880385021716168,4.219999999999999,87.80285714285715,84.14699999999999,0.008462930999981074,0.00928529750301375,0.0036223681231604132,0,83.99799999999999,-4.662000000000006
2024-07-06,88.66,84.44,123.4762,307.38,87.63406,40.5458,88.1348,3.6725,88.66,0.0,0.008462930999981,1,0.0,0.0,4.219999999999999,88.00285714285714,84.515,0.008462930999981074,0.008162808277916784,0.0,0,83.62633333333332,-5.033666666666676
2024-07-07,88.66,84.44,123.4762,104.43,94.915985,40.5458,88.1348,3.6725,88.66,0.0,0.008462930999981,1,0.0,0.0,4.219999999999999,88.20285714285716,84.86633333333334,0.008462930999981074,0.008193943378766232,0.0,0,83.225,-5.435000000000002
2024-07-08,87.15,83.63,123.3576,109.45,89.18452,40.542,88.1348,3.6725,87.15,-0.017031355741033,0.0107041238791522,0,-0.017031355741033094,-0.009592610137375668,3.5200000000000102,88.28571428571429,85.16733333333333,0.010704123879152252,0.009045058667190471,0.017031355741033094,0,82.92866666666667,-4.221333333333334
2024-07-09,86.48,82.78,123.4071,85.73,90.050385,40.7,88.1688,3.6725,86.48,-0.0076878944348823,0.0071168582911241,0,-0.007687894434882381,-0.01016381681214873,3.700000000000003,88.02857142857144,85.44599999999998,0.007116858291124133,0.009259630721448687,0.007687894434882381,0,82.73800000000001,-3.7419999999999902
2024-07-10,86.55,83.39,123.1895,182.9,124.66653,40.7662,88.0031,3.6725,86.55,0.0008094357076779,0.0071989947841708,0,0.0008094357076779968,0.007368929693162496,3.1599999999999966,87.78571428571429,85.67800000000001,0.007198994784170877,0.008800439484387551,0.0008094357076779968,0,82.55533333333337,-3.9946666666666317
2024-07-11,86.49,83.92,122.769,29.57,127.85349,40.7146,87.8551,3.6725,86.49,-0.0006932409012131,0.0070774753312914,0,-0.0006932409012131435,0.006355678138865617,2.569999999999993,87.52142857142857,85.88933333333333,0.007077475331291456,0.00878635590360299,0.0006932409012131435,0,82.37466666666668,-4.115333333333311
2024-07-12,87.35,83.49,122.4404,109.49,86.32098,40.8823,87.988,3.6725,87.35,0.0099433460515665,0.0083514039537473,0,0.009943346051566548,-0.005123927550047758,3.8599999999999994,87.33428571428571,86.117,0.008351403953747396,0.008882275473908291,0.009943346051566548,0,82.16533333333336,-5.1846666666666295
2024-07-13,87.35,83.49,122.4404,275.41,31.74985,40.8823,87.7427,3.6725,87.35,0.0,0.0083514039537473,1,0.0,0.0,3.8599999999999994,87.14714285714287,86.31400000000001,0.008351403953747396,0.00874153391036739,0.0,0,82.02233333333336,-5.32766666666663
2024-07-14,87.35,83.49,122.4404,182.93,45.007713,40.8823,87.7427,3.6725,87.35,0.0,0.0083514039537473,1,0.0,0.0,3.8599999999999994,86.96,86.50933333333334,0.008351403953747396,0.008746515289908418,0.0,0,81.86100000000002,-5.488999999999976
2024-07-15,86.42,83.22,122.6347,99.68,67.880486,41.0434,87.7427,3.6725,86.42,-0.0106468231253576,0.0066166685146417,0,-0.010646823125357696,-0.0032339202299676018,3.200000000000003,86.85571428571428,86.67366666666666,0.006616668514641705,0.009055860715915165,0.010646823125357696,0,81.71866666666668,-4.701333333333324
2024-07-16,86.6,81.92,122.7264,96.85,68.23641,41.0107,87.8077,3.6725,86.6,0.0020828511918535,0.0060191289405699,0,0.0020828511918535852,-0.015621244893054498,4.679999999999993,86.87285714285713,86.84400000000001,0.0060191289405699434,0.009047985136654425,0.0020828511918535852,0,81.60166666666667,-4.998333333333321
2024-07-17,85.76,84.16,122.518,129.38,105.25916,41.2575,88.2824,3.6725,85.76,-0.0096997690531176,0.0070654420287469,0,-0.009699769053117646,0.02734375,1.6000000000000085,86.76,86.95433333333334,0.007065442028746928,0.009102692975574585,0.009699769053117646,0,81.46166666666667,-4.298333333333332
2024-07-18,86.26,84.17,122.7909,376.84,133.52,41.4627,88.0872,3.6725,86.26,0.0058302238805969,0.0075691745737159,0,0.005830223880596952,0.00011882129277562825,2.0900000000000034,86.72714285714287,87.00333333333333,0.007569174573715934,0.007601017863689179,0.005830223880596952,0,81.305,-4.954999999999998
2024-07-19,85.19,81.43,123.147,88.76,143.77463,41.422,87.8754,3.6725,85.19,-0.0124043589149085,0.0072054009982594,0,-0.012404358914908542,-0.03255316621123905,3.759999999999991,86.41857142857143,86.98833333333333,0.007205400998259424,0.0077438574316912945,0.012404358914908542,0,81.184,-4.006
2024-07-20,85.19,81.43,123.147,87.09,79.501625,41.422,88.0206,3.6725,85.19,0.0,0.0072054009982594,1,0.0,0.0,3.759999999999991,86.11,86.964,0.007205400998259424,0.007717083141513266,0.0,0,81.04733333333334,-4.142666666666656
2024-07-21,85.19,81.43,123.147,190.99,81.29,41.422,88.0206,3.6725,85.19,0.0,0.0072054009982594,1,0.0,0.0,3.759999999999991,85.80142857142857,86.923,0.007205400998259424,0.007631782465119456,0.0,0,80.836,-4.353999999999999
2024-07-22,83.44,81.25,123.2172,78.76,130.03882,41.4912,88.0206,3.6725,83.44,-0.0205423171733771,0.0094509819383105,0,-0.020542317173377178,-0.0022104875353065045,2.1899999999999977,85.37571428571428,86.82366666666667,0.009450981938310512,0.008466014328723714,0.020542317173377178,1,80.68033333333332,-2.759666666666675
2024-07-23,82.2,78.24,123.3843,141.71,36.468636,41.3369,87.7805,3.6725,82.2,-0.0148609779482261,0.009515565389723,0,-0.014860977948226162,-0.03704615384615395,3.960000000000008,84.74714285714286,86.68299999999999,0.009515565389723047,0.008824537002204027,0.014860977948226162,0,80.56700000000001,-1.6329999999999956
2024-07-24,83.01,78.78,123.5575,79.17,78.87066,41.2316,87.299,3.6725,83.01,0.0098540145985401,0.0114045344323725,0,0.009854014598540184,0.006901840490797673,4.230000000000004,84.35428571428572,86.55833333333334,0.011404534432372592,0.009019670098006267,0.009854014598540184,0,80.47800000000001,-2.5319999999999965
2024-07-25,82.58,79.43,123.5286,39.71,91.539,41.2174,86.5502,3.6725,82.58,-0.0051800987832791,0.0104470899120556,0,-0.005180098783279186,0.008250825082508406,3.1499999999999915,83.82857142857144,86.41733333333333,0.010447089912055642,0.00903577012089181,0.005180098783279186,0,80.40333333333335,-2.176666666666648
2024-07-26,81.35,78.58,123.672,68.12,95.771515,41.1977,85.41,3.6725,81.35,-0.0148946476144344,0.0107335647045832,0,-0.014894647614434486,-0.010701246380460883,2.769999999999996,83.27999999999999,86.27033333333334,0.010733564704583207,0.009161212948914041,0.014894647614434486,0,80.36966666666669,-0.9803333333333057
2024-07-27,81.35,78.58,123.672,78.03,81.6478,41.1977,85.565,3.6725,81.35,0.0,0.0107335647045832,1,0.0,0.0,2.769999999999996,82.73142857142857,86.08200000000001,0.010733564704583207,0.00864672334769346,0.0,0,80.33600000000003,-1.0139999999999674
2024-07-28,81.35,78.58,123.672,174.08,105.16089,41.1977,85.565,3.6725,81.35,0.0,0.0107335647045832,1,0.0,0.0,2.769999999999996,82.18285714285715,85.88499999999999,0.010733564704583207,0.008601991627022874,0.0,0,80.34133333333335,-1.0086666666666417
2024-07-29,80.94,77.27,124.1392,66.23,124.38495,41.098,85.565,3.6725,80.94,-0.0050399508297479,0.0087789423871901,0,-0.005039950829747952,-0.016670908628149683,3.6700000000000017,81.82571428571428,85.67433333333334,0.008778942387190148,0.008604756010541312,0.005039950829747952,0,80.31133333333335,-0.6286666666666463
2024-07-30,79.26,76.17,124.2855,73.45,107.0729,41.0478,86.5554,3.6725,79.26,-0.0207561156412156,0.0101381072846222,0,-0.0207561156412156,-0.014235796557525493,3.0900000000000034,81.40571428571427,85.40766666666667,0.010138107284622257,0.009212534228645455,0.0207561156412156,1,80.38766666666669,1.1276666666666841
2024-07-31,81.39,79.36,123.6373,53.04,112.86431,41.0291,86.33,3.6725,81.39,0.0268735806207418,0.0151411928333163,0,0.026873580620741855,0.04188000525141122,2.030000000000001,81.17428571428572,85.235,0.015141192833316304,0.01066793016211316,0.026873580620741855,1,80.348,-1.0420000000000016
2024-08-01,81.37,77.74,123.8693,60.98,133.19765,41.0063,86.1091,3.6725,81.37,-0.0002457304337141,0.0151220901725215,0,-0.00024573043371411973,-0.02041330645161299,3.6300000000000097,81.00142857142858,85.00466666666667,0.015122090172521559,0.009855706860473856,0.00024573043371411973,0,80.30899999999998,-1.0610000000000213
2024-08-02,78.35,74.99,123.4681,97.69,191.21782,41.139,85.7833,3.6725,78.35,-0.037114415632297,0.0198657396355556,0,-0.037114415632297004,-0.03537432467198354,3.3599999999999994,80.57285714285715,84.67466666666665,0.019865739635555685,0.011675347947703274,0.037114415632297004,1,80.37066666666666,2.0206666666666706
2024-08-03,78.35,74.99,123.4681,61.69,92.1758,41.139,85.7024,3.6725,78.35,0.0,0.0198657396355556,1,0.0,0.0,3.3599999999999994,80.14428571428572,84.34166666666667,0.019865739635555685,0.011662030230065198,0.0,0,80.353,2.003
2024-08-04,78.35,74.99,123.4681,89.47,76.24836,41.139,85.7024,3.6725,78.35,0.0,0.0198657396355556,1,0.0,0.0,3.3599999999999994,79.71571428571428,83.998,0.019865739635555685,0.01159976709058893,0.0,0,80.28999999999999,1.9399999999999977
2024-08-05,77.51,74.46,123.5787,150.14,186.99979,41.225,85.7024,3.6725,77.51,-0.0107211231652838,0.0199746612270237,0,-0.010721123165283841,-0.007067609014535292,3.0500000000000114,79.22571428571428,83.62633333333333,0.01997466122702373,0.01163588638801539,0.010721123165283841,0,80.19533333333334,2.6853333333333325
2024-08-06,76.62,74.6,123.6532,207.85,131.5008,41.1966,84.9471,3.6725,76.62,-0.0114823893691137,0.019121777662178,0,-0.011482389369113721,0.0018802041364491817,2.0200000000000102,78.84857142857143,83.225,0.019121777662178017,0.011674805083247069,0.011482389369113721,0,80.12366666666667,3.5036666666666605
2024-08-07,78.26,76.68,123.5698,53.33,172.72234,41.0381,85.1646,3.6725,78.26,0.0214043330723048,0.017675096851749,0,0.021404333072304826,0.02788203753351226,1.5799999999999983,78.40142857142858,82.92866666666667,0.017675096851749058,0.012372861939768057,0.021404333072304826,1,79.94233333333334,1.6823333333333323
2024-08-08,80.76,77.64,123.4466,18.65,174.67401,40.9847,85.9543,3.6725,80.76,0.0319447993866599,0.0227222129725833,0,0.03194479938665995,0.012519561815336422,3.1200000000000045,78.31428571428572,82.73800000000001,0.022722212972583353,0.013928927101249346,0.03194479938665995,1,79.67766666666667,-1.082333333333338
2024-08-09,81.07,78.28,122.9276,122.7,151.33559,40.9926,86.5621,3.6725,81.07,0.0038385339276867,0.0161518636592046,0,0.003838533927686738,0.008243173621844457,2.789999999999992,78.70285714285714,82.55533333333332,0.016151863659204645,0.01396231827612511,0.003838533927686738,0,79.40266666666668,-1.6673333333333176
2024-08-10,81.07,78.28,122.9276,81.78,122.04196,40.9926,87.992,3.6725,81.07,0.0,0.0161518636592046,1,0.0,0.0,2.789999999999992,79.09142857142857,82.37466666666667,0.016151863659204645,0.01396527219132568,0.0,0,79.11266666666667,-1.9573333333333238
2024-08-11,81.07,78.28,122.9276,223.61,61.834595,40.9926,87.992,3.6725,81.07,0.0,0.0161518636592046,1,0.0,0.0,2.789999999999992,79.48,82.16533333333332,0.016151863659204645,0.013787415944287913,0.0,0,78.75500000000002,-2.3149999999999693
2024-08-12,83.06,81.45,123.2204,76.44,118.30599,41.119,87.992,3.6725,83.06,0.0245466880473665,0.0159305095847237,0,0.024546688047366594,0.04049565661727139,1.6099999999999994,80.27285714285713,82.02233333333334,0.015930509584723744,0.014636491387877976,0.024546688047366594,1,78.33,-4.730000000000004
2024-08-13,82.51,79.81,123.0146,88.36,151.60493,41.283,89.9475,3.6725,82.51,-0.0066217192391042,0.0149094502041461,0,-0.006621719239104262,-0.020135052179251045,2.700000000000003,81.11428571428571,81.861,0.014909450204146175,0.01466184672217659,0.006621719239104262,0,78.03999999999999,-4.470000000000013
2024-08-14,82.15,78.47,122.4297,120.48,175.76889,41.3464,92.6592,3.6725,82.15,-0.0043631075021209,0.0150154285651547,0,-0.004363107502120989,-0.01678987595539405,3.680000000000007,81.67,81.71866666666666,0.015015428565154702,0.014575653830359726,0.004363107502120989,0,77.75766666666667,-4.39233333333334
2024-08-15,83.09,79.66,122.5844,221.13,139.61014,41.3262,90.0055,3.6725,83.09,0.0114424832623249,0.0107412290791287,0,0.011442483262324998,0.015165031222122982,3.430000000000007,82.00285714285714,81.60166666666667,0.010741229079128795,0.014755926931798478,0.011442483262324998,0,77.44399999999999,-5.646000000000015
2024-08-16,81.56,78.05,122.3972,194.96,118.943184,41.1382,88.796,3.6725,81.56,-0.0184137682031532,0.013718697399004,0,-0.018413768203153213,-0.020210896309314608,3.510000000000005,82.07285714285715,81.46166666666666,0.013718697399004068,0.015011084618652323,0.018413768203153213,1,77.18133333333331,-4.378666666666689
2024-08-17,81.56,78.05,122.3972,142.54,137.03067,41.1382,88.9062,3.6725,81.56,0.0,0.013718697399004,1,0.0,0.0,3.510000000000005,82.14285714285714,81.305,0.013718697399004068,0.014949675463063538,0.0,0,76.92799999999998,-4.632000000000019
2024-08-18,81.56,78.05,122.3972,300.83,75.07236,41.1382,88.9062,3.6725,81.56,0.0,0.013718697399004,1,0.0,0.0,3.510000000000005,82.21285714285715,81.184,0.013718697399004068,0.01481600334161655,0.0,0,76.69433333333333,-4.8656666666666695
2024-08-19,81.09,75.82,121.8788,88.54,136.52664,41.211,88.9062,3.6725,81.09,-0.0057626287395782,0.0089974132136689,0,-0.005762628739578224,-0.02857142857142858,5.27000000000001,81.93142857142858,81.04733333333334,0.008997413213668915,0.014835315655250305,0.005762628739578224,0,76.47533333333334,-4.614666666666665
2024-08-20,78.85,75.27,121.7728,54.32,151.4693,41.3027,89.5428,3.6725,78.85,-0.0276236280675793,0.0129073719079574,0,-0.027623628067579342,-0.007254022685307282,3.5799999999999983,81.40857142857143,80.836,0.012907371907957486,0.015575460215267014,0.027623628067579342,1,76.378,-2.471999999999994
2024-08-21,78.77,72.76,121.8535,116.81,140.6882,41.3459,90.6944,3.6725,78.77,-0.001014584654407,0.0130561450892733,0,-0.0010145846544070691,-0.03334661883884671,6.009999999999991,80.92571428571429,80.68033333333332,0.013056145089273394,0.015197045209227864,0.0010145846544070691,0,76.28433333333334,-2.48566666666666
2024-08-22,78.8,73.72,122.3626,87.14,184.37297,41.2975,91.6862,3.6725,78.8,0.0003808556557065,0.0111337106200707,0,0.0003808556557065579,0.01319406267179768,5.079999999999998,80.31285714285714,80.567,0.011133710620070703,0.014999048287574354,0.0003808556557065579,0,76.18966666666667,-2.6103333333333296
2024-08-23,80.34,75.82,121.4597,69.6,143.76424,41.2881,91.2881,3.6725,80.34,0.019543147208122,0.0138410134317977,0,0.019543147208122003,0.0284861638632663,4.52000000000001,80.13857142857144,80.47800000000001,0.013841013431797779,0.015347732935678138,0.019543147208122003,1,76.04366666666667,-4.296333333333337
2024-08-24,80.34,75.82,121.4597,30.03,87.316444,41.2881,91.6012,3.6725,80.34,0.0,0.0138410134317977,1,0.0,0.0,4.52000000000001,79.96428571428571,80.40333333333334,0.013841013431797779,0.01532792232315138,0.0,0,75.86399999999999,-4.476000000000013
2024-08-25,80.34,75.82,121.4597,100.22,110.7265,41.2881,91.6012,3.6725,80.34,0.0,0.0138410134317977,1,0.0,0.0,4.52000000000001,79.78999999999999,80.36966666666667,0.013841013431797779,0.01509518717655582,0.0,0,75.69566666666667,-4.644333333333336
2024-08-26,80.34,78.4,121.6943,63.73,176.03017,41.2236,91.6012,3.6725,80.34,0.0,0.0137557603438809,1,0.0,0.034027960960169024,1.9399999999999977,79.68285714285715,80.336,0.013755760343880938,0.01509518717655582,0.0,0,75.531,-4.8089999999999975
2024-08-27,81.51,76.5,121.8672,35.71,174.34567,41.3591,91.7745,3.6725,81.51,0.0145631067961164,0.0085160099610586,0,0.014563106796116498,-0.02423469387755106,5.010000000000005,80.06285714285715,80.34133333333334,0.00851600996105864,0.015337588978791146,0.014563106796116498,0,75.24933333333335,-6.260666666666651
2024-08-28,80.04,75.49,121.8943,64.09,156.1918,41.3008,91.4807,3.6725,80.04,-0.0180345969819654,0.0121156999467452,0,-0.01803459698196541,-0.013202614379084987,4.550000000000011,80.24428571428572,80.31133333333334,0.01211569994674529,0.01566996210164058,0.01803459698196541,1,74.96900000000001,-5.070999999999998
2024-08-29,81.55,76.9,122.2333,92.28,132.5027,41.2508,91.4449,3.6725,81.55,0.0188655672163917,0.0135450002565153,0,0.018865567216391765,0.01867797059213161,4.6499999999999915,80.63714285714286,80.38766666666666,0.013545000256515321,0.015551655500082548,0.018865567216391765,1,74.63833333333335,-6.9116666666666475
2024-08-30,80.2,74.52,122.3262,60.89,166.55368,41.1901,91.4548,3.6725,80.2,-0.0165542611894542,0.0139468734140791,0,-0.016554261189454245,-0.030949284785435793,5.680000000000007,80.61714285714287,80.348,0.01394687341407911,0.015080720386815977,0.016554261189454245,0,74.35266666666668,-5.847333333333324
2024-08-31,80.2,74.52,122.3262,66.18,124.5752,41.1901,91.1868,3.6725,80.2,0.0,0.0139468734140791,1,0.0,0.0,5.680000000000007,80.59714285714287,80.309,0.01394687341407911,0.015080862982563075,0.0,0,74.091,-6.109000000000009
2024-09-01,80.2,74.52,122.3262,137.9,113.66654,41.1901,91.1868,3.6725,80.2,0.0,0.0139468734140791,1,0.0,0.0,5.680000000000007,80.57714285714287,80.37066666666668,0.01394687341407911,0.013390422521957905,0.0,0,73.92766666666668,-6.2723333333333215
2024-09-02,77.82,74.52,122.3262,601.26,145.5133,41.0592,91.1868,3.6725,77.82,-0.0296758104738156,0.0178517074216261,1,-0.029675810473815623,0.0,3.299999999999997,80.21714285714286,80.353,0.01785170742162613,0.014506137202899614,0.029675810473815623,1,73.82900000000001,-3.9909999999999854
2024-09-03,76.46,71.28,122.7811,70.88,171.22617,41.0976,90.0013,3.6725,76.46,-0.0174762271909534,0.0162096369831664,0,-0.01747622719095343,-0.04347826086956519,5.179999999999993,79.49571428571429,80.28999999999999,0.01620963698316641,0.01484784343298057,0.01747622719095343,0,73.86600000000001,-2.59399999999998
2024-09-04,74.67,70.11,122.5144,92.74,180.32123,41.264,88.6118,3.6725,74.67,-0.0234109338216059,0.0168257108793697,0,-0.023410933821605973,-0.016414141414141437,4.560000000000002,78.72857142857143,80.19533333333334,0.01682571087936971,0.015316330881854415,0.023410933821605973,1,74.021,-0.6490000000000009
2024-09-05,74.47,70.09,122.4533,54.83,141.9672,41.2766,88.9288,3.6725,74.47,-0.0026784518548279,0.0119962962342674,0,-0.0026784518548279568,-0.0002852660105547855,4.3799999999999955,77.71714285714286,80.12366666666665,0.011996296234267467,0.015195001767619749,0.0026784518548279568,0,74.18266666666666,-0.2873333333333363
2024-09-06,72.82,68.58,122.4991,103.01,100.380844,41.089,89.7044,3.6725,72.82,-0.0221565731166913,0.0124640870710975,0,-0.02215657311669139,-0.021543729490654973,4.239999999999995,76.66285714285713,79.94233333333334,0.012464087071097526,0.015077247396200689,0.02215657311669139,1,74.39933333333333,1.579333333333338
2024-09-07,72.82,68.58,122.4991,57.59,90.47984,41.089,89.8225,3.6725,72.82,0.0,0.0124640870710975,1,0.0,0.0,4.239999999999995,75.60857142857142,79.67766666666667,0.012464087071097526,0.013635233319840378,0.0,0,74.69666666666666,1.8766666666666652
2024-09-08,72.82,68.58,122.4991,136.16,122.36398,41.089,89.8225,3.6725,72.82,0.0,0.0124640870710975,1,0.0,0.0,4.239999999999995,74.55428571428571,79.40266666666666,0.012464087071097526,0.01358332811255802,0.0,0,74.87566666666665,2.055666666666653
2024-09-09,72.37,69.65,122.7156,55.57,146.75932,41.0168,89.8225,3.6725,72.37,-0.0061796209832462,0.0104180376936362,0,-0.0061796209832462035,0.015602216389618118,2.719999999999999,73.77571428571427,79.11266666666667,0.010418037693636228,0.013575565773516683,0.0061796209832462035,0,75.03199999999998,2.6619999999999777
2024-09-10,70.34,66.73,123.0071,117.97,97.60789,41.0948,90.3853,3.6725,70.34,-0.0280502970844273,0.0122434584315029,0,-0.0280502970844273,-0.04192390524048817,3.6099999999999994,72.90142857142857,78.75500000000001,0.01224345843150298,0.014261482085153198,0.0280502970844273,1,75.33566666666665,4.995666666666651
2024-09-11,70.31,68.25,122.7754,38.01,212.90605,41.14,91.1127,3.6725,70.31,-0.0004264998578333,0.011673845989032,0,-0.0004264998578333845,0.02277836055747029,2.0600000000000023,72.27857142857142,78.32999999999998,0.011673845989032074,0.013188662249570573,0.0004264998578333845,0,75.66766666666666,5.35766666666666
2024-09-12,73.81,69.89,122.4423,58.47,103.114944,41.1855,91.2653,3.6725,73.81,0.0497795477172522,0.0251231594381562,0,0.04977954771725224,0.024029304029304033,3.9200000000000017,72.1842857142857,78.04,0.025123159438156215,0.016596355637936745,0.04977954771725224,1,75.883,2.0729999999999933
2024-09-13,73.68,69.59,121.6551,92.86,185.64302,41.2743,91.1096,3.6725,73.68,-0.0017612789594905,0.0233837146998756,0,-0.0017612789594905198,-0.004292459579338881,4.090000000000003,72.30714285714285,77.75766666666667,0.023383714699875616,0.0165988925353691,0.0017612789594905198,0,76.10266666666666,2.4226666666666574
2024-09-14,73.68,69.59,121.6551,62.32,100.380844,41.2743,90.9345,3.6725,73.68,0.0,0.0233837146998756,1,0.0,0.0,4.090000000000003,72.42999999999999,77.44399999999999,0.023383714699875616,0.016373920430426306,0.0,0,76.26233333333333,2.582333333333324
2024-09-15,73.68,69.59,121.6551,76.57,55.874638,41.2743,90.9345,3.6725,73.68,0.0,0.0233837146998756,1,0.0,0.0,4.090000000000003,72.55285714285715,77.18133333333334,0.023383714699875616,0.016153562945246468,0.0,0,76.26233333333333,2.582333333333324
2024-09-16,73.96,71.1,121.4976,59.1,88.97392,41.3171,90.9345,3.6725,73.96,0.0038002171552657,0.02311101721974,0,0.003800217155265795,0.021698519902284774,2.8599999999999994,72.78,76.92800000000001,0.023111017219740074,0.016194822314740467,0.003800217155265795,0,76.25199999999998,2.2919999999999874
2024-09-17,74.55,72.16,121.6031,110.52,100.78806,41.3591,91.1423,3.6725,74.55,0.0079772850189292,0.0185105197731829,0,0.007977285018929248,0.014908579465541472,2.3900000000000006,73.38142857142859,76.69433333333333,0.018510519773182927,0.016313031689249174,0.007977285018929248,0,76.246,1.695999999999998
2024-09-18,74.52,71.87,121.5618,152.08,122.00986,41.41,91.4292,3.6725,74.52,-0.0004024144869215,0.0185085901424576,0,-0.0004024144869215762,-0.004018847006651782,2.6499999999999915,73.98285714285714,76.47533333333332,0.018508590142457693,0.016309533929671684,0.0004024144869215762,0,76.18699999999998,1.6669999999999874
2024-09-19,75.93,72.86,121.3059,126.07,93.751915,41.4508,91.6712,3.6725,75.93,0.0189210950080516,0.0073374666329452,0,0.018921095008051614,0.013774871295394453,3.0700000000000074,74.28571428571429,76.378,0.007337466632945232,0.016067374669330007,0.018921095008051614,1,76.08099999999999,0.15099999999998204
2024-09-20,75.96,72.72,121.4052,66.37,175.53778,41.4445,92.6962,3.6725,75.96,0.0003951007506912,0.0070927148332143,0,0.0003951007506912685,-0.0019214932747735336,3.239999999999995,74.61142857142856,76.28433333333332,0.0070927148332143525,0.016069794144930063,0.0003951007506912685,0,75.974,0.014000000000010004
2024-09-21,75.96,72.72,121.4052,77.27,90.29145,41.4445,92.5848,3.6725,75.96,0.0,0.0070927148332143,1,0.0,0.0,3.239999999999995,74.93714285714285,76.18966666666667,0.0070927148332143525,0.01606874574092588,0.0,0,75.885,-0.07499999999998863
2024-09-22,75.96,72.72,121.4052,56.52,8.952886,41.4445,92.5848,3.6725,75.96,0.0,0.0070927148332143,1,0.0,0.0,3.239999999999995,75.26285714285714,76.04366666666667,0.0070927148332143525,0.015592131151534861,0.0,0,75.87266666666666,-0.08733333333333348
2024-09-23,74.95,71.33,121.4303,73.57,158.09982,41.3481,92.5848,3.6725,74.95,-0.0132964718272774,0.0097669277044729,0,-0.013296471827277445,-0.01911441144114412,3.6200000000000045,75.4042857142857,75.864,0.009766927704472904,0.015729045057870435,0.013296471827277445,0,75.86366666666667,0.9136666666666713
2024-09-24,75.29,72.34,121.1291,72.44,161.1171,41.3567,92.92,3.6725,75.29,0.0045363575717145,0.0094953711980283,0,0.0045363575717145554,0.01415954016542842,2.950000000000003,75.51,75.69566666666667,0.009495371198028398,0.015772603299988013,0.0045363575717145554,0,75.82966666666667,0.5396666666666619
2024-09-25,75.4,70.42,121.4447,103.88,175.30011,41.3744,92.8622,3.6725,75.4,0.0014610173993889,0.0094608237896472,0,0.0014610173993889752,-0.026541332596074163,4.980000000000004,75.63571428571429,75.531,0.009460823789647278,0.01578137941182424,0.0014610173993889752,0,75.83699999999999,0.4369999999999834
2024-09-26,73.06,68.28,121.0785,82.08,240.47679,41.2647,92.388,3.6725,73.06,-0.0310344827586207,0.012630559425419,0,-0.03103448275862075,-0.03038909400738432,4.780000000000001,75.22571428571428,75.24933333333334,0.012630559425419009,0.016318448974591636,0.03103448275862075,1,75.92233333333333,2.862333333333325
2024-09-27,71.63,68.72,121.1111,90.48,134.84789,41.2085,92.4074,3.6725,71.63,-0.0195729537366549,0.0133336986135536,0,-0.019572953736654908,0.006444053895723556,2.9099999999999966,74.60714285714286,74.969,0.013333698613553633,0.016367995241215624,0.019572953736654908,1,76.05533333333332,4.425333333333327
2024-09-28,71.63,68.72,121.1111,53.03,66.584274,41.2085,92.7126,3.6725,71.63,0.0,0.0133336986135536,1,0.0,0.0,2.9099999999999966,73.98857142857142,74.63833333333334,0.013333698613553633,0.01583008317651928,0.0,0,76.06333333333332,4.433333333333323
2024-09-29,71.63,68.72,121.1111,31.33,102.35462,41.2085,92.7126,3.6725,71.63,0.0,0.0133336986135536,1,0.0,0.0,2.9099999999999966,73.37,74.35266666666666,0.013333698613553633,0.015672089656978257,0.0,0,76.04533333333332,4.415333333333322
2024-09-30,72.35,68.75,121.2864,116.24,160.49263,41.1664,92.7126,3.6725,72.35,0.0100516543347759,0.0147160715724886,0,0.01005165433477595,0.00043655413271248555,3.5999999999999943,72.99857142857142,74.091,0.014716071572488642,0.01585896441033101,0.01005165433477595,0,76.074,3.7240000000000038
2024-10-01,75.3,70.41,121.6881,58.83,135.86703,41.2199,93.2221,3.6725,75.3,0.04077401520387,0.0227725252601028,0,0.04077401520387003,0.02414545454545447,4.890000000000001,73.0,73.92766666666667,0.022772525260102868,0.017782643839006754,0.04077401520387003,1,76.00566666666667,0.7056666666666729
2024-10-02,74.86,70.74,121.5724,133.57,178.7127,41.2476,93.3581,3.6725,74.86,-0.0058432934926958,0.0228743655693021,0,-0.005843293492695856,0.0046868342564976295,4.1200000000000045,72.92285714285714,73.829,0.02287436556930214,0.017017066921529586,0.005843293492695856,0,75.96466666666667,1.1046666666666738
2024-10-03,77.57,74.33,122.1197,76.65,237.05757,41.2755,94.5054,3.6725,77.57,0.036200908362276,0.0221699669174253,0,0.036200908362276074,0.05074922250494773,3.239999999999995,73.56714285714284,73.866,0.02216996691742536,0.018033181558387124,0.036200908362276074,1,75.83333333333333,-1.7366666666666646
2024-10-04,79.32,74.93,122.2197,74.53,144.2756,41.2202,95.0262,3.6725,79.32,0.0225602681449013,0.0186173732263672,0,0.022560268144901308,0.008072110856989223,4.389999999999986,74.66571428571429,74.021,0.018617373226367293,0.01787179911347399,0.022560268144901308,1,75.64366666666668,-3.676333333333318
2024-10-05,79.32,74.93,122.2197,93.95,72.57582,41.2202,94.87,3.6725,79.32,0.0,0.0186173732263672,1,0.0,0.0,4.389999999999986,75.7642857142857,74.18266666666666,0.018617373226367293,0.017853431229402864,0.0,0,75.49600000000001,-3.823999999999984
2024-10-06,79.32,74.93,122.2197,77.36,89.28754,41.2202,94.87,3.6725,79.32,0.0,0.0186173732263672,1,0.0,0.0,4.389999999999986,76.86285714285714,74.39933333333333,0.018617373226367293,0.017256960682734728,0.0,0,75.41799999999999,-3.902000000000001
2024-10-07,81.74,77.76,122.4241,48.33,80.630455,41.1859,94.87,3.6725,81.74,0.0305093292990419,0.0193358415785242,0,0.030509329299041932,0.03776858401174432,3.9799999999999898,78.2042857142857,74.69666666666666,0.019335841578524294,0.017958992929047887,0.030509329299041932,1,75.244,-6.495999999999995
2024-10-08,78.19,74.26,122.6625,127.04,98.588326,41.1961,96.0649,3.6725,78.19,-0.0434303890384144,0.0272093681342327,0,-0.04343038903841445,-0.04501028806584362,3.9299999999999926,78.61714285714285,74.87566666666666,0.027209368134232727,0.01993538056036458,0.04343038903841445,1,75.162,-3.0279999999999916
2024-10-09,77.06,73.85,122.8821,71.55,137.03067,41.1756,96.1079,3.6725,77.06,-0.0144519759560045,0.0280017972207709,0,-0.014451975956004559,-0.005521141933746421,3.210000000000008,78.93142857142857,75.03199999999998,0.028001797220770928,0.02011690067235203,0.014451975956004559,0,75.06133333333334,-1.998666666666665
2024-10-10,79.45,76.46,123.0951,96.67,119.58729,41.1934,96.9483,3.6725,79.45,0.0310147936672722,0.027076073618821,0,0.031014793667272222,0.03534190927555847,2.990000000000009,79.2,75.33566666666667,0.027076073618821066,0.019934638519952926,0.031014793667272222,1,74.881,-4.569000000000003
2024-10-11,80.27,76.11,122.9805,247.06,157.45294,41.2072,97.2394,3.6725,80.27,0.010320956576463,0.0260335232262203,0,0.010320956576463036,-0.004577556892492729,4.159999999999997,79.33571428571427,75.66766666666668,0.02603352322622032,0.019944106014488042,0.010320956576463036,0,74.67333333333333,-5.596666666666664
2024-10-12,80.27,76.11,122.9805,211.55,96.01646,41.2072,96.0686,3.6725,80.27,0.0,0.0260335232262203,1,0.0,0.0,4.159999999999997,79.47142857142856,75.883,0.02603352322622032,0.01803666005042154,0.0,0,74.404,-5.866
2024-10-13,80.27,76.11,122.9805,154.13,52.16642,41.2072,96.0686,3.6725,80.27,0.0,0.0260335232262203,1,0.0,0.0,4.159999999999997,79.60714285714286,76.10266666666666,0.02603352322622032,0.018023632033825652,0.0,0,74.14699999999999,-6.123000000000005
2024-10-14,78.47,76.11,122.9805,68.25,151.4693,41.1891,96.0686,3.6725,78.47,-0.0224243179269963,0.0239770236005979,1,-0.022424317926996395,0.0,2.3599999999999994,79.14,76.26233333333333,0.023977023600597936,0.018608541199516566,0.022424317926996395,1,73.96,-4.510000000000005
2024-10-15,73.68,71.22,123.5124,140.41,125.71415,41.1963,96.1021,3.6725,73.68,-0.0610424365999744,0.0290084816457612,0,-0.06104243659997444,-0.06424911312573911,2.460000000000008,78.49571428571429,76.26233333333333,0.029008481645761235,0.021909710179091893,0.06104243659997444,1,73.95033333333335,0.2703333333333404
2024-10-16,73.65,70.97,123.9235,79.68,117.64259,41.2139,97.0121,3.6725,73.65,-0.0004071661237785,0.0289802663763258,0,-0.0004071661237785573,-0.003510249929794984,2.680000000000007,78.00857142857141,76.252,0.0289802663763258,0.021899559844051297,0.0004071661237785573,0,73.94366666666666,0.29366666666665253
2024-10-17,74.37,71.26,124.1122,114.8,104.241646,41.2256,97.2568,3.6725,74.37,0.0097759674134418,0.0253318455117047,0,0.009775967413441888,0.004086233619839508,3.1099999999999994,77.28285714285714,76.24600000000001,0.025331845511704774,0.021924335213521953,0.009775967413441888,0,73.91299999999998,-0.45700000000002206
2024-10-18,72.75,69.78,123.9185,70.12,124.89034,41.2351,97.149,3.6725,72.75,-0.0217829770068577,0.0241037859070392,0,-0.021782977006857718,-0.020769014875105296,2.969999999999999,76.20857142857143,76.187,0.024103785907039245,0.022287537250425846,0.021782977006857718,1,73.93633333333332,1.186333333333323
2024-10-19,72.75,69.78,123.9185,89.05,72.254,41.2351,96.4172,3.6725,72.75,0.0,0.0241037859070392,1,0.0,0.0,2.969999999999999,75.13428571428572,76.08099999999999,0.024103785907039245,0.02198291364314908,0.0,0,73.98966666666665,1.2396666666666505
2024-10-20,72.75,69.78,123.9185,176.02,77.84102,41.2351,96.4172,3.6725,72.75,0.0,0.0241037859070392,1,0.0,0.0,2.969999999999999,74.06000000000002,75.974,0.024103785907039245,0.021982049881966427,0.0,0,74.042,1.2920000000000016
2024-10-21,73.29,71.16,124.4757,283.8,119.05634,41.2308,96.4172,3.6725,73.29,0.0074226804123711,0.0249285075212579,0,0.007422680412371152,0.019776440240756532,2.1300000000000097,73.32000000000001,75.885,0.02492850752125798,0.022037756981976835,0.007422680412371152,0,74.07666666666667,0.7866666666666617
2024-10-22,75.59,72.84,124.4107,116.02,214.1458,41.2833,96.0924,3.6725,75.59,0.031382180379315,0.0158675527137282,0,0.03138218037931506,0.02360876897133224,2.75,73.59285714285714,75.87266666666667,0.015867552713728292,0.02281574640489106,0.03138218037931506,1,74.06,-1.5300000000000011
2024-10-23,74.68,71.37,124.6931,98.6,215.39117,41.3313,96.5918,3.6725,74.68,-0.0120386294483396,0.0169499971613957,0,-0.012038629448339666,-0.020181219110378845,3.3100000000000023,73.74000000000001,75.86366666666666,0.01694999716139578,0.02279143936184663,0.012038629448339666,0,74.10733333333333,-0.5726666666666773
2024-10-24,74.27,70.58,124.5127,67.34,136.47282,41.2739,96.6379,3.6725,74.27,-0.0054900910551688,0.0167802886263257,0,-0.005490091055168844,-0.011069076642847175,3.6899999999999977,73.72571428571429,75.82966666666667,0.016780288626325718,0.022798150610269335,0.005490091055168844,0,74.16833333333332,-0.10166666666667368
2024-10-25,75.62,72.02,124.6105,83.65,170.0256,41.263,96.7402,3.6725,75.62,0.0181769220412011,0.014849490321256,0,0.018176922041201138,0.02040238027769914,3.6000000000000085,74.13571428571429,75.83699999999999,0.014849490321256093,0.02304314004076071,0.018176922041201138,1,74.18433333333333,-1.4356666666666769
2024-10-26,75.62,72.02,124.6105,245.79,114.05547,41.263,96.6657,3.6725,75.62,0.0,0.014849490321256,1,0.0,0.0,3.6000000000000085,74.5457142857143,75.92233333333334,0.014849490321256093,0.022268952543325192,0.0,0,74.13933333333333,-1.4806666666666786
2024-10-27,75.62,72.02,124.6105,187.75,93.913,41.263,96.6657,3.6725,75.62,0.0,0.014849490321256,1,0.0,0.0,3.6000000000000085,74.9557142857143,76.05533333333334,0.014849490321256093,0.021917549826667184,0.0,0,74.104,-1.5160000000000053
2024-10-28,71.87,67.65,124.8076,75.66,145.17229,41.3135,96.6657,3.6725,71.87,-0.0495900555408621,0.0255128600603723,0,-0.049590055540862155,-0.06067758955845581,4.219999999999999,74.75285714285714,76.06333333333333,0.02551286006037235,0.02386078769349307,0.049590055540862155,1,74.17199999999998,2.3019999999999783
2024-10-29,71.09,67.48,124.8612,88.98,160.80424,41.3292,97.23,3.6725,71.09,-0.0108529288994017,0.0207028828295584,0,-0.010852928899401704,-0.0025129342202513394,3.6099999999999994,74.11,76.04533333333333,0.02070288282955842,0.02394900847822031,0.010852928899401704,0,74.26633333333332,3.176333333333318
2024-10-30,73.21,68.91,124.8153,70.46,133.96414,41.3798,97.3261,3.6725,73.21,0.0298213532142352,0.0251026670825172,0,0.02982135321423529,0.021191464137522154,4.299999999999997,73.89999999999999,76.07400000000001,0.02510266708251724,0.024499995401320678,0.02982135321423529,1,74.29799999999999,1.0879999999999939
2024-10-31,73.25,69.58,124.7988,107.64,133.89992,41.279,97.053,3.6725,73.25,0.0005463734462505,0.0250889997764534,0,0.0005463734462505254,0.00972282687563486,3.6700000000000017,73.75428571428571,76.00566666666667,0.025088999776453402,0.023301871497491917,0.0005463734462505254,0,74.32833333333332,1.078333333333319
2024-11-01,73.63,69.81,124.8076,116.29,131.07283,41.2194,97.0226,3.6725,73.63,0.0051877133105802,0.023822256428265,0,0.005187713310580211,0.0033055475711412097,3.819999999999993,73.47,75.96466666666667,0.02382225642826501,0.02330419663717462,0.005187713310580211,0,74.34599999999999,0.715999999999994
2024-11-02,73.63,69.81,124.8076,384.15,79.75684,41.2194,97.4402,3.6725,73.63,0.0,0.023822256428265,1,0.0,0.0,3.819999999999993,73.18571428571428,75.83333333333333,0.02382225642826501,0.022263746493080366,0.0,0,74.31866666666666,0.6886666666666628
2024-11-03,73.63,69.81,124.8076,298.74,101.405136,41.2194,97.5499,3.6725,73.63,0.0,0.023822256428265,1,0.0,0.0,3.819999999999993,72.90142857142857,75.64366666666666,0.02382225642826501,0.021799444782786656,0.0,0,74.35766666666669,0.7276666666666927
2024-11-04,74.89,71.83,124.5903,231.81,114.69175,41.2891,97.5499,3.6725,74.89,0.0171125899769115,0.0134000292645709,0,0.017112589976911563,0.028935682566967325,3.0600000000000023,73.33285714285714,75.49600000000001,0.013400029264570923,0.022082272478751636,0.017112589976911563,0,74.35066666666668,-0.5393333333333175
2024-11-05,76.98,72.26,124.5532,312.49,57.44337,41.3954,97.5499,3.6725,76.98,0.0279075978101215,0.0132960426230085,0,0.02790759781012153,0.0059863566754838615,4.719999999999999,74.1742857142857,75.41799999999999,0.013296042623008528,0.022733478962868318,0.02790759781012153,1,74.244,-2.736000000000004
2024-11-06,76.52,71.98,125.7035,142.57,120.14494,41.4375,98.0562,3.6725,76.52,-0.0059755780722267,0.0118893916175368,0,-0.005975578072226706,-0.0038748962081373017,4.539999999999992,74.64714285714285,75.244,0.01188939161753681,0.02196683839233267,0.005975578072226706,0,74.15266666666668,-2.3673333333333204
2024-11-07,75.73,72.69,124.775,323.52,98.795876,41.4562,98.2236,3.6725,75.73,-0.0103240982749607,0.013395454015829,0,-0.010324098274960725,0.009863851069741525,3.0400000000000063,75.00142857142858,75.162,0.013395454015829093,0.020600792484020553,0.010324098274960725,0,74.08766666666669,-1.6423333333333119
2024-11-08,74.04,70.69,125.5811,308.41,108.89063,41.3589,98.0726,3.6725,74.04,-0.022316123068797,0.0168627754871835,0,-0.022316123068797045,-0.027514100976750555,3.3500000000000085,75.05999999999999,75.06133333333334,0.01686277548718357,0.020828524361638966,0.022316123068797045,1,74.07900000000001,0.03900000000000148
2024-11-09,74.04,70.69,125.5811,125.18,77.39644,41.3589,97.8335,3.6725,74.04,0.0,0.0168627754871835,1,0.0,0.0,3.3500000000000085,75.11857142857143,74.881,0.01686277548718357,0.019928832026640694,0.0,0,74.06866666666669,0.028666666666680385
2024-11-10,74.04,70.69,125.5811,484.55,54.009254,41.3589,97.8335,3.6725,74.04,0.0,0.0168627754871835,1,0.0,0.0,3.3500000000000085,75.17714285714285,74.67333333333333,0.01686277548718357,0.01979470241234756,0.0,0,74.05533333333332,0.015333333333316546
2024-11-11,72.19,70.69,125.5811,386.33,154.22887,41.2982,97.8335,3.6725,72.19,-0.0249864937871422,0.0176136636241485,1,-0.02498649378714224,0.0,1.5,74.79142857142857,74.404,0.017613663624148564,0.020207379030498858,0.02498649378714224,1,74.12833333333333,1.9383333333333326
2024-11-12,72.56,68.43,126.7762,225.35,106.85702,41.2981,97.955,3.6725,72.56,0.0051253636237706,0.011564246507989,0,0.005125363623770696,-0.03197057575328888,4.1299999999999955,74.16,74.14699999999999,0.011564246507989033,0.020258105769751115,0.005125363623770696,0,74.16033333333333,1.6003333333333245
2024-11-13,72.86,68.76,126.9572,170.4,116.55331,41.3763,97.9559,3.6725,72.86,0.0041345093715545,0.0125039439516015,0,0.004134509371554573,0.0048224462954844505,4.099999999999994,73.63714285714286,73.96000000000001,0.012503943951601515,0.019965374227554778,0.004134509371554573,0,74.22800000000001,1.3680000000000092
2024-11-14,73.39,68.99,127.0015,135.73,58.629517,41.3413,98.3657,3.6725,73.39,0.0072742245402142,0.0134373172650006,0,0.0072742245402142025,0.003344968004653781,4.400000000000006,73.30285714285715,73.95033333333332,0.013437317265000623,0.016652333093381117,0.0072742245402142025,0,74.27799999999999,0.887999999999991
2024-11-15,73.45,67.33,126.8848,268.42,97.58791,41.2446,99.018,3.6725,73.45,0.0008175500749421,0.0109006410710605,0,0.0008175500749421083,-0.024061458182345175,6.1200000000000045,73.21857142857144,73.94366666666666,0.010900641071060558,0.016652792967918856,0.0008175500749421083,0,74.326,0.8759999999999906
2024-11-16,73.45,67.33,126.8848,154.6,97.26952,41.2446,99.9971,3.6725,73.45,0.0,0.0109006410710605,1,0.0,0.0,6.1200000000000045,73.13428571428572,73.913,0.010900641071060558,0.016551133138667615,0.0,0,74.35433333333334,0.9043333333333408
2024-11-17,73.45,67.33,126.8848,450.74,33.88816,41.2446,99.9971,3.6725,73.45,0.0,0.0109006410710605,1,0.0,0.0,6.1200000000000045,73.05,73.93633333333334,0.010900641071060558,0.016045424311666327,0.0,0,74.34466666666667,0.8946666666666658
2024-11-18,74.35,69.46,126.6045,463.22,253.14381,41.2796,99.9971,3.6725,74.35,0.0122532334921714,0.0045070497362052,0,0.012253233492171445,0.03163522946680519,4.890000000000001,73.35857142857142,73.98966666666666,0.004507049736205236,0.01618903144204643,0.012253233492171445,0,74.35200000000002,0.0020000000000237605
2024-11-19,74.32,69.75,126.3994,214.05,197.48,41.3715,99.943,3.6725,74.32,-0.0004034969737727,0.0047988473618496,0,-0.0004034969737727323,0.004175064785488125,4.569999999999993,73.61,74.04199999999999,0.004798847361849676,0.01618993209359758,0.0004034969737727323,0,74.33300000000001,0.01300000000001944
2024-11-20,74.33,69.25,126.88,181.81,195.19463,41.331,100.0348,3.6725,74.33,0.0001345532831,0.0049384045787325,0,0.00013455328310008063,-0.007168458781361964,5.079999999999998,73.82000000000001,74.07666666666667,0.0049384045787325085,0.01614235290444074,0.00013455328310008063,0,74.295,-0.03499999999999659
2024-11-21,75.09,70.39,127.1047,219.91,193.78824,41.2533,100.2192,3.6725,75.09,0.0102246737521862,0.0054740178031989,0,0.010224673752186275,0.01646209386281594,4.700000000000003,74.06285714285715,74.05999999999999,0.005474017803198908,0.015184742561789852,0.010224673752186275,0,74.23166666666665,-0.8583333333333485
2024-11-22,76.1,71.68,127.4712,135.37,102.099686,41.286,100.6798,3.6725,76.1,0.013450526035424,0.0065080235238889,0,0.01345052603542407,0.01832646682767458,4.4199999999999875,74.44142857142857,74.10733333333333,0.006508023523888981,0.015207289928927717,0.01345052603542407,0,74.13466666666666,-1.9653333333333336
2024-11-23,76.1,71.68,127.4712,104.89,183.44916,41.286,102.5761,3.6725,76.1,0.0,0.0065080235238889,1,0.0,0.0,4.4199999999999875,74.82000000000001,74.16833333333334,0.006508023523888981,0.015162688825261443,0.0,0,74.00199999999998,-2.098000000000013
2024-11-24,76.1,71.68,127.4712,311.54,85.59606,41.286,102.5761,3.6725,76.1,0.0,0.0065080235238889,1,0.0,0.0,4.4199999999999875,75.19857142857143,74.18433333333334,0.006508023523888981,0.014808527389143412,0.0,0,73.91533333333332,-2.184666666666672
2024-11-25,74.27,69.41,126.9948,87.75,123.70585,41.3193,102.5761,3.6725,74.27,-0.024047306176084,0.0119989981958962,0,-0.024047306176084082,-0.03166852678571441,4.859999999999999,75.18714285714285,74.13933333333333,0.011998998195896235,0.015462720085223857,0.024047306176084082,1,73.88966666666667,-0.38033333333332564
2024-11-26,74.56,69.05,127.4301,150.15,169.25528,41.4387,103.7908,3.6725,74.56,0.003904672142184,0.0120904714448823,0,0.0039046721421840402,-0.0051865725399797835,5.510000000000005,75.22142857142856,74.104,0.012090471444882353,0.01548335027984124,0.0039046721421840402,0,73.85433333333334,-0.7056666666666587
2024-11-27,73.91,69.03,126.8205,132.14,199.62743,41.5035,105.0604,3.6725,73.91,-0.0087178111587983,0.0125906001121397,0,-0.008717811158798328,-0.0002896451846488013,4.8799999999999955,75.16142857142857,74.172,0.012590600112139715,0.012515256981693324,0.008717811158798328,0,73.84966666666666,-0.06033333333333246
2024-11-28,73.92,69.03,126.8205,162.72,176.27855,41.601,108.0104,3.6725,73.92,0.0001352996888108,0.0116699329867039,1,0.00013529968881087484,0.0,4.890000000000001,74.99428571428572,74.26633333333332,0.011669932986703956,0.01231532623444233,0.00013529968881087484,0,73.84466666666665,-0.07533333333334724
2024-11-29,74.16,68.26,126.5798,174.81,226.97223,41.5956,109.5782,3.6725,74.16,0.0032467532467532,0.0098939699389294,0,0.0032467532467532756,-0.011154570476604286,5.8999999999999915,74.71714285714286,74.29799999999999,0.009893969938929494,0.011093855408992909,0.0032467532467532756,0,73.83166666666668,-0.32833333333331893
2024-11-30,74.16,68.26,126.5798,123.13,105.60199,41.5956,107.7409,3.6725,74.16,0.0,0.0098939699389294,1,0.0,0.0,5.8999999999999915,74.43999999999998,74.32833333333333,0.009893969938929494,0.011094207283341232,0.0,0,73.83433333333332,-0.32566666666667743
2024-12-01,74.16,68.26,126.5798,140.43,184.54417,41.5956,107.7409,3.6725,74.16,0.0,0.0098939699389294,1,0.0,0.0,5.8999999999999915,74.16285714285713,74.346,0.009893969938929494,0.01105853062587769,0.0,0,73.84833333333333,-0.3116666666666674
2024-12-02,72.81,68.35,127.1272,78.68,197.00293,41.5847,107.7409,3.6725,72.81,-0.0182038834951455,0.0079384274111412,0,-0.018203883495145567,0.0013184881336065768,4.460000000000008,73.9542857142857,74.31866666666666,0.007938427411141268,0.011563378046593993,0.018203883495145567,1,73.90733333333333,1.0973333333333244
2024-12-03,74.8,70.15,126.9565,92.19,164.99379,41.6461,107.1758,3.6725,74.8,0.0273314105205328,0.0139217658680306,0,0.027331410520532895,0.02633504023408939,4.6499999999999915,73.98857142857142,74.35766666666667,0.01392176586803067,0.012617182762830623,0.027331410520532895,1,73.952,-0.847999999999999
2024-12-04,74.68,68.81,126.7574,177.91,136.60072,41.6972,106.1878,3.6725,74.68,-0.0016042780748661,0.0133823977883428,0,-0.0016042780748661833,-0.019101924447612273,5.8700000000000045,74.09857142857143,74.35066666666667,0.013382397788342826,0.012229443136186367,0.0016042780748661833,0,74.01999999999998,-0.660000000000025
2024-12-05,73.78,68.58,126.4286,97.39,127.66489,41.6628,104.2361,3.6725,73.78,-0.0120514193893948,0.014355629695439,0,-0.012051419389394802,-0.0033425374218863935,5.200000000000003,74.07857142857142,74.244,0.014355629695439059,0.011216822704871038,0.012051419389394802,0,74.11799999999998,0.33799999999997965
2024-12-06,73.78,68.58,126.688,390.69,150.84552,41.5975,103.3837,3.6725,73.78,0.0,0.014278588884183,0,0.0,0.0,5.200000000000003,74.02428571428572,74.15266666666666,0.01427858888418305,0.011184921255024467,0.0,0,74.21599999999998,0.4359999999999786
2024-12-07,73.78,68.58,126.688,376.57,151.06172,41.5975,99.4215,3.6725,73.78,0.0,0.014278588884183,1,0.0,0.0,5.200000000000003,73.97,74.08766666666666,0.01427858888418305,0.011051074261625405,0.0,0,74.33233333333331,0.5523333333333085
2024-12-08,73.78,68.58,126.688,114.97,68.65425,41.5975,99.4215,3.6725,73.78,0.0,0.014278588884183,1,0.0,0.0,5.200000000000003,73.9157142857143,74.079,0.01427858888418305,0.010277529178095412,0.0,0,74.46766666666667,0.6876666666666722
2024-12-09,73.73,68.65,126.5981,233.8,170.97124,41.4446,99.4215,3.6725,73.73,-0.000677690431011,0.0120494824898283,0,-0.0006776904310110687,0.001020705745115258,5.079999999999998,74.04714285714284,74.06866666666666,0.012049482489828314,0.010278123718233627,0.0006776904310110687,0,74.589,0.8589999999999947
2024-12-10,73.64,68.85,126.957,218.39,194.49939,41.5093,99.3759,3.6725,73.64,-0.0012206700122067,0.0043817513944815,0,-0.001220670012206715,0.0029133284777858037,4.790000000000006,73.88142857142859,74.05533333333334,0.004381751394481572,0.010280176641389171,0.001220670012206715,0,74.749,1.1089999999999947
2024-12-11,74.38,70.57,126.8483,219.72,153.94032,41.6119,100.0324,3.6725,74.38,0.0100488864747418,0.0064030237071706,0,0.010048886474741892,0.024981844589687663,3.8100000000000023,73.83857142857143,74.12833333333333,0.006403023707170622,0.009302542067395593,0.010048886474741892,0,74.92833333333333,0.548333333333332
2024-12-12,73.52,70.25,126.9556,125.44,233.82832,41.6941,103.2707,3.6725,73.52,-0.0115622479161064,0.0062576907439403,0,-0.011562247916106494,-0.00453450474705952,3.269999999999996,73.80142857142857,74.16033333333333,0.006257690743940376,0.009545490609314386,0.011562247916106494,0,75.13633333333334,1.616333333333344
2024-12-13,74.89,71.54,127.3096,141.68,191.36348,41.6588,103.95,3.6725,74.89,0.0186343852013057,0.0095808063028608,0,0.01863438520130578,0.018362989323843504,3.3499999999999943,73.96000000000001,74.22800000000001,0.009580806302860864,0.010088450462657588,0.01863438520130578,1,75.29866666666668,0.40866666666667584
2024-12-14,74.89,71.54,127.3096,167.31,101.75122,41.6588,103.4305,3.6725,74.89,0.0,0.0095808063028608,1,0.0,0.0,3.3499999999999943,74.11857142857141,74.278,0.009580806302860864,0.010018771467305758,0.0,0,75.55866666666667,0.6686666666666667
2024-12-15,74.89,71.54,127.3096,244.9,64.41104,41.6588,103.4305,3.6725,74.89,0.0,0.0095808063028608,1,0.0,0.0,3.3499999999999943,74.27714285714286,74.326,0.009580806302860864,0.01001961756883252,0.0,0,75.80866666666667,0.9186666666666667
2024-12-16,74.3,71.03,127.2687,288.93,194.04163,41.607,103.4305,3.6725,74.3,-0.007878221391374,0.0102978064030916,0,-0.007878221391374063,-0.007128878948839845,3.269999999999996,74.35857142857142,74.35433333333334,0.010297806403091624,0.010140990585922152,0.007878221391374063,0,76.11466666666665,1.8146666666666533
2024-12-17,73.16,70.31,127.5043,86.94,133.30252,41.7403,102.9125,3.6725,73.16,-0.015343203230148,0.0120697269562211,0,-0.01534320323014804,-0.01013656201604951,2.8499999999999943,74.28999999999999,74.34466666666665,0.012069726956221183,0.010542545199325105,0.01534320323014804,0,76.42233333333333,3.2623333333333306
2024-12-18,74.57,70.8,127.6418,251.99,182.2855,41.8271,102.9979,3.6725,74.57,0.0192728266812465,0.0138350654088832,0,0.019272826681246524,0.006969136680415211,3.769999999999996,74.31714285714285,74.352,0.013835065408883252,0.010897592163112188,0.019272826681246524,1,76.704,2.1340000000000003
2024-12-19,73.75,70.1,128.6366,171.71,152.59428,41.9048,102.7763,3.6725,73.75,-0.0109963792409815,0.0137546249258429,0,-0.010996379240981513,-0.009887005649717562,3.6500000000000057,74.35000000000001,74.33300000000001,0.013754624925842927,0.011086316117820608,0.010996379240981513,0,77.01299999999999,3.262999999999991
2024-12-20,73.19,69.71,127.893,180.8,128.6434,41.9292,103.4207,3.6725,73.19,-0.0075932203389831,0.0113646547459792,0,-0.007593220338983131,-0.005563480741797466,3.480000000000004,74.10714285714286,74.295,0.01136465474597925,0.011167817954576689,0.007593220338983131,0,77.34066666666666,4.150666666666666
2024-12-21,73.19,69.71,127.893,180.08,89.20739,41.9292,102.3438,3.6725,73.19,0.0,0.0113646547459792,1,0.0,0.0,3.480000000000004,73.86428571428571,74.23166666666667,0.01136465474597925,0.010985183576857498,0.0,0,77.62366666666667,4.433666666666667
2024-12-22,73.19,69.71,127.893,381.65,37.219864,41.9292,102.3438,3.6725,73.19,0.0,0.0113646547459792,1,0.0,0.0,3.480000000000004,73.62142857142858,74.13466666666666,0.01136465474597925,0.01065315333537336,0.0,0,77.86966666666667,4.679666666666677
2024-12-23,72.12,69.5,128.3021,139.02,146.57379,41.8761,102.3438,3.6725,72.12,-0.014619483536002,0.0120878233989073,0,-0.014619483536002065,-0.0030124802754266655,2.6200000000000045,73.30999999999999,74.002,0.012087823398907327,0.01092518487774815,0.014619483536002065,0,78.13233333333332,6.012333333333316
2024-12-24,73.5,70.87,128.3377,252.18,143.36853,41.991,101.6143,3.6725,73.5,0.019134775374376,0.0136993154955321,0,0.019134775374376023,0.019712230215827464,2.6299999999999955,73.35857142857142,73.91533333333334,0.013699315495532126,0.01156931824216285,0.019134775374376023,1,78.30299999999998,4.802999999999983
2024-12-25,73.5,70.87,128.3377,190.79,120.14494,41.9875,99.8729,3.6725,73.5,0.0,0.0110313814429786,1,0.0,0.0,2.6299999999999955,73.20571428571428,73.88966666666667,0.011031381442978603,0.010726490358081724,0.0,0,78.47666666666666,4.9766666666666595
2024-12-26,73.5,70.38,128.3329,118.16,132.857,41.8623,99.6125,3.6725,73.5,0.0,0.0102970266332087,1,0.0,-0.006914068011852792,3.1200000000000045,73.16999999999999,73.85433333333334,0.010297026633208724,0.01069746245861521,0.0,0,78.65033333333334,5.150333333333336
2024-12-27,73.77,71.28,128.45,104.31,168.55986,41.8447,99.2295,3.6725,73.77,0.0036734693877551,0.00986394024838,0,0.003673469387755146,0.01278772378516635,2.489999999999995,73.25285714285714,73.84966666666668,0.009863940248380066,0.010604932315563882,0.003673469387755146,0,78.815,5.045000000000002
2024-12-28,73.77,71.28,128.45,150.11,106.2146,41.8447,100.5281,3.6725,73.77,0.0,0.00986394024838,1,0.0,0.0,2.489999999999995,73.33571428571427,73.84466666666667,0.009863940248380066,0.010604897559928234,0.0,0,78.93266666666666,5.1626666666666665
2024-12-29,73.77,71.28,128.45,167.91,79.410866,41.8447,101.6797,3.6725,73.77,0.0,0.00986394024838,1,0.0,0.0,2.489999999999995,73.41857142857144,73.83166666666668,0.009863940248380066,0.010587029435413797,0.0,0,79.07400000000001,5.304000000000016
2024-12-30,74.24,71.73,128.8205,138.37,108.19944,41.9403,101.6797,3.6725,74.24,0.0063711535854682,0.0070544513808046,0,0.006371153585468248,0.0063131313131312705,2.509999999999991,73.72142857142856,73.83433333333332,0.007054451380804617,0.010653251946753609,0.006371153585468248,0,79.16666666666669,4.926666666666691
2024-12-31,74.58,72.44,129.2775,109.44,63.398422,42.039,101.6797,3.6725,74.58,0.0045797413793104,0.0027235656446088,0,0.004579741379310498,0.00989822947162966,2.1400000000000006,73.87571428571428,73.84833333333333,0.0027235656446088254,0.010684676633718564,0.004579741379310498,0,79.26133333333335,4.681333333333356
2025-01-01,74.58,72.44,129.2775,202.92,112.811905,42.0295,101.6797,3.6725,74.58,0.0,0.0027235656446088,1,0.0,0.0,2.1400000000000006,74.03,73.90733333333334,0.002723565644608825,0.010101938014815605,0.0,0,79.34566666666667,4.765666666666675
2025-01-02,76.14,73.79,129.4598,188.9,198.4803,41.9725,101.6797,3.6725,76.14,0.0209171359613837,0.0074400906266902,0,0.02091713596138378,0.01863611264494769,2.3499999999999943,74.40714285714286,73.952,0.007440090626690252,0.009576333506481488,0.02091713596138378,1,79.378,3.2379999999999995
2025-01-03,76.72,74.64,129.4535,167.41,137.5028,42.0385,101.6797,3.6725,76.72,0.0076175466246388,0.0074653544602089,0,0.007617546624638871,0.011519176040113654,2.0799999999999983,74.82857142857142,74.02,0.0074653544602089105,0.009649662729974565,0.007617546624638871,0,79.39100000000002,2.6710000000000207
2025-01-04,76.72,74.64,129.4535,213.62,69.860825,42.0385,101.6797,3.6725,76.72,0.0,0.0074653544602089,1,0.0,0.0,2.0799999999999983,75.25,74.118,0.0074653544602089105,0.00933577260828004,0.0,0,79.38333333333334,2.663333333333341
2025-01-05,76.72,74.64,129.4535,571.19,48.14779,42.0385,101.6797,3.6725,76.72,0.0,0.0074653544602089,1,0.0,0.0,2.0799999999999983,75.67142857142858,74.216,0.0074653544602089105,0.00933577260828004,0.0,0,79.37866666666667,2.658666666666676
2025-01-06,77.27,74.31,128.538,222.31,98.31822,42.0889,101.6797,3.6725,77.27,0.0071689259645464,0.0074844276212926,0,0.007168925964546435,-0.004421221864951752,2.9599999999999937,76.10428571428572,74.33233333333332,0.007484427621292615,0.009391732644022604,0.007168925964546435,0,79.29333333333332,2.0233333333333263
2025-01-07,77.84,74.99,128.613,260.94,117.64259,42.1959,101.6797,3.6725,77.84,0.0073767309434451,0.0074859028071488,0,0.007376730943445153,0.009150854528327201,2.8500000000000085,76.57000000000001,74.46766666666667,0.0074859028071488885,0.009445238942433189,0.007376730943445153,0,79.18333333333332,1.3433333333333195
2025-01-08,77.37,73.99,129.0785,212.01,70.208565,42.2297,101.6797,3.6725,77.37,-0.0060380267214799,0.0085810064308799,0,-0.0060380267214799055,-0.013335111348179773,3.3800000000000097,76.96857142857142,74.589,0.008581006430879966,0.009544496113455637,0.0060380267214799055,0,79.09366666666665,1.7236666666666451
2025-01-09,78.44,73.99,129.2827,230.71,123.143776,42.2361,101.6797,3.6725,78.44,0.0138296497350394,0.0066253192992232,1,0.013829649735039418,0.0,4.450000000000003,77.29714285714284,74.749,0.006625319299223207,0.009780933633803652,0.013829649735039418,0,78.96833333333332,0.5283333333333218
2025-01-10,79.76,77.27,129.8664,147.76,65.536415,42.2825,102.2911,3.6725,79.76,0.0168281489036206,0.0081402319717438,0,0.01682814890362061,0.0443303149074199,2.490000000000009,77.73142857142857,74.92833333333334,0.008140231971743806,0.010044408697361343,0.01682814890362061,0,78.79899999999998,-0.9610000000000269
2025-01-11,79.76,77.27,129.8664,403.4,71.65288,42.2825,101.9146,3.6725,79.76,0.0,0.0081402319717438,1,0.0,0.0,2.490000000000009,78.16571428571429,75.13633333333334,0.008140231971743806,0.009707189728371236,0.0,0,78.68133333333331,-1.0786666666666918
2025-01-12,79.76,77.27,129.8664,678.32,81.904144,42.2825,101.9146,3.6725,79.76,0.0,0.0081402319717438,1,0.0,0.0,2.490000000000009,78.60000000000001,75.29866666666666,0.008140231971743806,0.009241719786741083,0.0,0,78.61099999999998,-1.1490000000000293
2025-01-13,82.69,79.57,130.0413,179.6,106.85702,42.2841,101.9146,3.6725,82.69,0.0367352056168504,0.0143755063725938,0,0.0367352056168504,0.029765756438462576,3.1200000000000045,79.37428571428572,75.55866666666665,0.014375506372593836,0.011178627310670076,0.0367352056168504,1,78.36733333333333,-4.322666666666663
2025-01-14,82.39,78.2,129.3812,185.4,147.36761,42.2692,102.7081,3.6725,82.39,-0.0036280082234853,0.0152615190374917,0,-0.0036280082234853017,-0.017217544300615728,4.189999999999998,80.02428571428572,75.80866666666667,0.015261519037491731,0.011235796746088364,0.0036280082234853017,0,78.14133333333334,-4.248666666666665
2025-01-15,83.48,80.73,129.2092,110.72,147.09448,42.2734,103.438,3.6725,83.48,0.0132297608933122,0.0139357184942622,0,0.013229760893312292,0.032352941176470695,2.75,80.89714285714285,76.11466666666666,0.013935718494262249,0.011175845045030157,0.013229760893312292,0,77.86500000000001,-5.614999999999995
2025-01-16,82.39,79.35,129.436,134.68,92.82151,42.2659,102.8078,3.6725,82.39,-0.013057019645424,0.0164956967737277,0,-0.01305701964542405,-0.017094017094017255,3.0400000000000063,81.46142857142857,76.42233333333334,0.016495696773727718,0.011046797185918089,0.01305701964542405,0,77.62500000000001,-4.764999999999986
2025-01-17,83.02,78.56,129.4859,173.63,88.335144,42.1729,102.3762,3.6725,83.02,0.0076465590484282,0.0159548183636407,0,0.007646559048428259,-0.009955891619407575,4.459999999999994,81.92714285714285,76.704,0.015954818363640797,0.010691722456025596,0.007646559048428259,0,77.36400000000002,-5.6559999999999775
2025-01-18,83.02,78.56,129.4859,234.19,77.156075,42.1729,102.4137,3.6725,83.02,0.0,0.0159548183636407,1,0.0,0.0,4.459999999999994,82.39285714285714,77.01299999999999,0.015954818363640797,0.010355886837546013,0.0,0,77.12366666666665,-5.896333333333345
2025-01-19,83.02,78.56,129.4859,508.27,68.30036,42.1729,102.4137,3.6725,83.02,0.0,0.0159548183636407,1,0.0,0.0,4.459999999999994,82.85857142857142,77.34066666666666,0.015954818363640797,0.010153435155085521,0.0,0,76.905,-6.114999999999995
2025-01-20,81.68,78.56,129.4859,193.71,151.88629,42.1257,102.4137,3.6725,81.68,-0.0161406889906045,0.010466360297461,1,-0.0161406889906045,0.0,3.1200000000000045,82.71428571428571,77.62366666666665,0.01046636029746109,0.010794307675860938,0.0161406889906045,0,76.72700000000002,-4.952999999999989
2025-01-21,80.57,76.79,128.4151,225.37,50.095543,42.1551,101.9579,3.6725,80.57,-0.0135896180215476,0.0114061179305478,0,-0.013589618021547678,-0.02253054989816694,3.779999999999987,82.4542857142857,77.86966666666667,0.011406117930547808,0.01123210759758861,0.013589618021547678,0,76.60633333333334,-3.9636666666666542
2025-01-22,80.0,76.12,128.3402,121.77,157.46361,42.1661,99.9282,3.6725,80.0,-0.0070745935211616,0.008846977831603,0,-0.007074593521161687,-0.008725094413335133,3.8799999999999955,81.95714285714284,78.13233333333332,0.008846977831603011,0.010897261101164284,0.007074593521161687,0,76.43566666666668,-3.564333333333323
2025-01-23,78.62,75.03,128.2162,176.52,126.47986,42.0325,98.2804,3.6725,78.62,-0.0172499999999999,0.0095184512864157,0,-0.017249999999999988,-0.01431949553336842,3.5900000000000034,81.41857142857143,78.30299999999998,0.009518451286415755,0.011121826202646323,0.017249999999999988,0,76.311,-2.3089999999999975
2025-01-24,78.71,74.97,127.4611,189.16,148.64085,41.9751,99.0978,3.6725,78.71,0.0011447468837444,0.0081055129484908,0,0.0011447468837444408,-0.000799680127948843,3.739999999999995,80.80285714285715,78.47666666666666,0.008105512948490871,0.011115601786230772,0.0011447468837444408,0,76.18333333333335,-2.5266666666666424
2025-01-25,78.71,74.97,127.4611,159.12,84.66627,41.9751,98.2636,3.6725,78.71,0.0,0.0081055129484908,1,0.0,0.0,3.739999999999995,80.18714285714286,78.65033333333332,0.008105512948490871,0.011115601786230772,0.0,0,76.05600000000001,-2.653999999999982
2025-01-26,78.71,74.97,127.4611,178.55,128.06319,41.9751,98.2636,3.6725,78.71,0.0,0.0081055129484908,1,0.0,0.0,3.739999999999995,79.57142857142857,78.815,0.008105512948490871,0.01112069152886984,0.0,0,75.86933333333334,-2.8406666666666496
2025-01-27,77.3,73.51,128.0912,159.42,209.1438,41.9253,98.2636,3.6725,77.3,-0.0179138610087663,0.0084392543196746,0,-0.017913861008766352,-0.01947445644924628,3.789999999999992,78.94571428571429,78.93266666666666,0.008439254319674624,0.011709487951700905,0.017913861008766352,1,75.74233333333333,-1.5576666666666625
2025-01-28,78.01,74.15,128.2817,262.69,163.21046,41.9479,97.132,3.6725,78.01,0.0091849935316947,0.0100725787033919,0,0.009184993531694774,0.008706298462794138,3.8599999999999994,78.58,79.074,0.010072578703391967,0.011785364591799515,0.009184993531694774,0,75.64233333333333,-2.367666666666679
2025-01-29,77.02,72.94,128.3418,342.27,105.25916,42.0195,97.9658,3.6725,77.02,-0.0126906806819639,0.0105201249283915,0,-0.012690680681963995,-0.016318273769386438,4.079999999999998,78.1542857142857,79.16666666666667,0.010520124928391534,0.012048647536388625,0.012690680681963995,0,75.56700000000001,-1.4529999999999887
2025-01-30,77.42,73.1,128.1004,293.51,120.676414,41.9294,98.0126,3.6725,77.42,0.0051934562451312,0.0096791348425345,0,0.005193456245131234,0.002193583767480023,4.320000000000007,77.98285714285714,79.26133333333334,0.009679134842534512,0.012054934754635276,0.005193456245131234,0,75.47833333333334,-1.9416666666666629
2025-01-31,77.11,72.84,128.4828,495.78,109.84081,41.8242,98.0062,3.6725,77.11,-0.0040041332988891,0.0095817793067399,0,-0.0040041332988891565,-0.003556771545827564,4.269999999999996,77.75428571428571,79.34566666666666,0.009581779306739964,0.012092121115213362,0.0040041332988891565,0,75.40000000000002,-1.7099999999999795
2025-02-01,77.11,72.84,128.4828,256.1,65.24754,41.8242,97.8107,3.6725,77.11,0.0,0.0095817793067399,1,0.0,0.0,4.269999999999996,77.5257142857143,79.378,0.009581779306739964,0.01150372696680009,0.0,0,75.25800000000001,-1.8519999999999897
2025-02-02,77.11,72.84,128.4828,314.4,61.99993,41.8242,97.8107,3.6725,77.11,0.0,0.0095817793067399,1,0.0,0.0,4.269999999999996,77.29714285714284,79.391,0.009581779306739964,0.011424676493125984,0.0,0,75.098,-2.0120000000000005
2025-02-03,76.49,73.52,129.109,327.16,146.04507,41.7263,97.8107,3.6725,76.49,-0.0080404616781222,0.0075027569548479,0,-0.008040461678122224,0.009335529928610642,2.969999999999999,77.18142857142857,79.38333333333334,0.007502756954847946,0.011524178564841154,0.008040461678122224,0,74.91233333333334,-1.5776666666666586
2025-02-04,76.58,73.04,128.1083,393.35,141.46196,41.7908,99.9433,3.6725,76.58,0.0011766243953459,0.006081515762277,0,0.0011766243953459377,-0.006528835690968293,3.539999999999992,76.97714285714287,79.37866666666667,0.006081515762277074,0.011526308391922294,0.0011766243953459377,0,74.729,-1.850999999999999
2025-02-05,74.71,71.39,127.9751,226.19,135.56772,41.7558,98.5336,3.6725,74.71,-0.024418908331157,0.0097975182501621,0,-0.024418908331157008,-0.02259036144578319,3.319999999999993,76.64714285714285,79.29333333333334,0.009797518250162115,0.012268030151320317,0.024418908331157008,1,74.65499999999999,-0.05500000000000682
2025-02-06,74.54,70.97,128.2017,372.45,162.32184,41.6584,98.0556,3.6725,74.54,-0.0022754651318429,0.0089625702580953,0,-0.0022754651318429575,-0.005883176915534416,3.5700000000000074,76.23571428571428,79.18333333333334,0.008962570258095328,0.012165551625696597,0.0022754651318429575,0,74.58666666666664,0.046666666666638434
2025-02-07,74.68,71.32,128.4292,332.89,124.443504,41.4897,96.9104,3.6725,74.68,0.0018781862087469,0.0093776954114963,0,0.0018781862087469126,0.004931661265323406,3.3600000000000136,75.88857142857144,79.09366666666666,0.009377695411496367,0.012146686387067814,0.0018781862087469126,0,74.51366666666665,-0.16633333333335543
2025-02-08,74.68,71.32,128.4292,578.84,131.89397,41.4897,97.2762,3.6725,74.68,0.0,0.0093776954114963,1,0.0,0.0,3.3600000000000136,75.54142857142857,78.96833333333333,0.009377695411496367,0.01181822129377526,0.0,0,74.39366666666665,-0.28633333333336
2025-02-09,74.68,71.32,128.4292,613.98,0.0,41.4897,97.2762,3.6725,74.68,0.0,0.0093776954114963,1,0.0,0.0,3.3600000000000136,75.19428571428571,78.79899999999999,0.009377695411496367,0.011303054457923135,0.0,0,74.288,-0.3920000000000101
2025-02-10,76.23,72.73,128.6382,290.34,121.007034,41.4733,97.2762,3.6725,76.23,0.0207552222817353,0.0131400381618307,0,0.02075522228173532,0.019770050476724865,3.5,75.15714285714286,78.68133333333334,0.013140038161830781,0.012048523904745504,0.02075522228173532,1,74.15900000000002,-2.0709999999999837
2025-02-11,77.65,73.67,128.4322,230.88,119.803535,41.5936,96.7821,3.6725,77.65,0.018627836809655,0.015013608114359,0,0.018627836809655074,0.012924515330674957,3.980000000000004,75.31000000000002,78.611,0.015013608114359018,0.012592886202848734,0.018627836809655074,1,73.93133333333336,-3.7186666666666497
2025-02-12,75.38,71.72,128.3288,285.28,95.37143,41.6696,95.8024,3.6725,75.38,-0.0292337411461688,0.0164697018021157,0,-0.029233741146168835,-0.026469390525315606,3.6599999999999966,75.4057142857143,78.36733333333335,0.016469701802115724,0.011523766467053678,0.029233741146168835,1,73.81666666666666,-1.5633333333333326
2025-02-13,75.61,71.66,127.8931,236.69,167.4222,41.7927,94.0485,3.6725,75.61,0.0030512072167683,0.0163948342973711,0,0.0030512072167683257,-0.0008365867261572735,3.950000000000003,75.55857142857143,78.14133333333332,0.016394834297371173,0.011575938045564248,0.0030512072167683257,0,73.69433333333333,-1.9156666666666666
2025-02-14,75.19,71.05,127.1491,297.91,119.525635,41.7996,91.0313,3.6725,75.19,-0.0055548207909007,0.0166543393059678,0,-0.00555482079090075,-0.00851241975997763,4.140000000000001,75.63142857142857,77.865,0.016654339305967828,0.011180635092477003,0.00555482079090075,0,73.586,-1.6039999999999992
2025-02-15,75.19,71.05,127.1491,229.66,108.1865,41.7996,90.3099,3.6725,75.19,0.0,0.0166543393059678,1,0.0,0.0,4.140000000000001,75.7042857142857,77.625,0.016654339305967828,0.01104586036768817,0.0,0,73.47733333333332,-1.7126666666666779
2025-02-16,75.19,71.05,127.1491,294.91,86.55165,41.7996,90.3099,3.6725,75.19,0.0,0.0166543393059678,1,0.0,0.0,4.140000000000001,75.77714285714285,77.364,0.016654339305967828,0.010879056487831643,0.0,0,73.36866666666666,-1.8213333333333424
2025-02-17,75.81,71.05,127.1491,372.7,156.25319,41.6299,90.3099,3.6725,75.81,0.0082457773640112,0.0147557177892585,1,0.00824577736401122,0.0,4.760000000000005,75.71714285714286,77.12366666666667,0.014755717789258521,0.011066269621905602,0.00824577736401122,0,73.23966666666666,-2.5703333333333376
2025-02-18,76.46,72.21,127.2906,280.36,217.61394,41.5554,91.4347,3.6725,76.46,0.0085740667458118,0.0129389250103403,0,0.008574066745811848,0.01632653061224487,4.25,75.54714285714284,76.905,0.012938925010340305,0.01125458324652883,0.008574066745811848,0,73.11133333333335,-3.348666666666645
2025-02-19,76.34,72.58,127.7317,341.49,166.24411,41.5705,91.3398,3.6725,76.34,-0.0015694480774259,0.0051788840005213,0,-0.0015694480774259834,0.005123944052070506,3.760000000000005,75.6842857142857,76.72700000000002,0.005178884000521352,0.010964245389111723,0.0015694480774259834,0,72.988,-3.352000000000004
2025-02-20,76.95,72.88,127.1126,367.92,265.4881,41.6814,90.4268,3.6725,76.95,0.0079905685093004,0.0056860968247865,0,0.007990568509300466,0.004133370074400622,4.070000000000007,75.87571428571428,76.60633333333334,0.005686096824786518,0.01089845785958017,0.007990568509300466,0,72.84433333333332,-4.105666666666679
2025-02-21,74.88,70.72,127.1408,375.62,181.8219,41.7316,88.5103,3.6725,74.88,-0.0269005847953217,0.0124468739016475,0,-0.026900584795321758,-0.029637760702524663,4.159999999999997,75.83142857142856,76.43566666666668,0.012446873901647525,0.011812587190422089,0.026900584795321758,1,72.76966666666665,-2.110333333333344
2025-02-22,74.88,70.72,127.1408,203.15,124.80632,41.7316,88.1676,3.6725,74.88,0.0,0.0124468739016475,1,0.0,0.0,4.159999999999997,75.78714285714285,76.31099999999999,0.012446873901647525,0.011466189953389806,0.0,0,72.73900000000002,-2.140999999999977
2025-02-23,74.88,70.72,127.1408,476.69,96.910225,41.7316,88.1676,3.6725,74.88,0.0,0.0124468739016475,1,0.0,0.0,4.159999999999997,75.74285714285713,76.18333333333334,0.012446873901647525,0.0114587832338916,0.0,0,72.70233333333334,-2.177666666666653
2025-02-24,74.89,71.06,127.1921,355.9,144.02469,41.5919,88.1676,3.6725,74.89,0.000133547008547,0.0118581169946723,0,0.00013354700854706358,0.004807692307692291,3.8299999999999983,75.61142857142856,76.05600000000001,0.011858116994672391,0.011459451148938012,0.00013354700854706358,0,72.69266666666667,-2.197333333333333
2025-02-25,73.11,69.15,127.3752,232.14,165.32224,41.7015,88.2065,3.6725,73.11,-0.023768193350247,0.0133970820287394,0,-0.023768193350247047,-0.026878694061356567,3.9599999999999937,75.13285714285713,75.86933333333333,0.01339708202873949,0.012146549487037292,0.023768193350247047,1,72.74633333333333,-0.36366666666667413
2025-02-26,73.49,68.87,127.2822,275.17,162.063,41.7358,86.6318,3.6725,73.49,0.0051976473806591,0.0140249418144823,0,0.005197647380659198,-0.004049168474331233,4.61999999999999,74.72571428571428,75.74233333333333,0.014024941814482305,0.01185716884235383,0.005197647380659198,0,72.78633333333333,-0.7036666666666633
2025-02-27,75.01,70.62,127.9704,288.54,143.77463,41.639,85.9279,3.6725,75.01,0.020683086134168,0.0166160414926334,0,0.020683086134168027,0.025410193117467728,4.390000000000001,74.44857142857143,75.64233333333333,0.0166160414926334,0.012392067794753483,0.020683086134168027,1,72.77566666666667,-2.234333333333339
2025-02-28,74.76,69.97,128.2805,345.22,122.68769,41.514,87.6967,3.6725,74.76,-0.0033328889481402,0.013106549603105,0,-0.0033328889481402113,-0.009204191447182208,4.790000000000006,74.43142857142857,75.56700000000001,0.013106549603105049,0.012210119716294657,0.0033328889481402113,0,72.77333333333334,-1.9866666666666646
2025-03-01,74.76,69.97,128.2805,522.4,119.86265,41.514,88.2568,3.6725,74.76,0.0,0.013106549603105,1,0.0,0.0,4.790000000000006,74.41428571428571,75.47833333333332,0.013106549603105049,0.01215715999971049,0.0,0,72.85566666666666,-1.9043333333333408
2025-03-02,74.76,69.97,128.2805,476.54,83.74469,41.514,88.2568,3.6725,74.76,0.0,0.013106549603105,1,0.0,0.0,4.790000000000006,74.39714285714285,75.4,0.013106549603105049,0.012146070439264068,0.0,0,72.95633333333333,-1.8036666666666719
2025-03-03,72.85,68.63,127.75,429.75,154.22887,41.4313,88.2568,3.6725,72.85,-0.0255484216158374,0.016233688619471,0,-0.02554842161583748,-0.01915106474203232,4.219999999999999,74.10571428571428,75.25800000000001,0.01623368861947104,0.012945812889119949,0.02554842161583748,1,73.10366666666667,0.2536666666666747
2025-03-04,72.31,68.47,127.9966,447.53,253.45268,41.5911,89.2497,3.6725,72.31,-0.0074124914207274,0.0138929858213693,0,-0.007412491420727418,-0.00233134197872642,3.8400000000000034,73.99142857142859,75.098,0.013892985821369358,0.012980746972326443,0.007412491420727418,0,73.11133333333333,0.8013333333333321
2025-03-05,70.92,66.58,126.504,391.3,180.47382,41.5782,89.2448,3.6725,70.92,-0.0192227907619969,0.014959621961825,0,-0.019222790761996955,-0.02760332992551484,4.340000000000003,73.62428571428572,74.91233333333334,0.014959621961825022,0.01331471156483306,0.019222790761996955,1,73.02600000000001,2.1060000000000088
2025-03-06,71.08,66.62,126.1099,726.26,229.8757,41.368,89.7878,3.6725,71.08,0.0022560631697687,0.0107093413864988,0,0.002256063169768785,0.0006007810153199067,4.459999999999994,73.06285714285714,74.729,0.010709341386498818,0.01332624984428812,0.002256063169768785,0,72.93533333333335,1.8553333333333484
2025-03-07,72.49,67.29,125.9814,556.7,179.52727,41.2742,89.5724,3.6725,72.49,0.0198368036015756,0.0149800976216644,0,0.019836803601575692,0.010057039927949596,5.199999999999989,72.73857142857143,74.655,0.014980097621664402,0.013253467954278765,0.019836803601575692,1,72.79766666666666,0.30766666666666254
2025-03-08,72.49,67.29,125.9814,684.13,195.74263,41.2742,89.1362,3.6725,72.49,0.0,0.0149800976216644,1,0.0,0.0,5.199999999999989,72.41428571428571,74.58666666666666,0.014980097621664402,0.01325195210162979,0.0,0,72.58566666666665,0.09566666666665924
2025-03-09,72.49,67.29,125.9814,714.21,105.720245,41.2742,89.1362,3.6725,72.49,0.0,0.0149800976216644,1,0.0,0.0,5.199999999999989,72.09,74.51366666666668,0.014980097621664402,0.013243082882945501,0.0,0,72.33133333333332,-0.15866666666667584
2025-03-10,71.08,66.31,126.268,403.78,238.45331,41.2127,89.1362,3.6725,71.08,-0.0194509587529313,0.0136574083806071,0,-0.019450958752931347,-0.014563828206271445,4.769999999999996,71.83714285714287,74.39366666666666,0.013657408380607106,0.013666554231584322,0.019450958752931347,1,72.20533333333333,1.1253333333333302
2025-03-11,71.51,66.52,126.0457,704.03,221.63655,41.287,88.3872,3.6725,71.51,0.0060495216657288,0.0139475001815697,0,0.0060495216657288076,0.0031669431458301034,4.990000000000009,71.72285714285714,74.288,0.01394750018156973,0.013734746081017284,0.0060495216657288076,0,72.00066666666665,0.49066666666664105
2025-03-12,72.36,67.65,125.8664,433.5,218.22658,41.4124,86.5669,3.6725,72.36,0.0118864494476296,0.0122087404310702,0,0.011886449447629621,0.01698737221888158,4.709999999999994,71.92857142857143,74.159,0.012208740431070208,0.013332020270113926,0.011886449447629621,0,71.8163333333333,-0.5436666666666952
2025-03-13,70.82,66.82,126.0031,463.36,254.81291,41.5076,86.6204,3.6725,70.82,-0.0212824765063571,0.0152829674081833,0,-0.021282476506357173,-0.012269031781227069,4.0,71.89142857142858,73.93133333333334,0.015282967408183317,0.013229787359256924,0.021282476506357173,1,71.68333333333332,0.8633333333333297
2025-03-14,71.94,67.43,125.6942,442.46,223.67819,41.527,86.619,3.6725,71.94,0.0158147415984186,0.0144470790565224,0,0.01581474159841867,0.009129003292427607,4.509999999999991,71.81285714285714,73.81666666666666,0.014447079056522422,0.012692714361580449,0.01581474159841867,0,71.51299999999998,-0.4270000000000209
2025-03-15,71.94,67.43,125.6942,494.6,150.57126,41.527,85.5694,3.6725,71.94,0.0,0.0144470790565224,1,0.0,0.0,4.509999999999991,71.73428571428572,73.69433333333333,0.014447079056522422,0.012667374210370485,0.0,0,71.35433333333332,-0.5856666666666825
2025-03-16,71.94,67.43,125.6942,731.78,92.954704,41.527,85.5694,3.6725,71.94,0.0,0.0144470790565224,1,0.0,0.0,4.509999999999991,71.6557142857143,73.586,0.014447079056522422,0.012647840276562771,0.0,0,71.17566666666666,-0.7643333333333402
2025-03-17,71.93,67.84,125.3688,649.53,155.95892,41.5098,85.5694,3.6725,71.93,-0.0001390047261605,0.0119668839320306,0,-0.00013900472616057424,0.006080379652973367,4.090000000000003,71.77714285714285,73.47733333333333,0.011966883932030683,0.012647337431952817,0.00013900472616057424,0,71.04266666666668,-0.8873333333333306
2025-03-18,71.93,67.49,125.488,614.24,201.12018,41.4395,84.3059,3.6725,71.93,0.0,0.0118231645818417,0,0.0,-0.0051591981132076414,4.440000000000012,71.83714285714287,73.36866666666667,0.01182316458184173,0.012647337431952817,0.0,0,70.95599999999999,-0.974000000000018
2025-03-19,71.94,67.4,125.8006,565.45,275.09213,41.5658,81.5018,3.6725,71.94,0.0001390240511607,0.0107921087162132,0,0.0001390240511607299,-0.001333530893465551,4.539999999999992,71.77714285714285,73.23966666666666,0.010792108716213245,0.012520133125634414,0.0001390240511607299,0,70.86899999999999,-1.0710000000000122
2025-03-20,72.61,68.55,125.985,458.66,246.20436,41.573,82.8487,3.6725,72.61,0.0093133166527661,0.0064119637056466,0,0.009313316652766135,0.017062314540059242,4.060000000000002,72.03285714285714,73.11133333333333,0.006411963705646622,0.012541696947568756,0.009313316652766135,0,70.75966666666666,-1.8503333333333387
2025-03-21,72.64,68.52,126.2679,390.35,158.82173,41.541,84.3955,3.6725,72.64,0.0004131662305468,0.0034983864262102,0,0.00041316623054687973,-0.0004376367614880028,4.1200000000000045,72.13285714285713,72.988,0.003498386426210202,0.012547326840991947,0.00041316623054687973,0,70.64933333333333,-1.9906666666666695
2025-03-22,72.64,68.52,126.2679,488.06,94.94621,41.541,84.64,3.6725,72.64,0.0,0.0034983864262102,1,0.0,0.0,4.1200000000000045,72.23285714285716,72.84433333333332,0.003498386426210202,0.01242137912943882,0.0,0,70.53899999999999,-2.1010000000000133
2025-03-23,72.64,68.52,126.2679,538.36,96.910225,41.541,84.64,3.6725,72.64,0.0,0.0034983864262102,1,0.0,0.0,4.1200000000000045,72.33285714285715,72.76966666666665,0.003498386426210202,0.011485975767346442,0.0,0,70.41533333333332,-2.2246666666666783
2025-03-24,73.96,69.46,126.1956,498.84,141.50775,41.5277,84.64,3.6725,73.96,0.0181718061674007,0.0071279232222153,0,0.018171806167400772,0.01371862230005827,4.5,72.62285714285714,72.739,0.0071279232222153524,0.012005107007686403,0.018171806167400772,1,70.22533333333332,-3.7346666666666692
2025-03-25,73.78,69.48,126.0535,472.98,139.72165,41.6446,83.8737,3.6725,73.78,-0.0024337479718765,0.0074096405033549,0,-0.0024337479718765653,0.000287935502447656,4.299999999999997,72.88714285714285,72.70233333333334,0.0074096405033549735,0.012010937412894274,0.0024337479718765653,0,70.01599999999999,-3.76400000000001
2025-03-26,74.6,70.05,126.2364,316.49,155.46347,41.6949,84.193,3.6725,74.6,0.0111141230685822,0.0076966151251705,0,0.011114123068582282,0.008203799654576738,4.549999999999997,73.26714285714286,72.69266666666667,0.007696615125170502,0.012194397409879928,0.011114123068582282,0,69.76233333333332,-4.837666666666678
2025-03-27,74.72,70.3,126.3626,313.11,155.94879,41.5644,84.2065,3.6725,74.72,0.0016085790884718,0.0075643804956997,0,0.0016085790884718953,0.0035688793718773315,4.420000000000002,73.56857142857143,72.74633333333333,0.007564380495699798,0.011343375404095243,0.0016085790884718953,0,69.50466666666667,-5.215333333333334
2025-03-28,74.69,69.74,126.4187,362.44,156.45679,41.4863,83.8347,3.6725,74.69,-0.0004014989293361,0.0076369227566437,0,-0.0004014989293361637,-0.007965860597439534,4.950000000000003,73.86142857142856,72.78633333333332,0.007636922756643733,0.01131435729263488,0.0004014989293361637,0,69.24799999999999,-5.442000000000007
2025-03-29,74.69,69.74,126.4187,284.53,100.380844,41.4863,83.6813,3.6725,74.69,0.0,0.0076369227566437,1,0.0,0.0,4.950000000000003,74.1542857142857,72.77566666666667,0.007636922756643733,0.010659756375709876,0.0,0,68.96266666666666,-5.727333333333334
2025-03-30,74.69,69.74,126.4187,612.15,55.056526,41.4863,83.6813,3.6725,74.69,0.0,0.0076369227566437,1,0.0,0.0,4.950000000000003,74.44714285714285,72.77333333333333,0.007636922756643733,0.010642118096977609,0.0,0,68.60766666666667,-6.082333333333324
2025-03-31,77.23,71.87,126.7075,426.16,188.3617,41.4787,83.6813,3.6725,77.23,0.0340072298835185,0.0129963983370743,0,0.034007229883518564,0.030542013191855677,5.359999999999999,74.91428571428571,72.85566666666666,0.012996398337074335,0.012318633123873247,0.034007229883518564,1,68.14566666666666,-9.084333333333348
2025-04-01,77.78,71.61,126.4338,642.48,90.91095,41.4228,85.4963,3.6725,77.78,0.0071215848763432,0.0124187486748306,0,0.00712158487634329,-0.0036176429664672716,6.170000000000002,75.48571428571428,72.95633333333333,0.012418748674830655,0.012364096406106405,0.00712158487634329,0,67.63199999999999,-10.14800000000001
2025-04-02,77.27,72.12,126.3811,445.6,115.746956,41.373,84.8707,3.6725,77.27,-0.0065569555155567,0.0133546182841321,0,-0.006556955515556795,0.00712191034771692,5.1499999999999915,75.86714285714287,73.10366666666667,0.013354618284132166,0.011384396446829911,0.006556955515556795,0,67.10866666666665,-10.161333333333346
2025-04-03,72.54,67.43,124.7316,438.93,97.93678,41.3162,84.5522,3.6725,72.54,-0.0612139251973598,0.0285570451330067,0,-0.0612139251973598,-0.06503050471436489,5.109999999999999,75.55571428571429,73.11133333333333,0.02855704513300671,0.016159159658295216,0.0612139251973598,1,66.74299999999998,-5.7970000000000255
2025-04-04,68.36,62.42,125.8129,550.44,176.96521,41.3426,84.383,3.6725,68.36,-0.0576233802040254,0.0348889192810993,0,-0.057623380204025465,-0.07429927332048059,5.939999999999998,74.65142857142857,73.026,0.03488891928109931,0.019021058479461173,0.057623380204025465,1,66.51666666666665,-1.843333333333348
2025-04-05,68.36,62.42,125.8129,975.6,148.76802,41.3426,84.2774,3.6725,68.36,0.0,0.0348889192810993,1,0.0,0.0,5.939999999999998,73.74714285714286,72.93533333333333,0.03488891928109931,0.019012012275635783,0.0,0,66.29033333333332,-2.069666666666677
2025-04-06,68.36,62.42,125.8129,773.67,115.76177,41.3426,84.2774,3.6725,68.36,0.0,0.0348889192810993,1,0.0,0.0,5.939999999999998,72.84285714285714,72.79766666666666,0.03488891928109931,0.01859844080639665,0.0,0,66.09066666666665,-2.26933333333335
2025-04-07,66.13,61.05,126.8282,574.97,125.71415,41.1941,84.2774,3.6725,66.13,-0.0326214160327678,0.0287887358147831,0,-0.0326214160327678,-0.021948093559756576,5.079999999999998,71.25714285714285,72.58566666666667,0.02878873581478314,0.01942587587021555,0.0326214160327678,1,65.89666666666666,-0.23333333333333428
2025-04-08,64.86,60.04,126.8668,565.99,128.11035,41.0807,86.1891,3.6725,64.86,-0.0192045970058973,0.0260027166890961,0,-0.019204597005897384,-0.016543816543816536,4.82,69.41142857142857,72.33133333333332,0.026002716689096123,0.01964327026537784,0.019204597005897384,1,65.80866666666665,0.9486666666666537
2025-04-09,67.3,62.63,126.628,590.08,189.45361,41.174,85.4641,3.6725,67.3,0.0376194881282763,0.0350882980851908,0,0.03761948812827631,0.043137908061292585,4.669999999999995,67.98714285714286,72.20533333333333,0.03508829808519087,0.02077697053472955,0.03761948812827631,1,65.70733333333332,-1.5926666666666733
2025-04-10,65.37,60.57,125.089,623.53,166.20149,41.2751,86.0923,3.6725,65.37,-0.0286775631500741,0.030408191003271,0,-0.028677563150074192,-0.03289158550215554,4.800000000000004,66.96285714285715,72.00066666666666,0.030408191003271093,0.02129656620384999,0.028677563150074192,1,65.67033333333332,0.30033333333331313
2025-04-11,66.83,61.91,124.0163,833.81,134.7485,41.4031,85.0159,3.6725,66.83,0.0223344041609299,0.0261696401134381,0,0.02233440416092991,0.022123163282152802,4.920000000000002,66.74428571428571,71.81633333333333,0.026169640113438166,0.021627282615258748,0.02233440416092991,1,65.58466666666666,-1.2453333333333347
2025-04-12,66.83,61.91,124.0163,589.49,93.658905,41.4031,84.004,3.6725,66.83,0.0,0.0261696401134381,1,0.0,0.0,4.920000000000002,66.52571428571429,71.68333333333334,0.026169640113438166,0.021334172445069344,0.0,0,65.533,-1.296999999999997
2025-04-13,66.83,61.91,124.0163,910.15,91.55338,41.4031,84.004,3.6725,66.83,0.0,0.0261696401134381,1,0.0,0.0,4.920000000000002,66.30714285714285,71.513,0.026169640113438166,0.021080159964303086,0.0,0,65.53633333333333,-1.2936666666666667
2025-04-14,67.18,61.99,123.6598,495.65,168.11903,41.3879,84.004,3.6725,67.18,0.0052371689361065,0.0226932401344163,0,0.005237168936106595,0.0012921983524472047,5.190000000000005,66.45714285714287,71.35433333333334,0.022693240134416325,0.02112094710715229,0.005237168936106595,0,65.494,-1.686000000000007
2025-04-15,66.58,61.74,123.776,371.94,141.46196,41.3153,82.7671,3.6725,66.58,-0.008931229532599,0.0213501204019317,0,-0.008931229532599061,-0.004032908533634472,4.839999999999996,66.70285714285714,71.17566666666667,0.021350120401931724,0.021153832081347284,0.008931229532599061,0,65.42,-1.1599999999999966
2025-04-16,67.94,62.88,123.2724,505.79,156.3099,41.1753,82.3003,3.6725,67.94,0.020426554520877,0.0174654297214599,0,0.02042655452087705,0.01846452866861026,5.059999999999995,66.79428571428572,71.04266666666666,0.017465429721459945,0.02155757721683102,0.02042655452087705,1,65.32866666666668,-2.61133333333332
2025-04-17,69.33,65.07,123.1298,508.01,122.460915,41.2152,82.5892,3.6725,69.33,0.0204592287312335,0.012487662745868,0,0.020459228731233514,0.034828244274808906,4.260000000000005,67.36,70.95599999999999,0.01248766274586804,0.021932643796506283,0.020459228731233514,1,65.191,-4.138999999999996
2025-04-18,69.33,65.07,122.9865,417.47,187.73235,41.3825,82.02,3.6725,69.33,0.0,0.0111461167175492,1,0.0,0.0,4.260000000000005,67.71714285714286,70.86899999999999,0.011146116717549242,0.021932411715649264,0.0,0,65.05333333333334,-4.276666666666657
2025-04-19,69.33,65.07,122.9865,431.85,117.39454,41.3825,81.1371,3.6725,69.33,0.0,0.0111461167175492,1,0.0,0.0,4.260000000000005,68.07428571428571,70.75966666666666,0.011146116717549242,0.021847224124676906,0.0,0,64.95066666666668,-4.379333333333321
2025-04-20,69.33,65.07,122.9865,526.52,170.10483,41.3825,81.1371,3.6725,69.33,0.0,0.0111461167175492,1,0.0,0.0,4.260000000000005,68.43142857142857,70.64933333333333,0.011146116717549242,0.02184623384986654,0.0,0,64.87066666666666,-4.459333333333333
2025-04-21,69.33,63.48,122.3145,407.95,158.3972,41.3955,81.1371,3.6725,69.33,0.0,0.0113263743121064,1,0.0,-0.024435223605348,5.850000000000001,68.73857142857143,70.539,0.011326374312106485,0.02184623384986654,0.0,0,64.75500000000001,-4.574999999999989
2025-04-22,68.93,64.6,122.4175,439.04,133.22942,41.3785,80.7597,3.6725,68.93,-0.0057695081494301,0.0107466794229397,0,-0.005769508149430114,0.017643352236925036,4.3300000000000125,69.07428571428571,70.41533333333334,0.010746679422939736,0.02185961479340788,0.005769508149430114,0,64.61966666666666,-4.310333333333347
2025-04-23,68.26,62.64,123.0252,337.82,146.83368,41.5185,81.462,3.6725,68.26,-0.0097200058029885,0.0095115498419541,0,-0.009720005802988596,-0.030340557275541746,5.6200000000000045,69.11999999999999,70.22533333333332,0.00951154984195413,0.021585017440295166,0.009720005802988596,0,64.52466666666666,-3.735333333333344
2025-04-24,67.5,63.55,122.9251,419.9,179.21396,41.6707,82.3637,3.6725,67.5,-0.0111338997949018,0.0050078511516909,0,-0.01113389979490187,0.014527458492975764,3.950000000000003,68.85857142857142,70.016,0.005007851151690985,0.02164328545629784,0.01113389979490187,0,64.455,-3.0450000000000017
2025-04-25,66.99,63.85,122.8858,515.91,190.11258,41.689,82.8559,3.6725,66.99,-0.0075555555555556,0.0048636387217028,0,-0.007555555555555649,0.004720692368214152,3.1399999999999935,68.52428571428571,69.76233333333333,0.004863638721702803,0.021499397063934535,0.007555555555555649,0,64.40233333333335,-2.5876666666666495
2025-04-26,66.99,63.85,122.8858,473.09,123.44973,41.689,82.6549,3.6725,66.99,0.0,0.0048636387217028,1,0.0,0.0,3.1399999999999935,68.19000000000001,69.50466666666667,0.004863638721702803,0.021488598959748393,0.0,0,64.34966666666668,-2.6403333333333165
2025-04-27,66.99,63.85,122.8858,664.45,154.07292,41.689,82.6549,3.6725,66.99,0.0,0.0048636387217028,1,0.0,0.0,3.1399999999999935,67.85571428571428,69.248,0.004863638721702803,0.02149066015845521,0.0,0,64.26066666666668,-2.729333333333315
2025-04-28,66.13,63.3,122.7176,787.79,113.79049,41.7513,82.6549,3.6725,66.13,-0.012837736975668,0.0051288004161361,0,-0.012837736975668035,-0.008613938919342257,2.8299999999999983,67.39857142857143,68.96266666666666,0.0051288004161361605,0.02154849557055019,0.012837736975668035,0,64.24700000000001,-1.8829999999999814
2025-04-29,64.04,61.84,122.5944,575.26,127.874855,41.7441,82.5467,3.6725,64.04,-0.0316044155451381,0.0106534914841766,0,-0.031604415545138154,-0.02306477093206938,2.200000000000003,66.7,68.60766666666667,0.010653491484176679,0.02212020013972774,0.031604415545138154,1,64.26566666666666,0.2256666666666547
2025-04-30,63.37,59.55,122.5921,433.1,140.21451,41.5647,81.5616,3.6725,63.37,-0.0104622111180513,0.0106492028048762,0,-0.010462211118051346,-0.0370310478654593,3.8200000000000003,66.00142857142858,68.14566666666667,0.010649202804876214,0.02088002015829325,0.010462211118051346,0,64.29733333333333,0.9273333333333298
2025-05-01,62.37,60.59,123.1405,890.82,105.34668,41.4706,81.4933,3.6725,62.37,-0.0157803376992267,0.0108374698147483,0,-0.01578033769922671,0.017464315701091637,1.779999999999994,65.26857142857143,67.632,0.010837469814748367,0.02078869033154607,0.01578033769922671,0,64.36233333333332,1.9923333333333275
2025-05-02,61.57,59.67,122.4962,592.35,181.07283,41.5945,81.4933,3.6725,61.57,-0.0128266794933461,0.0107264466926473,0,-0.01282667949334615,-0.015184023766298127,1.8999999999999986,64.49428571428571,67.10866666666666,0.010726446692647303,0.020814328568983888,0.01282667949334615,0,64.454,2.8839999999999932
2025-05-03,61.57,59.67,122.4962,706.16,85.18031,41.5945,81.4933,3.6725,61.57,0.0,0.0107264466926473,1,0.0,0.0,1.8999999999999986,63.71999999999999,66.743,0.010726446692647303,0.018184058883344758,0.0,0,64.61999999999999,3.04999999999999
2025-05-04,61.57,59.67,122.4962,636.65,95.38808,41.5945,81.4933,3.6725,61.57,0.0,0.0107264466926473,1,0.0,0.0,1.8999999999999986,62.94571428571428,66.51666666666667,0.010726446692647303,0.015276250212942013,0.0,0,64.817,3.246999999999993
2025-05-05,61.57,58.5,122.2613,346.64,213.92316,41.7091,81.4933,3.6725,61.57,0.0,0.0116067652903634,1,0.0,-0.019607843137254943,3.0700000000000003,62.29428571428572,66.29033333333334,0.011606765290363455,0.015276250212942013,0.0,0,64.98766666666667,3.417666666666669
2025-05-06,62.37,60.42,122.0417,553.82,214.70346,41.6036,81.9137,3.6725,62.37,0.0129933409127822,0.0099556646191561,0,0.012993340912782259,0.03282051282051279,1.9499999999999957,62.05571428571428,66.09066666666666,0.009955664619156113,0.015556660049361256,0.012993340912782259,0,65.14666666666668,2.776666666666678
2025-05-07,60.31,59.42,122.117,428.17,250.21036,41.4544,80.9644,3.6725,60.31,-0.0330286996953662,0.0149178480463881,0,-0.03302869969536626,-0.01655081098973854,0.8900000000000006,61.61857142857143,65.89666666666668,0.014917848046388198,0.015583614609961854,0.03302869969536626,1,65.40366666666667,5.093666666666664
2025-05-08,62.22,61.25,122.7568,567.82,246.38934,41.4388,80.8612,3.6725,62.22,0.0316697065163322,0.0201122385449056,0,0.031669706516332274,0.03079771120834729,0.9699999999999989,61.597142857142856,65.80866666666667,0.02011223854490561,0.01649507059303114,0.031669706516332274,1,65.59700000000001,3.3770000000000095
2025-05-09,64.26,62.37,122.5191,535.71,150.08397,41.5113,80.8612,3.6725,64.26,0.0327868852459016,0.0225676013698814,0,0.032786885245901676,0.01828571428571424,1.8900000000000077,61.98142857142857,65.70733333333334,0.022567601369881455,0.016121734000583043,0.032786885245901676,1,65.72233333333334,1.4623333333333335
2025-05-10,64.26,62.37,122.5191,676.42,106.34247,41.5113,80.8612,3.6725,64.26,0.0,0.0225676013698814,1,0.0,0.0,1.8900000000000077,62.36571428571428,65.67033333333333,0.022567601369881455,0.01527752921211256,0.0,0,65.87133333333334,1.6113333333333344
2025-05-11,64.26,62.37,122.5191,777.17,104.522766,41.5113,80.8612,3.6725,64.26,0.0,0.0225676013698814,1,0.0,0.0,1.8900000000000077,62.75,65.58466666666666,0.022567601369881455,0.014660253760969197,0.0,0,66.00966666666667,1.7496666666666698
2025-05-12,65.28,63.32,123.4863,667.23,200.17465,41.547,80.8612,3.6725,65.28,0.0158730158730158,0.0226210902708886,0,0.015873015873015817,0.01523168189834867,1.9600000000000009,63.279999999999994,65.533,0.0226210902708886,0.014987925621448996,0.015873015873015817,0,66.21,0.9299999999999926
2025-05-13,66.93,65.04,122.9583,512.95,150.02571,41.5387,80.8883,3.6725,66.93,0.0252757352941177,0.0234775753998334,0,0.02527573529411775,0.02716361339229323,1.8900000000000006,63.931428571428576,65.53633333333333,0.023477575399833493,0.01571964755149537,0.02527573529411775,1,66.34033333333333,-0.5896666666666732
2025-05-14,65.91,64.48,122.6746,776.77,145.07596,41.5004,80.55,3.6725,65.91,-0.015239802779023,0.0184140146887365,0,-0.015239802779023037,-0.008610086100861003,1.4299999999999926,64.73142857142857,65.494,0.018414014688736536,0.01593508609292741,0.015239802779023037,0,66.67666666666666,0.7666666666666657
2025-05-15,64.36,63.03,122.8174,469.0,213.52788,41.5376,80.2237,3.6725,64.36,-0.0235169170080412,0.0207135161457257,0,-0.02351691700804126,-0.022487593052109234,1.3299999999999983,65.03714285714285,65.42,0.020713516145725707,0.016416023617689665,0.02351691700804126,1,67.06466666666667,2.704666666666668
2025-05-16,65.2,63.84,123.0737,516.56,206.70422,41.4709,80.3134,3.6725,65.2,0.0130515848353014,0.0173799889023153,0,0.013051584835301444,0.01285102332222765,1.3599999999999994,65.17142857142858,65.32866666666668,0.01737998890231537,0.01613694644782672,0.013051584835301444,0,67.42466666666665,2.22466666666665
2025-05-17,65.2,63.84,123.0737,581.6,123.052284,41.4709,80.7689,3.6725,65.2,0.0,0.0173799889023153,1,0.0,0.0,1.3599999999999994,65.30571428571429,65.191,0.01737998890231537,0.015611812279498559,0.0,0,67.75299999999999,2.552999999999983
2025-05-18,65.2,63.84,123.0737,681.45,137.7049,41.4709,80.7689,3.6725,65.2,0.0,0.0173799889023153,1,0.0,0.0,1.3599999999999994,65.44,65.05333333333333,0.01737998890231537,0.015611812279498559,0.0,0,68.203,3.003
2025-05-19,66.25,63.98,122.4186,390.58,231.87975,41.4983,80.7689,3.6725,66.25,0.0161042944785274,0.0174104930229268,0,0.01610429447852746,0.002192982456140191,2.270000000000003,65.57857142857144,64.95066666666666,0.017410493022926878,0.01595350761041102,0.01610429447852746,0,68.60733333333333,2.3573333333333295
2025-05-20,66.93,63.97,122.3199,408.7,167.23642,41.576,80.4137,3.6725,66.93,0.0102641509433962,0.0148339648659336,0,0.010264150943396277,-0.00015629884338852484,2.960000000000008,65.57857142857144,64.87066666666666,0.014833964865933658,0.016093806511295255,0.010264150943396277,0,69.05533333333332,2.125333333333316
2025-05-21,65.86,62.93,121.7496,319.48,222.44102,41.4851,80.3075,3.6725,65.86,-0.0159868519348573,0.0149647852226761,0,-0.015986851934857382,-0.01625762075973114,2.9299999999999997,65.57142857142857,64.755,0.014964785222676193,0.01632096296781188,0.015986851934857382,0,69.48433333333332,3.6243333333333254
2025-05-22,64.87,62.55,122.0429,283.69,205.25377,41.436,79.753,3.6725,64.87,-0.0150318858184026,0.0129518266777921,0,-0.015031885818402646,-0.006038455426664591,2.3200000000000074,65.64428571428572,64.61966666666666,0.012951826677792105,0.01648965773406467,0.015031885818402646,0,69.94633333333333,5.076333333333324
2025-05-23,65.41,62.89,121.3837,328.74,103.51774,41.4999,79.7357,3.6725,65.41,0.0083243409896716,0.0123396677290239,0,0.008324340989671608,0.005435651478816972,2.519999999999996,65.67428571428572,64.52466666666666,0.012339667729023902,0.01652326844536591,0.008324340989671608,0,70.39033333333333,4.980333333333334
2025-05-24,65.41,62.89,121.3837,247.2,89.67142,41.4999,79.7108,3.6725,65.41,0.0,0.0123396677290239,1,0.0,0.0,2.519999999999996,65.70428571428572,64.455,0.012339667729023902,0.016419222297123684,0.0,0,70.688,5.278000000000006
2025-05-25,65.41,62.89,121.3837,353.81,142.20619,41.4999,79.7108,3.6725,65.41,0.0,0.0123396677290239,1,0.0,0.0,2.519999999999996,65.73428571428572,64.40233333333333,0.012339667729023902,0.01637177095194137,0.0,0,70.812,5.402000000000001
2025-05-26,65.41,62.89,121.3837,293.68,180.83496,41.5094,79.7108,3.6725,65.41,0.0,0.010280332938454,1,0.0,0.0,2.519999999999996,65.61428571428571,64.34966666666666,0.010280332938454075,0.01637177095194137,0.0,0,70.91166666666666,5.501666666666665
2025-05-27,64.32,61.61,121.6099,409.58,203.34573,41.5707,79.6588,3.6725,64.32,-0.0166641186362942,0.0100600328595585,0,-0.016664118636294245,-0.02035299729686757,2.7099999999999937,65.24142857142857,64.26066666666667,0.010060032859558588,0.01662907694944042,0.016664118636294245,0,71.05333333333334,6.7333333333333485
2025-05-28,65.72,62.54,121.9888,282.29,228.03908,41.6758,79.6176,3.6725,65.72,0.021766169154229,0.0132056994227346,0,0.02176616915422902,0.015094952118162697,3.1799999999999997,65.22142857142856,64.247,0.01320569942273461,0.01699170391766946,0.02176616915422902,1,71.175,5.454999999999998
2025-05-29,64.6,61.66,121.5617,340.04,169.42586,41.5903,79.6037,3.6725,64.6,-0.0170419963481437,0.0135972775949552,0,-0.01704199634814374,-0.014070994563479378,2.9399999999999977,65.18285714285715,64.26566666666666,0.013597277594955217,0.01625159643314404,0.01704199634814374,0,71.334,6.734000000000009
2025-05-30,64.32,61.46,121.7674,514.0,185.31847,41.5285,78.497,3.6725,64.32,-0.0043343653250774,0.0130565383361269,0,-0.004334365325077472,-0.003243593902043429,2.8599999999999923,65.02714285714286,64.29733333333333,0.013056538336126909,0.01614831656574954,0.004334365325077472,0,71.50233333333334,7.182333333333347
2025-05-31,64.32,61.46,121.7674,389.5,54.934788,41.5285,78.6171,3.6725,64.32,0.0,0.0130565383361269,1,0.0,0.0,2.8599999999999923,64.87142857142857,64.36233333333332,0.013056538336126909,0.015849864388622778,0.0,0,71.63000000000001,7.3100000000000165
2025-06-01,64.32,61.46,121.7674,902.62,161.3815,41.5285,78.6171,3.6725,64.32,0.0,0.0130565383361269,1,0.0,0.0,2.8599999999999923,64.71571428571428,64.45400000000001,0.013056538336126909,0.01563139164284259,0.0,0,71.74033333333334,7.420333333333346
2025-06-02,66.55,63.27,121.1881,445.03,247.20653,41.5261,78.6171,3.6725,66.55,0.0346703980099503,0.019210963386981,0,0.03467039800995031,0.029450048812235563,3.279999999999994,64.87857142857142,64.61999999999999,0.01921096338698104,0.016752349173527848,0.03467039800995031,1,71.882,5.332000000000008
2025-06-03,67.48,64.1,121.4592,475.75,205.0933,41.6184,79.1285,3.6725,67.48,0.0139744552967695,0.0174967566437762,0,0.01397445529676955,0.01311838153943401,3.3800000000000097,65.33,64.817,0.017496756643776236,0.01686767736486067,0.01397445529676955,0,71.98,4.5
2025-06-04,66.69,63.57,121.0539,420.42,197.03004,41.6385,78.8549,3.6725,66.69,-0.0117071724955543,0.0173637679630601,0,-0.011707172495554308,-0.00826833073322919,3.1199999999999974,65.46857142857142,64.98766666666667,0.01736376796306018,0.017078300575955527,0.011707172495554308,0,72.12466666666667,5.434666666666672
2025-06-05,67.14,64.06,120.9596,340.8,245.16422,41.4829,78.5025,3.6725,67.14,0.0067476383265856,0.0151519151408481,0,0.006747638326585648,0.007708038382885141,3.0799999999999983,65.83142857142856,65.14666666666666,0.015151915140848108,0.016987668694482636,0.006747638326585648,0,72.25433333333335,5.114333333333349
2025-06-06,68.02,65.3,121.161,351.94,137.79399,41.4717,79.1272,3.6725,68.02,0.0131069407208816,0.0146681996123395,0,0.013106940720881699,0.019356852950358938,2.719999999999999,66.36,65.40366666666667,0.014668199612339568,0.015689905591878873,0.013106940720881699,0,72.35466666666667,4.334666666666678
2025-06-07,68.02,65.3,121.161,367.07,109.03436,41.4717,79.1703,3.6725,68.02,0.0,0.0146681996123395,1,0.0,0.0,2.719999999999999,66.88857142857142,65.597,0.014668199612339568,0.014814503511015807,0.0,0,72.48566666666666,4.465666666666664
2025-06-08,68.02,65.3,121.161,620.59,102.71528,41.4717,79.1703,3.6725,68.02,0.0,0.0146681996123395,1,0.0,0.0,2.719999999999999,67.41714285714285,65.72233333333332,0.014668199612339568,0.013716111592513331,0.0,0,72.635,4.615000000000009
2025-06-09,68.73,65.99,120.9103,328.87,145.34119,41.4018,79.1703,3.6725,68.73,0.0104381064392826,0.009193926015706,0,0.010438106439282668,0.010566615620214437,2.740000000000009,67.72857142857143,65.87133333333333,0.009193926015706021,0.013796105402913494,0.010438106439282668,0,72.74333333333334,4.013333333333335
2025-06-10,68.41,65.66,121.0485,273.63,188.47368,41.4919,79.1543,3.6725,68.41,-0.0046558998981522,0.0087301461963273,0,-0.004655899898152294,-0.005000757690559188,2.75,67.86142857142856,66.00966666666666,0.008730146196327318,0.013849372503092108,0.004655899898152294,0,72.809,4.399000000000001
2025-06-11,71.29,68.91,120.587,281.91,177.35683,41.5566,78.6003,3.6725,71.29,0.0420991083174975,0.0156249731735134,0,0.042099108317497524,0.04949741090466042,2.3800000000000097,68.51857142857143,66.21,0.015624973173513449,0.015475706079021328,0.042099108317497524,1,72.83466666666666,1.5446666666666573
2025-06-12,70.84,68.73,120.1723,484.65,168.15063,41.5117,79.0028,3.6725,70.84,-0.0063122457567681,0.0167706894809138,0,-0.006312245756768142,-0.0026121027427077337,2.1099999999999994,69.04714285714286,66.34033333333333,0.016770689480913887,0.0149783041478128,0.006312245756768142,0,72.87533333333334,2.035333333333341
2025-06-13,76.0,73.84,120.3245,270.05,166.77858,41.488,79.0028,3.6725,76.0,0.0728402032749857,0.0299404411762677,0,0.07284020327498575,0.07434890149861784,2.1599999999999966,70.18714285714286,66.67666666666666,0.029940441176267717,0.01944783519019091,0.07284020327498575,1,72.744,-3.2560000000000002
2025-06-14,76.0,73.84,120.3245,346.92,307.25266,41.488,79.0028,3.6725,76.0,0.0,0.0299404411762677,1,0.0,0.0,2.1599999999999966,71.32714285714286,67.06466666666667,0.029940441176267717,0.01872174061582613,0.0,0,72.57600000000001,-3.4239999999999924
2025-06-15,76.0,73.84,120.3245,534.57,169.08699,41.488,79.0028,3.6725,76.0,0.0,0.0299404411762677,1,0.0,0.0,2.1599999999999966,72.46714285714286,67.42466666666665,0.029940441176267717,0.01869716713087647,0.0,0,72.38499999999999,-3.615000000000009
2025-06-16,75.05,72.53,120.1565,340.61,273.9239,41.4466,79.0028,3.6725,75.05,-0.0125,0.0318865696815619,0,-0.012500000000000067,-0.017741061755146337,2.519999999999996,73.37,67.753,0.03188656968156198,0.018956526575413756,0.012500000000000067,0,72.20566666666667,-2.8443333333333243
2025-06-17,78.7,75.62,120.5048,445.72,293.2028,41.5306,78.5067,3.6725,78.7,0.0486342438374418,0.0332809336960278,0,0.04863424383744186,0.042603060802426596,3.0799999999999983,74.84,68.203,0.033280933696027894,0.020539190568459077,0.04863424383744186,1,71.95966666666666,-6.740333333333339
2025-06-18,78.38,75.89,120.7305,477.28,320.77005,41.5255,78.7135,3.6725,78.38,-0.0040660736975858,0.0329010383505836,0,-0.004066073697585826,0.003570483998942109,2.489999999999995,75.85285714285715,68.60733333333333,0.03290103835058363,0.020543792129705044,0.004066073697585826,0,71.71566666666668,-6.6643333333333175
2025-06-19,80.37,75.89,120.7305,315.71,205.74956,41.6293,78.7174,3.6725,80.37,0.0253891298800714,0.0317884341584169,1,0.02538912988007147,0.0,4.480000000000004,77.21428571428571,69.05533333333332,0.031788434158416985,0.0208401009901042,0.02538912988007147,1,71.40533333333333,-8.964666666666673
2025-06-20,78.73,75.72,121.0408,326.33,284.892,41.6854,78.4839,3.6725,78.73,-0.0204056239890506,0.0238150930289857,0,-0.02040562398905066,-0.0022400843325867115,3.010000000000005,77.60428571428572,69.48433333333334,0.023815093028985712,0.021018073914450694,0.02040562398905066,1,71.14966666666668,-7.5803333333333285
2025-06-21,78.73,75.72,121.0408,252.25,193.27785,41.6854,78.5016,3.6725,78.73,0.0,0.0238150930289857,1,0.0,0.0,3.010000000000005,77.99428571428572,69.94633333333333,0.023815093028985712,0.0206713768477185,0.0,0,70.92266666666666,-7.807333333333347
2025-06-22,78.73,75.72,121.0408,463.29,239.66898,41.6854,78.5016,3.6725,78.73,0.0,0.0238150930289857,1,0.0,0.0,3.010000000000005,78.38428571428572,70.39033333333333,0.023815093028985712,0.020704342227370613,0.0,0,70.62133333333333,-8.108666666666679
2025-06-23,74.34,69.36,121.1694,229.7,540.1633,41.8335,78.5016,3.6725,74.34,-0.0557601930649054,0.0330315824623128,0,-0.05576019306490543,-0.08399366085578441,4.980000000000004,78.28285714285714,70.688,0.03303158246231286,0.02359911965707213,0.05576019306490543,1,70.449,-3.8910000000000053
2025-06-24,69.13,65.45,120.3645,326.19,351.72052,41.8702,78.2923,3.6725,69.13,-0.0700834005918752,0.0338351542666719,0,-0.07008340059187523,-0.056372549019607754,3.6799999999999926,76.91571428571429,70.812,0.03383515426667195,0.027250460259677874,0.07008340059187523,1,70.492,1.362000000000009
2025-06-25,68.4,65.98,120.3336,342.66,328.4731,41.7924,78.3892,3.6725,68.4,-0.0105598148416026,0.0334815279755792,0,-0.010559814841602622,0.008097784568372735,2.4200000000000017,75.49000000000001,70.91166666666666,0.03348152797557929,0.027347943933097956,0.010559814841602622,0,70.51966666666667,2.11966666666666
2025-06-26,68.57,66.44,119.6451,239.86,233.97319,41.662,78.1959,3.6725,68.57,0.0024853801169588,0.0293050132077686,0,0.0024853801169588685,0.006971809639284565,2.1299999999999955,73.80428571428571,71.05333333333334,0.029305013207768644,0.027123410417744423,0.0024853801169588685,0,70.54166666666669,1.9716666666666924
2025-06-27,69.37,66.66,119.659,305.07,231.24382,41.5852,78.2117,3.6725,69.37,0.0116669097272861,0.0319886379667712,0,0.011666909727286123,0.0033112582781456013,2.710000000000008,72.46714285714286,71.175,0.031988637966771254,0.026937964718299907,0.011666909727286123,0,70.537,1.1670000000000016
2025-06-28,69.37,66.66,119.659,385.22,106.67591,41.5852,78.4685,3.6725,69.37,0.0,0.0319886379667712,1,0.0,0.0,2.710000000000008,71.13000000000001,71.334,0.031988637966771254,0.026697817485564844,0.0,0,70.587,1.2169999999999987
2025-06-29,69.37,66.66,119.659,583.73,95.38808,41.5852,78.4685,3.6725,69.37,0.0,0.0319886379667712,1,0.0,0.0,2.710000000000008,69.79285714285714,71.50233333333333,0.031988637966771254,0.026670026332426874,0.0,0,70.715,1.3449999999999989
2025-06-30,68.15,66.3,119.4088,511.44,147.65321,41.6409,78.4685,3.6725,68.15,-0.0175868531065301,0.0272791632147903,0,-0.017586853106530187,-0.005400540054005365,1.8500000000000085,68.90857142857143,71.63000000000001,0.027279163214790358,0.026927258373898918,0.017586853106530187,0,70.90933333333334,2.7593333333333305
2025-07-01,67.63,66.64,119.3436,444.86,189.4642,41.7788,78.5284,3.6725,67.63,-0.0076302274394719,0.0096135147314683,0,-0.007630227439471948,0.00512820512820511,0.9899999999999949,68.69428571428571,71.74033333333334,0.009613514731468398,0.026985514212396585,0.007630227439471948,0,71.10266666666666,3.472666666666669
2025-07-02,70.8,68.66,119.3037,376.21,95.84283,41.8191,78.4181,3.6725,70.8,0.0468726896347775,0.0205088942948825,0,0.04687268963477753,0.030312124849939837,2.1400000000000006,69.03714285714285,71.882,0.02050889429488256,0.02757992955875658,0.04687268963477753,1,71.09433333333335,0.29433333333335554
2025-07-03,70.42,68.13,119.2382,750.31,96.75885,41.8116,78.654,3.6725,70.42,-0.005367231638418,0.0208879877026073,0,-0.005367231638418013,-0.007719196038450393,2.2900000000000063,69.30142857142857,71.98,0.0208879877026073,0.027526844473698492,0.005367231638418013,0,71.09866666666669,0.6786666666666861
2025-07-04,71.03,68.13,119.2382,631.92,156.76761,41.7239,78.7831,3.6725,71.03,0.0086623118432263,0.0207343345933695,1,0.0086623118432263,0.0,2.9000000000000057,69.53857142857143,72.12466666666667,0.020734334593369548,0.02743354739862224,0.0086623118432263,0,71.08266666666668,0.052666666666681294
2025-07-05,71.03,68.13,119.2382,352.05,95.70821,41.7239,78.8354,3.6725,71.03,0.0,0.0207343345933695,1,0.0,0.0,2.9000000000000057,69.77571428571429,72.25433333333332,0.020734334593369548,0.02742490247285657,0.0,0,71.03366666666668,0.0036666666666747005
2025-07-06,71.03,68.13,119.2382,489.75,48.71423,41.7239,78.8354,3.6725,71.03,0.0,0.0207343345933695,1,0.0,0.0,2.9000000000000057,70.01285714285714,72.35466666666666,0.020734334593369548,0.027350151448027188,0.0,0,70.97066666666666,-0.0593333333333419
2025-07-07,71.95,69.16,119.6201,406.62,115.554695,41.7341,78.8354,3.6725,71.95,0.0129522736871745,0.0186502876592223,0,0.012952273687174554,0.015118156465580457,2.7900000000000063,70.55571428571429,72.48566666666666,0.018650287659222352,0.02742280406374212,0.012952273687174554,0,70.838,-1.112000000000009
2025-07-08,72.5,69.55,119.8371,226.19,151.72066,41.7975,78.7185,3.6725,72.5,0.0076441973592771,0.0173767984537289,0,0.007644197359277127,0.005639097744360999,2.950000000000003,71.25142857142858,72.63499999999999,0.01737679845372892,0.027436811226529207,0.007644197359277127,0,70.65433333333333,-1.8456666666666734
2025-07-09,71.98,69.61,119.7311,270.45,136.29527,41.8462,78.1682,3.6725,71.98,-0.0071724137931034,0.0075448513855244,0,-0.007172413793103405,0.0008626887131559791,2.3700000000000045,71.42,72.74333333333333,0.007544851385524411,0.02744932558059102,0.007172413793103405,0,70.494,-1.4860000000000042
2025-07-10,70.38,67.78,119.8343,539.55,146.05678,41.7745,78.1727,3.6725,70.38,-0.0222283967768825,0.0118797660933749,0,-0.022228396776882597,-0.026289326246228928,2.5999999999999943,71.41428571428571,72.809,0.011879766093374967,0.027779660742939107,0.022228396776882597,1,70.387,0.007000000000005002
2025-07-11,72.06,69.63,119.9214,322.44,134.52051,41.8232,77.9029,3.6725,72.06,0.0238704177323103,0.014771089213463,0,0.023870417732310356,0.02729418707583342,2.430000000000007,71.56142857142858,72.83466666666666,0.014771089213463071,0.02704661036973633,0.023870417732310356,1,70.224,-1.8359999999999985
2025-07-12,72.06,69.63,119.9214,356.31,123.06753,41.8232,77.8855,3.6725,72.06,0.0,0.014771089213463,1,0.0,0.0,2.430000000000007,71.70857142857143,72.87533333333333,0.014771089213463071,0.027014619160371834,0.0,0,70.06733333333335,-1.9926666666666506
2025-07-13,72.06,69.63,119.9214,347.85,42.68773,41.8232,77.8855,3.6725,72.06,0.0,0.014771089213463,1,0.0,0.0,2.430000000000007,71.85571428571428,72.74399999999999,0.014771089213463071,0.02335310170220605,0.0,0,69.89200000000001,-2.167999999999992
2025-07-14,70.96,68.19,120.2209,379.41,107.628555,41.7842,77.8855,3.6725,70.96,-0.0152650568970303,0.0151772295510906,0,-0.015265056897030393,-0.02068074105988793,2.769999999999996,71.71428571428571,72.576,0.015177229551090674,0.02348508470458346,0.015265056897030393,0,69.735,-1.2249999999999943
2025-07-15,70.27,67.76,120.5105,573.74,166.55368,41.8355,78.3722,3.6725,70.27,-0.0097237880496053,0.0147752915828309,0,-0.009723788049605386,-0.0063059099574717115,2.509999999999991,71.39571428571428,72.38499999999999,0.014775291582830953,0.023523386622199497,0.009723788049605386,0,69.66333333333334,-0.6066666666666549
2025-07-16,69.67,67.13,120.4175,468.19,177.89716,41.8211,77.9584,3.6725,69.67,-0.0085384943788244,0.014827560447696,0,-0.00853849437882448,-0.009297520661157188,2.5400000000000063,71.06571428571428,72.20566666666667,0.014827560447696064,0.023475450802171956,0.00853849437882448,0,69.58433333333333,-0.08566666666666833
2025-07-17,71.32,68.76,120.6384,444.91,155.0075,41.8129,77.9585,3.6725,71.32,0.0236830773647191,0.0158275086359181,0,0.023683077364719196,0.02428124534485332,2.559999999999988,71.2,71.95966666666666,0.015827508635918145,0.022008242111224288,0.023683077364719196,1,69.45033333333332,-1.8696666666666744
2025-07-18,71.06,68.53,120.356,428.28,140.04352,41.867,78.1856,3.6725,71.06,-0.0036455412226583,0.0125741906834915,0,-0.003645541222658366,-0.003344968004653892,2.530000000000001,71.05714285714286,71.71566666666668,0.012574190683491568,0.0220076991023989,0.003645541222658366,0,69.325,-1.7349999999999994
2025-07-19,71.06,68.53,120.356,405.06,58.319855,41.867,78.3129,3.6725,71.06,0.0,0.0125741906834915,1,0.0,0.0,2.530000000000001,70.91428571428573,71.40533333333333,0.012574190683491568,0.021355886307847387,0.0,0,69.229,-1.831000000000003
2025-07-20,71.06,68.53,120.356,513.08,88.87377,41.867,78.3129,3.6725,71.06,0.0,0.0125741906834915,1,0.0,0.0,2.530000000000001,70.77142857142857,71.14966666666666,0.012574190683491568,0.02113491425719988,0.0,0,69.08099999999999,-1.9790000000000134
2025-07-21,71.92,68.39,119.9961,289.39,144.32349,41.7514,78.3129,3.6725,71.92,0.0121024486349563,0.0119763126034546,0,0.012102448634956353,-0.002042900919305368,3.530000000000001,70.90857142857143,70.92266666666666,0.011976312603454657,0.02131267510519145,0.012102448634956353,0,68.93733333333333,-2.982666666666674
2025-07-22,69.69,67.56,119.681,220.87,118.55506,41.8194,78.3274,3.6725,69.69,-0.0310066740823137,0.0170642574326396,0,-0.031006674082313723,-0.012136277233513626,2.1299999999999955,70.82571428571428,70.62133333333333,0.01706425743263962,0.021916129153760993,0.031006674082313723,1,68.89466666666667,-0.7953333333333319
2025-07-23,69.17,66.05,119.5697,233.7,142.94383,41.7653,78.0882,3.6725,69.17,-0.00746161572679,0.0169902710917205,0,-0.00746161572679005,-0.022350503256364784,3.1200000000000045,70.75428571428571,70.449,0.016990271091720566,0.019623170212118533,0.00746161572679005,0,68.86533333333334,-0.3046666666666624
2025-07-24,70.42,67.16,119.5664,301.78,199.47945,41.7651,78.4477,3.6725,70.42,0.0180714182449037,0.0157218469640858,0,0.01807141824490377,0.016805450416351286,3.260000000000005,70.62571428571428,70.492,0.015721846964085878,0.01521417853909026,0.01807141824490377,1,68.79433333333333,-1.6256666666666746
2025-07-25,69.23,66.38,119.9857,227.42,122.90445,41.7738,78.8623,3.6725,69.23,-0.0168986083499005,0.0167582223563092,0,-0.016898608349900535,-0.011614055985705751,2.8500000000000085,70.36428571428571,70.51966666666667,0.016758222356309208,0.015418979026844954,0.016898608349900535,0,68.76299999999999,-0.46700000000001296
2025-07-26,69.23,66.38,119.9857,175.31,124.048996,41.7738,79.5527,3.6725,69.23,0.0,0.0167582223563092,1,0.0,0.0,2.8500000000000085,70.10285714285715,70.54166666666667,0.016758222356309208,0.015414710213371617,0.0,0,68.73166666666665,-0.49833333333334906
2025-07-27,69.23,66.38,119.9857,221.77,152.61151,41.7738,79.5527,3.6725,69.23,0.0,0.0167582223563092,1,0.0,0.0,2.8500000000000085,69.84142857142857,70.537,0.016758222356309208,0.015268000576477843,0.0,0,68.65366666666667,-0.5763333333333378
2025-07-28,70.87,67.81,120.6149,282.48,142.2575,41.7824,79.5527,3.6725,70.87,0.0236891521016899,0.0189910379951946,0,0.02368915210168998,0.021542633323290206,3.0600000000000023,69.69142857142857,70.587,0.018991037995194672,0.015866476066220724,0.02368915210168998,1,68.54966666666665,-2.320333333333352
2025-07-29,73.21,70.27,120.9674,199.35,126.9183,41.7997,79.5782,3.6725,73.21,0.0330182023423166,0.0180556791381959,0,0.03301820234231667,0.03627783512756211,2.9399999999999977,70.19428571428571,70.715,0.018055679138195967,0.016917026005444324,0.03301820234231667,1,68.39633333333333,-4.813666666666663
2025-07-30,73.98,71.09,121.4042,274.14,219.11925,41.7886,82.2197,3.6725,73.98,0.0105176888403224,0.0168612709750683,0,0.010517688840322448,0.011669275651060351,2.8900000000000006,70.88142857142857,70.90933333333334,0.0168612709750683,0.016573383915283586,0.010517688840322448,0,68.19133333333333,-5.788666666666671
2025-07-31,73.43,70.36,121.721,378.15,176.51338,41.7662,81.8347,3.6725,73.43,-0.007434441741011,0.0175119754123133,0,-0.007434441741011044,-0.010268673512449089,3.0700000000000074,71.31142857142858,71.10266666666666,0.017511975412313353,0.016569143990847288,0.007434441741011044,0,68.00466666666667,-5.425333333333342
2025-08-01,70.55,68.39,121.2122,563.27,179.05772,41.7132,80.3163,3.6725,70.55,-0.039221026828272,0.0234347155105782,0,-0.039221026828272,-0.027998862990335383,2.1599999999999966,71.5,71.09433333333335,0.023434715510578207,0.016136586321549056,0.039221026828272,1,67.914,-2.6359999999999957
2025-08-02,70.55,68.39,121.2122,401.51,113.89917,41.7132,80.3289,3.6725,70.55,0.0,0.0234347155105782,1,0.0,0.0,2.1599999999999966,71.68857142857142,71.09866666666667,0.023434715510578207,0.016104654508876437,0.0,0,67.79866666666665,-2.751333333333349
2025-08-03,70.55,68.39,121.2122,660.0,89.52886,41.7132,80.3289,3.6725,70.55,0.0,0.0234347155105782,1,0.0,0.0,2.1599999999999966,71.87714285714286,71.08266666666667,0.023434715510578207,0.016024919001666162,0.0,0,67.71666666666665,-2.833333333333343
2025-08-04,69.56,67.33,120.9859,259.95,127.92436,41.7644,80.3289,3.6725,69.56,-0.014032600992204,0.0221708105768097,0,-0.014032600992204047,-0.015499342009065664,2.230000000000004,71.69000000000001,71.03366666666668,0.022170810576809745,0.01622539758473197,0.014032600992204047,0,67.65666666666665,-1.9033333333333502
2025-08-05,69.14,66.2,120.9082,251.56,163.9885,41.7901,79.6736,3.6725,69.14,-0.0060379528464634,0.0157385560312673,0,-0.006037952846463468,-0.016783009059854415,2.9399999999999977,71.10857142857142,70.97066666666666,0.01573855603126739,0.01625551237433907,0.006037952846463468,0,67.56566666666666,-1.5743333333333425
2025-08-06,67.97,65.38,120.5082,229.33,133.52,41.6845,80.049,3.6725,67.97,-0.0169221868672259,0.013624220717051,0,-0.016922186867225908,-0.012386706948640636,2.5900000000000034,70.25,70.83800000000001,0.013624220717051006,0.01630085291897448,0.016922186867225908,0,67.464,-0.5060000000000002
2025-08-07,66.99,64.9,120.5043,280.6,149.15877,41.611,80.1914,3.6725,66.99,-0.0144181256436664,0.0134935409607081,0,-0.014418125643666402,-0.007341694707861612,2.089999999999989,69.33,70.65433333333334,0.013493540960708147,0.016359219726505378,0.014418125643666402,0,67.39500000000001,0.40500000000001535
2025-08-08,67.17,64.94,120.3329,239.92,175.30011,41.4564,79.3847,3.6725,67.17,0.0026869682042096,0.0081208359011942,0,0.002686968204209661,0.0006163328197226203,2.230000000000004,68.84714285714286,70.49399999999999,0.008120835901194223,0.01636118915667502,0.002686968204209661,0,67.32000000000001,0.15000000000000568
2025-08-09,67.17,64.94,120.3329,190.2,115.554695,41.4564,79.7796,3.6725,67.17,0.0,0.0081208359011942,1,0.0,0.0,2.230000000000004,68.36428571428571,70.387,0.008120835901194223,0.01591898384752978,0.0,0,67.26233333333334,0.09233333333334315
2025-08-10,67.17,64.94,120.3329,327.82,103.81266,41.4564,79.7796,3.6725,67.17,0.0,0.0081208359011942,1,0.0,0.0,2.230000000000004,67.88142857142857,70.224,0.008120835901194223,0.015190561591147397,0.0,0,67.28900000000002,0.11900000000001398
2025-08-11,67.36,65.03,120.6892,309.88,176.85165,41.3895,79.7796,3.6725,67.36,0.0028286437397646,0.0081740237401218,0,0.002828643739764658,0.0013858946720048948,2.3299999999999983,67.56714285714285,70.06733333333334,0.008174023740121845,0.01521362830584323,0.002828643739764658,0,67.29766666666667,-0.0623333333333278
2025-08-12,66.8,64.22,120.2736,275.89,140.1471,41.449,79.6677,3.6725,66.8,-0.008313539192399,0.0082874425608005,0,-0.008313539192399078,-0.012455789635552827,2.5799999999999983,67.23285714285714,69.892,0.008287442560800586,0.015249098768159913,0.008313539192399078,0,67.31266666666667,0.512666666666675
2025-08-13,66.25,63.68,120.13,241.27,159.25807,41.4268,79.8714,3.6725,66.25,-0.0082335329341316,0.006676868678924,0,-0.008233532934131649,-0.008408595453129886,2.5700000000000003,66.98714285714286,69.73499999999999,0.0066768686789240245,0.015098000201291718,0.008233532934131649,0,67.36666666666666,1.11666666666666
2025-08-14,68.12,64.99,120.6446,199.49,173.33203,41.5149,79.6032,3.6725,68.12,0.0282264150943396,0.0122924059437921,0,0.028226415094339652,0.020571608040200973,3.1300000000000097,67.14857142857143,69.66333333333334,0.012292405943792136,0.016006351979351373,0.028226415094339652,1,67.35833333333333,-0.7616666666666703
2025-08-15,67.3,63.78,120.3377,323.06,139.07727,41.45,79.7653,3.6725,67.3,-0.0120375807398709,0.0134515751207232,0,-0.012037580739870934,-0.018618248961378536,3.519999999999996,67.16714285714285,69.58433333333333,0.013451575120723239,0.016076441755880255,0.012037580739870934,0,67.37733333333333,0.07733333333332837
2025-08-16,67.3,63.78,120.3377,274.55,99.58669,41.45,80.0224,3.6725,67.3,0.0,0.0134515751207232,1,0.0,0.0,3.519999999999996,67.18571428571428,69.45033333333332,0.013451575120723239,0.015387894370417484,0.0,0,67.39666666666666,0.09666666666666401
2025-08-17,67.3,63.78,120.3377,242.09,154.97392,41.45,80.0224,3.6725,67.3,0.0,0.0134515751207232,1,0.0,0.0,3.519999999999996,67.20428571428572,69.325,0.013451575120723239,0.015387354261592628,0.0,0,67.47633333333333,0.17633333333333212
2025-08-18,68.18,64.51,120.5622,336.75,224.3274,41.3401,80.0224,3.6725,68.18,0.0130757800891532,0.014296915497663,0,0.013075780089153222,0.011445594230166334,3.6700000000000017,67.32142857142857,69.229,0.014296915497663008,0.015620473605687054,0.013075780089153222,0,67.50999999999999,-0.6700000000000159
2025-08-19,66.62,63.38,120.7224,216.13,135.60219,41.2589,80.4256,3.6725,66.62,-0.022880610149604,0.0168495034052766,0,-0.022880610149604075,-0.01751666408308794,3.240000000000002,67.29571428571428,69.081,0.0168495034052766,0.016107812765854157,0.022880610149604075,1,67.55033333333334,0.930333333333337
2025-08-20,67.61,64.19,120.7757,177.74,155.58047,41.3557,80.3466,3.6725,67.61,0.014860402281597,0.0172843319604371,0,0.014860402281597018,0.012780056800252293,3.4200000000000017,67.49,68.93733333333333,0.017284331960437185,0.01619882206144106,0.014860402281597018,0,67.53166666666667,-0.07833333333333314
2025-08-21,68.41,64.56,121.0843,158.27,122.211235,41.3782,80.1045,3.6725,68.41,0.0118325691465759,0.0141237495632273,0,0.011832569146575933,0.005764137716155249,3.8499999999999943,67.53142857142856,68.89466666666667,0.014123749563227334,0.015416631489217115,0.011832569146575933,0,67.48633333333333,-0.9236666666666622
2025-08-22,68.29,64.08,120.2774,155.54,104.53863,41.2185,80.2548,3.6725,68.29,-0.0017541295132289,0.0130747645321549,0,-0.0017541295132289525,-0.0074349442379182396,4.210000000000008,67.67285714285714,68.86533333333334,0.01307476453215498,0.015362918131320303,0.0017541295132289525,0,67.445,-0.8450000000000131
2025-08-23,68.29,64.08,120.2774,224.66,110.23519,41.2185,80.7498,3.6725,68.29,0.0,0.0130747645321549,1,0.0,0.0,4.210000000000008,67.81428571428572,68.79433333333333,0.01307476453215498,0.014966398181452708,0.0,0,67.39766666666667,-0.8923333333333403
2025-08-24,68.29,64.08,120.2774,483.1,86.165054,41.2185,80.7498,3.6725,68.29,0.0,0.0130747645321549,1,0.0,0.0,4.210000000000008,67.9557142857143,68.76299999999999,0.01307476453215498,0.014658927150324037,0.0,0,67.38666666666667,-0.903333333333336
2025-08-25,68.29,65.18,120.4214,467.56,131.91641,41.2839,80.7498,3.6725,68.29,0.0,0.0121575446497298,1,0.0,0.017166042446941532,3.1099999999999994,67.97142857142858,68.73166666666667,0.012157544649729823,0.014658927150324037,0.0,0,67.43166666666667,-0.8583333333333343
2025-08-26,66.89,63.6,120.5274,441.53,108.72761,41.43,80.6842,3.6725,66.89,-0.0205008053887831,0.0114118907446135,0,-0.020500805388783183,-0.024240564590365277,3.289999999999999,68.01,68.65366666666667,0.01141189074461351,0.01511278863277575,0.020500805388783183,1,67.55133333333335,0.6613333333333458
2025-08-27,67.75,64.49,120.7274,269.38,186.89584,41.4047,80.5268,3.6725,67.75,0.0128569292868889,0.0110138063865453,0,0.012856929286888974,0.013993710691823757,3.260000000000005,68.03,68.54966666666665,0.011013806386545302,0.01462318103182002,0.012856929286888974,0,67.66466666666668,-0.08533333333332394
2025-08-28,68.61,64.96,120.2595,279.5,170.36063,41.3222,80.4421,3.6725,68.61,0.0126937269372693,0.0111672112563591,0,0.012693726937269334,0.007287951620406297,3.6500000000000057,68.05857142857143,68.39633333333335,0.011167211256359142,0.013392863400160875,0.012693726937269334,0,67.74933333333334,-0.8606666666666598
2025-08-29,67.83,64.36,120.2082,250.15,175.66647,41.2602,80.2918,3.6725,67.83,-0.0113686051595977,0.0120433642246095,0,-0.0113686051595977,-0.009236453201970307,3.469999999999999,67.99285714285715,68.19133333333333,0.012043364224609531,0.013278950602965913,0.0113686051595977,0,67.86000000000001,0.030000000000015348
2025-08-30,67.83,64.36,120.2082,458.07,89.377884,41.2602,80.3316,3.6725,67.83,0.0,0.0120433642246095,1,0.0,0.0,3.469999999999999,67.92714285714285,68.00466666666667,0.012043364224609531,0.013258896001336899,0.0,0,67.89900000000002,0.06900000000001683
2025-08-31,67.83,64.36,120.2082,326.52,44.76443,41.2602,80.3316,3.6725,67.83,0.0,0.0120433642246095,1,0.0,0.0,3.469999999999999,67.86142857142858,67.914,0.012043364224609531,0.011309181182905487,0.0,0,67.92200000000001,0.09200000000001296
2025-09-01,67.09,64.36,120.2082,223.11,144.02469,41.3203,80.3316,3.6725,67.09,-0.0109096270086981,0.0126001127930487,1,-0.01090962700869813,0.0,2.730000000000004,67.69000000000001,67.79866666666666,0.012600112793048773,0.01144228888991497,0.01090962700869813,0,67.908,0.8179999999999978
2025-09-02,68.09,65.95,120.6837,488.48,122.68769,41.3722,80.4261,3.6725,68.09,0.0149053510210166,0.011177816327335,0,0.014905351021016644,0.024704785581106226,2.1400000000000006,67.86142857142858,67.71666666666667,0.01117781632733507,0.011831663982912953,0.014905351021016644,0,67.81966666666668,-0.2703333333333262
2025-09-03,67.76,64.36,120.5052,185.22,187.50383,41.3631,80.5947,3.6725,67.76,-0.0048465266558965,0.0104484609566982,0,-0.004846526655896577,-0.0241091736163761,3.4000000000000057,67.86285714285714,67.65666666666667,0.010448460956698265,0.011602470599081786,0.004846526655896577,0,67.76533333333334,0.005333333333339851
2025-09-04,66.41,63.81,120.7629,388.69,114.88674,41.3719,80.8488,3.6725,66.41,-0.0199232585596222,0.0111300395771482,0,-0.019923258559622292,-0.008545680546923506,2.5999999999999943,67.54857142857144,67.56566666666667,0.011130039577148284,0.01208518779961274,0.019923258559622292,1,67.75600000000001,1.3460000000000178
2025-09-05,64.92,62.22,120.1282,601.23,142.67613,41.3494,81.2977,3.6725,64.92,-0.0224363800632434,0.0128987793234521,0,-0.022436380063243444,-0.024917724494593396,2.700000000000003,67.13285714285713,67.464,0.012898779323452196,0.012370009565044048,0.022436380063243444,1,67.79633333333335,2.876333333333349
2025-09-06,64.92,62.22,120.1282,309.36,102.90521,41.3494,81.5556,3.6725,64.92,0.0,0.0128987793234521,1,0.0,0.0,2.700000000000003,66.71714285714286,67.39500000000001,0.012898779323452196,0.012126698465452213,0.0,0,67.86866666666667,2.948666666666668
2025-09-07,64.92,62.22,120.1282,301.49,74.23121,41.3494,81.5556,3.6725,64.92,0.0,0.0128987793234521,1,0.0,0.0,2.700000000000003,66.30142857142857,67.32,0.012898779323452196,0.012108631563830614,0.0,0,67.94133333333333,3.021333333333331
2025-09-08,65.44,62.6,120.0971,319.23,115.21974,41.2199,81.5556,3.6725,65.44,0.0080098582871226,0.013698239466412,0,0.00800985828712264,0.006107360977177789,2.8399999999999963,66.06571428571428,67.26233333333333,0.013698239466412066,0.012220695500950035,0.00800985828712264,0,68.00733333333334,2.5673333333333375
2025-09-09,67.97,62.97,120.1569,243.41,95.37143,41.2497,82.3397,3.6725,67.97,0.0386613691931541,0.020341397118901,0,0.038661369193154105,0.0059105431309902645,5.0,66.04857142857144,67.289,0.020341397118901053,0.014187820839445425,0.038661369193154105,1,67.98266666666666,0.01266666666666083
2025-09-10,67.62,64.01,120.1223,280.99,236.61198,41.1237,83.2425,3.6725,67.62,-0.0051493305870236,0.0203535501669685,0,-0.005149330587023604,0.016515801175162936,3.6099999999999994,66.02857142857144,67.29766666666667,0.02035355016696854,0.01421724237582699,0.005149330587023604,0,67.87566666666666,0.25566666666665583
2025-09-11,67.25,62.71,119.9534,311.82,179.05772,41.2138,84.9211,3.6725,67.25,-0.0054717539189589,0.0186736435540975,0,-0.005471753918958933,-0.02030932666770824,4.539999999999999,66.14857142857143,67.31266666666667,0.018673643554097598,0.01416776708909428,0.005471753918958933,0,67.781,0.5310000000000059
2025-09-12,67.87,63.02,120.0611,268.43,103.72032,41.3127,85.6647,3.6725,67.87,0.0092193308550185,0.0153163872153713,0,0.009219330855018582,0.004943390208898224,4.850000000000001,66.57000000000001,67.36666666666666,0.015316387215371352,0.014162739987646345,0.009219330855018582,0,67.66566666666668,-0.2043333333333237
2025-09-13,67.87,63.02,120.0611,214.76,83.67556,41.3127,84.3798,3.6725,67.87,0.0,0.0153163872153713,1,0.0,0.0,4.850000000000001,66.99142857142859,67.35833333333333,0.015316387215371352,0.013189011955297713,0.0,0,67.54166666666667,-0.32833333333333314
2025-09-14,67.87,63.02,120.0611,629.68,94.3996,41.3127,84.3798,3.6725,67.87,0.0,0.0153163872153713,1,0.0,0.0,4.850000000000001,67.41285714285713,67.37733333333333,0.015316387215371352,0.012993036781849487,0.0,0,67.37933333333335,-0.49066666666665526
2025-09-15,67.88,63.66,119.5644,273.8,100.58404,41.2838,84.3798,3.6725,67.88,0.0001473405039043,0.0154718978613673,0,0.00014734050390430298,0.010155506188511465,4.219999999999999,67.76142857142858,67.39666666666668,0.01547189786136737,0.012992922888370975,0.00014734050390430298,0,67.19433333333333,-0.6856666666666626
2025-09-16,69.69,64.89,119.1348,243.91,102.5166,41.2317,83.0718,3.6725,69.69,0.0266647024160282,0.0112564013040963,0,0.026664702416028252,0.01932139491046181,4.799999999999997,68.00714285714285,67.47633333333333,0.0112564013040963,0.013850655264902957,0.026664702416028252,1,66.90733333333334,-2.782666666666657
2025-09-17,69.19,64.41,119.1582,400.05,142.61543,41.1752,82.8359,3.6725,69.19,-0.0071746305065288,0.0115420752540285,0,-0.0071746305065288896,-0.0073971336107259145,4.780000000000001,68.23142857142857,67.51,0.011542075254028514,0.013747835518115042,0.0071746305065288896,0,66.642,-2.548000000000002
2025-09-18,67.83,63.91,119.6616,284.37,96.48255,41.1941,82.9987,3.6725,67.83,-0.0196560196560195,0.0142698121132436,0,-0.019656019656019597,-0.0077627697562490106,3.9200000000000017,68.31428571428572,67.55033333333333,0.014269812113243682,0.013569525190137582,0.019656019656019597,1,66.422,-1.4080000000000013
2025-09-19,67.05,63.02,119.7858,204.23,140.83005,41.2488,83.1725,3.6725,67.05,-0.0114993365767359,0.0145037085836913,0,-0.011499336576735963,-0.013925833202941496,4.029999999999994,68.19714285714285,67.53166666666667,0.01450370858369136,0.01347331646745452,0.011499336576735963,0,66.228,-0.8220000000000027
2025-09-20,67.05,63.02,119.7858,187.61,101.55317,41.2488,83.5904,3.6725,67.05,0.0,0.0145037085836913,1,0.0,0.0,4.029999999999994,68.08,67.48633333333333,0.01450370858369136,0.013281053388707838,0.0,0,66.01666666666667,-1.0333333333333314
2025-09-21,67.05,63.02,119.7858,610.55,110.11305,41.2488,83.5904,3.6725,67.05,0.0,0.0145037085836913,1,0.0,0.0,4.029999999999994,67.96285714285713,67.44500000000001,0.01450370858369136,0.013279587214298944,0.0,0,65.815,-1.2349999999999994
2025-09-22,66.87,62.99,119.8152,548.21,131.45111,41.2502,83.5904,3.6725,66.87,-0.0026845637583891,0.0144848514760436,0,-0.0026845637583891024,-0.0004760393525864437,3.8800000000000026,67.81857142857143,67.39766666666667,0.014484851476043604,0.013284965018520495,0.0026845637583891024,0,65.662,-1.2079999999999984
2025-09-23,67.96,63.76,119.6202,248.3,115.33118,41.3811,84.0186,3.6725,67.96,0.016300284133393,0.0112228850687498,0,0.016300284133393017,0.012224162565486418,4.199999999999996,67.57142857142857,67.38666666666667,0.011222885068749865,0.013639602368587293,0.016300284133393017,0,65.60733333333333,-2.3526666666666642
2025-09-24,69.64,65.4,120.1707,356.04,117.20444,41.378,83.3506,3.6725,69.64,0.0247204237786935,0.0152492245846558,0,0.024720423778693545,0.025721455457967446,4.239999999999995,67.63571428571427,67.43166666666667,0.015249224584655847,0.014371207026557387,0.024720423778693545,1,65.47933333333333,-4.160666666666671
2025-09-25,70.48,65.51,120.5419,190.78,148.87946,41.4105,83.9914,3.6725,70.48,0.0120620333141872,0.0125537040477447,0,0.012062033314187204,0.0016819571865442917,4.969999999999999,68.0142857142857,67.55133333333333,0.012553704047744734,0.013933722371429898,0.012062033314187204,0,65.32333333333332,-5.1566666666666805
2025-09-26,71.15,66.5,120.4349,409.49,159.19919,41.4939,83.6069,3.6725,71.15,0.0095062429057888,0.0100599725611336,0,0.009506242905788831,0.01511219661120422,4.650000000000006,68.6,67.66466666666666,0.010059972561133612,0.013855556200660847,0.009506242905788831,0,65.145,-6.00500000000001
2025-09-27,71.15,66.5,120.4349,310.97,54.95965,41.4939,83.6118,3.6725,71.15,0.0,0.0100599725611336,1,0.0,0.0,4.650000000000006,69.18571428571428,67.74933333333334,0.010059972561133612,0.013702033301223398,0.0,0,64.95733333333332,-6.192666666666682
2025-09-28,71.15,66.5,120.4349,534.23,78.63662,41.4939,83.6118,3.6725,71.15,0.0,0.0100599725611336,1,0.0,0.0,4.650000000000006,69.77142857142857,67.86,0.010059972561133612,0.013495153364401753,0.0,0,64.71999999999998,-6.430000000000021
2025-09-29,69.0,64.27,120.115,282.61,119.8834,41.4789,83.6118,3.6725,69.0,-0.0302178496134927,0.0176827586946357,0,-0.03021784961349272,-0.033533834586466194,4.730000000000004,70.07571428571428,67.899,0.01768275869463572,0.014699003688380665,0.03021784961349272,1,64.587,-4.412999999999997
2025-09-30,68.52,63.17,120.1368,406.64,161.74648,41.3176,82.8676,3.6725,68.52,-0.0069565217391305,0.0173041661641329,0,-0.006956521739130528,-0.01711529484985208,5.349999999999994,70.1557142857143,67.922,0.01730416616413295,0.014764731515774846,0.006956521739130528,0,64.47333333333333,-4.046666666666667
2025-10-01,66.67,62.59,120.1502,307.12,169.25528,41.142,82.6084,3.6725,66.67,-0.0269994162288381,0.0166684477105285,0,-0.02699941622883817,-0.009181573531739762,4.079999999999998,69.73142857142858,67.908,0.01666844771052854,0.015466845591366775,0.02699941622883817,1,64.43233333333333,-2.2376666666666694
2025-10-02,65.44,61.28,120.4296,438.91,184.73935,41.2215,81.4967,3.6725,65.44,-0.0184490775461227,0.0150415932199471,0,-0.018449077546122794,-0.02092986100015981,4.159999999999997,69.01142857142858,67.81966666666666,0.015041593219947172,0.015550056517288007,0.018449077546122794,1,64.43233333333333,-1.0076666666666654
2025-10-03,66.13,61.65,120.0881,306.79,293.14758,41.2764,81.0085,3.6725,66.13,0.0105440097799509,0.015274326101769,0,0.010544009779950958,0.006037859007832935,4.479999999999997,68.29428571428572,67.76533333333333,0.015274326101769082,0.015679142798519258,0.010544009779950958,0,64.40933333333334,-1.7206666666666592
2025-10-04,66.13,61.65,120.0881,359.09,139.05832,41.2764,81.8969,3.6725,66.13,0.0,0.015274326101769,1,0.0,0.0,4.479999999999997,67.57714285714286,67.756,0.015274326101769082,0.015252660978997652,0.0,0,64.398,-1.7319999999999993
2025-10-05,66.13,61.65,120.0881,547.04,64.23261,41.2764,81.8969,3.6725,66.13,0.0,0.015274326101769,1,0.0,0.0,4.479999999999997,66.86,67.79633333333334,0.015274326101769082,0.014654387090494414,0.0,0,64.36166666666666,-1.7683333333333309
2025-10-06,67.09,62.49,120.2722,326.43,190.01344,41.2286,81.8969,3.6725,67.09,0.0145168607288674,0.0149043109643398,0,0.014516860728867487,0.013625304136253069,4.600000000000001,66.58714285714285,67.86866666666667,0.01490431096433984,0.014867939658079662,0.014516860728867487,0,64.24333333333333,-2.8466666666666782
2025-10-07,67.1,62.52,120.4884,225.8,163.92087,41.3409,83.0,3.6725,67.1,0.0001490535102099,0.0149039161516362,0,0.00014905351020999547,0.00048007681228989796,4.579999999999991,66.38428571428571,67.94133333333333,0.01490391615163623,0.0148675486407222,0.00014905351020999547,0,64.12033333333333,-2.9796666666666596
2025-10-08,67.42,63.37,120.7766,354.2,83.78089,41.3158,81.9349,3.6725,67.42,0.004769001490313,0.0105361155542403,0,0.004769001490313007,0.013595649392194487,4.050000000000004,66.49142857142856,68.00733333333334,0.010536115554240394,0.014828144343503668,0.004769001490313007,0,63.997,-3.423000000000002
2025-10-09,67.23,62.36,121.0902,391.93,194.4756,41.4024,81.5478,3.6725,67.23,-0.0028181548501927,0.0064191925268989,0,-0.0028181548501927667,-0.015938141076219048,4.8700000000000045,66.74714285714285,67.98266666666667,0.006419192526898996,0.013029795843978204,0.0028181548501927667,0,63.88,-3.3500000000000014
2025-10-10,64.41,59.75,121.1163,314.78,184.03154,41.5062,81.4103,3.6725,64.41,-0.0419455600178493,0.0178382880151511,0,-0.041945560017849326,-0.04185375240538802,4.659999999999997,66.50142857142858,67.87566666666666,0.01783828801515117,0.015075074702665269,0.041945560017849326,1,63.857,-0.5529999999999973
2025-10-11,64.41,59.75,121.1163,230.57,135.20685,41.5062,81.1898,3.6725,64.41,0.0,0.0178382880151511,1,0.0,0.0,4.659999999999997,66.25571428571428,67.78099999999999,0.01783828801515117,0.015058570036026528,0.0,0,63.81033333333334,-0.599666666666657
2025-10-12,64.41,59.75,121.1163,571.89,96.57632,41.5062,81.1898,3.6725,64.41,0.0,0.0178382880151511,1,0.0,0.0,4.659999999999997,66.01,67.66566666666667,0.01783828801515117,0.01492944678489027,0.0,0,63.79200000000001,-0.6179999999999879
2025-10-13,64.15,59.75,121.1163,401.18,198.07106,41.6027,81.1898,3.6725,64.15,-0.0040366402732493,0.0159757018969165,1,-0.004036640273249348,0.0,4.400000000000006,65.59,67.54166666666667,0.015975701896916585,0.014932402070492009,0.004036640273249348,0,63.71633333333333,-0.4336666666666744
2025-10-14,63.0,59.52,121.1822,444.68,202.95819,41.6102,80.8548,3.6725,63.0,-0.0179267342166797,0.016224348867027,0,-0.017926734216679785,-0.003849372384937211,3.479999999999997,65.00428571428571,67.37933333333334,0.016224348867027047,0.0152152006898399,0.017926734216679785,1,63.68766666666668,0.6876666666666793
2025-10-15,62.33,59.08,120.8642,160.15,184.03154,41.7514,79.9589,3.6725,62.33,-0.0106349206349206,0.0150728943349986,0,-0.010634920634920664,-0.007392473118279619,3.25,64.27714285714286,67.19433333333333,0.015072894334998612,0.01528098580278221,0.010634920634920664,0,63.72500000000001,1.3950000000000102
2025-10-16,61.08,58.29,120.6698,363.38,149.95161,41.7607,78.839,3.6725,61.08,-0.0200545483715707,0.0149106809517756,0,-0.020054548371570724,-0.013371699390656744,2.789999999999999,63.39857142857143,66.90733333333334,0.014910680951775657,0.014545407234727173,0.020054548371570724,1,63.804,2.7240000000000038
2025-10-17,61.23,58.3,120.7028,551.3,133.89992,41.6358,79.0839,3.6725,61.23,0.0024557956777995,0.0091197246967395,0,0.0024557956777995216,0.00017155601303819878,2.9299999999999997,62.944285714285705,66.642,0.009119724696739584,0.014585601174329901,0.0024557956777995216,0,63.878000000000014,2.6480000000000175
2025-10-18,61.23,58.3,120.7028,304.61,114.555664,41.6358,80.9834,3.6725,61.23,0.0,0.0091197246967395,1,0.0,0.0,2.9299999999999997,62.49,66.422,0.009119724696739584,0.014294879629705591,0.0,0,63.94233333333336,2.712333333333362
2025-10-19,61.23,58.3,120.7028,399.42,103.22449,41.6358,80.9834,3.6725,61.23,0.0,0.0091197246967395,1,0.0,0.0,2.9299999999999997,62.035714285714285,66.228,0.009119724696739584,0.014221608149294874,0.0,0,64.06333333333335,2.83333333333335
2025-10-20,60.71,58.34,120.6209,338.92,161.07623,41.7308,80.9834,3.6725,60.71,-0.008492569002123,0.0090194426340133,0,-0.00849256900212303,0.0006861063464838058,2.3699999999999974,61.544285714285714,66.01666666666667,0.009019442634013391,0.01424591440096714,0.00849256900212303,0,64.16566666666667,3.4556666666666658
2025-10-21,61.0,58.66,120.8895,279.64,177.10759,41.7565,81.3582,3.6725,61.0,0.0047768077746663,0.0088547090443375,0,0.004776807774666381,0.005485087418580559,2.3400000000000034,61.25857142857143,65.815,0.008854709044337581,0.01430954168818364,0.004776807774666381,0,64.25366666666667,3.2536666666666747
2025-10-22,62.28,59.3,120.8958,490.22,122.927315,41.7441,81.3475,3.6725,62.28,0.0209836065573769,0.0125396276188301,0,0.020983606557376966,0.010910330719399841,2.980000000000004,61.25142857142857,65.66199999999999,0.012539627618830181,0.01496755341354657,0.020983606557376966,1,64.27033333333334,1.9903333333333393
2025-10-23,66.32,62.44,120.9531,226.47,193.34053,41.755,81.6549,3.6725,66.32,0.0648683365446369,0.0249229742060768,0,0.06486833654463697,0.052951096121416574,3.8799999999999955,62.0,65.60733333333333,0.024922974206076816,0.019100220359598106,0.06486833654463697,1,64.15233333333335,-2.1676666666666478
2025-10-24,65.8,62.27,120.9345,327.22,158.64787,41.897,81.269,3.6725,65.8,-0.0078407720144751,0.0258717612057038,0,-0.007840772014475195,-0.002722613709160715,3.529999999999994,62.652857142857144,65.47933333333333,0.025871761205703815,0.018525971420215066,0.007840772014475195,0,64.05166666666666,-1.7483333333333348
2025-10-25,65.8,62.27,120.9345,198.82,108.35502,41.897,80.9713,3.6725,65.8,0.0,0.0258717612057038,1,0.0,0.0,3.529999999999994,63.30571428571428,65.32333333333332,0.025871761205703815,0.018346462311865396,0.0,0,64.01933333333334,-1.7806666666666615
2025-10-26,65.8,62.27,120.9345,483.74,124.46063,41.897,80.9713,3.6725,65.8,0.0,0.0258717612057038,1,0.0,0.0,3.529999999999994,63.958571428571425,65.14500000000001,0.025871761205703815,0.018220272535088105,0.0,0,63.958999999999996,-1.841000000000001
2025-10-27,65.52,62.13,120.7988,386.2,163.14574,41.9969,80.9713,3.6725,65.52,-0.0042553191489361,0.0253954132273218,0,-0.004255319148936176,-0.0022482736470210707,3.3899999999999935,64.64571428571428,64.95733333333334,0.025395413227321854,0.018217156363911326,0.004255319148936176,0,63.93533333333333,-1.5846666666666636
2025-10-28,64.03,60.97,120.6361,269.14,129.39717,42.0704,78.9848,3.6725,64.03,-0.0227411477411476,0.0284990419635119,0,-0.02274114774114766,-0.01867052953484638,3.0600000000000023,65.07857142857142,64.72,0.02849904196351195,0.01857548073177332,0.02274114774114766,1,63.94033333333333,-0.08966666666667322
2025-10-29,65.01,61.26,120.5312,260.35,100.99292,42.0831,79.8174,3.6725,65.01,0.0153053256286117,0.0281225650831083,0,0.015305325628611754,0.004756437592258411,3.750000000000007,65.46857142857144,64.587,0.028122565083108373,0.01815914107538319,0.015305325628611754,0,63.909,-1.1010000000000062
2025-10-30,65.11,61.36,121.2832,280.03,132.02263,42.0115,79.4715,3.6725,65.11,0.0015382248884785,0.0114536101701407,0,0.0015382248884785454,0.0016323865491347789,3.75,65.2957142857143,64.47333333333333,0.011453610170140752,0.018142605214522895,0.0015382248884785454,0,63.874333333333325,-1.235666666666674
2025-10-31,65.44,61.75,121.3859,439.77,158.78424,41.9701,80.5037,3.6725,65.44,0.0050683458762095,0.0115027644116897,0,0.0050683458762095235,0.006355932203389925,3.6899999999999977,65.24428571428572,64.43233333333333,0.011502764411689754,0.01752522093272679,0.0050683458762095235,0,63.82866666666666,-1.6113333333333344
2025-11-01,65.44,61.75,121.3859,495.89,64.53054,41.9701,80.9756,3.6725,65.44,0.0,0.0115027644116897,1,0.0,0.0,3.6899999999999977,65.19285714285715,64.43233333333333,0.011502764411689754,0.017193265957199434,0.0,0,63.788,-1.652000000000001
2025-11-02,65.44,61.75,121.3859,335.63,57.254253,41.9701,80.8861,3.6725,65.44,0.0,0.0115027644116897,1,0.0,0.0,3.6899999999999977,65.14142857142858,64.40933333333334,0.011502764411689754,0.01708067483291718,0.0,0,63.719,-1.7209999999999965
2025-11-03,65.79,61.79,121.4512,5.39,236.61198,41.8924,80.8861,3.6725,65.79,0.0053484107579462,0.0115841487490171,0,0.0053484107579462314,0.0006477732793521707,4.000000000000007,65.17999999999999,64.398,0.011584148749017115,0.017110833223401067,0.0053484107579462314,0,63.65099999999999,-2.139000000000017
2025-11-04,65.04,61.38,121.8271,285.7,107.06018,42.0409,80.8861,3.6725,65.04,-0.0113999088007296,0.0080097299469241,0,-0.011399908800729608,-0.006635377892862837,3.6600000000000037,65.32428571428572,64.36166666666666,0.008009729946924154,0.01723621805928548,0.011399908800729608,0,63.62133333333333,-1.4186666666666738
2025-11-05,63.54,60.4,121.8482,300.81,140.96033,42.0725,80.8861,3.6725,63.54,-0.0230627306273063,0.0103773516344958,0,-0.02306273062730635,-0.01596611274030635,3.1400000000000006,65.11428571428571,64.24333333333333,0.010377351634495845,0.01747769357047326,0.02306273062730635,1,63.650666666666666,0.11066666666666691
2025-11-06,63.41,60.24,121.6948,316.74,82.08132,42.0671,81.1885,3.6725,63.41,-0.0020459553037457,0.0101904544058298,0,-0.002045955303745739,-0.0026490066225165476,3.1699999999999946,64.87142857142858,64.12033333333333,0.010190454405829866,0.017474432268003555,0.002045955303745739,0,63.68433333333334,0.2743333333333453
2025-11-07,63.72,60.54,121.388,337.82,99.21168,42.0836,81.3765,3.6725,63.72,0.0048888187982969,0.0101648220234396,0,0.0048888187982969455,0.004980079681274896,3.1799999999999997,64.62571428571428,63.997,0.010164822023439646,0.017475984407048048,0.0048888187982969455,0,63.707666666666675,-0.012333333333323537
2025-11-08,63.72,60.54,121.388,598.34,64.21779,42.0836,81.2257,3.6725,63.72,0.0,0.0101648220234396,1,0.0,0.0,3.1799999999999997,64.38000000000001,63.88,0.010164822023439646,0.017477530177424743,0.0,0,63.69366666666668,-0.02633333333331933
2025-11-09,63.72,60.54,121.388,494.36,24.720654,42.0836,81.2257,3.6725,63.72,0.0,0.0101648220234396,1,0.0,0.0,3.1799999999999997,64.13428571428572,63.85699999999999,0.010164822023439646,0.01573264813147083,0.0,0,63.65700000000001,-0.06299999999998818
2025-11-10,63.01,60.94,121.2984,473.61,105.16089,41.9782,81.2257,3.6725,63.01,-0.011142498430634,0.0095991225034792,0,-0.011142498430634085,0.006607201850016509,2.0700000000000003,63.737142857142864,63.81033333333333,0.009599122503479217,0.01585776856830618,0.011142498430634085,0,63.660666666666664,0.6506666666666661
2025-11-11,63.86,60.94,121.2984,332.87,104.424194,41.9559,81.0132,3.6725,63.86,0.0134899222345659,0.0116938535605387,1,0.01348992223456591,0.0,2.9200000000000017,63.56857142857143,63.792,0.011693853560538722,0.016065658025802537,0.01348992223456591,0,63.594333333333324,-0.26566666666667516
2025-11-12,61.88,59.3,121.0458,224.47,77.42228,42.0139,81.3562,3.6725,61.88,-0.0310053241465705,0.0141441835927276,0,-0.031005324146570534,-0.026911716442402422,2.5800000000000054,63.33142857142857,63.716333333333324,0.014144183592727642,0.017016239347865718,0.031005324146570534,1,63.60199999999999,1.721999999999987
2025-11-13,62.14,59.54,120.7725,475.99,71.02972,42.0377,81.2852,3.6725,62.14,0.0042016806722688,0.0144586794672564,0,0.004201680672268893,0.004047217537942682,2.6000000000000014,63.15,63.687666666666665,0.014458679467256465,0.016737334148891402,0.004201680672268893,0,63.600999999999985,1.4609999999999843
2025-11-14,63.45,60.87,120.9666,302.37,81.59033,42.0641,80.601,3.6725,63.45,0.0210814290312197,0.0169701558567281,0,0.02108142903121979,0.022337924084648852,2.5800000000000054,63.11142857142857,63.725,0.016970155856728102,0.017062181419851902,0.02108142903121979,1,63.55633333333331,0.10633333333331052
2025-11-15,63.45,60.87,120.9666,255.94,76.27623,42.0641,81.1276,3.6725,63.45,0.0,0.0169701558567281,1,0.0,0.0,2.5800000000000054,63.07285714285714,63.804,0.016970155856728102,0.016606463373053708,0.0,0,63.49299999999998,0.042999999999977945
2025-11-16,63.45,60.87,120.9666,403.64,79.629036,42.0641,81.1276,3.6725,63.45,0.0,0.0169701558567281,1,0.0,0.0,2.5800000000000054,63.034285714285716,63.878,0.016970155856728102,0.016607135737092337,0.0,0,63.37566666666665,-0.07433333333334957
2025-11-17,63.16,60.66,121.1146,575.78,111.81663,42.0423,81.1276,3.6725,63.16,-0.0045705279747834,0.0164560948381905,0,-0.0045705279747834116,-0.003449975357318835,2.5,63.05571428571428,63.94233333333333,0.016456094838190584,0.016640582506952627,0.0045705279747834116,0,63.29066666666666,0.13066666666666293
2025-11-18,64.86,61.51,121.2127,617.41,81.25166,42.067,81.1302,3.6725,64.86,0.0269157694743509,0.01883827780608,0,0.026915769474350926,0.014012528849324024,3.3500000000000014,63.19857142857143,64.06333333333333,0.018838277806080023,0.017288502905650392,0.026915769474350926,1,63.15166666666666,-1.7083333333333428
2025-11-19,63.78,60.27,121.4978,226.6,59.471592,42.0924,81.0547,3.6725,63.78,-0.0166512488436632,0.0149867177270202,0,-0.016651248843663202,-0.0201593236872053,3.509999999999998,63.46999999999999,64.16566666666667,0.014986717727020284,0.017522864626899226,0.016651248843663202,0,63.07066666666666,-0.7093333333333405
2025-11-20,63.64,60.07,121.6889,312.65,84.79269,42.0948,80.9448,3.6725,63.64,-0.002195045468799,0.0151961825172927,0,-0.002195045468799006,-0.003318400530944121,3.5700000000000003,63.684285714285714,64.25366666666666,0.01519618251729273,0.017528140839739362,0.002195045468799006,0,62.99433333333332,-0.6456666666666777
2025-11-21,62.78,58.86,121.8653,265.43,163.0086,42.1549,80.7321,3.6725,62.78,-0.0135135135135134,0.0141168833307024,0,-0.013513513513513487,-0.020143166305976345,3.9200000000000017,63.58857142857143,64.27033333333333,0.014116883330702452,0.017340459430549193,0.013513513513513487,0,62.946666666666665,0.1666666666666643
2025-11-22,62.78,58.86,121.8653,182.64,38.454353,42.1549,79.0246,3.6725,62.78,0.0,0.0141168833307024,1,0.0,0.0,3.9200000000000017,63.49285714285715,64.15233333333333,0.014116883330702452,0.012352586464862661,0.0,0,62.92799999999999,0.14799999999998903
2025-11-23,62.78,58.86,121.8653,354.59,113.11207,42.1549,79.0246,3.6725,62.78,0.0,0.0141168833307024,1,0.0,0.0,3.9200000000000017,63.39714285714285,64.05166666666668,0.014116883330702452,0.012302181059426006,0.0,0,62.958666666666666,0.17866666666666475
2025-11-24,64.83,59.11,121.9171,199.1,173.25145,42.2672,79.0246,3.6725,64.83,0.0326537113730487,0.0189281723798201,0,0.03265371137304873,0.004247366632687655,5.719999999999999,63.63571428571429,64.01933333333334,0.018928172379820144,0.013792921057983685,0.03265371137304873,1,62.921,-1.908999999999999
2025-11-25,63.99,58.25,121.6335,323.74,188.14928,42.3713,78.9202,3.6725,63.99,-0.0129569643683479,0.0167129568756733,0,-0.012956964368347923,-0.0145491456606327,5.740000000000002,63.51142857142857,63.958999999999996,0.01671295687567338,0.01398143796189698,0.012956964368347923,0,62.91133333333334,-1.0786666666666633
2025-11-26,64.81,58.81,121.2437,231.59,118.30599,42.4015,78.9615,3.6725,64.81,0.0128145022659791,0.0160491932199809,0,0.012814502265979133,0.009613733905579513,6.0,63.65857142857143,63.93533333333333,0.016049193219980905,0.014183323943125983,0.012814502265979133,0,62.87433333333334,-1.9356666666666626
2025-11-27,64.18,58.81,121.2437,334.67,181.40251,42.2987,78.5941,3.6725,64.18,-0.0097207221107853,0.0166491843368509,1,-0.00972072211078534,0.0,5.3700000000000045,63.73571428571428,63.940333333333335,0.016649184336850923,0.013661474918520645,0.00972072211078534,0,62.85833333333335,-1.3216666666666583
2025-11-28,64.07,58.58,121.0527,323.26,151.36514,42.1928,78.2503,3.6725,64.07,-0.0017139295730759,0.0154506139556945,0,-0.001713929573075923,-0.0039108995068866115,5.489999999999995,63.92000000000001,63.909,0.01545061395569452,0.013361280660099074,0.001713929573075923,0,62.84600000000001,-1.2239999999999824
2025-11-29,64.07,58.58,121.0527,168.25,93.31177,42.1928,78.2284,3.6725,64.07,0.0,0.0154506139556945,1,0.0,0.0,5.489999999999995,64.10428571428572,63.87433333333333,0.01545061395569452,0.013356539816689552,0.0,0,62.81366666666667,-1.2563333333333233
2025-11-30,64.07,58.58,121.0527,321.03,77.03646,42.1928,78.2284,3.6725,64.07,0.0,0.0154506139556945,1,0.0,0.0,5.489999999999995,64.28857142857143,63.82866666666667,0.01545061395569452,0.01331631909985995,0.0,0,62.75466666666667,-1.3153333333333208
2025-12-01,64.22,59.47,120.9862,257.88,149.95161,42.266,78.2284,3.6725,64.22,0.0023411893241767,0.0083946362974913,0,0.0023411893241767068,0.015192898600204785,4.75,64.20142857142856,63.788,0.008394636297491343,0.013326930649438273,0.0023411893241767068,0,62.659,-1.561
2025-12-02,63.37,58.81,121.1467,292.27,110.011475,42.3413,77.7027,3.6725,63.37,-0.0132357521021488,0.008459461579157,0,-0.01323575210214889,-0.011098032621489784,4.559999999999995,64.11285714285715,63.719,0.008459461579157005,0.01352598835340622,0.01323575210214889,0,62.59166666666666,-0.778333333333336
2025-12-03,63.75,59.09,120.7336,357.52,106.475395,42.3342,77.4631,3.6725,63.75,0.0059965283257061,0.0067816732834582,0,0.005996528325706185,0.004761095051861952,4.659999999999997,63.96142857142858,63.650999999999996,0.006781673283458228,0.013536962209454956,0.005996528325706185,0,62.53266666666666,-1.2173333333333431
2025-12-04,64.15,59.82,120.6766,520.11,154.62614,42.2034,77.9556,3.6725,64.15,0.0062745098039216,0.0065690614889772,0,0.006274509803921635,0.012354036215941777,4.330000000000005,63.95714285714285,63.62133333333334,0.006569061488977211,0.013451317908386828,0.006274509803921635,0,62.460333333333324,-1.6896666666666817
2025-12-05,64.42,60.23,120.6863,236.11,150.29799,42.1838,76.9708,3.6725,64.42,0.0042088854247857,0.0066989083073672,0,0.004208885424785702,0.006853895018388512,4.190000000000005,64.00714285714285,63.650666666666666,0.006698908307367238,0.012769194530669561,0.004208885424785702,0,62.379,-2.041000000000004
2025-12-06,64.42,60.23,120.6863,113.63,82.40218,42.1838,76.0937,3.6725,64.42,0.0,0.0066989083073672,1,0.0,0.0,4.190000000000005,64.05714285714286,63.684333333333335,0.006698908307367238,0.012760383161338141,0.0,0,62.33166666666666,-2.0883333333333383
2025-12-07,64.42,60.23,120.6863,354.92,40.895897,42.1838,76.0937,3.6725,64.42,0.0,0.0066989083073672,1,0.0,0.0,4.190000000000005,64.10714285714286,63.70766666666667,0.006698908307367238,0.012734985659813345,0.0,0,62.25433333333333,-2.1656666666666737
2025-12-08,63.3,59.04,120.776,483.24,110.63586,42.0567,76.0937,3.6725,63.3,-0.0173859049984477,0.0095037498224663,0,-0.01738590499844772,-0.019757595882450518,4.259999999999998,63.97571428571429,63.693666666666665,0.009503749822466333,0.013144808487354118,0.01738590499844772,0,62.18033333333333,-1.1196666666666673
2025-12-09,62.62,58.4,120.6832,583.98,104.47801,42.07,77.2733,3.6725,62.62,-0.0107424960505528,0.0090492135444294,0,-0.010742496050552885,-0.01084010840108407,4.219999999999999,63.86857142857143,63.657000000000004,0.009049213544429455,0.01328650134155851,0.010742496050552885,0,62.20433333333333,-0.41566666666666663
2025-12-10,63.12,58.67,120.6752,336.6,95.66982,42.1838,76.8084,3.6725,63.12,0.0079846694346854,0.0093557319449133,0,0.007984669434685454,0.0046232876712328785,4.449999999999996,63.778571428571425,63.66066666666667,0.009355731944913338,0.013216695859297122,0.007984669434685454,0,62.270666666666656,-0.849333333333341
2025-12-11,61.87,57.76,119.98,524.45,142.22116,42.2812,77.8998,3.6725,61.87,-0.0198035487959442,0.0108693704354366,0,-0.01980354879594426,-0.015510482358956912,4.109999999999999,63.452857142857134,63.59433333333333,0.010869370435436615,0.013452964098265458,0.01980354879594426,1,62.378666666666646,0.5086666666666488
2025-12-12,62.11,57.61,120.1442,355.26,175.30011,42.2721,79.3398,3.6725,62.11,0.0038791013415224,0.0108228850166697,0,0.003879101341522473,-0.002596952908587191,4.5,63.12285714285714,63.602000000000004,0.010822885016669741,0.012218037641490403,0.003879101341522473,0,62.47866666666665,0.36866666666664827
2025-12-13,62.11,57.61,120.1442,629.56,75.28563,42.2721,79.7296,3.6725,62.11,0.0,0.0108228850166697,1,0.0,0.0,4.5,62.792857142857144,63.601,0.010822885016669741,0.012194589510409415,0.0,0,62.588333333333324,0.4783333333333246
2025-12-14,62.11,57.61,120.1442,418.09,185.31847,42.2721,79.7296,3.6725,62.11,0.0,0.0108228850166697,1,0.0,0.0,4.5,62.46285714285714,63.556333333333335,0.010822885016669741,0.01153050740366458,0.0,0,62.770666666666656,0.660666666666657
2025-12-15,61.55,56.97,119.9561,254.98,202.24098,42.1936,79.7296,3.6725,61.55,-0.0090162614715827,0.0096443061191845,0,-0.009016261471582743,-0.011109182433605258,4.579999999999998,62.21285714285714,63.493,0.00964430611918455,0.011630126022328255,0.009016261471582743,0,63.014666666666656,1.464666666666659
2025-12-16,59.93,55.44,119.8902,258.94,145.12202,42.2451,79.4495,3.6725,59.93,-0.0263200649878146,0.0127637234744044,0,-0.026320064987814695,-0.026856240126382325,4.490000000000002,61.82857142857143,63.37566666666667,0.012763723474404446,0.012515220715052233,0.026320064987814695,1,63.22233333333333,3.292333333333332
2025-12-17,60.61,56.07,120.155,230.87,125.11497,42.1848,79.4302,3.6725,60.61,0.0113465709994993,0.0134314276693617,0,0.011346570999499317,0.011363636363636465,4.539999999999999,61.470000000000006,63.29066666666667,0.013431427669361708,0.012730368943015236,0.011346570999499317,0,63.43433333333334,2.8243333333333425
2025-12-18,60.69,56.22,120.0528,350.41,209.34442,42.3384,80.3807,3.6725,60.69,0.0013199142055766,0.012035581727645,0,0.0013199142055766444,0.002675227394328461,4.469999999999999,61.30142857142857,63.15166666666667,0.012035581727645087,0.01158026792347043,0.0013199142055766444,0,63.643666666666675,2.9536666666666775
2025-12-19,61.35,56.8,120.1652,313.6,100.202225,42.3374,80.0301,3.6725,61.35,0.0108749382105783,0.0129287513683562,0,0.010874938210578389,0.010316613304873767,4.550000000000004,61.192857142857136,63.07066666666666,0.012928751368356218,0.011481565881664775,0.010874938210578389,0,63.83100000000001,2.4810000000000088
2025-12-20,61.35,56.8,120.1652,283.5,105.53313,42.3374,80.722,3.6725,61.35,0.0,0.0129287513683562,1,0.0,0.0,4.550000000000004,61.08428571428571,62.99433333333333,0.012928751368356218,0.011482200159297731,0.0,0,64.01633333333335,2.6663333333333483
2025-12-21,61.35,56.8,120.1652,547.81,113.11207,42.3374,80.722,3.6725,61.35,0.0,0.0129287513683562,1,0.0,0.0,4.550000000000004,60.97571428571429,62.94666666666667,0.012928751368356218,0.011243325877285555,0.0,0,64.22733333333335,2.877333333333347
2025-12-22,62.22,58.18,119.9912,238.58,106.62771,42.2481,80.722,3.6725,62.22,0.0141809290953545,0.0136871139713468,0,0.01418092909535451,0.024295774647887347,4.039999999999999,61.07142857142857,62.928000000000004,0.01368711397134689,0.011567489858574047,0.01418092909535451,0,64.37733333333334,2.157333333333341
2025-12-23,63.7,58.55,119.7057,264.35,97.633575,42.1482,79.3146,3.6725,63.7,0.0237865638058503,0.0088991795818906,0,0.023786563805850314,0.00635957373667928,5.150000000000006,61.61,62.958666666666666,0.008899179581890668,0.012371366892471274,0.023786563805850314,1,64.436,0.7360000000000042
2025-12-24,63.7,58.72,119.4372,204.03,134.29327,42.1003,78.585,3.6725,63.7,0.0,0.0093758553492984,0,0.0,0.0029035012809564,4.980000000000004,62.05142857142857,62.921,0.009375855349298412,0.010784987588882126,0.0,0,64.58466666666668,0.8846666666666749
2025-12-25,63.7,58.72,119.4372,181.39,147.22523,42.1541,78.4368,3.6725,63.7,0.0,0.0095251077541196,1,0.0,0.0,4.980000000000004,62.48142857142857,62.91133333333333,0.009525107754119692,0.0105264972508377,0.0,0,64.73333333333335,1.0333333333333456
2025-12-26,63.7,56.6,119.4723,513.83,144.02469,41.9331,77.8844,3.6725,63.7,0.0,0.0096692505454857,1,0.0,-0.03610354223433243,7.100000000000001,62.81714285714286,62.87433333333333,0.009669250545485718,0.010240586224812982,0.0,0,64.88200000000002,1.1820000000000164
2025-12-27,63.7,56.6,119.4723,281.48,223.72462,41.9331,77.6923,3.6725,63.7,0.0,0.0096692505454857,1,0.0,0.0,7.100000000000001,63.152857142857144,62.858333333333334,0.009669250545485718,0.010092297907560473,0.0,0,65.01533333333334,1.3153333333333421
2025-12-28,63.7,56.6,119.4723,462.89,79.82091,41.9331,77.6923,3.6725,63.7,0.0,0.0096692505454857,1,0.0,0.0,7.100000000000001,63.48857142857143,62.846000000000004,0.009669250545485718,0.010088287325505796,0.0,0,65.23466666666668,1.5346666666666806
2025-12-29,63.1,57.89,119.5899,445.72,62.94666,42.0637,77.6923,3.6725,63.1,-0.0094191522762951,0.0102064694900986,0,-0.009419152276295195,0.02279151943462887,5.210000000000001,63.614285714285714,62.81366666666667,0.010206469490098607,0.010229250142374085,0.009419152276295195,0,65.49466666666667,2.394666666666673
2025-12-30,62.3,57.79,119.4939,305.8,218.89214,42.2179,77.4466,3.6725,62.3,-0.0126782884310618,0.005472700874517,0,-0.01267828843106189,-0.0017274140611505118,4.509999999999998,63.41428571428572,62.754666666666665,0.005472700874517032,0.010468780995076437,0.01267828843106189,0,65.78466666666668,3.4846666666666835
2025-12-31,61.35,57.26,119.7456,307.63,161.76021,42.3878,78.2267,3.6725,61.35,-0.0152487961476724,0.0068646004816594,0,-0.015248796147672494,-0.009171136874891905,4.090000000000003,63.07857142857143,62.659000000000006,0.0068646004816594166,0.010770376922610412,0.015248796147672494,0,66.14800000000001,4.798000000000009
2026-01-01,61.35,57.26,119.7456,288.09,164.17973,42.3532,78.2267,3.6725,61.35,0.0,0.0068646004816594,1,0.0,0.0,4.090000000000003,62.74285714285714,62.59166666666667,0.0068646004816594166,0.010540280238593583,0.0,0,66.51133333333334,5.161333333333339
2026-01-02,61.98,57.21,119.6059,296.92,175.08287,42.1701,78.2267,3.6725,61.98,0.0102689486552567,0.008969360659418,0,0.010268948655256738,-0.0008732099196646637,4.769999999999996,62.49714285714286,62.532666666666664,0.008969360659418018,0.010666534956851895,0.010268948655256738,0,66.85366666666667,4.873666666666672
2026-01-03,61.98,57.21,119.6059,314.9,197.96222,42.1701,78.2267,3.6725,61.98,0.0,0.008969360659418,1,0.0,0.0,4.769999999999996,62.25142857142857,62.46033333333333,0.008969360659418018,0.01058253557195779,0.0,0,67.045,5.065000000000005
2026-01-04,61.98,57.21,119.6059,552.46,135.55264,42.1701,78.2267,3.6725,61.98,0.0,0.008969360659418,1,0.0,0.0,4.769999999999996,62.005714285714284,62.379000000000005,0.008969360659418018,0.010537638912836765,0.0,0,67.31266666666667,5.332666666666675
2026-01-05,63.0,58.1,119.6192,539.83,263.8943,42.2942,78.2267,3.6725,63.0,0.0164569215876089,0.0113235758874966,0,0.01645692158760892,0.01555672085299764,4.899999999999999,61.99142857142857,62.33166666666667,0.011323575887496665,0.011021264332878315,0.01645692158760892,0,67.58433333333333,4.584333333333333
2026-01-06,62.1,56.97,119.7807,251.35,255.32977,42.4208,78.2267,3.6725,62.1,-0.0142857142857142,0.0116315810648869,0,-0.014285714285714235,-0.01944922547332195,5.130000000000003,61.962857142857146,62.25433333333333,0.011631581064886959,0.011295894376793517,0.014285714285714235,0,67.84333333333333,5.743333333333332
2026-01-07,61.08,56.01,119.8719,253.69,242.22333,42.5634,78.2267,3.6725,61.08,-0.0164251207729468,0.0118875231242122,0,-0.01642512077294689,-0.01685097419694581,5.07,61.92428571428571,62.18033333333333,0.011887523124212217,0.011249571515726583,0.01642512077294689,0,68.15566666666668,7.075666666666677
2026-01-08,63.34,57.74,120.0904,474.73,267.43668,42.7155,78.2267,3.6725,63.34,0.0370006548788475,0.0185448863685186,0,0.037000654878847516,0.03088734154615258,5.600000000000001,62.20857142857143,62.20433333333334,0.01854488636851864,0.013071964268849597,0.037000654878847516,1,68.39266666666667,5.052666666666667
2026-01-09,65.11,58.96,120.2215,231.37,131.62521,42.9904,78.2267,3.6725,65.11,0.0279444269024311,0.020524582880933,0,0.027944426902431152,0.02112919986144779,6.149999999999999,62.65571428571428,62.27066666666666,0.020524582880933073,0.013946657624493434,0.027944426902431152,1,68.57066666666667,3.4606666666666683
2026-01-10,65.11,58.96,120.2215,310.71,192.19676,42.9904,78.2267,3.6725,65.11,0.0,0.020524582880933,1,0.0,0.0,6.149999999999999,63.10285714285715,62.37866666666667,0.020524582880933073,0.013378842531754363,0.0,0,68.77333333333333,3.663333333333327
2026-01-11,65.11,58.96,120.2215,375.53,118.91269,42.9904,78.2267,3.6725,65.11,0.0,0.020524582880933,1,0.0,0.0,6.149999999999999,63.550000000000004,62.47866666666666,0.020524582880933073,0.01337668928214497,0.0,0,68.97000000000001,3.8600000000000136
2026-01-12,65.4,59.39,119.9958,281.74,186.33192,43.0757,78.2267,3.6725,65.4,0.0044540009215174,0.020123858224744,0,0.004454000921517487,0.0072930800542740926,6.010000000000005,63.892857142857146,62.58833333333334,0.02012385822474408,0.013382351033384834,0.004454000921517487,0,69.174,3.774000000000001
2026-01-13,67.58,60.85,120.1401,357.58,167.4222,43.2552,78.7913,3.6725,67.58,0.0333333333333332,0.0203573806511692,0,0.033333333333333215,0.024583263175618875,6.729999999999997,64.67571428571429,62.77066666666666,0.02035738065116929,0.014559120794031865,0.033333333333333215,1,69.248,1.6680000000000064
2026-01-14,68.87,61.84,119.9537,369.14,119.8834,43.1762,78.8527,3.6725,68.87,0.0190884877182599,0.0159437111007362,0,0.019088487718259994,0.01626951520131481,7.030000000000001,65.78857142857143,63.01466666666667,0.015943711100736297,0.01466844779244923,0.019088487718259994,1,69.28433333333332,0.41433333333331746
2026-01-15,66.16,59.13,119.9951,409.97,152.97826,43.1236,78.5711,3.6725,66.16,-0.0393494990561928,0.024252916662031,0,-0.039349499056192894,-0.043822768434670145,7.029999999999994,66.19142857142857,63.22233333333334,0.02425291666203101,0.01574604228415178,0.039349499056192894,1,69.411,3.2510000000000048
2026-01-16,66.97,59.4,120.0838,257.45,194.85692,43.3927,78.528,3.6725,66.97,0.0122430471584038,0.0226089682764243,0,0.012243047158403852,0.004566210045662045,7.57,66.45714285714287,63.434333333333335,0.0226089682764243,0.01576244280206094,0.012243047158403852,0,69.51066666666665,2.5406666666666524
2026-01-17,66.97,59.4,120.0838,193.48,87.89566,43.3927,77.8332,3.6725,66.97,0.0,0.0226089682764243,1,0.0,0.0,7.57,66.72285714285714,63.64366666666667,0.0226089682764243,0.015770437931251893,0.0,0,69.63866666666668,2.668666666666681
2026-01-18,66.97,59.4,120.0838,349.32,89.309425,43.3927,77.8332,3.6725,66.97,0.0,0.0226089682764243,1,0.0,0.0,7.57,66.98857142857142,63.831,0.0226089682764243,0.015717771007428577,0.0,0,69.732,2.7620000000000005
2026-01-19,66.91,59.4,120.0838,355.15,191.91197,43.413,77.8332,3.6725,66.91,-0.0008959235478572,0.0226913066574623,1,-0.0008959235478572802,0.0,7.509999999999998,67.20428571428572,64.01633333333332,0.02269130665746239,0.015724605778341692,0.0008959235478572802,0,69.89433333333335,2.9843333333333533
2026-01-20,67.68,60.3,119.4455,360.3,251.4283,43.2678,77.7586,3.6725,67.68,0.0115079958152743,0.0191264256434146,0,0.011507995815274397,0.015151515151515138,7.38000000000001,67.21857142857144,64.22733333333333,0.019126425643414643,0.015788752183036842,0.011507995815274397,0,70.07733333333333,2.3973333333333215
2026-01-21,66.72,60.38,119.3431,541.38,180.35759,43.2522,77.8247,3.6725,66.72,-0.0141843971631206,0.0177869508075794,0,-0.014184397163120699,0.001326699834162559,6.339999999999996,66.91142857142857,64.37733333333333,0.017786950807579405,0.01596909592956575,0.014184397163120699,0,70.27833333333335,3.5583333333333513
2026-01-22,65.46,59.24,119.1962,474.48,133.71834,43.1759,77.5159,3.6725,65.46,-0.018884892086331,0.0117335767611836,0,-0.01888489208633104,-0.018880423981450845,6.219999999999992,66.81142857142858,64.43599999999999,0.011733576761183681,0.015903653465779734,0.01888489208633104,1,70.52133333333335,5.0613333333333514
2026-01-23,68.16,60.7,118.8976,308.57,193.18576,43.1667,76.0382,3.6725,68.16,0.0412465627864344,0.0197565079734923,0,0.04124656278643446,0.02464550979068192,7.459999999999994,66.98142857142857,64.58466666666668,0.019756507973492397,0.017512940783970143,0.04124656278643446,1,70.67433333333334,2.51433333333334
2026-01-24,68.16,60.7,118.8976,410.43,123.72919,43.1667,75.9246,3.6725,68.16,0.0,0.0197565079734923,1,0.0,0.0,7.459999999999994,67.15142857142857,64.73333333333333,0.019756507973492397,0.017512940783970143,0.0,0,70.79899999999999,2.638999999999996
2026-01-25,68.16,60.7,118.8976,547.97,85.15598,43.1667,75.9246,3.6725,68.16,0.0,0.0197565079734923,1,0.0,0.0,7.459999999999994,67.32142857142857,64.882,0.019756507973492397,0.017512940783970143,0.0,0,70.90066666666667,2.7406666666666695
2026-01-26,67.7,60.46,118.0525,289.49,80.794334,43.1391,75.9246,3.6725,67.7,-0.0067488262910797,0.0200548766808233,0,-0.006748826291079757,-0.003953871499176365,7.240000000000002,67.4342857142857,65.01533333333333,0.0200548766808233,0.017588093746564563,0.006748826291079757,0,71.00033333333334,3.3003333333333416
2026-01-27,70.28,62.04,117.4523,402.55,206.27711,43.1253,76.0101,3.6725,70.28,0.0381093057607089,0.024268161326992,0,0.03810930576070892,0.026132980482963974,8.240000000000002,67.80571428571429,65.23466666666667,0.024268161326992044,0.01876219767901446,0.03810930576070892,1,71.04633333333332,0.7663333333333213
2026-01-28,70.9,62.75,117.5117,343.94,134.13567,42.9563,76.5519,3.6725,70.9,0.0088218554354013,0.0226376797275992,0,0.008821855435401371,0.011444229529335992,8.150000000000006,68.40285714285713,65.49466666666666,0.02263767972759921,0.01862579984282277,0.008821855435401371,0,71.06033333333335,0.160333333333341
2026-01-29,71.0,64.77,117.4396,248.94,177.56831,42.7689,76.2662,3.6725,71.0,0.001410437235543,0.0195730374187604,0,0.0014104372355430161,0.03219123505976085,6.230000000000004,69.19428571428571,65.78466666666667,0.01957303741876044,0.018365024848579072,0.0014104372355430161,0,71.07100000000001,0.07100000000001216
2026-01-30,72.25,64.5,117.8996,211.46,161.46162,42.8483,76.0251,3.6725,72.25,0.0176056338028169,0.0152041811947178,0,0.01760563380281699,-0.004168596572487249,7.75,69.77857142857144,66.148,0.015204181194717835,0.018122973059224144,0.01760563380281699,0,71.04,-1.2099999999999937
2026-01-31,72.25,64.5,117.8996,239.36,129.19531,42.8483,75.7327,3.6725,72.25,0.0,0.0152041811947178,1,0.0,0.0,7.75,70.36285714285714,66.51133333333333,0.015204181194717835,0.018122973059224144,0.0,0,71.20633333333332,-1.043666666666681
2026-02-01,72.25,64.5,117.8996,298.23,106.85702,42.8483,75.7327,3.6725,72.25,0.0,0.0152041811947178,1,0.0,0.0,7.75,70.94714285714285,66.85366666666667,0.015204181194717835,0.01812919089886789,0.0,0,71.574,-0.6760000000000019
2026-02-02,67.72,61.6,118.3609,196.39,109.205536,42.8113,75.7327,3.6725,67.72,-0.0626989619377162,0.0310154383571095,0,-0.06269896193771629,-0.04496124031007753,6.119999999999997,70.95,67.045,0.03101543835710959,0.021966889952513738,0.06269896193771629,1,72.03533333333333,4.315333333333328
2026-02-03,70.01,62.62,117.9764,321.6,141.46196,42.9697,77.0223,3.6725,70.01,0.0338157117542823,0.0301780242820181,0,0.03381571175428233,0.01655844155844144,7.390000000000008,70.91142857142857,67.31266666666666,0.03017802428201815,0.02265430882508552,0.03381571175428233,1,72.65466666666666,2.6446666666666516
2026-02-04,71.15,64.56,118.2602,303.36,239.60707,43.1928,76.9817,3.6725,71.15,0.016283388087416,0.030675390479999,0,0.01628338808741603,0.030980517406579366,6.590000000000003,70.94714285714286,67.58433333333333,0.030675390479999027,0.0226511245991568,0.01628338808741603,0,73.47433333333332,2.324333333333314
2026-02-05,69.87,62.9,118.5034,291.35,139.2853,43.1695,76.9102,3.6725,69.87,-0.0179901616303583,0.0314889670163403,0,-0.01799016163035838,-0.02571251548946718,6.970000000000006,70.78571428571429,67.84333333333333,0.03148896701634039,0.022765818077389307,0.01799016163035838,1,74.33666666666664,4.46666666666664
2026-02-06,70.45,63.77,118.2407,176.17,114.82037,43.1405,76.5523,3.6725,70.45,0.0083011306712466,0.030717516511864,0,0.008301130671246604,0.013831478537360997,6.68,70.52857142857142,68.15566666666666,0.030717516511864013,0.02243899903145006,0.008301130671246604,0,75.17966666666663,4.729666666666631
2026-02-07,70.45,63.77,118.2407,523.6,132.28223,43.1405,77.054,3.6725,70.45,0.0,0.030717516511864,1,0.0,0.0,6.68,70.27142857142857,68.39266666666667,0.030717516511864013,0.0216222222090575,0.0,0,75.97633333333332,5.526333333333312
2026-02-08,70.45,63.77,118.2407,486.27,64.23261,43.1405,77.054,3.6725,70.45,0.0,0.030717516511864,1,0.0,0.0,6.68,70.01428571428572,68.57066666666667,0.030717516511864013,0.02114193174072539,0.0,0,76.62266666666666,6.172666666666657
2026-02-09,71.19,64.53,117.6392,221.9,114.008064,43.0487,77.054,3.6725,71.19,0.0105039034776437,0.0160271583206716,0,0.010503903477643739,0.011917829700486049,6.659999999999997,70.51,68.77333333333333,0.01602715832067168,0.02118006651335034,0.010503903477643739,0,77.28233333333334,6.092333333333343
2026-02-10,71.01,64.2,117.5216,205.87,59.258816,43.0267,77.6502,3.6725,71.01,-0.0025284450063209,0.0111362979281896,0,-0.0025284450063209896,-0.005113900511390046,6.810000000000002,70.65285714285714,68.97,0.011136297928189693,0.021198258379476406,0.0025284450063209896,0,78.328,7.317999999999998
2026-02-11,71.52,64.8,117.4601,251.66,107.04886,43.0904,77.2091,3.6725,71.52,0.0071820870299956,0.0096314587800341,0,0.007182087029995676,0.009345794392523255,6.719999999999999,70.70571428571428,69.17399999999999,0.009631458780034187,0.02121004961148914,0.007182087029995676,0,79.385,7.865000000000009
2026-02-12,69.8,63.08,117.5376,438.29,125.649124,43.0318,77.4648,3.6725,69.8,-0.0240492170022371,0.0116585532663379,0,-0.024049217002237167,-0.02654320987654324,6.719999999999999,70.69571428571429,69.248,0.011658553266337935,0.02098564413303638,0.024049217002237167,1,80.49933333333334,10.699333333333342
2026-02-13,69.96,63.05,117.5258,337.34,116.78925,42.993,77.188,3.6725,69.96,0.002292263610315,0.0111482806354473,0,0.002292263610315093,-0.00047558655675339345,6.909999999999997,70.62571428571428,69.28433333333332,0.011148280635447382,0.02071683892292997,0.002292263610315093,0,81.60833333333333,11.64833333333334
2026-02-14,69.96,63.05,117.5258,361.7,69.011826,42.993,77.1944,3.6725,69.96,0.0,0.0111482806354473,1,0.0,0.0,6.909999999999997,70.55571428571429,69.411,0.011148280635447382,0.019287967444431443,0.0,0,82.64433333333334,12.684333333333342
2026-02-15,69.96,63.05,117.5258,343.98,21.51018,42.993,77.1944,3.6725,69.96,0.0,0.0111482806354473,1,0.0,0.0,6.909999999999997,70.48571428571428,69.51066666666667,0.011148280635447382,0.019194040279393046,0.0,0,83.92533333333333,13.965333333333334
2026-02-16,70.81,63.05,117.5258,280.85,72.96404,43.102,77.1944,3.6725,70.81,0.012149799885649,0.0114433898769374,1,0.012149799885649015,0.0,7.760000000000005,70.43142857142857,69.63866666666667,0.01144338987693746,0.01928627476444333,0.012149799885649015,0,85.50133333333333,14.691333333333333
2026-02-17,69.77,62.53,117.7375,278.08,76.591156,43.1705,76.6201,3.6725,69.77,-0.014687191074707,0.0126273521796523,0,-0.014687191074707062,-0.008247422680412342,7.239999999999995,70.25428571428571,69.732,0.012627352179652314,0.019524826394692454,0.014687191074707062,0,86.87733333333334,17.107333333333344
2026-02-18,71.78,65.33,117.8426,238.41,122.04196,43.2577,76.7389,3.6725,71.78,0.0288089436720653,0.0171949319444999,0,0.028808943672065324,0.04477850631696789,6.450000000000003,70.29142857142857,69.89433333333334,0.01719493194449994,0.020139923003142147,0.028808943672065324,1,88.432,16.652
2026-02-19,73.17,66.66,118.2354,493.8,113.25018,43.292,76.1524,3.6725,73.17,0.0193647255502926,0.0144070002442456,0,0.019364725550292672,0.020358181539874565,6.510000000000005,70.77285714285713,70.07733333333334,0.014407000244245608,0.020310887379123208,0.019364725550292672,1,89.94033333333336,16.770333333333355
2026-02-20,72.75,66.69,117.9917,473.44,153.67581,43.2667,76.6405,3.6725,72.75,-0.005740057400574,0.0151318669908516,0,-0.005740057400574039,0.0004500450045004101,6.060000000000002,71.17142857142856,70.27833333333334,0.015131866990851641,0.020124996090897112,0.005740057400574039,0,91.46266666666669,18.712666666666692
2026-02-21,72.75,66.69,117.9917,412.53,78.07398,43.2667,76.7519,3.6725,72.75,0.0,0.0151318669908516,1,0.0,0.0,6.060000000000002,71.57000000000001,70.52133333333333,0.015131866990851641,0.01970504836411163,0.0,0,92.49733333333334,19.747333333333344
2026-02-22,72.75,66.69,117.9917,625.08,62.062157,43.2667,76.7519,3.6725,72.75,0.0,0.0151318669908516,1,0.0,0.0,6.060000000000002,71.96857142857142,70.67433333333334,0.015131866990851641,0.018391209167053595,0.0,0,93.68633333333335,20.93633333333335
2026-02-23,71.9,66.36,117.9395,695.45,139.2853,43.2747,76.7519,3.6725,71.9,-0.0116838487972508,0.0160896652305672,0,-0.011683848797250818,-0.004948268106162779,5.540000000000006,72.12428571428572,70.799,0.01608966523056721,0.01856536255362127,0.011683848797250818,0,94.92766666666668,23.027666666666676
2026-02-24,71.21,65.62,117.9463,672.5,197.67583,43.2982,76.7519,3.6725,71.21,-0.0095966620305981,0.0152893338661522,0,-0.009596662030598169,-0.011151295961422503,5.589999999999989,72.33,70.90066666666667,0.015289333866152215,0.018682441817647708,0.009596662030598169,0,96.33366666666667,25.12366666666668
2026-02-25,70.69,65.3,117.769,369.27,138.2637,43.2648,76.6342,3.6725,70.69,-0.0073023451762392,0.0104714646582647,0,-0.007302345176239289,-0.004876562023773401,5.390000000000001,72.17428571428572,71.00033333333333,0.01047146465826474,0.018691274135996517,0.007302345176239289,0,98.02633333333331,27.336333333333314
2026-02-26,71.66,65.1,117.9042,319.09,167.02022,43.2413,76.4678,3.6725,71.66,0.0137218842834911,0.0085881890093658,0,0.013721884283491192,-0.003062787136294043,6.560000000000002,71.95857142857143,71.04633333333335,0.008588189009365872,0.017544366635962795,0.013721884283491192,0,99.68666666666665,28.026666666666657
2026-02-27,71.32,66.96,117.8223,320.15,197.11147,43.2081,77.1218,3.6725,71.32,-0.0047446274072007,0.0085422745589986,0,-0.004744627407200719,0.02857142857142847,4.359999999999999,71.75428571428571,71.06033333333333,0.008542274558998655,0.01750525367994718,0.004744627407200719,0,101.35833333333332,30.038333333333327
2026-02-28,71.32,66.96,117.8223,150.05,110.59447,43.2081,77.2736,3.6725,71.32,0.0,0.0085422745589986,1,0.0,0.0,4.359999999999999,71.55,71.071,0.008542274558998655,0.01750419385587169,0.0,0,103.04366666666665,31.72366666666666
2026-03-01,71.32,66.96,117.8223,380.69,273.9074,43.2081,77.2736,3.6725,71.32,0.0,0.0085422745589986,1,0.0,0.0,4.359999999999999,71.34571428571428,71.04,0.008542274558998655,0.01719642074210215,0.0,0,104.88933333333331,33.56933333333332
2026-03-02,77.24,71.13,118.667,440.29,500.80716,43.0996,77.2736,3.6725,77.24,0.0830061693774537,0.0327639651986077,0,0.08300616937745375,0.06227598566308257,6.109999999999999,72.10857142857142,71.20633333333333,0.032763965198607754,0.02295702412915509,0.08300616937745375,1,106.29999999999998,29.059999999999988
2026-03-03,83.28,74.48,119.4341,544.62,391.06702,43.2343,77.1734,3.6725,83.28,0.0781978249611601,0.0397473601248113,0,0.07819782496116012,0.047096864895262325,8.799999999999997,73.83285714285714,71.57400000000001,0.039747360124811344,0.026785796617155747,0.07819782496116012,1,107.77766666666665,24.497666666666646
2026-03-04,81.56,74.58,119.0705,230.31,465.91864,43.4548,77.6093,3.6725,81.56,-0.0206532180595581,0.0417296669279341,0,-0.02065321805955811,0.0013426423200859627,6.980000000000004,75.38571428571427,72.03533333333333,0.04172966692793416,0.024080033565462837,0.02065321805955811,1,109.31266666666669,27.752666666666684
2026-03-05,88.59,80.88,119.5683,387.92,413.36316,43.717,77.8009,3.6725,88.59,0.0861942128494359,0.048032695193834,0,0.08619421284943596,0.0844730490748189,7.710000000000008,77.80428571428571,72.65466666666666,0.048032695193834046,0.027749107883786903,0.08619421284943596,1,110.61333333333336,22.023333333333355
2026-03-06,95.74,90.77,119.491,466.69,314.74554,43.8069,78.19,3.6725,95.74,0.080708883621176,0.0480812891775943,0,0.08070888362117601,0.12227992087042527,4.969999999999999,81.29285714285713,73.47433333333333,0.048081289177594376,0.030726711168946208,0.08070888362117601,1,111.67566666666669,15.935666666666691
2026-03-07,95.74,90.77,119.491,392.88,226.08028,43.8069,79.15,3.6725,95.74,0.0,0.0480812891775943,1,0.0,0.0,4.969999999999999,84.78142857142858,74.33666666666666,0.048081289177594376,0.030326849092614586,0.0,0,112.73800000000001,16.99800000000002
2026-03-08,95.74,90.77,119.491,763.29,213.71404,43.8069,79.15,3.6725,95.74,0.0,0.0480812891775943,1,0.0,0.0,4.969999999999999,88.27,75.17966666666666,0.048081289177594376,0.030389953068529683,0.0,0,114.1536666666667,18.4136666666667
2026-03-09,94.35,94.65,119.5151,479.74,372.13007,43.7292,79.15,3.6725,94.35,-0.0145184875705034,0.0489895469912421,0,-0.014518487570503447,0.04274540046270814,-0.30000000000001137,90.71428571428571,75.97633333333333,0.04898954699124212,0.03068051414957523,0.014518487570503447,0,115.07900000000002,20.729000000000028
2026-03-10,89.84,83.71,118.7255,288.44,457.1106,43.8961,79.15,3.6725,89.84,-0.0478007419183889,0.0514121950325597,0,-0.0478007419183889,-0.11558372952984697,6.13000000000001,91.65142857142857,76.62266666666667,0.051412195032559733,0.03242147205913267,0.0478007419183889,1,116.05200000000004,26.21200000000003
2026-03-11,90.98,86.8,119.2885,420.76,368.6567,43.8627,78.7396,3.6725,90.98,0.0126892252894033,0.0493885427074223,0,0.012689225289403305,0.036913152550472006,4.180000000000007,92.99714285714286,77.28233333333334,0.04938854270742238,0.032428287499160255,0.012689225289403305,0,116.98833333333337,26.00833333333337
2026-03-12,102.38,95.61,119.8227,362.89,313.28162,43.9776,79.068,3.6725,102.38,0.1253022642338974,0.0596904722527363,0,0.12530226423389745,0.10149769585253465,6.769999999999996,94.96714285714286,78.32799999999999,0.059690472252736375,0.038694847817724726,0.12530226423389745,1,117.5446666666667,15.164666666666704
2026-03-13,103.23,98.48,120.5518,450.36,322.79013,44.1636,79.0671,3.6725,103.23,0.0083024028130496,0.0538809013199342,0,0.008302402813049614,0.03001778056688642,4.75,96.03714285714285,79.38499999999999,0.05388090131993421,0.03868961820531022,0.008302402813049614,0,118.07266666666669,14.842666666666688
2026-03-14,103.23,98.48,120.5518,433.7,310.87173,44.1636,80.2254,3.6725,103.23,0.0,0.0538809013199342,1,0.0,0.0,4.75,97.10714285714286,80.49933333333334,0.05388090131993421,0.038140777092313,0.0,0,118.74100000000003,15.511000000000024
2026-03-15,103.23,98.48,120.5518,486.49,277.40714,44.1636,80.2254,3.6725,103.23,0.0,0.0538809013199342,1,0.0,0.0,4.75,98.17714285714285,81.60833333333333,0.05388090131993421,0.03816691383472342,0.0,0,119.40933333333336,16.17933333333336
2026-03-16,101.04,93.39,120.097,243.05,223.23827,44.1381,80.2254,3.6725,101.04,-0.0212147631502469,0.0544861530808266,0,-0.02121476315024695,-0.05168562144597888,7.650000000000006,99.13285714285715,82.64433333333334,0.054486153080826605,0.03862376061390273,0.02121476315024695,1,120.15066666666671,19.110666666666702
2026-03-17,108.39,96.01,119.8328,325.21,399.67584,44.0803,81.0517,3.6725,108.39,0.0727434679334917,0.0517715205903235,0,0.07274346793349173,0.02805439554556166,12.379999999999995,101.78285714285714,83.92533333333334,0.05177152059032351,0.040035975388369206,0.07274346793349173,1,120.64700000000002,12.25700000000002
2026-03-18,118.09,96.12,119.9276,344.46,353.02676,43.9497,81.9103,3.6725,118.09,0.0894916505212657,0.0558955754721991,0,0.08949165052126573,0.0011457139881261291,21.97,105.6557142857143,85.50133333333333,0.055895575472199185,0.04224586619973002,0.08949165052126573,1,,
2026-03-19,111.05,96.11,120.1802,373.05,388.62527,43.896,83.1259,3.6725,111.05,-0.0596155474637988,0.0519996009161879,0,-0.059615547463798824,-0.00010403662089064625,14.939999999999998,106.89428571428572,86.87733333333334,0.051999600916187994,0.044196615936315437,0.059615547463798824,1,,
2026-03-20,118.42,98.71,120.2757,309.01,309.2523,43.9617,84.8379,3.6725,118.42,0.0663665015758667,0.0556618957973757,0,0.06636650157586677,0.02705233586515443,19.710000000000008,109.06428571428572,88.432,0.05566189579737572,0.04507976375204513,0.06636650157586677,1,,
2026-03-21,118.42,98.71,120.2757,492.71,318.26633,43.9617,83.9982,3.6725,118.42,0.0,0.0556618957973757,1,0.0,0.0,19.710000000000008,111.23428571428572,89.94033333333333,0.05566189579737572,0.045194694306904336,0.0,0,,
2026-03-22,118.42,98.71,120.2757,535.85,209.55415,43.9617,83.9982,3.6725,118.42,0.0,0.0556618957973757,1,0.0,0.0,19.710000000000008,113.4042857142857,91.46266666666665,0.05566189579737572,0.04510660477719347,0.0,0,,
2026-03-23,103.79,89.33,119.9371,350.33,315.48264,43.82,83.9982,3.6725,103.79,-0.1235433203850701,0.0777033240773917,0,-0.1235433203850701,-0.0950258332489109,14.460000000000008,113.79714285714286,92.49733333333333,0.07770332407739175,0.05187426716123576,0.1235433203850701,1,,
2026-03-24,108.42,93.18,120.1295,496.67,335.28012,43.8288,81.8763,3.6725,108.42,0.0446093072550342,0.0743610848696933,0,0.0446093072550342,0.04309862308295087,15.239999999999995,113.80142857142857,93.68633333333332,0.07436108486969338,0.05212156491097609,0.0446093072550342,1,,
2026-03-25,109.14,91.51,120.1282,274.8,330.05655,43.9205,80.9604,3.6725,109.14,0.0066408411732152,0.0640857315363376,0,0.006640841173215284,-0.01792230092294489,17.629999999999995,112.52285714285713,94.92766666666667,0.06408573153633765,0.051908783666773595,0.006640841173215284,0,,
2026-03-26,113.39,96.18,120.389,512.33,278.68637,43.8722,80.7192,3.6725,113.39,0.0389408099688473,0.0619976310249464,0,0.0389408099688473,0.05103267402469669,17.209999999999994,112.85714285714286,96.33366666666667,0.061997631024946445,0.05186244943973525,0.0389408099688473,1,,
2026-03-27,121.47,101.26,120.8851,304.29,258.51254,43.885,82.1314,3.6725,121.47,0.0712584884028573,0.0628303723704621,0,0.07125848840285731,0.052817633603659875,20.209999999999994,113.29285714285713,98.02633333333333,0.0628303723704621,0.05257583197917423,0.07125848840285731,1,,
2026-03-28,121.47,101.26,120.8851,272.49,229.77348,43.885,81.1443,3.6725,121.47,0.0,0.0628303723704621,1,0.0,0.0,20.209999999999994,113.72857142857143,99.68666666666667,0.0628303723704621,0.05268772778377198,0.0,0,,
2026-03-29,121.47,101.26,120.8851,476.56,270.4137,43.885,81.1443,3.6725,121.47,0.0,0.0628303723704621,1,0.0,0.0,20.209999999999994,114.16428571428573,101.35833333333333,0.0628303723704621,0.05262082925880236,0.0,0,,
2026-03-30,121.88,104.69,121.2851,383.65,259.67163,43.84,81.1443,3.6725,121.88,0.0033753190088088,0.028162071519463,0,0.0033753190088088303,0.03387319770886821,17.189999999999998,116.74857142857142,103.04366666666667,0.028162071519463015,0.05258187388836216,0.0033753190088088303,0,,
2026-03-31,126.69,102.86,121.035,385.71,418.66153,43.7955,81.2955,3.6725,126.69,0.0394650475877913,0.0275819698823681,0,0.039465047587791346,-0.017480179577801125,23.83,119.35857142857142,104.88933333333333,0.027581969882368173,0.052574766439349115,0.039465047587791346,1,,
2026-04-01,119.56,101.9,120.1198,361.47,285.45172,43.9175,81.2504,3.6725,119.56,-0.0562791064803851,0.0408102608405728,0,-0.056279106480385144,-0.009333074081275483,17.659999999999997,120.84714285714287,106.3,0.040810260840572814,0.05302775344745008,0.056279106480385144,1,,
2026-04-02,127.61,113.23,120.503,269.32,326.33102,43.7808,80.6234,3.6725,127.61,0.0673302107728337,0.0449255834301606,0,0.06733021077283374,0.11118743866535818,14.379999999999995,122.87857142857145,107.77766666666666,0.04492558343016063,0.05262394225421551,0.06733021077283374,1,,
2026-04-03,127.61,113.23,120.6565,401.5,244.898,43.8144,80.3332,3.6725,127.61,0.0,0.0384158804107082,1,0.0,0.0,14.379999999999995,123.75571428571428,109.31266666666666,0.03841588041070821,0.052266385305608294,0.0,0,,
2026-04-04,127.61,113.23,120.6565,267.06,254.29813,43.8144,79.7293,3.6725,127.61,0.0,0.0384158804107082,1,0.0,0.0,14.379999999999995,124.63285714285713,110.61333333333333,0.03841588041070821,0.05063821299225197,0.0,0,,
2026-04-05,127.61,113.23,120.6565,702.95,163.90309,43.8144,79.7293,3.6725,127.61,0.0,0.0384158804107082,1,0.0,0.0,14.379999999999995,125.50999999999999,111.67566666666667,0.03841588041070821,0.04906248400227235,0.0,0,,
2026-04-06,127.61,114.01,120.4302,254.08,285.1324,43.6549,79.7293,3.6725,127.61,0.0,0.0385002826302465,1,0.0,0.006888633754305484,13.599999999999994,126.32857142857142,112.73800000000001,0.03850028263024652,0.04906248400227235,0.0,0,,
2026-04-07,138.21,114.58,120.32,247.23,254.2377,43.5831,78.7277,3.6725,138.21,0.0830655904709662,0.0471436911326009,0,0.08306559047096629,0.004999561441978662,23.63000000000001,127.97428571428573,114.15366666666667,0.047143691132600994,0.05074782125125181,0.08306559047096629,1,,
2026-04-08,122.11,96.17,119.0596,237.22,294.90768,43.4946,78.7496,3.6725,122.11,-0.1164894001881196,0.0643412712253958,0,-0.1164894001881196,-0.16067376505498343,25.939999999999998,128.33857142857144,115.079,0.06434127122539586,0.05585123248727923,0.1164894001881196,1,,
2026-04-09,119.03,99.62,118.8998,294.16,413.22418,43.3792,78.3043,3.6725,119.03,-0.0252231594464007,0.0586153108858911,0,-0.025223159446400745,0.03587397317250707,19.409999999999997,127.11285714285714,116.05199999999999,0.05861531088589115,0.05519158394110434,0.025223159446400745,1,,
2026-04-10,119.07,98.34,118.8552,266.47,329.39227,43.4653,77.8366,3.6725,119.07,0.0003360497353608,0.0586234534416714,0,0.0003360497353608327,-0.012848825537040809,20.72999999999999,125.89285714285714,116.98833333333332,0.0586234534416714,0.05522390285992704,0.0003360497353608327,0,,
2026-04-11,119.07,98.34,118.8552,849.38,281.40744,43.4653,76.9724,3.6725,119.07,0.0,0.0586234534416714,1,0.0,0.0,20.72999999999999,124.67285714285715,117.54466666666667,0.0586234534416714,0.050802827619493965,0.0,0,,
2026-04-12,119.07,98.34,118.8552,358.09,169.87527,43.4653,76.9724,3.6725,119.07,0.0,0.0586234534416714,1,0.0,0.0,20.72999999999999,123.45285714285714,118.07266666666668,0.0586234534416714,0.05081426097075945,0.0,0,,
2026-04-13,123.28,100.72,118.8552,362.91,304.2154,43.4587,76.9724,3.6725,123.28,0.0353573528176702,0.0609383146766149,0,0.03535735281767027,0.02420174903396366,22.560000000000002,122.83428571428571,118.741,0.06093831467661499,0.05107864183513746,0.03535735281767027,1,,
2026-04-14,123.28,100.72,118.8552,323.22,304.2154,43.4372,76.2489,3.6725,123.28,0.0,0.0480460202321295,1,0.0,0.0,22.560000000000002,120.70142857142856,119.40933333333334,0.048046020232129553,0.05107864183513746,0.0,0,,
2026-04-15,123.28,100.72,118.8552,2.59,304.2154,43.4997,75.8532,3.6725,123.28,0.0,0.0176578700317092,1,0.0,0.0,22.560000000000002,120.86857142857141,120.15066666666667,0.017657870031709266,0.05081758134635112,0.0,0,,
2026-04-16,123.28,100.72,118.8552,2.59,304.2154,43.5152,75.2346,3.6725,123.28,0.0,0.0133432418314721,1,0.0,0.0,22.560000000000002,121.47571428571428,120.64699999999999,0.013343241831472173,0.049332001181887276,0.0,0,,
