date,text_count,text_covered,gap_flag,gap_reason,primary_doc_id,primary_title,primary_source_name,content_storage
2022-04-17,9,1,0,,82552df1d316c56532828a5c5f22ef871ceb4055,Oil prices react in a peculiar way to market signals,arabnews.com,summary_only
2022-04-18,6,1,0,,a35eff32ae3eb15565b8729c9817ce359c25a9fa,Oil Rises as Libya Halts Production at Largest Field & EU Mulls Russian Petroleum Ban,dailyfx.com,summary_only
2022-04-19,9,1,0,,c8cf9cdcc954442d7fdff4e30e566ac1f0b21714,В Москве состоялись переговоры Владимира Путина с премьер - министром Армении Николом Пашиняном . Новости . Первый канал,1tv.ru,summary_only
2022-04-20,9,1,0,,790a4fd896255b77ae618388720ff8a6a895ed8d,"Iz Rusije nam dolazi SAMO 15 ODSTO NAFTE , a ostalo iz Iraka i Kazahstana : Sve te količine nam stižu preko Jadrana i upravo tu sada i LEŽI OZBILJAN PROBLEM",blic.rs,summary_only
2022-04-21,9,1,0,,3906d293c1fbb6abb217526fdcd7c25812c74112,Oil prices up on supply losses from Libya ; Brent reaches $107 . 35 / bbl,businesstoday.in,summary_only
2022-04-22,10,1,0,,975df8a01b164fdf171850cc1a1096d4963bdbf8,"Crude Oil Rose as Investors Focus on Lower Supply From Russia , Libya",in.investing.com,summary_only
2022-04-23,8,1,0,,9343a853dc5e686b5b4c43011609ae41fc0617ce,جريدة الرياض | ارتفاع مخزونات الوقود في روسيا بتراجع التكرير وشلل بالصادرات,alriyadh.com,summary_only
2022-04-24,5,1,0,,0fd154824ef2092561cbea7e071853e502758dc3,"Crude Oil Forecast : Stronger US Dollar , Weaker S & P 500 Key Risks in the Week Ahead",dailyfx.com,summary_only
2022-04-25,8,1,0,,117369b9a119ba807b30d656f5283c5a548c0e52,"Brent crude falls nearly 10 %, OPEC basket drops slightly",al-monitor.com,summary_only
2022-04-26,9,1,0,,327597a4a9ded723693ba240f35f783b5238a142,Crude Oil Prices Eye Beijing Lockdowns as PBOC Action Fails to Lift Sentiment,dailyfx.com,summary_only
2022-04-27,10,1,0,,9358bbc4fdfe0cebe476711702e48a1b55c60f3f,Crude Oil Recovers on Russian Energy Cuts Amid Global Growth Turmoil . Where to for WTI ?,dailyfx.com,summary_only
2022-04-28,6,1,0,,af7e413faa7bd2e3c4597228c745b27587588dba,Crude oil prices retreat - Daily Times,dailytimes.com.pk,summary_only
2022-04-29,8,1,0,,13ed54f4cba3d8ad666b722270c2c304a9e453d2,5 Biggest Inflation - Driven Price Jumps of 2022,aarp.org,summary_only
2022-04-30,9,1,0,,8003325d7dfb85344fd688522bc76b864e15fd6e,Brent nears $110 as oil rally continues,dailytimes.com.pk,summary_only
2022-05-01,5,1,0,,c10e1cf3b645fca050b53ad9551c0dff34a3d0b4,Bundesregierung unterstützt Öl - Embargo – sind die Folgen verkraftbar ? - Deutschland,badische-zeitung.de,summary_only
2022-05-02,8,1,0,,a81932dca522351a46ab2ced693b1fb0c06b385f,"Санкции против российской нефти могут быть аналогичными нефтяному эмбарго Ирана | Новости государства в Харькове , Украине . Весь Харьков",allkharkov.ua,summary_only
2022-05-03,7,1,0,,8dc840c5dd7140f9b08f5f81ae4752cf9e8464b4,China faces trouble as the EU nears embargo on russian oil,fxstreet.com,summary_only
2022-05-04,7,1,0,,9d07560324afd1bbf7a738677d1ac0f1c793be4d,El precio del petróleo se disparó tras el anuncio de la UE de recortar las compras de crudo ruso,cronista.com,summary_only
2022-05-05,10,1,0,,4db81b79fa8d18319a6839231e7affec9d7357f2,Oil price steadies near $110 / bbl as strong dollar offsets Russian oil ban,businesstoday.in,summary_only
2022-05-06,10,1,0,,51996c52dfbe07e0ecb4a3fa29851c9bc9432ff3,اختتام اجتماع « أوبك + » خلال 13 دقيقة .. زيادة الإنتاج 432 ألف برميل يوميا في يونيو,aleqt.com,summary_only
2022-05-07,8,1,0,,34262053a92ab2b4c059a8ce95bdfb733812dff3,"Oil gains 1 . 5pc , posts another weekly rise on supply concerns",arynews.tv,summary_only
2022-05-08,5,1,0,,c543036f49efa741c26563d59e1a71c9d7240cf8,Reportan que la OPEP no va a ayudar a Occidente aumentando la producción de petróleo para contrarrestar a Rusia,actualidad.rt.com,summary_only
2022-05-09,10,1,0,,3fa3701777b4ec1a0d595840e9db8f2d05ad0bf9,Decklar Resources Inc . Commences Shipment of Crude Oil to Market From Oza Oil Field in Nigeria,digitaljournal.com,summary_only
2022-05-10,8,1,0,,6ac9c7e2281d967f8679c0c53b7680ba57768546,( VIDEO ) Venezuela comenzó importación desde Irán de crudo supuestamente del tipo pesado para su refinación,aporrea.org,summary_only
2022-05-11,7,1,0,,4520fb00bf57da6d461b3abc41f88cef56ac829d,Oil Updates Oil climbs after falling 9 %; Lotos backtracks on TotalEnergie Leuna comments ; $144m needed to offload Yemen tanker,arabnews.com,summary_only
2022-05-12,10,1,0,,64c155848c234d0c5a19cf8c6960b87bd2bb373c,ОПЕК очаква по - слаб растеж на световната икономика и на петролното търсене през 2022 г .,bnr.bg,summary_only
2022-05-13,8,1,0,,3ec81e5582d9617d24348ec63e91e5298bebd973,Le prix moyen du pétrole brut algérien a atteint 109 dollars en avril dernier,algerie-focus.com,summary_only
2022-05-14,5,1,0,,bc63b480386a57d264d07061051ac6b97f41b18f,¿ Dónde estarán y en que andan los que paralizaron y sabotearon la industria petrolera venezolana ?,aporrea.org,summary_only
2022-05-15,6,1,0,,79efdc9731c1a4ff2ec2412d88746de2f7843bb3,Un aumento del 300 % en los precios : Miembro de la OPEP advierte qué pasaría si EE . UU . aprueba la ley que permite demandar a la organización,actualidad.rt.com,summary_only
2022-05-16,5,1,0,,2de3ea33f52227585d8a3de271a7ee9a09d1003f,Oil Updates Crude slides ; China oil output plunges to two - year low,arabnews.com,summary_only
2022-05-17,5,1,0,,44c6af238b0e1b39ac860c01e1596443e279d494,Oil prices fall as EU struggles to enact Russian imports ban ; Brent reaches $113 . 89 / bbl,businesstoday.in,summary_only
2022-05-18,5,1,0,,8700d19f24f76b538b8f77a07567b9ef8c9d3db7,Oil prices rise on hopes of China demand recovery ; Brent crude reaches $113 . 08 / bbl,businesstoday.in,summary_only
2022-05-19,5,1,0,,b6aca4510a844d3e0fecd561a3aa21815355b963,"WTI bounces from 21 & 50 DMAs , recovers back to $108 area despite choppy equities",fxstreet.com,summary_only
2022-05-20,5,1,0,,e2a40cb3122822d9bc137370e32ab2ed916a725b,Brent falls to $107 as oil slips for second day,dailytimes.com.pk,summary_only
2022-05-21,1,1,0,,73bb6c4f5a51e28f0f25afe5cb4e939d208fa0d4,OPEP : Mantener estabilidad de mercados es responsabilidad de productores petroleros,vtv.gob.ve,summary_only
2022-05-22,2,1,0,,4b2718a9f8b65ebee17246d8cf08809758dad1ae,Oil Updates Crude settles up ; US drillers add oil and gas rigs ; Norway April lags forecast,arabnews.com,summary_only
2022-05-23,2,1,0,,4f7259055426bc4fdb160195c5a43e253ee720da,"US , China demand revival helps crude oil futures",article.wn.com,summary_only
2022-05-24,5,1,0,,3845da205e08d9bf2b2d108d7de8a334be559055,Oil prices open lower as EU struggles to seal Russia import ban,ibtimes.co.uk,summary_only
2022-05-25,3,1,0,,10a9d1c07b41c9eb22702bd97ad326acbf4d6c21,Fears over tight supply keep crude oil futures elevated,article.wn.com,summary_only
2022-05-26,5,1,0,,1453df4d3fc63d3cf695cfb051dd452fd2e0402a,"WTI breaks out of three - day consoldation near $110 , eyes test of last week mid - $115 highs",fxstreet.com,summary_only
2022-05-27,5,1,0,,346d52328047723fba2414bf6bddfc7cda341c47,WTI set to end strong week around $114 and eyeing monthly highs with familiar bullish themes in focus,fxstreet.com,summary_only
2022-05-28,2,1,0,,3ad6fcf5a79d6e96a65334841e77258ec395460a,"Oil prices settle up ahead of US driving season , EU embargo decision",business-standard.com,summary_only
2022-05-29,6,1,0,,c1eebb9667e8ffd3dcb370c8d679ffe6d440a021,Shortage of supply pushing oil prices higher,arabnews.com,summary_only
2022-05-30,10,1,0,,52104f7cbf0005fa3b140df2ab2b9f32e70bfb83,"La Unión Europea busca salvar la mayor de sus sanciones a Rusia , el embargo petrolero",ambito.com,summary_only
2022-05-31,9,1,0,,f691fc135d5257013bfdd225b1c939acfc0e9598,EU Russian oil ban unlikely to affect OPEC+ decision,dailytimes.com.pk,summary_only
2022-06-01,10,1,0,,7b8166c36a5e873835cabb32f82faa3deb8928ed,"Brent price could reach $150 per barrel over Russia - Ukraine war , oil import embargo",aa.com.tr,summary_only
2022-06-02,10,1,0,,e53b0f3b6cca0ea5af121f783957f4321d446e0d,"Саудитска Арабия е готова да добива повече петрол , ако има спад на руското производство заради санкциите",bnr.bg,summary_only
2022-06-03,8,1,0,,d03684a50433b2ac3c3b8972098027f62f74cfcb,OPEC+ toplantısının ardından brent petrolde son durum : Brent petrol fiyatı ne kadar oldu ? ( 3 Haziran 2022 ),cumhuriyet.com.tr,summary_only
2022-06-04,8,1,0,,638da9dc6d1936f632448dd8811182b463d810f1,"Weekly Crude Oil Forecast : OPEC+ Supply , U . S . Dollar and Economic Data in Focus",dailyfx.com,summary_only
2022-06-05,8,1,0,,3cb11895ebe85e9527f353294e55dc92670a90b0,Crude oil up over 3 % in its sixth weekly gain ; what should traders do ?,economictimes.indiatimes.com,summary_only
2022-06-06,8,1,0,,b210030ff46bb4e4a54d9b203d8e72e0c5a3d4cd,Boletín Petrolero : El bloqueo al petrolero ruso y la situación de la Industria Petrolera venezolana,aporrea.org,summary_only
2022-06-07,8,1,0,,fa8247810025adcc1d2799205aa33a280fea5763,Oil Futures Settle Higher Amid Optimism About Outlook For Demand,finanznachrichten.de,summary_only
2022-06-08,6,1,0,,876156639328255b434ab9482f705bb8c018f35b,"Russian oil production could drop 18 % by 2023 as the EU imposes a ban on all seaborne imports , the EIA says",africa.businessinsider.com,summary_only
2022-06-09,9,1,0,,8c87c6c988ae9c39fd67c3a44b4341703fde3fd3,国际油价再创新高 ！ 95号汽油下周二或迈入10元时代,163.com,summary_only
2022-06-10,8,1,0,,cc8e76552c9e76d4a89477e03404101a66c0a39d,Oil prices fall over new lockdowns in Shanghai ; Brent crude reaches $122 . 06 / bbl,businesstoday.in,summary_only
2022-06-11,5,1,0,,f0f818a7b3f95f4ea62b6c6452fe0465d375acdc,Irán entrega a Venezuela un buque petrolero capaz de transportar unos 800 . 000 barriles de crudo,actualidad.rt.com,summary_only
2022-06-12,8,1,0,,21006d129b30aeea91d95865f6e2638dbf9db3a1,"SDCEA to stage picket against expansion , conversion of Engen refinery to fuel - storage depot",iol.co.za,summary_only
2022-06-13,2,1,0,,816af82b1a354666922b388f6d0140fc64428977,us fed : Crude oil likely to remain volatile ahead of US Fed meeting ; $110 - 125 per barrel range eyed,economictimes.indiatimes.com,summary_only
2022-06-14,5,1,0,,76093cc4d1d13a1da60794f1de8038b7b09aecb2,"Ropa zdražuje , přispívá k tomu mimo jiné omezená globální nabídka",ceskenoviny.cz,summary_only
2022-06-15,5,1,0,,ca4f9a1cda889e518e00b0f6abddf281b738cc69,"WTI falls to weekly lows in $116s , eyes 21DMA pre - Fed",fxstreet.com,summary_only
2022-06-16,5,1,0,,bca7d4f545585d0d5229f5a3c17cb71f1aabaae0,"Oil Futures Rebound After Early Weakness , Settle Sharply Higher",finanznachrichten.de,summary_only
2022-06-17,1,1,0,,2d25f6710619acc1b68dba2b466f18024d7fe52f,WTI crude futures tumble over 6 pct on recession fears,thestar.com.my,summary_only
2022-06-18,1,1,0,,44887793b1ace39c66d860aedaf57b5739c1c086,Nafta hind langes reedel nelja nädala madalaimale tasemele,err.ee,summary_only
2022-06-19,1,1,0,,470372b17122ff5f3ae5ab8d1979c2496eaeed00,"OPEC Update , June 2022",seekingalpha.com,summary_only
2022-06-20,3,1,0,,e41c4da72a9ea1880edef3d4d64c0513cd9bc27c,Crude Oil : Iraq seeks to raise production to 8 mn bpd by 2027,english.newstracklive.com,summary_only
2022-06-21,5,1,0,,471d744b08043dfbde87a3e09692b3542458595c,"Oil Prices Slip on Fears of Recession , Weak Demand Outlook",albawaba.com,summary_only
2022-06-22,5,1,0,,b79fe3da8867b63de70d53514a27f500805c4417,Should You Buy Oil Stocks Right Now ?,fool.com,summary_only
2022-06-23,4,1,0,,49e8c4e7e804e75d773179e70b27b988e93ce234,Петролът на ОПЕК поевтинява,actualno.com,summary_only
2022-06-24,5,1,0,,088de0cbb947c27e2ec5da190bb552bd3b8d88fb,Oil prices rise on tight supply ; Brent reaches $110 . 44 / bbl,businesstoday.in,summary_only
2022-06-25,1,1,0,,e15689d974acc5879ceeb6193fe0cf711dfc6e64,Crude Check : Ripe for consolidation ? - The Hindu BusinessLine,thehindubusinessline.com,summary_only
2022-06-26,5,1,0,,d153b16cd136745a2189957bfd6acc677fc851d4,Sindicato petrolero exige plazas en refinería Dos Bocas,elsoldemexico.com.mx,summary_only
2022-06-27,6,1,0,,50cf7e173ed94213aedf91fc853d73729fbdb502,Oil Updates Crude gains ahead of G7 discussions ; Ecuador oil output halved ; Ukraine attacks Crimean oil - drilling platform,arabnews.com,summary_only
2022-06-28,10,1,0,,e8ec0f1d85e103264b53e52612cd795b13955e27,Oil prices rise 1 % as UAE says it has no spare capacity ; Brent crude reaches $116 . 17 / bbl,businesstoday.in,summary_only
2022-06-29,10,1,0,,b14fba6a513784648be9e4a67a88ea600fe941aa,Global crude oil production increased marginally in 2021 despite the pandemic hitting major economies,arabianbusiness.com,summary_only
2022-06-30,10,1,0,,eefc950cb5cfbd2974472510a5e7270c4af1036d,جريدة الجريدة الكويتية | « أوبك » تزيد إنتاج أغسطس وحصة الكويت إلى 2 . 811 مليون برميل يومياً,aljarida.com,summary_only
2022-07-01,10,1,0,,25cf1ebc52fe963fd3c0991f8ab3fe205f544dd0,Oil prices rise after falling 3 % in previous session ; Brent crude reaches $109 . 86 / bbl,businesstoday.in,summary_only
2022-07-02,7,1,0,,2ad16666be51042cde688be4b088be65e2bad8f1,Grèce : le navire russe avec du pétrole iranien saisi mi - avril en route vers le,abcbourse.com,summary_only
2022-07-03,5,1,0,,89c399dfeda4a10c0d8da2d34be9eca54d560077,Oil Updates Crude up ; Petroecuador loses 1 . 99m barrels of oil output during protests ; Nigeria lost $1bn due to crude oil theft,arabnews.com,summary_only
2022-07-04,10,1,0,,9b52752d4633cd348025177d32c1c1cce4b88535,Η τιμή του πετρελαίου ανεβαίνει καθώς η περιορισμένη προσφορά υπερβαίνει τους φόβους για ύφεση,bankingnews.gr,summary_only
2022-07-05,10,1,0,,eaf8794428820b9334bcdd158c28f608b87a2169,المستثمرون في سوق النفط يقيمون تأثيرات التباطؤ العالمي وسط نقص إمدادات الخام,aleqt.com,summary_only
2022-07-06,10,1,0,,1bd0bd80e6a0db6ff76cd9cbf61dd871e49e6521,Petróleo WTI se recupera tras romper el piso de los 100 dólares por barril ; Brent también gana terreno,aristeguinoticias.com,summary_only
2022-07-07,10,1,0,,f003608d7e1e86f1b3134bb089da35dcbb599edf,"OPEC secretary - general dies , just weeks shy of departure",10news.com,summary_only
2022-07-08,5,1,0,,784dc022a82aa25aa9d9fa3441aa7d429c67648a,"Russia targets EU , cutting off Kazakhstan ′ s oil exports | Business | Economy and finance news from a German perspective | DW",dw.com,summary_only
2022-07-09,5,1,0,,751b7d492f8d51a4ac831abd54a4c13f7a2c6bae,Oil Prices Up - 08 - 07 - 22,armenpress.am,summary_only
2022-07-10,9,1,0,,80bdd312c7046c233e55d526f47999ad1ca41d9f,Oil prices bounce back after halt to supply in Libya,businesslive.co.za,summary_only
2022-07-11,5,1,0,,11319aa647c5b19ace88377b44afd17846cab480,Oil Updates Crude falls as recession looms ; Nord Stream set for planned shutdown ; power cut at TotalEnergie Feyzin refinery,arabnews.com,summary_only
2022-07-12,10,1,0,,7238885b2c7083f8731bb4ff29ea876e98457b2d,Sánchez anuncia dos impuestos temporales a la banca y a las grandes energéticas para recaudar 7 . 000 millones,diariodenavarra.es,summary_only
2022-07-13,10,1,0,,1dd9ffdbd30bb07a8012c3a0a3a50a12379d0a80,По меньшей мере четыре завода по производству природного газа взорвались в США с начала июня,argumenti.ru,summary_only
2022-07-14,8,1,0,,8b625a5bfbe32624eee57286dc10ebfc70b840f6,Petroleiros podem entrar em greve a qualquer momento contra a venda de refinaria em Betim ( MG ),brasil247.com,summary_only
2022-07-15,10,1,0,,ad5ee03c376e621f549173e5b8e96336a943c112,Port Arthur Community Action Network and other local organizations to host meetings to Save Sabine Lake,beaumontenterprise.com,summary_only
2022-07-16,6,1,0,,8dc02418a01dcce43f78ac7964a1eebf045c240d,"Reforma Escolín , con más fugas de petróleo en el norte de Veracruz",diariodelistmo.com,summary_only
2022-07-17,5,1,0,,bfdc5896aac64ef7d3734d38be9ef8e031f15dcb,Oil Updates Crude gains ; Saudi says no oil discussion at US - Arab summit ; Libya says full output to resume soon,arabnews.com,summary_only
2022-07-18,5,1,0,,af5e9cb5df25cf93f04241b338de409c9a894cc6,Enap anuncia fecha en que volverá a operar el oleoducto que une la región del Bío Bío con Argentina | Economía,biobiochile.cl,summary_only
2022-07-19,5,1,0,,1657f15adb3571057ae22df9ec1950706eed34d0,Anuncian en Chile la reactivación del Oleoducto Trasandino que conecta con Vaca Muerta,diariolaprovinciasj.com,summary_only
2022-07-20,5,1,0,,b6439d355afb25a386fe586675f73a79888a89e8,Oil Updates Crude eases ; ConocoPhillips CEO warns of supply shortages ; Nigeria NNPC eyeing IPO,arabnews.com,summary_only
2022-07-21,5,1,0,,8836f9b1401ade51bc031e8eabace79a5010a39d,"Ropa klesá , obavy o poptávku vyvolal nárůst zásob v united states a zvýšení sazeb v EU",ceskenoviny.cz,summary_only
2022-07-22,5,1,0,,4746fa6ccfe017031495c43b42c2f90227851bb9,Les sanctions nempêcheront pas la Russie de fournir lAfrique en hydrocarbures,fr.sputniknews.com,summary_only
2022-07-23,5,1,0,,e395747489c1b39367281bf79e3d3867059caf5e,Oil prices tick up on supply concerns after price cap on Russian oil,dailytimes.com.pk,summary_only
2022-07-24,6,1,0,,e23758c456d6d51527b1df0a15f2af39727dceb2,Crude Oil Fundamental Forecast : Demand Destruction Outweighs Supply Concerns,dailyfx.com,summary_only
2022-07-25,5,1,0,,1a635db8696f0d255d6a8ad832ae14d42904940e,"Oil Price Forecast : WTI Susceptible to Recession Fears , US Q2 GDP on Thursday",dailyfx.com,summary_only
2022-07-26,5,1,0,,13fae91bb898b205caabbad90d4ecac2a1ffe860,Crude Oil Price Caught in Crosswinds Ahead of the Fed . Will Recession Fears Weigh on WTI ?,dailyfx.com,summary_only
2022-07-27,5,1,0,,6395ffaaf901bc77944d16889db1cccf1079aff4,"Africa richest man Aliko Dangote says his refinery project will boost Nigeria export earnings , foreign reserves",africa.businessinsider.com,summary_only
2022-07-28,5,1,0,,c3b348089035b057bd34ec75d18188f9e6dcd8c5,Crude Oil Price Boosted by Dwindling Inventories and a Soft US Dollar After Fed Hike,dailyfx.com,summary_only
2022-07-29,5,1,0,,fac3a4493c4edd7ddcc06e98af3a637cdca92e50,KO SU NAJVEĆI SVETSKI PROIZVOĐAČI NAFTE Evo kako izgleda energetska kriza iz ugla lidera,blic.rs,summary_only
2022-07-30,5,1,0,,158bc0db80a0cf32d64fb71d7bd45bcd7e3f2574,Crude Oil Price Technical Forecast : WTI Rebound Bounces into August,dailyfx.com,summary_only
2022-07-31,5,1,0,,f50453292e42e066458cbdc2773385f2a302da25,PRI pide informes sobre ampliación de gasoducto que Oaxaca - Veracruz – El Diario de Coahuila,eldiariodecoahuila.com.mx,summary_only
2022-08-01,5,1,0,,26ce6150d1edb8069c131da12c50a3a55456c6fd,Oil Updates Crude drops ; Russia membership vital for OPEC ; Libya oil production at 1 . 2m bpd,arabnews.com,summary_only
2022-08-02,5,1,0,,cfb7b3e10fe297e7d94de7fe9c3c1de60ab4adea,Oriente Petrolero recupera terreno con triunfo ( 1 - 2 ) en su visita a Independiente,eldeber.com.bo,summary_only
2022-08-03,5,1,0,,a18c9a2a28d66547dfcbe39c516d85ffea5fa8db,"Azerbaijan supports decision of OPEC plus to increase daily oil output by 100 , 000 barrels in September",azertag.az,summary_only
2022-08-04,5,1,0,,66e3863ee267d3e0a1f929d541e8a18503bdb7ea,"Azerbaijan supports decision of OPEC plus to increase daily oil output by 100 , 000 barrels in September",azertag.az,summary_only
2022-08-05,5,1,0,,9194c047c4f71a9fc1d090ea2a4615a31db62a17,"Diecinueve playas siguen contaminadas en Perú , tras derrame de crudo de española Repsol",elperiodico.com.gt,summary_only
2022-08-06,5,1,0,,1679f19a82ff3d7346268ec21d4b3037dbd6e0ef,"Sicherheit beim Rheinschwimmen – « Geht ein Mensch durch die Schraube , wird er zu Hackfleisch »",bazonline.ch,summary_only
2022-08-07,6,1,0,,730ae210facc6975d9a60b026a9e4887b3768037,"Kübada limandaki ham petrol depolama tesislerinde patlama : 1 ölü , 121 yaralı",haberler.com,summary_only
2022-08-08,5,1,0,,8f60f41ae98b6512ca3a6186fac2166031d92bdd,Saudi Arabia Sets Sept Crude Prices To Asia At Record High,ibtimes.com,summary_only
2022-08-09,5,1,0,,a493806638943b3b45eb5bd84f4a297635ce7e42,″ Укртранснафта ″ прекратила транзит нефти из РФ по ″ Дружбе ″ | Новости из Германии об Украине | DW,dw.com,summary_only
2022-08-10,5,1,0,,b921d6ab6ede0e24d31d006cbceae910a8dea663,Представитель Slovnaft Молнар : нефть по трубопроводу « Дружба » начала поступать в Словакию - Газета . Ru,gazeta.ru,summary_only
2022-08-11,5,1,0,,9adafaf0a05a7ecda7ac23e2c393eeb595e53838,Ropa znowu płynie rurociągiem Przyjaźń . Słowacy i Węgrzy odetchnęli z ulgą | Niemcy – bieżąca polityka niemiecka . Wiadomości DW po polsku | DW,dw.com,summary_only
2022-08-12,5,1,0,,e97cb752f7875913a262b5a9a5f2257094d4c7a6,"Украина получила платеж от Транснефти за транзит - РИА Новости , 12 . 08 . 2022",ria.ru,summary_only
2022-08-13,5,1,0,,27ffda0fd2e8f9155bd0091c8ebb4bb04dd75b5a,"Руският петрол отново потече към Чехия по нефтопровода Дружба , въпреки санкциите",blitz.bg,summary_only
2022-08-14,5,1,0,,66de77b2f91174c901e81b668edd54ad1e25ea45,Markets stay volatile even as deficit concerns support current prices,arabnews.com,summary_only
2022-08-15,8,1,0,,395d78fb8b09adff51025c8a422e7825a211d482,"Akaryakıt tankeri devrildi , yakıt sızıntısının alev almaması için ekipler yoğun çaba sarf etti ,",61saat.com,summary_only
2022-08-16,10,1,0,,c1af466d3fd262e2debe87e5ee1e335c41a0e6d7,"Barclays sees crude oil surplus in near - term , cuts Brent price view",business-standard.com,summary_only
2022-08-17,9,1,0,,10fd1c3a1ed3baf5d447410911cb226e831f0d30,U . S . Shale Faces More Than $10 Billion In Hedging Losses,entornointeligente.com,summary_only
2022-08-18,8,1,0,,38be05cda8639c12376a00ed9107bfeec412890b,ОПЕК : Обвинявайте политиците и законодателите за покачването на цените на петрола и газа,bnr.bg,summary_only
2022-08-19,7,1,0,,48069d1f2c8e714e15ad2cbf1f1acc2efd19e040,تفاؤل التعافي يعود إلى أسواق النفط .. ارتفاع الأسعار الوتيرة الأقرب إلى الاستمرار,aleqt.com,summary_only
2022-08-20,6,1,0,,b7584f07c1edce1136b891d4d46e1c8e69c9821d,جريدة الرياض | ​​النفط يتراجع لمخاوف التباطؤ من مكاسب أسعار الحرب الروسية,alriyadh.com,summary_only
2022-08-21,9,1,0,,0823d2c739a41d67b11af10959238e66f907f8e3,Europe Gas Price Is Now Equivalent To $410 Per Barrel Of Oil » EntornoInteligente,entornointeligente.com,summary_only
2022-08-22,7,1,0,,aab2a855920d78c3cdde350682168e243e825197,"OPEC+ struggled to raise output in July , missing production targets by nearly 3 million barrels a day , report says",businessinsider.in,summary_only
2022-08-23,10,1,0,,574abd721cfcf4ee9164ecd78fbe9114909cec21,Saudo Arabija : OPEC+ turi „ priemonių susidoroti su naftos rinkos nepastovumu | Verslas,15min.lt,summary_only
2022-08-24,10,1,0,,a9d0dc5b30de4dd233f85779eff2baa7a81384c5,"Saudi Arabia is telling oil markets that OPEC+ is still in charge - and dont you forget that , says top energy analyst",africa.businessinsider.com,summary_only
2022-08-25,10,1,0,,bb4669bf3d1af726a017a8b4ba6ac2a28259b18c,"Crude Oil Price Oil Prices May Increase In The Global Market , What Is The Reason ? - Crude Oil Price : ग्लोबल मार्केट में बढ़ सकती हैं तेल की कीमतें , जानें क्या है कारण ?",amarujala.com,summary_only
2022-08-26,8,1,0,,298bf81a035d9bf35847e8a62fc460ad7502e719,"Ropa se pohybuje oběma směry , dolů ji tlačí zvyšování úrokových sazeb",ceskenoviny.cz,summary_only
2022-08-27,6,1,0,,e9fb0927b097e1f43e0535e7a2a5c1c44bdef305,عُمان تؤيد جهود أوبك+ الرامية للحفاظ على استقرار الأسواق العالمية,akhbarelyom.com,summary_only
2022-08-28,8,1,0,,6079d5a0918bb6f05c5bcc6e3c814df6b1b85161,"Saudi Arabia game is simple : keep oil prices high as threats to its revenue loom , analysts say",africa.businessinsider.com,summary_only
2022-08-29,9,1,0,,3574a08e4ec8d1efd563f672f7f485d93342d152,Oil prices jump over $3 / barrel on prospect of OPEC - plus supply cut,business-standard.com,summary_only
2022-08-30,9,1,0,,039db9b8e02d0cd287f1215a5ecd09b9fe9a8008,Crude oil prices slip as inflation outweighs possible OPEC+ output cuts ; Brent hits $104 . 70 / bbl,businesstoday.in,summary_only
2022-08-31,10,1,0,,6e9ac94b8aa6bbd73aafaeff8a22fa69c9605cbc,opec : Oil heading for longest slump since 2020 amid growth concerns,economictimes.indiatimes.com,summary_only
2022-09-01,7,1,0,,9120582572cfde4d76517931e029e5d7d0e4de22,"Govt hikes windfall profit tax on export of diesel , ATF ; raises tax on domestic crude oil",businesstoday.in,summary_only
2022-09-02,10,1,0,,d1a66441631a5c5e728161d89702a6c3ada9e8c6,Argentina prevé rehabilitación de oleoducto Trasandino hacia Chile para marzo del 2023 | Economía,biobiochile.cl,summary_only
2022-09-03,8,1,0,,505cef2c7df0f27f2e590240ab98558df9edb51c,KPC affiliate KPI says first batch of ultra - low sulfur cargo arrives in Italy - ARAB TIMES,arabtimesonline.com,summary_only
2022-09-04,8,1,0,,b4d20974d51cf30275766ae9bc9c2c61774eea28,ترقب لاجتماع « أوبك + » اليوم .. تحديد لسياسات الإنتاج بعد انتهاء الاتفاق المطبق لعامين,aleqt.com,summary_only
2022-09-05,10,1,0,,2e46aa71616d32afd3c8b8dca4ce483a75d7f9d1,Guerre en Ukraine EN DIRECT : Les pays exportateurs de pétrole se rencontrent ce lundi pour fixer les prix …,20minutes.fr,summary_only
2022-09-06,10,1,0,,70455714f1e6065bb7f57d21451d0fd01dead7e2,Oil falls as demand fears overtake OPEC - led rally,arabnews.com,summary_only
2022-09-07,9,1,0,,fb0e848bf1648febceb27dfe60478d732b0b3c19,"OPEC lubas tootmist vähendada , kuid nafta hind jätkab langemist",err.ee,summary_only
2022-09-08,9,1,0,,f32f79358fc61eed04ec2895ad39c13556da6d3f,Crude Oil Prices May Fall as EIA Report Nears Amid China Lockdown Woes,dailyfx.com,summary_only
2022-09-09,9,1,0,,aa466db32c1375bad46400d794078e79dbf91896,Oil Futures Settle Sharply Higher For 2nd Straight Day,finanznachrichten.de,summary_only
2022-09-10,7,1,0,,a3c7d2ea69dd6e4eda3c784e8f0a0b237ccebf2d,Crude Oil Technical Forecast : Oil Prices Buoyed by Technical Levels,dailyfx.com,summary_only
2022-09-11,5,1,0,,48ddd40f03c6dd4e6eae857d5ab40ccf0961e505,Oil Updates Crude climbs ; Nigerian oil output fall ; US oil and gas rig count falls,arabnews.com,summary_only
2022-09-12,6,1,0,,7769f8584af68f7a1f85cb76e98dc0a17f7e0d14,جريدة الرياض | وزير الطاقة : أوبك+ لا تستهدف نطاقات سعرية معينة للنفط,alriyadh.com,summary_only
2022-09-13,10,1,0,,0ab33e74564d1ccd62f3e1056788c0bd9460c352,Land acquisition process begins to lay crude oil Pipeline under Mundra - Panipat project,cambodiantimes.com,summary_only
2022-09-14,8,1,0,,3b1287edbc0adc4803a74b0f1c1393f67db1493d,"Why ExxonMobil , Occidental Petroleum , and Devon Energy Stocks Surged Today",fool.com,summary_only
2022-09-15,7,1,0,,5428a2dbd3bfdeedfd161622eff11f1430e5b39c,Berlín se prepara para tomar el control de una refinería controlada por Rusia | Compaas,cincodias.elpais.com,summary_only
2022-09-16,8,1,0,,29dd6fa622ca40ecc794acf8a5936e399e58e498,"Raffinerie PCK in Schwedt wird verstaatlicht : der Bund übernimmt Rosneft - Anteil , Arbeitsplätze und Versorgungssicherheit gewährleistet +++ Scholz bei der Belegschaft",berliner-kurier.de,summary_only
2022-09-17,5,1,0,,6d19ffaa46e7deba28bd86ab4cead6ee6b7f490e,Rosnieft chce wystąpić przeciwko „ przymusowemu wywłaszczeniu | Niemcy – bieżąca polityka niemiecka . Wiadomości DW po polsku | DW,dw.com,summary_only
2022-09-18,10,1,0,,30d5dad3d1bcbee3578f1fb74f67584673ff6f58,Rafineria w Schwedt . Niemcy zainwestują w rozbudowę importu | Niemcy – bieżąca polityka niemiecka . Wiadomości DW po polsku | DW,dw.com,summary_only
2022-09-19,10,1,0,,88290bcb15eac47d4af3f52661b8495fb1747d44,Oil Updates Crude climbs ; Kuwait oil output over 2 . 8m bpd,arabnews.com,summary_only
2022-09-20,10,1,0,,034a35d2f15f63d26b9da9f21f64ecd91c12bfdd,Decklar announces new arrangements for delivery and export of crude oil from Oza Field in Nigeria,africabusinesscommunities.com,summary_only
2022-09-21,10,1,0,,6cd8f20cf2c586704936953f57e822edbb35df8f,"Crude Oil Price Forecast : FOMC , Putin Speech , Inventory Data in Focus",dailyfx.com,summary_only
2022-09-22,10,1,0,,7a4af822448528b4012b4e5ebb4f6c171731f99b,Oil rises on supply concerns,arynews.tv,summary_only
2022-09-23,10,1,0,,07a4d14fedb74bca07c89522937981d8d34c8f48,TribFest : Oil Terminal Protest Interrupts Buttigieg Q & A ( But He Doesnt Mind ): Transport secretary : I hear you about Gulf Coast project - News,austinchronicle.com,summary_only
2022-09-24,5,1,0,,ed26b496e9f97f81991074ea91ae87f558699fe1,Experts say these are the ASX mining shares to buy,fool.com.au,summary_only
2022-09-25,5,1,0,,17cf7497b640c10991c1f16fa0b4c68f3ddcd22b,跌破80美元 / 桶 ！ 机构直言 ， 把握原油新周期中的投资机会,finance.jrj.com.cn,summary_only
2022-09-26,10,1,0,,a6c594963c6af697865b249f6ee36b2d0ab41c71,Украинский депутат Алексей Гончаренко призвал Киев разорвать дипломатические отношения с режимом Лукашенко,charter97.org,summary_only
2022-09-27,10,1,0,,79ebe6aef7fe104258ad3b8834f3cdf7a652dc4a,Oil Updates Crude slightly up ; Iraq minister says OPEC monitoring oil prices ; Qatar oil industry faces inflationary pressures,arabnews.com,summary_only
2022-09-28,7,1,0,,3804dd7a4c285a2e3b206c062aea8a743c985c7a,POL prices likely to drop by Rs15 per litre from October 1,dailytimes.com.pk,summary_only
2022-09-29,10,1,0,,554933d0955d6349b0774d04ec4c5008360a86ed,OPEC+ has begun talks on output cut for Oct . 5 meeting : source tells Reuters,arabnews.com,summary_only
2022-09-30,8,1,0,,9c30ef01a6d26aaa70f32b086ec1eda962241394,"Crude oil steadies on prospect of OPEC+ output cut , weaker dollar ; Brent hits $88 . 51 / bbl",businesstoday.in,summary_only
2022-10-01,9,1,0,,e6572eaf2fc5a6418cdd7348f3d389f48dd833c7,أسعار النفط تتراجع | موقع المواطن الالكتروني للأخبار السعودية والخليجية والدولية,almowaten.net,summary_only
2022-10-02,8,1,0,,b049a440a8ae21e4f85ecee94ade767af2cd6486,Oil Updates Crude falls but notches weekly gain ; OPEC+ to hold Oct . 5 meeting in person in Vienna,arabnews.com,summary_only
2022-10-03,7,1,0,,b8e15eae77738ed8d8e7c1dbd571effe2449dd31,"OPEC , Russia Consider Sending Oil Prices Even Higher",dailycaller.com,summary_only
2022-10-04,10,1,0,,45233c6180597ed9d60692d8bafb667d2cd73b74,Crude Oil Prices Eye OPEC Meeting as Markets Weigh Rising Rates,dailyfx.com,summary_only
2022-10-05,10,1,0,,106709a5d38f6de601241161251bd31735bf40ae,Oil prices inch lower ahead of a meeting of OPEC+ producers on supply cut,business-standard.com,summary_only
2022-10-06,10,1,0,,c6e2e7b87926f16215eb069139a9fb003a5556b2,Analysts expect fuel prices to go up if global prices rise further,business-standard.com,summary_only
2022-10-07,9,1,0,,ebe3e532ac6615c93ac1d6583565161631cdcb66,Crude Oil Holds the High Ground Despite US Dollar Strength on Hawkish Fed,dailyfx.com,summary_only
2022-10-08,6,1,0,,4068e11b43b898ebde05af2c12bbab467fa97d2a,Should You Buy Enbridge Stock or Pembina Pipeline Stock for Passive Income ?,fool.ca,summary_only
2022-10-09,6,1,0,,937842a5fd54f691e192e221f1a90bda485a4ace,"Balanced , thoughtful : Russia praises OPEC for production cut | OPEC News",aljazeera.com,summary_only
2022-10-10,10,1,0,,f9cccabc4069ef441451f221fb82bd9532083acc,"EUR / USD , GBP / USD , USD / CAD , Oil , Gold & Stocks - Weekly Technical Outlook",dailyfx.com,summary_only
2022-10-11,8,1,0,,24bae7259067b2ab4c0100685b2cde9b86818bc8,"Crude oil could hit $125 a barrel as Russia reaction to a US - led price cap threatens to squeeze supply , UBS says",currently.att.yahoo.com,summary_only
2022-10-12,10,1,0,,0e957795dd689a64c1ecd1acab853a52283e6f28,"Оператор польского участка нефтепровода « Дружба », компания PERN , заявила о разгерметизации трубопровода на одной из двух веток в 70 километрах от Плоцка . Новости . Первый канал",1tv.ru,summary_only
2022-10-13,10,1,0,,bae91e44155efe437c37523d2cb9d478e61f7a18,OPEC trims its oil demand forecasts for 2022 and 2023 as Covid - 19 flares up again in China,businessinsider.co.za,summary_only
2022-10-14,10,1,0,,93ca84be74bf08d59bae38f4cccc080f34bb7ea2,"Oil prices dip amid recession fears , weak demand but supply cuts support",business-standard.com,summary_only
2022-10-15,5,1,0,,508d6991d8b045d1bba7e6d64d7698cbc12d57a0,Saudi Arabia announces $400 mn humanitarian aid for Ukraine : SPA news agency - War in Ukraine - World,english.ahram.org.eg,summary_only
2022-10-16,5,1,0,,180293a39f957cc782e96ae47b7f9ba33aaf7982,"France - Monde | La grève continue à TotalEnergies , le gouvernement demande aux grévistes de ne pas bloquer le pays",laprovence.com,summary_only
2022-10-17,5,1,0,,3772b62474eef626fdb661ec44d1a6d255f34590,जी - 20 परिषदेत बायडेन प्रिन्स सलमानची भेट घेणार नाही ; कच्च्या तेलाच्या उत्पादनात घट केल्याने अमेरिका नाराज | Joe Biden has no plan to meet Saudi Arabia MBS at G20 summit,divyamarathi.bhaskar.com,summary_only
2022-10-18,5,1,0,,b15d0a2f8df794b9ff9666a1a048f67561de5b1e,Biden considers telling American business to stop investing and expanding in Saudi Arabia,dailymail.co.uk,summary_only
2022-10-19,5,1,0,,10546e7a775f0d698b015084c7236501e186f9d1,Troubled marriage : Oil spat unlikely to break US - Saudi ties | Oil and Gas News,aljazeera.com,summary_only
2022-10-20,5,1,0,,9821d1bb48081d03b9ccb5395a889b7d833b8ce8,"Saint - Louis : la pêche risque de sombrer dans cette zone - Au Sénégal , le cœur du Sénégal",au-senegal.com,summary_only
2022-10-21,5,1,0,,07833b81a8cf7f89dba0c21372884df0c815a9ab,"Blinken : OPEC+ Could Make a Decision to Cut Later if They Dont Like Conditions , But No Reason to Do It When They Did It",breitbart.com,summary_only
2022-10-22,5,1,0,,4a64cbb4b4a47d8610e043a44f40d50dd20ea99e,Price discount for Canadian oil widened in October ; experts see weakness until 2023 - Business News,castanet.net,summary_only
2022-10-23,5,1,0,,a21e1feed7a0db368737bc2d60fac5f03bf20ef6,Increasing the Global Fuel Supply,heritage.org,summary_only
2022-10-24,5,1,0,,28526cde6355489567ffe571119269bed0368c44,"Saudi Crown Prince MBS mocks Biden , 79 , by making fun of gaffes and questioning his mental acuity",dailymail.co.uk,summary_only
2022-10-25,5,1,0,,6369bb197478d01a8e18deb8efdd96940a2f6a16,Biden Will Take His Time To Re - Evaluate Saudi Relationship Despite Little Change In Nearly Two Years In Office,dailycaller.com,summary_only
2022-10-26,5,1,0,,358fedb2f043bc493e968e3850ca00a2cbe55d63,Saudi Arabia energy chief slams nations for using emergency oil reserves to manipulate prices and warns of future pain from supply shortages,businessinsider.in,summary_only
2022-10-27,5,1,0,,b7df748c3a4faee89480c4775c6dbd56dec93a4a,البيت الأبيض ينفي أي محاولات لقطع الشراكة مع المملكة | موقع المواطن الالكتروني للأخبار السعودية والخليجية والدولية,almowaten.net,summary_only
2022-10-28,5,1,0,,b1ea4630e173a5490cc0e37bfccba781a01b743d,Blinken : Saudi Support to Ukraine Doesnt Compensate for Oil Cuts Supporting Russia,breitbart.com,summary_only
2022-10-29,5,1,0,,f475a65f61879a03d9ffdee6b283543f6635635d,"Ledakan Besar di Kilang Minyak CPC Dalin Taiwan Picu Kebakaran , Asap Tebal Mengepul",liputan6.com,summary_only
2022-10-30,7,1,0,,cdd00b3a06352980f5e7c67cbbe291c0f38d6d63,Biden administration discussing reduction of Saudi military aid NBC,arabherald.com,summary_only
2022-10-31,5,1,0,,3764024845815f1dea5a2f8cb81c81e1b84f237c,ОАЕ : ОПЕК + ще продължи да балансира търсенето и предлагането на петрол - Бизнес,bnr.bg,summary_only
2022-11-01,5,1,0,,321b8b65d2940a5c455ed005deced58c7325d83d,Ембаргото на ЕС върху руския петрол може да изпрати цените доста над $100 за барел - Бизнес,bnr.bg,summary_only
2022-11-02,5,1,0,,438fbe4d37c765988af8f069d27974a9a884340f,Петролът поскъпва с 2 % след изненадващ спад на американските петролни складови запаси,bnr.bg,summary_only
2022-11-03,5,1,0,,91cbe30b75fe0a1b4df2f07fe850e9ef0ecef1d0,Петролът поевтинява с близо 2 % след агресивното вдигане на лихвите от Фед и АЦБ,bnr.bg,summary_only
2022-11-04,5,1,0,,a6b70e08aa215576c4de68084c4ec37dffdb0e46,Crude Oil Forecast : Brent Surges on Weaker USD as NFP Takes Centre Stage,dailyfx.com,summary_only
2022-11-05,5,1,0,,5f339c89de3bae06d4d879c556a9fc4c255c7f94,Oil Prices Up - 04 - 11 - 22,armenpress.am,summary_only
2022-11-06,5,1,0,,46b3abe5d36ca2b11020539dc2865954665df8c6,"World oil prices look set to rise further , say traders",ewn.co.za,summary_only
2022-11-07,5,1,0,,4a04a9e64790594f278c339d5b54c6fde1688187,Oil slips on demand concerns but holds near $100 a barrel as dollar weakens,business-standard.com,summary_only
2022-11-08,5,1,0,,42310f334b85720ec7513d5dd35175dd4d3c77cc,"Oil prices fall as China demand , recession concerns outweigh supply woes",business.inquirer.net,summary_only
2022-11-09,5,1,0,,72d1192af4f167df86def5b41dc2ec84b33609ef,МАЕ : ОПЕК + може да се наложи да преосмисли решението си за намаляване на петролните добиви - Бизнес,bnr.bg,summary_only
2022-11-10,5,1,0,,ec8d1d29268344a21ed87fbfb95022b4ca05d08f,Oil Updates Crude falls for the fourth day ; Saudi Aramco to ship full oil contract volumes to Asia in December,arabnews.com,summary_only
2022-11-11,1,1,0,,2e2dfc22321ab1aa83b256030e0352375adbc623,沙特能源大臣 ： 欧佩克+将在石油生产上保持谨慎态度 _ 期市动态 _ 期货 _ 中金在线,futures.cnfol.com,summary_only
2022-11-12,5,1,0,,0ff18d1defeddbbd38712f3ac7d1033d10d74d11,Harga minyak naik di tengah prospek permintaan China yang positif,antaranews.com,summary_only
2022-11-13,4,1,0,,552481a36814a77550dd4e0ab8d809019ee54048,Así fue la catástrofe del Prestige,elperiodico.com,summary_only
2022-11-14,5,1,0,,0cd8a2d9fbf82ca310af5983d74bc88dee0c4003,Indigenous Group Plans $451 Million Biofuel Refinery in Canada,bnnbloomberg.ca,summary_only
2022-11-15,5,1,0,,2a44aee1aadce19f806ac9969abdb962a9d9a706,Batmanda akaryakıt tankeri koyun sürüsüne daldı : En az 70 koyun telef oldu,dogruhaber.com.tr,summary_only
2022-11-16,5,1,0,,ab5bff4d55bd56f4578e4714794e645e9cf37fa3,"Петролът Брент поевтинява с 1 , 5 % след подновяване на руските доставки по нефтопровода Дружба - Бизнес",bnr.bg,summary_only
2022-11-17,5,1,0,,2449ae7b8d78cdc2a119f13dfa0548ac375253e9,White House Confident Iran Responsible for Attack on Tanker Operated by Israeli - Owned Company,algemeiner.com,summary_only
2022-11-18,5,1,0,,a8943c437e12d10314852ef11cd35bdcb47a43f1,"Германия попала в энергетическую ловушку | 18 . 11 . 2022 , ИноСМИ",inosmi.ru,summary_only
2022-11-19,1,1,0,,39fd6977974ff942ef59f69e181514b87dcdb30f,Венгерская MOL уменьшила поставки нефти ретейлерам на фоне падения импорта из России,riafan.ru,summary_only
2022-11-20,3,1,0,,fce3f1d01ebba499539b4d37af334a94d6d0299a,রাশিয়ার তেল বাংলাদেশে সরবরাহের উপায় খুঁজছে ভারত,bangla.thedailystar.net,summary_only
2022-11-21,5,1,0,,c80ad4d4096920e111a148863a9bf14b2dd74952,Oil prices slide 3 % as supply fears recede,article.wn.com,summary_only
2022-11-22,5,1,0,,62f94d6fa0dbc5c0a81c9b5ff7d5e01a47bcd42e,U . S . Navy probe : Iranian drone struck Israeli - linked tanker,aol.com,summary_only
2022-11-23,5,1,0,,7ef8207d2f79def135611366ce2418cc43206993,Кабинетът ще разговаря с Брюксел за износа на нефтопродукти от руски суров петрол,dnevnik.bg,summary_only
2022-11-24,5,1,0,,df276ed30c516a7346db2c3b3dc7fe78ef8c8bfc,"Евгений Кънев : Зачестиха българските услуги към Русия , които са против интересите на ЕС",bnr.bg,summary_only
2022-11-25,5,1,0,,18391ba9d98712b3051e88b55a913287170afdfa,Икономическият министър : Заради успеха с Лукойл се появи ревност срещу нас,actualno.com,summary_only
2022-11-26,5,1,0,,99c7ac4e5c0d11d453f910c012a7da8fef4cec0c,Ukraine - Liveticker : Seit Befreiung von Cherson mindestens 32 Menschen getötet,faz.net,summary_only
2022-11-27,5,1,0,,34faeca6ddfb6555c23f424fac0506b229cdba65,Shell Nigeria unit begins limited crude exports from Bonny terminal,marketscreener.com,summary_only
2022-11-28,5,1,0,,1d73d2fb9a2f686f35985c6a9402d41e2795b035,El crudo Brent cae por debajo de los 82 dólares por primera vez desde enero,actualidad.rt.com,summary_only
2022-11-29,5,1,0,,e9d82432d0ecea472a535123632736628c0821a7,Crude oil prices slide on concerns over China demand ; Brent hits $82 . 74 / bbl,businesstoday.in,summary_only
2022-11-30,5,1,0,,9ffca6e086d53b49aece009ab058b83e7cca127b,"oil prices today : Oil up as U . S . crude stocks seen falling , OPEC+ concerns limit gains",economictimes.indiatimes.com,summary_only
2022-12-01,5,1,0,,ef63c0cf1133741f765ca0903344cf7ae839dd27,"Oil price edges higher on tight supply , China demand recovery optimism",business-standard.com,summary_only
2022-12-02,5,1,0,,5a2c3e499341f6c5340760a5c6108a1ae1b559fc,"Oil prices remain steady ahead of OPEC+ meeting , EU Russian oil ban",business-standard.com,summary_only
2022-12-03,5,1,0,,1c6b0c07c5e6f8ebe77288145653d02e1ba9748f,OPEC+ will keep oil policy unchanged in review talks : Sources,economictimes.indiatimes.com,summary_only
2022-12-04,9,1,0,,fe7ff8a90c2be69c4db8ddedb89e8a09437a44d0,"रूस ने कहा - हम इसे नहीं मानेंगे , जानिए ऑयल प्राइस कैप का भारत पर क्या असर होगा ? | Russia rejects $60 price cap on its Crude oil by EU , G7 and Australia",bhaskar.com,summary_only
2022-12-05,8,1,0,,62b15ee3f14a281a0dfca3fa0cd91f6ce959f168,Oil Updates Crude climbs after OPEC+ meeting ; Japan sets price cap on Russian crude,arabnews.com,summary_only
2022-12-06,10,1,0,,511a5232aafebdc3344d72f486824589f86ac294,López Obrador afirma que la refinería de Dos Bocas operará a toda su capacidad a mediados de 2023,actualidad.rt.com,summary_only
2022-12-07,9,1,0,,ce10fe15b6b9651c8ae95fb22a1dc4a467fea5d9,U . S . oil prices slump to pre - Ukraine crisis levels on economic jitters,business.inquirer.net,summary_only
2022-12-08,9,1,0,,540af3b0da47e8fceac56c10aced9ff1e69a57f7,El tercer polizón que llegó a Gran Canaria en el timón de un petrolero podrá permanecer en España,antena3.com,summary_only
2022-12-09,7,1,0,,831cb3fe7fad6bd8d73c7eede2d77e8297e12601,Ropa naftowa Brent i WTI drożeje,bankier.pl,summary_only
2022-12-10,5,1,0,,fcdcc21785879f00e446363665cb7abd71b0e5ba,Pakistan unable to diversify sources of energy to overcome crisis : Report - Jammu Kashmir Latest News | Tourism,dailyexcelsior.com,summary_only
2022-12-11,11,1,0,,eb28693d03f86139e29613d0796dcc41518818eb,جريدة البلاد | وزير الطاقة السعودي : التطورات العالمية أثبتت صحة قرارات أوبك بلس,albiladpress.com,summary_only
2022-12-12,5,1,0,,90952b80c0ebd44383303218f4f2b20107646fe7,"Air Liquide , Fluxys Belgium and Port of Antwerp - Bruges awarded EU funding for building the Antwerp @ C CO2 Export Hub",airliquide.com,summary_only
2022-12-13,5,1,0,,a650c7a9574c48952711eac658508e01103d9e5e,أوبك ترفع توقعاتها لنمو الاقتصاد العالمي في 2022 | موقع المواطن الالكتروني للأخبار السعودية والخليجية والدولية,almowaten.net,summary_only
2022-12-14,5,1,0,,5e6bbf370c2187b3f10413ea81437b52e42488b6,السوق النفطية تتطلع إلى تهدئة وتيرة ارتفاعات الفائدة .. الطلب العالمي مثقل بالتحديات,aleqt.com,summary_only
2022-12-15,5,1,0,,d8b0920677d7adc2193e2f99aea9992e57daa36b,Repsol anuncia la puesta en marcha de sus instalaciones en el Puerto Exterior,elidealgallego.com,summary_only
2022-12-16,5,1,0,,398be0847369ba984a5f45c6e3bfaf309834de35,В разговор с Блинкен : Радев отново заговори за петролопровод между Бургас и Александруполис,actualno.com,summary_only
2022-12-17,5,1,0,,3ba8084798fa2dbdc8dba8d8514e4609088c70a6,جريدة البلاد | كامكو إنفست : انتعاش النفط من أدنى مستوياته في ظل إحياء آمال الطلب,albiladpress.com,summary_only
2022-12-18,5,1,0,,0f844e6035e2e4554b51a75ea4cf75b451aee78b,Oil Updates Crude falls ; US drillers cut most oil rigs since September,arabnews.com,summary_only
2022-12-19,5,1,0,,b3ebc10c59f551f8cc12ab1d3ee8578a3bda0747,ROUNDUP : Bund sieht sichere Versorgung mit Treibstoff auch nach Öl - Embargo,finanznachrichten.de,summary_only
2022-12-20,5,1,0,,18b23d4c8d6eb2284fe3e1af84f65ae5f714715e,Saudi energy minister : OPEC+ decision turned out to be right one for market stability,arabnews.com,summary_only
2022-12-21,5,1,0,,b7b3ac65d4d22f08fd1c7ccbf28b457b63b3ed83,"Crude oil prices up as US crude stocks seen falling , dollar eases ; Brent hits $80 . 07 / bbl",businesstoday.in,summary_only
2022-12-22,5,1,0,,25bf2a00e59619917293ebdeca53cab4c5826e4f,Блумберг : Россия потеряла самого крупного европейского покупателя нефти . Но пытается врать,9tv.co.il,summary_only
2022-12-23,5,1,0,,2cb205f18d28af37fe95266eed9a597427e89a76,Seine - et - Marne : TotalEnergies sommé de revoir son projet de reconversion pour Grandpuits,20minutes.fr,summary_only
2022-12-24,5,1,0,,21e84092aefdca124a2e5ffbdfa6cdc44f0779a3,Güney Afrikada akaryakıt tankerinin patlaması sonucu 10 kişi öldü,bursa.com,summary_only
2022-12-25,9,1,0,,310de3e6e9783f71816acb0b029c951c41680554,في تهنئة بعيد الاستقلال .. « أوبك » تشيد بدور ليبيا في توقيع اتفاق 2016,alwasat.ly,summary_only
2022-12-26,5,1,0,,6efe1de6844bb21583f9c03a2d47c66c6fe8774e,"На прошлой неделе нефть подорожала более чем на 6 %, Brent - $83 , 92 за баррель",abc.az,summary_only
2022-12-27,5,1,0,,d1bce575e23b65e4bab6da50d3e1f2c00a3b6677,В Бурятии попросили не доверять новогодние фейерверки пьяным людям | Байкал Daily - Новости Бурятии и Улан - Удэ в реальном времени,baikal-daily.ru,summary_only
2022-12-28,5,1,0,,679758f0d070a1cfb142a064810b1acd7d44ca4d,زعيم اللصوص .. أحدث لقب عالمي لمحمد بن سلمان - قناة العالم الاخبارية,alalam.ir,summary_only
2022-12-29,5,1,0,,4ad3f59a41a3f8d5bba6997aeb258205721dc52a,وزير الطاقة السعودي يسلط الضوء على أهمية دعم استقرار أسواق النفط العالمية من خلال الحوار بين المنتجين والمستهلكين,el-balad.com,summary_only
2022-12-30,5,1,0,,aaeca4c5c4d205b65ea5c0ad6bc71ee7b4c927f4,"Нью - Йорк принял закон о « праве на ремонт », но активисты всё равно недовольны",3dnews.ru,summary_only
2022-12-31,5,1,0,,0a60c1e29586eba80ef3dc88db30352b3435d5ca,السعودية : قمة أمريكية لـ « الحليف الأكبر » وقمة صينية لـ « الشريك الأول » قاسمهما المشترك رؤية 2030,alquds.co.uk,summary_only
2023-01-01,5,1,0,,416619ee05b9fe184b7e87fbf7648952f2dce1bc,Here Are Six Of The Hottest Hot Takes From The Leftist Media In 2022,dailycaller.com,summary_only
2023-01-02,5,1,0,,390fd35035374b44401b7f6d2f56447cef06c9b2,جريدة الرياض | محمد بن سلمان .. القائد الأكثر تأثيراً في العالم,alriyadh.com,summary_only
2023-01-03,5,1,0,,dac35f4de601cf693570b8f63d3eaa02c0dee340,Energy commodity prices in 2022 showed effects of Russia full - scale invasion of Ukraine,hydrocarbonprocessing.com,summary_only
2023-01-04,5,1,0,,f3234a92ccd46e595aa61cb76497557539f8ba09,Нарастване на петролните добиви на ОПЕК през декември въпреки договорените съкращения,bnr.bg,summary_only
2023-01-05,5,1,0,,7b44c18fecfccb8bb7f30936f7a192ec5531eba7,صادرات المملكة النفطية وراء استقرار الأسواق العالمية | موقع المواطن الالكتروني للأخبار السعودية والخليجية والدولية,almowaten.net,summary_only
2023-01-06,5,1,0,,f9fdb2bf092c8d0a634ae0787fe949228eca8d62,"Россия продает нефть со скидкой в Индию и Китай , от которой отказались в ЕС из - за санкций",24tv.ua,summary_only
2023-01-07,5,1,0,,cb932dc308fcc9ac43296a792e716bbbd061ac51,"After Depleting Oil Reserve , Biden Energy Department Refuses to Fill It Back Up",infowars.com,summary_only
2023-01-08,10,1,0,,f6a92fd1eedb8991465c2b3062f4cbea5198cd2e,Indo - Bangla Friendship Pipeline likely to be commissioned in February,business-standard.com,summary_only
2023-01-09,5,1,0,,38f8631dd6646d019323d1133847551d75c714e4,"oil prices today : Oil nudges higher after China opens borders , lifts fuel demand outlook",economictimes.indiatimes.com,summary_only
2023-01-10,5,1,0,,a5fab84525ac61f4b5e0e2fa09081b25fb24fe53,Oil Updates Crude slips ; Oil tanker groups Frontline and Euronav scrap $4 . 2bn merger,arabnews.com,summary_only
2023-01-11,5,1,0,,d812a841e06fe89185ef23d7b60518a12158cecf,"Oil prices plummet as US stockpiles rise , economic uncertainty renew demand concerns",dunyanews.tv,summary_only
2023-01-12,5,1,0,,3518093ae466b20345280b3d687d002ad1046a2a,COP28 aux Emirats arabes unis : Le PDG de la plus grosse compagnie pétrolière du pays présidera la conférence,20minutes.fr,summary_only
2023-01-13,5,1,0,,16261277b39693c624ea92f6549460af3b692146,Казахстан ще достави 300 000 тона суров петрол на Германия през първото тримесечие - Пазари,novini.bg,summary_only
2023-01-14,5,1,0,,b0befdf1fd590122887c5566efb82baa2fa7fd98,جريدة الرياض | أوبك + ترفع إنتاجها لـ43 مليون برميل برغم تراجع الإمدادات الروسية,alriyadh.com,summary_only
2023-01-15,5,1,0,,a8187e01a774d6a26f22f0ffcb73f012be3e3bf2,Beni se hizo respetar : Libertad Gran Mamoré derrotó por 2 - 1 a Oriente Petrolero,eldeber.com.bo,summary_only
2023-01-16,5,1,0,,66d2a882b35f0cf03090e028b499cd39ded243ca,Crude Oil Forecast : Brent Tests Key $85 Handle Ahead of Data Heavy Week,dailyfx.com,summary_only
2023-01-17,5,1,0,,0d73fdbfd75d9a1837c7f93ae6e7e17074f3d5b8,ОПЕК запази прогнозите си за растежа на световната икономика и на петролното търсене през 2023 г .,bnr.bg,summary_only
2023-01-18,5,1,0,,317ac3f3fe0708a24b3197f91f079e7249b87d47,Irving Oil refinery to use renewable natural gas made from food waste under new deal,bnnbloomberg.ca,summary_only
2023-01-19,5,1,0,,62990efbcc8671e400dd52f1ce41532f712dbac9,توقعات بسوق نفطية أكثر إحكاما في النصف الثاني .. « جولدمان ساكس »: مسار الأسعار تصاعدي,aleqt.com,summary_only
2023-01-20,5,1,0,,2f6abf797570274b3a5607bc788126f8204d9a3a,The Fiji TimesEnvironmental groups sue U . S . to stop deepwater oil - export facility,fijitimes.com,summary_only
2023-01-21,5,1,0,,82863a7baf498de032641e6b48de3255479b8f56,2002 : golpe de Estado contra Hugo Chávez y golpe petrolero criminal contra PDVSA,aporrea.org,summary_only
2023-01-22,5,1,0,,36ad0674c743b4b93a1cad17913ec9cfb8bab041,visakhapatnam : Hindustan Petroleum dependence on refiners to reduce by 35 % post expansion of Visakhapatnam refinery,economictimes.indiatimes.com,summary_only
2023-01-23,5,1,0,,7079549384d1e5efb32c54250beea23349bfb4e6,Къде отива руският петрол след европейското ембарго ? - Последни Новини от DNES . BG,dnes.bg,summary_only
2023-01-24,5,1,0,,2d5faa1101e9a49309a807a4f587f8c1f2f11b3e,"Sensex Today : Stock Market LIVE Updates : Sensex rises 230 pts , Nifty above 18 , 150 ; Lloyd Steel jumps 5 %, Tata Comm down 2 %",economictimes.indiatimes.com,summary_only
2023-01-25,5,1,0,,d852c413e0ad59fc688b88a6115e34ccc3159982,UE . Nadal sankcyjna jedność w sprawie Rosji | Niemcy – bieżąca polityka niemiecka . Wiadomości DW po polsku | DW,dw.com,summary_only
2023-01-26,5,1,0,,84a2a5119cc91d82d60239f74796a061f7a0365e,Five Extinction Rebellion protesters including Olympic canoeist cleared of tampering with oil tanker,dailymail.co.uk,summary_only
2023-01-27,5,1,0,,ad1494ba7c3ccad32ab30bbd3106ff42f1452caa,"Jorge Correa , jugador de Oriente Petrolero : « El grupo está con mucha ilusión »",eju.tv,summary_only
2023-01-28,5,1,0,,ee4421d8e71f477919c99aff33ec36430fbe5df3,السوق النفطية .. تفاؤل مدفوع بالانتعاش الصيني وترقب لخطوات « الفيدرالي » بشأن الفائدة,aleqt.com,summary_only
2023-01-29,5,1,0,,50f4df4c92358b662aa2b1b162c9bff851600f0f,Nigeria Finds Dozens of Illegal Oil Refineries Stealing Government Profits,breitbart.com,summary_only
2023-01-30,5,1,0,,c54d9beb87e0b99604cd5d2b92c60623baa61e4e,ارتفاع أسعار النفط بعد هجوم المسيرات بإيران | موقع المواطن الالكتروني للأخبار السعودية والخليجية والدولية,almowaten.net,summary_only
2023-01-31,5,1,0,,228807f4d1a249f2de7add1ae4439cf9c68b4b48,"oil price today : Oil steadies after falling on rate hike worries , Russian crude flows",economictimes.indiatimes.com,summary_only
2023-02-01,5,1,0,,17fcd642b7a23a9068478303e7dca715c203f1ff,Uruchomiono rurociąg paliwowy na trasie Boronów - Trzebinia ; Orlen rozbuduje terminal w Trzebini,bankier.pl,summary_only
2023-02-02,5,1,0,,4e3a2dad9f6432325365dbaadce8d9d787f5bc0b,МИД ответит на объявление Австрией четырех дипломатов персонами нон грата,aif.ru,summary_only
2023-02-03,5,1,0,,a8cc1cc1aa5d0c844ded69eff6e38a1e7f15dd9d,Peru Energy Mines Min : Refinery will contribute to closing potable water gaps in Talara | Noticias,andina.pe,summary_only
2023-02-04,5,1,0,,723c4b3b915958420840d61417c3750cf91e3e1c,بعد خسائر 5 % لـ « برنت » .. أسعار النفط تراوح مكانها ترقبا لفاعلية تعافي الطلب الصيني,aleqt.com,summary_only
2023-02-05,8,1,0,,995d73781165b6a52bf176a6f02b2bd5f64bac3e,Saudi Arabia to remain cautious on oil output,bolnews.com,summary_only
2023-02-06,5,1,0,,ec4c47779ac570eb31e329905f54a5aa7cec1848,OPEC+ May Lift Oil Output As China Demand Looks Set to Rebound : IEA Chief,markets.businessinsider.com,summary_only
2023-02-07,5,1,0,,77a6bffcf99b44c55307c056e2477d3711d3bd51,Tallink подписал новый коллективный договор с профсоюзом сроком на четыре года,dv.ee,summary_only
2023-02-08,5,1,0,,60fc2403c20a6459311165f7046e1572dcd2c16b,Crude Oli Hold the High Ground on US Dollar Weakness . Will WTI go Higher ?,dailyfx.com,summary_only
2023-02-09,5,1,0,,924cdceab0e7f11a0da32ff218efb32de3532f1d,"Oil rises for 4th day due to supply disruptions , optimism over China demand",business.inquirer.net,summary_only
2023-02-10,5,1,0,,7c15f480a4184cf617cece44472dd322ccae1f98,"Black gold to the East , red faces in the West : How Russia learned to stop worrying about US - led oil sanctions by looking to Asia",asiabulletin.com,summary_only
2023-02-11,8,1,0,,31ebf342f49d6e7cb1a99e27ec2c4204362e56dd,"In retaliation for Western sanctions , Moscow will cut its oil production",archyde.com,summary_only
2023-02-12,7,1,0,,a41e16ac4d45c3c72c355e20cedc9b027007e5fe,OPEC Secretary General says expects demand to reach pre - pandemic levels this year,dunyanews.tv,summary_only
2023-02-13,7,1,0,,7f719d9a7d1666b9149b31ebf414195548f85072,Crude Oil Dips as US Dollar Finds Firmer Footing Ahead of CPI . Where to for WTI ?,dailyfx.com,summary_only
2023-02-14,10,1,0,,ea9897f86ed6eb90c1b69774782efd54b40aac7b,Crude Oil Price Forecast : Brent Bid Ahead of OPEC Report and US CPI,dailyfx.com,summary_only
2023-02-15,7,1,0,,d3cd1c377bbea9c661ac4d33b7e7b1b0a1d1dda0,Oil down over demand woes following expectations of hefty US stock rise,aa.com.tr,summary_only
2023-02-16,10,1,0,,80f9924e11792b5acd69eead55ad9e89a6cb354c,رغم التقلبات ومخاوف الفائدة .. توقعات الطلب المتفائلة الأكثر تأثيرا في السوق النفطية,aleqt.com,summary_only
2023-02-17,9,1,0,,7ae93a33695cb198f6bcce108cfb523e930afe6e,"Oil heads for weekly loss on Fed rate hike worries , signs of ample supply",business-standard.com,summary_only
2023-02-18,5,1,0,,59267f486ab39d3dbc761a212227a4702ba3951f,« جيه . بي مورجان » يستبعد تجاوز سعر النفط 100 دولار للبرميل في 2023,albayan.ae,summary_only
2023-02-19,4,1,0,,867b19c9e8f73f5f98c93917ddd73198d8fe3551,‫ الكويت رابع أكبر منتج للنفط في أوبك,al-sharq.com,summary_only
2023-02-20,5,1,0,,3b46ef4d32199dd55de8c278fdf84bbcd36bb453,"Oil Rises On China Demand Hopes , Concerns On Supply Outlook",ibtimes.com,summary_only
2023-02-21,5,1,0,,13fc3f3f86dfc8c24231248697d3b6b6ed8eb2e4,Oil Updates Brent down ; Saudi energy minister says OPEC+ decisions not politicized,arabnews.com,summary_only
2023-02-22,5,1,0,,9e2c2414e230f75f1dd10997d1f1cdb9e14c2b91,Oil falls more than 1 % as growth fears offset China demand hopes,ibtimes.co.uk,summary_only
2023-02-23,5,1,0,,ebdbfd528db085334c20ba072944e881d68d3302,Crude Oil Update : Anticipated EIA Stock Build Favors Current Trading Range,dailyfx.com,summary_only
2023-02-24,5,1,0,,89d453b674e6d97d6142211edd90f388d5e92ebc,Oil Outlook : Russia – Ukraine One Year of Conflict Boosts WTI & Brent,dailyfx.com,summary_only
2023-02-25,2,1,0,,04238c00995893bb10ef6f649ac8898e4db9fefe,Cost of Filling Your Car This Year Will Depend on Conflicting Trends,henryherald.com,summary_only
2023-02-26,1,1,0,,c661d5e81829ad1606883528e2809e365d62c9fa,Oil production slows by 13 % – Report,punchng.com,summary_only
2023-02-27,5,1,0,,3d5bad1f5d753ad1645821c0f5bde6d0eaccb69e,Crude Oil Price Outlook : Technical Levels Support Tight Range,dailyfx.com,summary_only
2023-02-28,3,1,0,,19f31b03a864711d9ce6ccea1651e6956254183d,"Neft ucuzlaşır , Brent bir barel n $82 , 36 təşkil edir",abc.az,summary_only
2023-03-01,5,1,0,,6dd98e931e66b02af2befe1031f968b7527ca339,Oil prices rise as China factory gains boost demand outlook for fuel,business-standard.com,summary_only
2023-03-02,5,1,0,,0012ae00121bf626227930ba602a92861377d672,"Brent Oil Price Surpasses $85 Per Barrel , First Time Since F ...",menafn.com,summary_only
2023-03-03,5,1,0,,2792e6e9ee0dd663218559078b291ea37e805632,"Ropa roste , zdroje Reuters popírají , že SAE zvažují vystoupení z OPEC",ceskenoviny.cz,summary_only
2023-03-04,3,1,0,,26c6ae31207df3d9d7252af6840f8911a1c84db8,El petróleo extendió rally alcista : anotó su sexta suba en las últimas siete jornadas,ambito.com,summary_only
2023-03-05,9,1,0,,185d5ebad9dbc85b19e638353c15567d187fa164,Reuters : ОПЕК+ не станет увеличивать добычу нефти из - за решения России сократить добычу нефти,chaspik.spb.ru,summary_only
2023-03-06,8,1,0,,d63c525f4a1add831a2d0c8e31d84cb9b4e2ded3,中国经济持续释放积极信号 石油需求前景乐观,163.com,summary_only
2023-03-07,7,1,0,,8abe94905d1ed00440b3f097c3d867298b6c4462,"Enbridge , Suncor targets of climate - focused shareholder activism ahead of 2023 proxy season",calgaryherald.com,summary_only
2023-03-08,9,1,0,,6a7daca242149df235cfa9247da4d8ef18f0d8b8,Oil Updates Crude declines ; OPEC expects China 2023 oil demand to grow 500k - 600k bpd,arabnews.com,summary_only
2023-03-09,9,1,0,,84d24e866533390c4b00f78d3a71331deb5ad715,Oil Updates Crude slightly down ; Barclays cuts 2023 oil price forecasts,arabnews.com,summary_only
2023-03-10,9,1,0,,aba00c98ec8c7b29e8f094cd31e196b379370007,"Réforme des retraites : Fin de la grève à la raffinerie de Fos - sur - Mer selon la direction , la CGT crie au mensonge",20minutes.fr,summary_only
2023-03-11,6,1,0,,25e07c92affb192e83baea75f565d70af52ae8ed,"Orlen patrzy na rafinerię Schwedt , ale musi się wyjaśnić udział w niej Rosnieftu",bankier.pl,summary_only
2023-03-12,6,1,0,,3ba970e9b651f6ad2d5a1a8edce641954dd92cc7,بالاترین : « خون‌شویی » به سبک صدا و سیمای جمهوری اسلامی + ویدئو,balatarin.com,summary_only
2023-03-13,9,1,0,,62334d33834e925e8dd9ddedebeba70ee7258f12,Соглашение ОПЕК+ о сокращении добычи нефти продлится до конца 2023 года,chaspik.spb.ru,summary_only
2023-03-14,10,1,0,,e23f0c66c30bfdfbae501d166729f2aaab132eea,OPEC raises Chinese oil demand growth forecast further,arabnews.com,summary_only
2023-03-15,10,1,0,,06966c339923b8a6ab0a3e003c5e923979109d81,السعودية ملتزمة باتفاقية أوبك بلس وخفض إنتاج النفط حق تفرضه مصالحها الوطنية | موقع المواطن الالكتروني للأخبار السعودية والخليجية والدولية,almowaten.net,summary_only
2023-03-16,10,1,0,,ea5ec93b7dae25949ad5dbe337ab3c8364d56cfa,"ОПЕК , Аль - Гайс : мировой спрос на нефть превысит допандемический уровень в 2023 году",chaspik.spb.ru,summary_only
2023-03-17,10,1,0,,6ea5fa898f3e757299fc570ec64d6ab4560f0614,"LNG plant cancellation could kill premier shale gas ambitions , says energy insider",cbc.ca,summary_only
2023-03-18,5,1,0,,bc1d38642d71026ea79b26355cd171268f953894,"India - Bangladesh Pipeline : इस पाइपलाइन से हर साल बहेगा 10 लाख टन डीजल , मजबूत होगी भारत - बांग्लादेश की दोस्ती",navbharattimes.indiatimes.com,summary_only
2023-03-19,16,1,0,,dc03a35152b5240c7d1c32598c5903853d4810f0,المملكة تقود تغييرات يشهدها مسار النفط العالمي | موقع المواطن الالكتروني للأخبار السعودية والخليجية والدولية,almowaten.net,summary_only
2023-03-20,12,1,0,,80ff7bfd5893451a3942d8d627deab60041bb402,مخاوف التعثرات المصرفية تلقي بظلالها على سوق النفط .. توقعات التباطؤ وضعف الطلب تتزايد,aleqt.com,summary_only
2023-03-21,13,1,0,,7e846ce10384d06dd99b2cc057d47fe36ad1dd3f,Crude Oil Price | Crude oil dropped to 71 dollars still the question remains regarding the high price of fuel in the Indian market,anandabazar.com,summary_only
2023-03-22,11,1,0,,9e5ec729836bc5c2c936fd8477e70b374115f72e,House republicans introduce signature legislative package H . R . 1 Lower Energy Costs Act,cbs7.com,summary_only
2023-03-23,1,1,0,,e5a2208370330d33722caa85495e2f4dcc16c098,The majority of U.S. households used natural gas in 2020,U.S. Energy Information Administration Today in Energy,full_gzip
2023-03-24,9,1,0,,fbe2ee44029b48a334e45e16e2c7b2ee269915ad,Oil Price Dips Weigh On Energy Stocks As US Government Denies Urgent SPR Refill - SPDR Select Sector Fund - Energy Select Sector ( ARCA : XLE ),benzinga.com,summary_only
2023-03-25,10,1,0,,bfecc505abdcd053a72a192dfbb834a907326270,"Today petrol and diesel price situation in Chennai ...! | சென்னையில் இன்றைய பெட்ரோல் , டீசல் விலை நிலவரம் ...!",dailythanthi.com,summary_only
2023-03-26,5,1,0,,fe20eba4711cad306b9be33e6ecd023b59105533,"ROSEN , Top Ranked Investor Counsel , Encourages Vertex Energy , Inc . Investors to Secure Counsel Before Important Deadline in Securities Class Action - VTNR",asiaone.com,summary_only
2023-03-27,7,1,0,,368c5ceb11e391c46572097a4d49238c5f1395bb,انحسار المخاوف بشأن اضطرابات القطاع المصرفي يعزز المعنويات في السوق النفطية,aleqt.com,summary_only
2023-03-28,10,1,0,,5b8df1b5b7163558f1b1ba058ef3c6322cd2fd94,"Dólar blue y dólar hoy : la cotización de este martes 28 de marzo , minuto a minuto | A cuánto opera para la compra y venta",pagina12.com.ar,summary_only
2023-03-29,10,1,0,,851e3cbea115d44a1b2aba82942d7965ba25da1f,Oil prices rise ahead of U . S . inventory data,beijingbulletin.com,summary_only
2023-03-30,10,1,0,,81a9bba48fc8fffbdfef540fc27004aa45b5b576,"Today petrol and diesel prices in Chennai ..! | சென்னையில் இன்றைய பெட்ரோல் , டீசல் விலை நிலவரம் ..!",dailythanthi.com,summary_only
2023-03-31,10,1,0,,6b10add4b3c37bfaf542aff8407934c7f3e9fbf8,Sindicato Enap continúa movilizado por despido de 7 trabajadores y exigen más seguridad en operaciones | Nacional,biobiochile.cl,summary_only
2023-04-01,5,1,0,,5851763c4df03f040ff266c64b25817b3001555f,"LIMA Pekerja Dilarikan ke Rumah Sakit Akibat Ledakani Kilang Minyak Pertamina di Dumai , Riau , Sabtu Malam .",kalbarterkini.pikiran-rakyat.com,summary_only
2023-04-02,14,1,0,,d6f3e5f136c62be6f8dec134d08df6cc76da7aa5,"5 Pekerja Jadi Korban Ledakan Kilang Pertamina Dumai , Warga Dipastikan Tidak Terdampak",bekasi.pikiran-rakyat.com,summary_only
2023-04-03,9,1,0,,f6dbc37e52d5acf66cf2a63452ca343ed1ded31f,"Devon Energy , Diamondback Energy And Suncor Energy Shares Are Rising : What Going On ? - Devon Energy ( NYSE : DVN )",benzinga.com,summary_only
2023-04-04,9,1,0,,de221f28af704b6812444758b3e5d18c7621aced,Naftas cenas kāpj pēc lēmuma samazināt ieguvi ; akciju cenas nedaudz pieaug,delfi.lv,summary_only
2023-04-05,7,1,0,,1cac65c3c76d219c10c257c9fae9b54ef1a20243,"Kudlow : Biden Does Nothing as OPEC+ Jacks up Oil Price , Helps Finance Putin",breitbart.com,summary_only
2023-04-06,10,1,0,,156fdfb852670e33433d61a55d58c390a69de177,"With surprise output cut , OPEC eyes price , global market stability amid banking crisis fears",aa.com.tr,summary_only
2023-04-07,5,1,0,,9e4f71712b71cfdfa707bf86d7483f8bcad787e6,"Crude Oil : ओपेक प्लस देशों की ओर से कच्चे तेल के उत्पादन में कटौती का फैसला , जानें भारत पर क्या असर पड़ेगा ? - How Opec+ Oil Output Cut Could Impact India Know Details",amarujala.com,summary_only
2023-04-08,1,1,0,,2b45e038817e3ee1d8936fefab7fbb2dd8b1183e,OPEC+ Shock Revives Oil Bulls Even as Demand Warnings Flash,bloomberg.com,summary_only
2023-04-09,6,1,0,,cd39c3703153e60729e47135ead94c9ff51405ff,Russia will ...: Ex - CEA Kaushik Basu explains implications of oil supply cut by OPEC+,businesstoday.in,summary_only
2023-04-10,5,1,0,,7ba3e54b004cac73f99b86f4143ea297128b824b,نفط عمان يرتفع 81 سنتا وأسعار الخام ترتفع وسط توقعات بتقليص الإمدادات,alwatan.com,summary_only
2023-04-11,8,1,0,,41099a625cb8da266421ce85f0988989fdac5647,US official : Top Biden aide holds call with MBS on Yemen war | iNFOnews | Thompson - Okanagan News Source,infotel.ca,summary_only
2023-04-12,5,1,0,,e39e7d87042a7a3e997af8a302337c7f62312d74,Crude Oil Price Finds Comfort Ahead of a Potential Breakout . Where to for WTI ?,dailyfx.com,summary_only
2023-04-13,5,1,0,,334899d88b552096e5edaed4f767d01d69598520,اسعار النفط تتراجع بعد ارتفاعها جلستين مع استمرار قلق المستثمرين بشأن ركود محتمل في امريكا,iraqakhbar.com,summary_only
2023-04-14,5,1,0,,372a6e54c095f80c4e7c393ed9318a2dd00ce51c,"Opec+ output cuts may add to surging oil prices , IEA sees record high rates",business-standard.com,summary_only
2023-04-15,5,1,0,,00096b6651cbb960916b296e37cdced04bcaed84,أسعار النفط تنهي الأسبوع باللون الأخضر .. الواردات الصينية تعزز الآمال حيال التعافي,aleqt.com,summary_only
2023-04-16,5,1,0,,39ec7993bf3ed2f17e3ea755784345752781923d,Нефтяной альянс РФ и Саудовской Аравии грозит сорвать переизбрание Байдена,aif.ru,summary_only
2023-04-17,5,1,0,,c5f632eee35fa9ec1cb3e4bc682e8be51bea708c,"Petrol Diesel Price Today : जारी हुए पेट्रोल - डीजल के नए दाम , टंकी फुल कराने से पहले चेक करें लेटेस्ट रेट्स",jagran.com,summary_only
2023-04-18,5,1,0,,e12e0028652ba9a01a226055a717dd7d4a4e89cf,مسؤول في صندوق النقد : ميزانية السعودية ستستفيد من الخفض الطوعي لإنتاج النفط,argaam.com,summary_only
2023-04-19,5,1,0,,8ec38b69b79379588547ca6c516ebe5c4cffb5ad,МИД РФ : сокращение нефтедобычи странами ОПЕК стало ответом на лимит цен,aif.ru,summary_only
2023-04-20,5,1,0,,6bdc0492e0a61cf35c25839fdf9db1e1760820f2,Sugar Prices Spike to 11 - Year High and Could Rise Further Due to Extreme Weather,nbcchicago.com,summary_only
2023-04-21,5,1,0,,be1ae3e12e96be18e7948d5b5593d53f7d1e1034,Πετρέλαιο : Συνομιλία Πούτιν - Μοχάμεντ Μπιν Σαλμάν για το « ψαλίδι » του ΟΠΕΚ+,businessnews.gr,summary_only
2023-04-22,5,1,0,,adf77d21ccaf841e62a00c2484e521c29ec5b66b,جريدة البلاد | أسعار النفط عند أعلى مستوياتها في 5 أشهر,albiladpress.com,summary_only
2023-04-23,3,1,0,,e2b71962e4a08eb76e18c88e64cabcfc54b6dbbb,"Longer voyages , aging fleet to boost global tanker freight despite OPEC+ output cuts",hellenicshippingnews.com,summary_only
2023-04-24,5,1,0,,c4d6c2bc9bf04b34960ccd0ff26bc1e79aa903dc,"Putin discusses OPEC+ deal in call with Saudi Crown Prince , Kremlin says",azernews.az,summary_only
2023-04-25,5,1,0,,e11e464369d62234d227c9f99098793fe2a781b9,"India GDP aim faces risks from a little boy , cartel strength and big economies",economictimes.indiatimes.com,summary_only
2023-04-26,5,1,0,,ac88a1f05e18d8d9f0208e221e71259ed2cfc04d,Gulf economies to grow at much slower pace in 2023 on lower oil revenues - Reuters poll,933thedrive.com,summary_only
2023-04-27,5,1,0,,223121660e73a6a26476071f8d2cc6f2d5a324d7,Oil Updates Crude edging up ; Russia says OPEC+ sees no need for further oil output cuts,arabnews.com,summary_only
2023-04-28,5,1,0,,fbf8801d4c78cd0602ef42d92ee9312651a4f45e,"Hope for Nigeria , other food importers as World Bank sees sustained fall in prices",guardian.ng,summary_only
2023-04-29,5,1,0,,cf3003b2277c27722ad3ded792c97f4b99b87228,"Chevron , Exxon Mobil Financials Reports Highlight 2023 Uncertainty Over $70 Oil Prices",biztoc.com,summary_only
2023-04-30,6,1,0,,2d19408d6fca556ef71499e52457e86de131c95e,Heizölpreise fallen auf neuen Tiefpunkt – Trendwende oder nicht ?,agrarheute.com,summary_only
2023-05-01,5,1,0,,3ed096cb0e3faff8c796f5321303e25e06833f03,"Oil prices drop as US rate hike fears , weak China data offset supply cuts | Business",en.ammonnews.net,summary_only
2023-05-02,5,1,0,,0d01098d67e63bc3f6114491521f7acfe1d21a38,Ed tech firm Uwill raises $30 million to grow online college mental counseling platform,bostonglobe.com,summary_only
2023-05-03,5,1,0,,150da62fadb99f6cedc5d3a0ab478786331e237b,شركة أرامكو روان للحفر تعلن عن وظائف شاغرة | موقع المواطن الالكتروني للأخبار السعودية والخليجية والدولية,almowaten.net,summary_only
2023-05-04,5,1,0,,51bc5b60f20ff16e2aed34ac7d9e07b4bf26b77b,"Parkland rejects activist investor call to sell or spin off Burnaby , B . C . refinery - BC News",castanet.net,summary_only
2023-05-05,5,1,0,,91e6218e7073ec746ae55cef675dbdc3dd6b176f,Chile y Argentina se preparan para retomar intercambio de combustible : será procesado en Enap Bío Bío | Economía,biobiochile.cl,summary_only
2023-05-06,5,1,0,,c8b53eddaec8dd2bb97214724b6923d36863e61c,Warren Buffett : Were not going to buy control of Occidental,finance.yahoo.com,summary_only
2023-05-07,5,1,0,,f4fc44ba78a72dd9c9d82f1316e50d5ea66a9105,Joe Oil : Venezuela state oil company admits its tankers are floating junk heaps and firetraps,americanthinker.com,summary_only
2023-05-08,5,1,0,,58395dc4046af9441158ef9f97e1a04206715c4a,What Going On With Exxon Mobil ( XOM ) Shares Today - Exxon Mobil ( NYSE : XOM ),benzinga.com,summary_only
2023-05-09,5,1,0,,108bac127ea6114fcafba1bd57a3cfad158c811a,"Portion of Coastal GasLink construction paused over erosion , sediment control issues - BC News",castanet.net,summary_only
2023-05-10,5,1,0,,85564b2d93ea50a6ccca0290cefbb497529e16bc,Нефтяные компании строят планы на увеличение добычи нефти . В предстоящую встречу по заморозке нефтедобычи мало кто верит,neftegaz.ru,summary_only
2023-05-11,5,1,0,,fc49dfae0f3c55bd446b9a64404fa60f65fa4da7,Global markets : SGX Nifty to US inflation data key triggers that may dictate Indian stock market today,livemint.com,summary_only
2023-05-12,5,1,0,,84af129bbd3361326dcf30f0f85dc8eb4978f402,Польша срочно нуждается во второй нитке трубопровода . Энергетическая безопасность висит на волоске,inosmi.ru,summary_only
2023-05-13,5,1,0,,8c8055539a0c9c925698b013ef30b0f789eac544,US military to bolster defensive posture in Gulf after Iran seizes tankers,gmanetwork.com,summary_only
2023-05-14,7,1,0,,1e4b91f3ca0d0d33500d3ee196bcd6fab15e9693,"Iraq does not expect OPEC+ to make further cuts at June meeting , ET Auto",auto.economictimes.indiatimes.com,summary_only
2023-05-15,5,1,0,,73021636b78318c234a358046062ff41b1249e72,"Texas gas prices are lower , but will trend continue into summer as recession threat looms ?",news.yahoo.com,summary_only
2023-05-16,5,1,0,,3eba2bebdcf7840ee6d96b999a65b368e582b5ce,Todo listo : Argentina comienza a exportar petróleo crudo a Chile luego de 17 años | ANR :: Agencia de Noticias Roca - Diario online con noticias e información de Roca .,anroca.com.ar,summary_only
2023-05-17,5,1,0,,fc5b52e97a6211d71a7f83fc72eb6fa9d061f543,"Para 2030 , Argentina podría tener una balanza positiva en materia energética de u$s20 . 000 M",ambito.com,summary_only
2023-05-18,5,1,0,,f8a6f27b40351a5f12363d07eb6534dd9dd1d3be,Putin clashes with own finance minister over damage done to Russian economy by oil sanctions,independent.co.uk,summary_only
2023-05-19,5,1,0,,f4738001dbb3c27d22d2dbc2ce5a4d0c89fed4d2,Ukrainian President Volodymyr Zelenskyy arrives in Saudi Arabia for Arab League Summit,abc.net.au,summary_only
2023-05-20,5,1,0,,182bbffda9c8ca8cdb48a32950ef1065bb2a20f6,Bihar : 1 dead in truck - oil tanker collision on NH 28 in Motihari,aninews.in,summary_only
2023-05-21,5,1,0,,1cfb23535929ea821a54ea7f5d10155f7b612909,"Gencarkan Inovasi , BBK IMO 2020 Jadi Produk Ekspor Andalan Kilang Pertamina Plaju",ekonomi.republika.co.id,summary_only
2023-05-22,5,1,0,,e43436b4d7a6fb3bdafd06e83e71cc82b310e90a,Напряжение в Персидском заливе : иранские катера опасно близко подошли к кораблю ВМС США,focus.ua,summary_only
2023-05-23,5,1,0,,25c70697eb52f51802def0ffd8daa87da850f5f1,Saudi Oil Minister Warns Market Speculators to Watch Out Ahead of OPEC+ Meeting – NBC10 Philadelphia,nbcphiladelphia.com,summary_only
2023-05-24,5,1,0,,aca137be99c3757fa6fdeca279a55a4c5daab14b,Wednesday Premarket Newsmakers : Why Oil Prices Are Rising Again – 24 / 7 Wall St .,247wallst.com,summary_only
2023-05-25,5,1,0,,97cf556ea1d1cf68372e80a31c5049b829ef876b,Guantanamo Prisoner Abd al - Rahim al - Nashiri Says united kingdom Helped US With Alleged Abuse,bloomberg.com,summary_only
2023-05-26,5,1,0,,daefde9d87393d26d2aef7d74f1430ce757af4a1,"Russia Deputy PM Has This To Say On Upcoming OPEC+ Meeting In Vienna - United States Brent Oil Fund , LP ETV ( ARCA : BNO ), Vanguard Energy ETF ( ARCA : VDE )",benzinga.com,summary_only
2023-05-27,5,1,0,,4bc14f9faadb67d4c8de4d63e40292917f21927c,Five Benefits of Investing in Angola Established Oil and Gas ( O & G ) Industry,businessghana.com,summary_only
2023-05-28,9,1,0,,38ce96f8284bb2514433018617dc2d59626bad75,После взятия Артемовска на линии соприкосновения наступило затишье . Чего не скажешь о тылах,bfm.ru,summary_only
2023-05-29,5,1,0,,60dbf4629cb1fd11ca931f36cc601e61a5b3bdf9,OPEC will welcome Iran full return to oil market when sanctions lifted - secretary general,devdiscourse.com,summary_only
2023-05-30,5,1,0,,31de1a7a399001b41addcd553850a23ce1d7d978,UN technical vessel arrives at rusting oil tanker off Yemen coast as salvage operation begins,aol.com,summary_only
2023-05-31,5,1,0,,7b96f2fd646341816bb6f895860ecaa82c3da7c1,"ОПЕК надеется , что санкции в отношении Ирана будут сняты и страна увеличит добычу нефти | Новости Армении - АРМЕНПРЕСС Армянское информационное агентство",armenpress.am,summary_only
2023-06-01,5,1,0,,47fe6ecf0f02c5c903942309093988b60904766d,തീപിടിച്ച ബോഗിക്ക് തൊട്ടടുത്ത് എണ്ണ സംഭരണി ; കണ്ണൂരിൽ ഒഴിവായത് വലിയ അപകടം | Kannur train fire Oil tank next to the bogie on fire,madhyamam.com,summary_only
2023-06-02,5,1,0,,b5ae79cc51db39c95ca81bc6de348e3c2c700a62,¿ De vuelta al upstream ? Lo que implica que la estatal Petroperú retorne a la exploración y explotación de petróleo,americaeconomia.com,summary_only
2023-06-03,5,1,0,,7473b039d4ee3c4b69f36eeaf1179c6cc769d351,Ждать ли сенсаций ? Что ОПЕК+ решит по нефти на встрече в Вене 4 июня,aif.ru,summary_only
2023-06-04,5,1,0,,c2c0c460f67e662477297519c95dc10604aebc23,"Opec+ : सऊदी अरब तेल उत्पादन में करेगा कमी , प्रतिदिन दस लाख बैरल की होगी कटौती - Saudi Arabia To Cut Crude Oil Production By One Million Barrels Per Day",amarujala.com,summary_only
2023-06-05,5,1,0,,6f7b57382fdf9aba4ffa80dbbf2fe81af1e49f3a,اقتصاد | أوبك+ تتفق على خفض جديد لإنتاج النفط .. والبيت الأبيض يعلق – موقع قناة المنار – لبنان,almanar.com.lb,summary_only
2023-06-06,5,1,0,,eb92ee633bd8ceef31af58f9b7784eaaf3a7aca5,"Marina , PCG staff , MT Princess Empress owners face criminal complaints over oil spill",cnnphilippines.com,summary_only
2023-06-07,5,1,0,,960a3a57873e253f8c600695315fab18a18f0478,Четыре крупных нефтегазовых проекта реализуют « Самрук - Қазына » и китайская CNPC,azh.kz,summary_only
2023-06-08,5,1,0,,51134126bd5dc52adb634a87f4d2b5967aee0d05,"Buhari Spent More Than $19bn Used For Dangote Refinery In Failed Bid To Revive Nigeria Refineries , Says Gov Sule – Channels Television",channelstv.com,summary_only
2023-06-09,5,1,0,,7fea74b1951ed0f2b808e00f742f2cb4ea5582b7,"Buhari Spent More Than $19bn Used For Dangote Refinery In Failed Bid To Revive Nigeria Refineries , Says Gov Sule – Channels Television",channelstv.com,summary_only
2023-06-10,5,1,0,,fe4eee234192b181f8abae5634ae7706b8ad7e05,Derrame de combustible obligó a suspender temporalmente servicio de agua en tres cantones de Esmeraldas,eluniverso.com,summary_only
2023-06-11,9,1,0,,99da632b5bb3ce03f6dbf10e575783daff145b33,"Why crude oil prices are under pressure even after surprise output cut from Saudi Arabia , ET Auto",auto.economictimes.indiatimes.com,summary_only
2023-06-12,5,1,0,,85f09bbb79192d6536021c447e8f4d38224e9e4f,Oil prices dive following Goldman Sach bearish forecast,bignewsnetwork.com,summary_only
2023-06-13,5,1,0,,ac09459d44ef869a845accec063dbba1c72508db,Oil prices fell 4 % at the settlement on the eve of the US Federal Reserve meeting,archyde.com,summary_only
2023-06-14,5,1,0,,a880dc287530501a3457a099ecb06712b33b7040,Oil rises slightly as market awaits US Federal Reserve rate outlook,business.inquirer.net,summary_only
2023-06-15,2,1,0,,400e22d6fdfce9782d1819168b578e5403e11421,Good tidings for Nigeria crude oil – Blueprint Newspapers Limited : Breaking news happening now in Nigeria and todays latest newspaper headlines,blueprint.ng,summary_only
2023-06-16,5,1,0,,9319535cc00d9c2d42c79be7dc739d9ef6b449c2,Pronóstico Petróleo Hoy : Mostrando un Comportamiento Ruidoso,es.dailyforex.com,summary_only
2023-06-17,5,1,0,,1b55a72f47218e6b6123f18e714db96c848dad5a,"Oil Prices : Oil gains for the week as supply cuts balance demand concerns , ET Auto",auto.economictimes.indiatimes.com,summary_only
2023-06-18,2,1,0,,f74c3bdf01a9ec72fe7674bbce198bf8295c6b5f,"May oil output generates N1 . 3tn , production hits 36million barrels",punchng.com,summary_only
2023-06-19,5,1,0,,09430b3611bc0571769c2163f62705a02968a387,"Opec : Oil prices come off earlier gains as banks cut China growth forecasts , ET Auto",auto.economictimes.indiatimes.com,summary_only
2023-06-20,5,1,0,,daf166139dfa80bef81c4dc69151b5e488a0bf22,"West Texas Intermediate : Oil slips as China benchmark rate cuts smaller than expected , ET Auto",auto.economictimes.indiatimes.com,summary_only
2023-06-21,5,1,0,,cdb2427773680dd81277d0c4e7f97f72bbd290b6,Oil slightly up as market awaits US Fed chair speech for guidance,aa.com.tr,summary_only
2023-06-22,5,1,0,,16632942566d007cd8e7de7cde706332571373da,Baystreet . ca - U . S . Crude Oil Inventories See Bigger Dip Than Expected,baystreet.ca,summary_only
2023-06-23,3,1,0,,dba2525bbc6d454dd0fa3c8905fa9152b5dee60b,"ICYMI : UBS expecting rising demand , falling inventory to support oil over northern summer",forexlive.com,summary_only
2023-06-24,1,1,0,,6353f8ca1a8ec11bf88851d882f7ea81e2087c36,Russia coup attempt may spur oil price rise when markets reopen,houstonchronicle.com,summary_only
2023-06-25,1,1,0,,50f5fc63dfe870f4f17bfa2386d3c54cfcf23547,Russia coup attempt may spur oil price rise when markets reopen,houstonchronicle.com,summary_only
2023-06-26,4,1,0,,a6afaa4cc1e966c78be999db3ae9c26e6ab0cc67,"Oil is here to stay with global demand set to jump 23 % to 110 million barrels a day by 2045 , OPEC says",finance.yahoo.com,summary_only
2023-06-27,5,1,0,,7ded4a123d738e6414a235ea557ce7054800ca5b,Oregon Gas Prices Continue Increase | 105 . 9 The Brew,1059thebrew.iheart.com,summary_only
2023-06-28,4,1,0,,059906f1d17937bdf57aa203679d3383649ad7e3,Oil pares gains as rate hike fears offset US inventory drop,channelnewsasia.com,summary_only
2023-06-29,2,1,0,,a304050b40b8281438b62bdef690a122c250424b,EIA报告原油大幅去库960万桶 油价闻声反弹守住关键支撑 _ 东方财富网,finance.eastmoney.com,summary_only
2023-06-30,5,1,0,,ceb018cb388ff4b8a1d05f10a42c0d0826eb83b9,Oil Updates crude heads for first monthly gain this year as supply tightens,arabnews.com,summary_only
2023-07-01,1,1,0,,66995f222e6c077fb96857ad36d1e64e1bc95d81,Iran oil revenue in 2022 hits $ 54 Bln : EIA,iranoilgas.com,summary_only
2023-07-02,2,1,0,,79ec397666faf114bf75fca8dc4ba2a56186bf70,Nigeria Increasing Crude Oil Production Reduces OPEC Declining Outputs,thisdaylive.com,summary_only
2023-07-03,5,1,0,,8673a654829d5fe5ab1b216f497956386c2ee267,"Oil prices slip on global economic slowdown fears , Auto News , ET Auto",auto.economictimes.indiatimes.com,summary_only
2023-07-04,5,1,0,,9c173423717c58c9b4a16f9fbf3e2b708a2391f8,"Malaysia oil , gas sector remains resilient in H2 : analysts - Xinhua",english.news.cn,summary_only
2023-07-05,5,1,0,,972f706c48ac483d39b42ab7a0db8018da289a82,"Oil And Lubes : Oil drops as economic headwinds overshadow supply cuts , ET Auto",auto.economictimes.indiatimes.com,summary_only
2023-07-06,5,1,0,,141b76a17a30d2ca184f91af2045b17bd2bac4a8,Crude Oil Price Firms on OPEC+ Intentions and API Data . Will WTI Break the Range ?,dailyfx.com,summary_only
2023-07-07,5,1,0,,cc6a54a5d4e2a5f2b367176ceba87e97bf2dd947,Petróleo Hoy : Reuniones de la OPEP | DailyForex . com,es.dailyforex.com,summary_only
2023-07-08,1,1,0,,6f09612567ae3e4b0d04d97c7a92b816dfa95b08,"Oil price rises to $77 a barrel first time in six weeks | Nigerian News , Latest Nigeria In News . Nigeria News . Your online Nigerian Newspaper .",nigerianeye.com,summary_only
2023-07-09,5,1,0,,f9fc0c6933769c410579da2574453cd516cafedc,« Нашим НПЗ ещё далеко до топлива класса Евро - 5 »,azh.kz,summary_only
2023-07-10,9,1,0,,2278c84131df36befff5af2c22c455522ef89c54,Oil Price Update : Brent Crude Oil Tests Crucial Channel Resistance,dailyfx.com,summary_only
2023-07-11,7,1,0,,60e23127dbd99d0d59d10ef2243da7f80dae2d31,"Oil up over weak dollar , lingering supply woes after OPEC+ supply cuts",aa.com.tr,summary_only
2023-07-12,5,1,0,,1f7aab354c20b4bc1283e677b715ee525fc33837,Greqia dhe Bullgaria nënshkruajnë memorandumin që ndryshon hartën energjetike të Evropës Juglindore,24-ore.com,summary_only
2023-07-13,5,1,0,,0917f2b43c643a0a78005c94dbe29992cb45b8da,"Patanjali Foods share price tanks 5 %, hit lower circuit as OFS kicks off today . Check offer size , floor price , bid details , and company journey from Ruchi Soya to Patanjali Foods",businesstoday.in,summary_only
2023-07-14,5,1,0,,16208a9a9861a7c211db156c0564d31863afae69,oil : How will rising crude prices affect Indian markets ? G Chandrashekhar answers,economictimes.indiatimes.com,summary_only
2023-07-15,5,1,0,,e0d9c17dab410d6244a423ae0eb66871b08d71f5,"Centre increases windfall tax on crude oil to Rs 1 , 600 per tonne from zero , effective from July 15",businesstoday.in,summary_only
2023-07-16,5,1,0,,e6c8b1e7ff875d3dc059c7403855d006aa3ed340,السعودية وروسيا يحققان رقمًا قياسيًا بأسواق النفط | موقع المواطن الالكتروني للأخبار السعودية والخليجية والدولية,almowaten.net,summary_only
2023-07-17,5,1,0,,fcb033a9202ce36041c4f09b89dc71a4eac17698,"C3is Announces Agreement to Acquire One Aframax Oil Tanker , and Estimated Net Asset Value Premium at 370 % Over Market Capitalization",finance.yahoo.com,summary_only
2023-07-18,5,1,0,,b55dea6c2943fcf4fa391563e8ac70937725c17a,تجار النفط يترقبون بيانات المخزونات الأمريكية .. وضعف النمو الصيني يهدد الطلب,aleqt.com,summary_only
2023-07-19,5,1,0,,e6cd1af6c7cde7388d3653435ef6532bae8b162d,Azərbaycanın etibarlı enerji resursları təchizatçısı statusu bu gün daha çox qiymətləndirilir - ABŞ - ın keçmiş səfiri,az.trend.az,summary_only
2023-07-20,5,1,0,,b25ef1db0de559fdcb5b75d23f2c141c03e121cd,"Putra Mahkota Arab Saudi Mohammed bin Salman Ancam Blokade UEA , Lebih Buruk dari Qatar",international.sindonews.com,summary_only
2023-07-21,5,1,0,,1c91328ef499be44e962df66e2d927426dfba14f,"Тегеран опроверг обвинения в том , что груз танкера , захваченного Индонезией , принадлежит Ирану | Новости Армении - АРМЕНПРЕСС Армянское информационное агентство",armenpress.am,summary_only
2023-07-22,5,1,0,,8b4a87c65204b6031063924447616425628d6180,النفط يتجاوز 81 دولارا للبرميل مع تقييم الأسواق لتراجع المخزونات والتحفيز الصيني,aleqt.com,summary_only
2023-07-23,5,1,0,,2043527240bee96f8a30a578a19daa978568a4e7,Oil Updates US drillers cut oil and gas rigs for 2nd week in a row,arabnews.com,summary_only
2023-07-24,5,1,0,,c1a50b5824a4351459c4d5bd2a530e8d7e4ce19a,"S ropovodem Družba počítá Česko i po roce 2024 . Ropa by ale proudila přes ukrajinskou Oděsu , říká šéf státního podniku Mero",archiv.hn.cz,summary_only
2023-07-25,5,1,0,,3c130d4aa4221604fff3212b91faef3b20e9d5fa,Afrique : retour du pétrole et du gaz à grande échelle et secteur aval en pleine croissance de lAngola,alwihdainfo.com,summary_only
2023-07-26,5,1,0,,00b69d25ae5111f4c35a4f61dbb7daa131a97c33,توقعات بقرارات تمديد خفض الإنتاج النفطي السعودي الأسبوع المقبل | موقع المواطن الالكتروني للأخبار السعودية والخليجية والدولية,almowaten.net,summary_only
2023-07-27,5,1,0,,12e1a687ada3b204ac171341c51262cd85cec78f,Pakistani oil companies collaborate with Saudi Aramco for $10bn Greenfield Refinery Project,dailytimes.com.pk,summary_only
2023-07-28,5,1,0,,21921dd6345effd461da298c9b818c4dacf71a21,"Oil Prices Hit $80 , Sparking 5 - Week Winning Streak : 5 Must - Watch Oil ETFs To Ride The Wave - ProShares Ultra Bloomberg Crude Oil ( ARCA : UCO ), United States Oil Fund ( ARCA : USO ), SPDR Select Sector Fund - Energy Select Sector ( ARCA : XLE ...",benzinga.com,summary_only
2023-07-29,5,1,0,,f9e6f7120bc062371540194dc28c0867fa0126a3,Rafinerie naszego sąsiada będą przerabiały rosyjską ropę przynajmniej do 2025 roku,nczas.com,summary_only
2023-07-30,5,1,0,,2226f403082561c1955603b8be70b39f0e1d94d1,Oil Likely To Stay Below $100 In 2023,menafn.com,summary_only
2023-07-31,5,1,0,,c033766218ada94c8328a72a63d82e4430317565,"saudi arabia : Saudi Arabia economy grows 1 . 1 % in Q2 , boosted by non - oil activities",economictimes.indiatimes.com,summary_only
2023-08-01,5,1,0,,4436620e7d8f1379da687f8ca148beb7700acf91,રશિયા - યુક્રેનમાં શાંતિ સ્થાપવા પહેલી વખત 30 દેશોની બેઠક | 30 countries meeting for the first time to establish peace in Russia - Ukraine,divyabhaskar.co.in,summary_only
2023-08-02,5,1,0,,cdf89d6e53a3ab9e2560aa99c4ddbe8c505215fc,جريدة البلاد | ارتفاع أسعار النفط أكثر من 1 % بعد الانخفاض الحاد في المخزونات الأميركية,albiladpress.com,summary_only
2023-08-03,5,1,0,,1799dfee1790e6ab57a9d635bfd8b6e7e47c809a,"Saudi Arabia extends cut of 1 million barrels of oil a day through September , trying to boost prices",abcnews.go.com,summary_only
2023-08-04,5,1,0,,093649449f68952479802871e92f22838c33b028,"След съобщения за атака с дронове : Спряха движението по Кримския мост , гори петролен танкер",actualno.com,summary_only
2023-08-05,5,1,0,,13c49ecc8456c146934cc39c63d9c123fc9f1e4a,У РФ повідомляють про пошкодження танкера на підході до Керченської протоки через атаку морського дрона,interfax.com.ua,summary_only
2023-08-06,10,1,0,,b320676e9dd1b6ece222cd4178815cacc8d31998,"Russia , Saudi Arabia Extend Oil Output Cuts to Stabilize Market",caspiannews.com,summary_only
2023-08-07,5,1,0,,f38fca2907d764fa98c49ef98ffb528d9198df88,Petrol fiyatları 100 doları görecek ! Akaryakıta bu Ağustosta görülmemiş zam geliyor,egehaber.com,summary_only
2023-08-08,5,1,0,,788a778494792db6f40ced66ada038da72b04fe0,Commodities : US crude output to rise to record 12 . 76 mln bpd in 2023 - EIA - Today at 12 : 47 pm,marketscreener.com,summary_only
2023-08-09,5,1,0,,4e217fc791ed326e5f7e1ab4a5e0286b681fcfcb,S & P оценил состояние добычи нефти в Азербайджане в соответствии с квотой ОПЕК ABC . AZ,abc.az,summary_only
2023-08-10,8,1,0,,8604c7007be746cacd2be4c6534f1a99d00fcd15,Crude Oil Catapults to New Highs While the US Dollar Steadies Ahead of CPI . Higher WTI ?,dailyfx.com,summary_only
2023-08-11,9,1,0,,fca9370432ffbb9ae8b8cfa32100122dbf3a45bc,أسعار النفط قرب أعلى مستوى منذ بداية 2023 | اقتصاد | وكالة عمون الاخبارية,ammonnews.net,summary_only
2023-08-12,10,1,0,,0dd90cbb368f7b856916d48a9ecfff6fa94f9b0b,سبتمبر نت - سوق النفط .. ساحة أخرى لإشهار عداوة الإمارات ضد السعودية,26sep.net,summary_only
2023-08-13,6,1,0,,0e93d16e5c8be4a13f80d745524cd826f1aaf1ab,3 عوامل تدعم الأسواق .. قوة السفر الجوي وتوليد الكهرباء ونشاط البتروكيماويات الصيني,aleqt.com,summary_only
2023-08-14,10,1,0,,c7466a6019da6ef4300cf6debbb0288c13c62dbe,"Oil prices slip on firm US dollar , sluggish China recovery",albawaba.com,summary_only
2023-08-15,7,1,0,,59ed41bf3ca7aae4215b40c79de6639cfa263aff,أسواق النفط تتلقى إشارات باستمرار خطط خفض الإنتاج .. الأسعار تتحرك في نطاق ضيق,aleqt.com,summary_only
2023-08-16,10,1,0,,354195ea2b284aa7b012354af523e85137ff38dc,Oil shows no retreat - BR Research - Business Recorder,brecorder.com,summary_only
2023-08-17,9,1,0,,ff9561b1665037c970d46146dc890bf16651dedd,رغم الرياح الصينية المعاكسة .. العوامل الصعودية لأسواق النفط مستمرة والقلق تحت السيطرة,aleqt.com,summary_only
2023-08-18,9,1,0,,db45db9669c2079f5441a6b56d046ddad5a8a758,"Oil Updates – crude set to snap 7 - week winning streak on US rate outlook , China woes",arabnews.com,summary_only
2023-08-19,7,1,0,,f14ed6ab5c04ee353366bec15470b71324899308,Argentina to freeze domestic crude price at $56 per barrel to curb inflation,dunyanews.tv,summary_only
2023-08-20,10,1,0,,5e4adc80d335edc1839c7bbc766afef937e3e25e,Дрон SkyKnight 2 з штучним інтелектом - Україна виготовляє унікальні дрони,24tv.ua,summary_only
2023-08-21,10,1,0,,9151a3c4f2125e02f8b1468e44b74bcdb8b82d3a,"Desafíos energéticos , nuevas oportunidades laborales y gestión del riesgo",ambito.com,summary_only
2023-08-22,7,1,0,,69652dbdbdcf31b3c0ceae99d67f855c9e8fe5d4,"Oil Updates crude dips on possible easing of tight supply , China woes hurt demand outlook",arabnews.com,summary_only
2023-08-23,7,1,0,,b91896122a414c421d016f140eed27124c775d95,Tanker - Rolls Royce collide head - on | Tanker Rolls Royce collides head on near gurugram dgtl,anandabazar.com,summary_only
2023-08-24,10,1,0,,3d8ac83672e5809f2568ba7a37e78fa6dfebd2be,Oil prices down with lower global demand expectations,aa.com.tr,summary_only
2023-08-25,10,1,0,,bb2926ab72ae00d1c7ef850838ff27c5b622184d,جريدة الرياض | مصافي التكرير في آسيا .. أزمة أرباح وخفض صادرات,alriyadh.com,summary_only
2023-08-26,7,1,0,,02eb6e511c14aa03f4c34b7f83018cf88af7dec5,"Rolls Royce car collides with oil tanker in high - speed crash , businessman Vikas Malu among injured",dnaindia.com,summary_only
2023-08-27,5,1,0,,5ceb17b94ed71b7b029a2d8d69b4d06c0f65535e,P & O cruise liner crashes near Palma in Mallorca as passengers panic | World | News,express.co.uk,summary_only
2023-08-28,8,1,0,,f9a3459d28663ba75585736688dc59af07b2d76e,Силни бури в Испания : Вятърът откъсна от котвите круизен кораб и го заби в петролен танкер,cross.bg,summary_only
2023-08-29,10,1,0,,af3d3addd9dad47889eca13d1171312d9786c3d0,"Petrol , diesel revised price on August 29 : Check current rates per litre in Delhi , Mumbai , Noida , Kolkata , other cities here",businesstoday.in,summary_only
2023-08-30,9,1,0,,6d633decae26a2b631c48fa0e7029de2930e2ff3,Coup in Gabon raises supply concerns as crude oil hits $86 per barrel – Blueprint Newspapers Limited,blueprint.ng,summary_only
2023-08-31,10,1,0,,67c78cbc8782ab784bfc0a06bb7cb5db0bdf40e2,"WTI attracts buyers above the $81 . 30 mark , US PCE eyed",fxstreet.com,summary_only
2023-09-01,8,1,0,,7fb61f27ab32b99f173af61fb228e40ffc33215d,Oil set to snap two - week losing streak on tightening supplies,business.inquirer.net,summary_only
2023-09-02,6,1,0,,c25108b4b33298f5e33a2b8ed5210b0de3609a2f,Израильтянин и один из самых богатых людей Украины ( без гражданства ) стал подозреваемым сразу по двум тяжелым статьям,9tv.co.il,summary_only
2023-09-03,6,1,0,,d4a4588dbf598fe0c8050f8c415114756a688481,جريدة البلاد | توقعات دولية بملامسة برميل النفط حاجز 100 دولار,albiladpress.com,summary_only
2023-09-04,5,1,0,,931147af0ca616c70d22f16925a432948fbac534,APPEC - Global oil supplies to improve on refinery maintenance - Vitol exec,channelnewsasia.com,summary_only
2023-09-05,5,1,0,,5d4a22101ae466ac4a4077df0e79849df30ed8b9,"Oil Trades Higher as Saudi , Russian Supply Cuts Extend Until Year End",dailyfx.com,summary_only
2023-09-06,5,1,0,,08634266e9d9192cc627e0b9061c1fbd1f613d71,WTI crude oil jumps 1 % amid extended cuts by Saudi Arabia and Russia ; US inventories eyed,fxstreet.com,summary_only
2023-09-07,5,1,0,,9f1b2fe6dd8d8cc4e749d71533337e74e6e04698,"Oil Updates : Oil prices edge up on anticipated US crude stock draw , ET Auto",auto.economictimes.indiatimes.com,summary_only
2023-09-08,5,1,0,,1d7e0d42e5b51c482abfaebb37b7d5f3b1cfc53e,Crude Oil Holds Steady As China And U . S . Economies Offer Glimmer Of Hope,biztechafrica.com,summary_only
2023-09-09,5,1,0,,f404441c1424fe4bda0936ea6fd2cb781f711af8,جريدة البلاد | النفط يسجل أعلى مستوى في 9 أشهر وسط مخاوف نقص الإمدادات,albiladpress.com,summary_only
2023-09-10,2,1,0,,4749b5443cc1cc9975186144f704c7da6def0520,Is Crude Oil Steaming Toward Triple Digits ? - The Globe and Mail,theglobeandmail.com,summary_only
2023-09-11,2,1,0,,af39fd1dc07784d58d2984aa918fe7f9b1555a5f,Global oil prices dip amid concerns over Chinese economic growth,samaa.tv,summary_only
2023-09-12,5,1,0,,0d923a22fc97b16e237cd16204c5b0e7d7c73a93,oil price jumps today : Oil prices jump 2 % to near 10 - month high as OPEC predicts tight supplies,economictimes.indiatimes.com,summary_only
2023-09-13,5,1,0,,e599f1530eda3adf08d28c59c3a6fb0ae9b680ad,"Oil near 10 - month peak on supply tightness , US inflation data awaits",indianexpress.com,summary_only
2023-09-14,5,1,0,,cb6cf2fe69f135fffed80c420a785d19b2d5d065,US Crude Oil Prices Cross $90 per Barrel for First Time in 10 Months,coinspeaker.com,summary_only
2023-09-15,5,1,0,,1e6c22086ecd679ea3a143ef0910c42288bc9854,Budget Implementation Suffers Setback On Shrinking Oil Production,leadership.ng,summary_only
2023-09-16,1,1,0,,3b47a27705abde40c09d6ffee346b2531b3240a6,Peter Schiff Fires A Grim Warning : Investors Who ... Expect Inflation To Slow Down Are In For Rude Awaking - United States Oil Fund ( ARCA : USO ),benzinga.com,summary_only
2023-09-17,6,1,0,,2db6292df2718d52e758223c5cce628e80e5f3cd,"Commodity Talk : Crude oil may remain above $95 / BBL on steady demand , supply squeeze : Navneet Damani of MOFSL",economictimes.indiatimes.com,summary_only
2023-09-18,7,1,0,,f3e46e8fddedc6fb11d8e5555aeed13fd8774f06,Saudi Arabia Focuses on Market Stability Over Oil Price Targets : Monthly Production Reviews in Place,btimesonline.com,summary_only
2023-09-19,10,1,0,,7cf367048b1b6662e7625a406a3efe56eb69db9a,"Stock market holiday on Ganesh Chaturthi today , New Parliament to host session in Top News on September 19 : JioAirFiber launch , Gold price outlook",businesstoday.in,summary_only
2023-09-20,10,1,0,,3681d80e752625a2ebcefdcdb2f0f72f33cf7a90,"A Busy Day : FOMC , Instacart and Klaviyo IPOs , Petroleum Inventories – 24 / 7 Wall St .",247wallst.com,summary_only
2023-09-21,7,1,0,,f8de64442902401833831e8d71f3455c619f5a64,"Fox News exclusive : Saudi Crown Prince on US ties , Iran and peace with Israel",argaam.com,summary_only
2023-09-22,9,1,0,,3a6a156fa956c482a4432ac2190af18941bbc107,"JPMorgan energy guru Malek warns oil prices are headed to $100 per barrel . Put your seatbelts on , it going to be a very volatile supercycle",biztoc.com,summary_only
2023-09-23,5,1,0,,3d82283c473b26f410a5b0b760831bc7d7d3f05d,JPMorgan fears energy supercycle to shoot oil prices up to $150,geo.tv,summary_only
2023-09-24,7,1,0,,687de58b463356f35ab8a08ca9a225d6992aa67e,"JPMOrgan Oil Price : JPMorgan analyst sees oil price surge as high as USD 150 , ET Auto",auto.economictimes.indiatimes.com,summary_only
2023-09-25,7,1,0,,036cbb56725f257c2f9895f12ecf274137991857,Oil prices have risen . That making gas more expensive for US drivers and helping Russia war,apnews.com,summary_only
2023-09-26,7,1,0,,a15d5db196f4874d8f42cb9e3d5fcc1105a59f71,Oil prices have risen . That making gas more expensive for US drivers and helping Russia war | Economy and Business,english.elpais.com,summary_only
2023-09-27,8,1,0,,0a2a261d6a0895a4f897bac2b83c848e6d983601,"Indonesia to keep eye on oil prices , year - end estimate to USD100",borneobulletin.com.bn,summary_only
2023-09-28,10,1,0,,cdaaa657cbeb28dfa25b01fc826d36e53e928f0d,المخزونات الأمريكية تقدم الدعم لأسعار النفط .. الاتجاه الصعودي يسيطر على معنويات السوق,aleqt.com,summary_only
2023-09-29,9,1,0,,1253138a40d524cbd1bc32e371a62435e341c63a,"Petrol and diesel price chart on Sept 29 : Check current rates in Mumbai , Delhi , Kolkata , other cities here",businesstoday.in,summary_only
2023-09-30,6,1,0,,764d55e9ae7c55cf1190bf0bb803b10561232ec3,Crude Oil Q4 Technical Forecast : How High Can it Go ?,dailyfx.com,summary_only
2023-10-01,9,1,0,,b54b2c1cf7d866b2d697cd2dd454f110299f536f,Here why gasoline prices in California are skyrocketing,abc30.com,summary_only
2023-10-02,9,1,0,,ddd475c6e9715ea469f671d7ae9d6c997abdebe8,"Survey Reveals Increase In OPEC Oil Output For Second Consecutive Month In Nigeria , Iran",arise.tv,summary_only
2023-10-03,9,1,0,,69ad8c5d19ed01cbd46c2336391e9b908ff7ad2b,Son Dakika ... Araç sahipleri dikkat ! LPGye dev zam geldi : 3 Ekim 2023 güncel benzin motorin ve otogaz fiyatları ...,cumhuriyet.com.tr,summary_only
2023-10-04,8,1,0,,2342064bc8bebf0eaaff40415dba38f731aa2e67,"Hardeep Singh Puri : ओपेक के महासचिव से मिले केंद्रीय मंत्री हरदीप सिंह पुरी , की ये अपील - Petroleum Minister Puri Urges Opec To Infuse Sense Of Affordability In Oil Markets Amid Rising Crude Prices",amarujala.com,summary_only
2023-10-05,9,1,0,,4d02a0b7bf3226d690454889209d9601c18ab135,Oil Updates crude up after OPEC+ maintains output cuts but shaky demand caps gains,arabnews.com,summary_only
2023-10-06,10,1,0,,7f16c07774ee58a25e959f6ca73618ac5e4b83b0,"PSN Ini Terancam Mangkrak , Rosneft Rusia Tinggalkan Pertamina di Proyek Kilang Tuban",bola.inilah.com,summary_only
2023-10-07,6,1,0,,58d7c7ad10d30ed8c6baec369ee1abe70c6ddfe9,Araç sahipleri dikkat : Motorine indirim pompaya yansıdı ! 7 Ekim 2023 güncel benzin motorin ve LPG fiyatları ...,cumhuriyet.com.tr,summary_only
2023-10-08,6,1,0,,0a1b0e61a3bfa26ac3de90d2f926ce603b65dd51,"APO Group - Africa Newsroom / Press release | Niger Minister of Oil , Mines and Energy Joins African Energy Week 2023 ( AEW ) to Showcase the Country Sustainable Energy Agenda",africa-newsroom.com,summary_only
2023-10-09,10,1,0,,45ccd93ae78ee0aaf476edb724caf85c86314f0f,"Carefully monitoring , will handle with maturity : India on rising crude prices following Israel - Hamas war",aninews.in,summary_only
2023-10-10,8,1,0,,0ccb2668adaab13f6ca72722948ced83bb7c849e,"Carefully monitoring , will handle with maturity : India on rising crude prices following Israel - Hamas war",asiabulletin.com,summary_only
2023-10-11,10,1,0,,f7a5ae64b538fd8262a278922cb95eeba4e85bae,"Красимир Манов : Огромни печалби ни очакват , ако 20 - те ни млрд . куб . м . природен газ вървят в посока юг - север",burgas24.bg,summary_only
2023-10-12,10,1,0,,c165a04c6bcf86ed7e8be7d3788458b1b8fade96,Greqia dhe Bullgaria nënshkruajnë memorandumin që ndryshon hartën energjetike të Evropës Juglindore,24-ore.com,summary_only
2023-10-13,10,1,0,,a9547fdf3bbc9a137d860390d276dea10840112d,"Petrol Prices Slashed in Jharkhand , Himachal , Madhya Pradesh : Check Fuel Rates in Your State",india.com,summary_only
2023-10-14,7,1,0,,9b49a7aa904e00d4b1cafd900ee527b143685abc,Neft qiymətləri tədarük zəncirinin pozulması ehtimalı fonunda artır,azerbaijan-news.az,summary_only
2023-10-15,6,1,0,,c1152b6c1e2072d022f8c938c9152bb7fbf7a9b5,Ex refinería de Pemex en Reynosa se convertirá en parque recreativo,eluniversal.com.mx,summary_only
2023-10-16,9,1,0,,7279d7e4ca2d91c6bde33e0175f0665b406e8795,NSE commodity derivatives : NSE expands commodity derivatives segment with 13 new contracts,economictimes.indiatimes.com,summary_only
2023-10-17,10,1,0,,13639a0edc8eca00b7d6c7e71a2226de8d0a311a,Çatışmalar akaryakıt fiyatlarını vurdu ! Motorine dev zam geldi : 17 Ekim 2023 güncel benzin motorin ve LPG fiyatları ...,cumhuriyet.com.tr,summary_only
2023-10-18,9,1,0,,37e60807e8a8052e2aa299a3b2cffd7f1de4523e,София наложи наказателни данъци върху транзита на газ от Русия - Последни Новини от DNES . BG,dnes.bg,summary_only
2023-10-19,9,1,0,,d5ebf32f0df2c4cd330105d3f07fd3f07edec6a2,"Oil Updates crude falls as Israel embargo concerns fade , Venezuela sanctions to ease",arabnews.com,summary_only
2023-10-20,9,1,0,,0e1f201a8461c9f616e6f2498bb2b6d0023acff2,Martinez Refining Company manager apologizes for multiple chemical releases deployed throughout year,abc7news.com,summary_only
2023-10-21,7,1,0,,3723b5bea6a6debbad8a14dda0ecb258f9cb4437,Fələstin - İsrail müharibəsi neft qiymətlərini bahalaşdırdı,caspianbarrel.org,summary_only
2023-10-22,5,1,0,,47d1acbecfeec8cdfe44c4465bf4d57ed321f6b9,Here why gasoline prices could sink 9 % by year - end despite oil surge,finance.yahoo.com,summary_only
2023-10-23,9,1,0,,da938be45d73b53b8d9144b927255509a6c6b118,Синдикатите на Лукойл : Писна ни да ни разиграват - да спрат да развявават дерогацията като пешка ! Плащаме си всичко,actualno.com,summary_only
2023-10-24,10,1,0,,83cec59b525af781d911e0b4a5ee3d9772be91c9,"Рияд може да запази текущите ограничения , докато петролът не достигне $110 за барел",bnr.bg,summary_only
2023-10-25,9,1,0,,6fa8f1af15c7c502aa429853178ce1ba9afb41cb,"Petrol and diesel prices on October 25 : Check current rates in Mumbai , Delhi , Kolkata , other cities here",businesstoday.in,summary_only
2023-10-26,8,1,0,,22eb9456ef2c00384e9c72d520b7b844ee488fce,سوق النفط توازن بين شح الإمدادات الأمريكية وأثر البيانات الاقتصادية في الطلب,aleqt.com,summary_only
2023-10-27,6,1,0,,27330f2844c40f8811fb345530824dcf89188a09,أوبك+ تقلص صادرات النفط لأميركا مما يعزز توقعات شح الإمدادات,almontasaf.net,summary_only
2023-10-28,5,1,0,,f6754ffdc5bf45bd7a8c0496e5d3db149f1fb4cb,باعة جائلون وعمالة مخالفة وتسكين غير نظامي في حي المصفاة بالرياض | صحيفة المواطن الالكترونية للأخبار السعودية والخليجية والدولية,almowaten.net,summary_only
2023-10-29,11,1,0,,99c33630589e404426608de4396ac64fa1e88727,地缘 迷雾 未散 ， 原油 拉锯 行情能持续多久 ？ |原油市场|原油库存|国际油价,163.com,summary_only
2023-10-30,5,1,0,,a060a909379ffc6f4569a7c9ec745b61baecd0fc,Heizölpreise fallen trotz Bestellboom - Preisrisiko bleibt extrem hoch,agrarheute.com,summary_only
2023-10-31,6,1,0,,ef00e2644f9ebe08509b6898937e30b97cc8918f,Nigeria : Akpabio Expresses Hope of Nigeria Meeting Opec Crude Oil Quota Soon,allafrica.com,summary_only
2023-11-01,10,1,0,,c071a2c56bbe2327b91fe4c8a3c75b5615b48e4a,"Oil prices up ahead of Fed meeting , ongoing Israel - Palestine conflict",aa.com.tr,summary_only
2023-11-02,9,1,0,,b296a3c6327df84a18fbda63ed1f0efc99d63c1b,Oil prices edge higher as Middle East conflict stokes supply concerns,business.inquirer.net,summary_only
2023-11-03,7,1,0,,e8aa5d0dcbd7dd255980a14d1cc78b9d8e6817cd,Brent could test the low $80s if macro concerns continue to weigh on prices – Rabobank,fxstreet.com,summary_only
2023-11-04,6,1,0,,677c78b8b9b9538fddd0de6432c3fbfe803b4fd8,جريدة الرياض | النفط يسجل ثاني خسارة أسبوعية مع انحسار علاوة المخاطر الجيوسياسية,alriyadh.com,summary_only
2023-11-05,9,1,0,,9af115f14c085bd96f2b1d2bbe5d5daff68f4ae3,السعودية تمدد الخفض التطوعي لإنتاج النفط بمقدار مليون برميل يوميًّا | صحيفة المواطن الالكترونية للأخبار السعودية والخليجية والدولية,almowaten.net,summary_only
2023-11-06,9,1,0,,6abaded22611a2d658c2a3d9578b8a27f5d2be78,"Live updates : Reserve Bank to decide whether to lift interest rates again , ASX to slip as Wall Street falters",abc.net.au,summary_only
2023-11-07,9,1,0,,726d08fea14dafefdf1ffd4aad5506144c3855d3,More oil supertankers than ever are headed for the US to load up on crude for export as OPEC+ curbs supply,finance.yahoo.com,summary_only
2023-11-08,8,1,0,,cf758868bb0393bd21777be39f2557985f243799,Suncor quarterly profit tops estimates on stable demand for refined products,biztoc.com,summary_only
2023-11-09,10,1,0,,0e73969b20c437b3ae7aee93913401ab3cd06074,النفط يتراجع لأدنى مستوى في 3 أشهر .. علامات زيادة المعروض في مواجهة مخاوف الطلب,aleqt.com,summary_only
2023-11-10,10,1,0,,1394534773ca1cae8151946fa449582d00e2f558,"Ceny ropy dnes rostou , za celý týden ale vykazují výrazný pokles",ceskenoviny.cz,summary_only
2023-11-11,5,1,0,,bd240413b3803c2bdad9da53fa9949d4cb188cc9,Giant Dangote Refinery Secures Permit to Process Nigerian Oil,bnnbloomberg.ca,summary_only
2023-11-12,10,1,0,,01844903f5df9c15d9e35613f362d65984d0da7a,العراق يجدّد إلتزامه بإتفاق تحديد الإنتاج وسط توقّع إرتفاع الطلب على النفط,azzaman.com,summary_only
2023-11-13,6,1,0,,cd89da1d5c9ee08e331f0e3c63f69688e8377247,صناديق التحوط والمضاربون يفككون مراكزهم الطويلة في سوق العقود الآجلة للنفط,aleqt.com,summary_only
2023-11-14,8,1,0,,fe9559d96bbd7938067c5f9f518f9bc742b07bb7,"Alcoa Pinjarra refinery : Five injured , two hospitalised after chemical spill at refinery",9news.com.au,summary_only
2023-11-15,6,1,0,,ff28bb4356fba20a1b9a9cc650531b7334bdc084,Processes in place to build 2 million - ton alumina refinery in 2024 – GIADEC,businessghana.com,summary_only
2023-11-16,9,1,0,,58bd9ec409437a2f115300c25ca8eadf71014a74,Saudi Arabia crude production rose to 8 . 98m bpd in September : JODI data,arabnews.com,summary_only
2023-11-17,9,1,0,,67fc4231983f552320bcf04fdcb826067e904b32,"Ropa po čtvrtečním propadu zdražuje , Brent se drží nad 80 dolary za barel",ceskenoviny.cz,summary_only
2023-11-18,6,1,0,,87618f3465af36029f2e4d97b16802b0a2f48760,"Oil jumps 4 % after week - long selloff , but falls for a fourth week",business.inquirer.net,summary_only
2023-11-19,5,1,0,,f4d1b557924f1cec6986b4ed1463a0745bf6aaff,Болгария решила ускорить отказ от использования российской нефти на НПЗ ЛУКОЙЛа в Бургасе .,kommersant.ru,summary_only
2023-11-20,10,1,0,,1eb3c9e38bbffa611a20b593a023682d714b1deb,Petrolera estatal turca compra a Brasil una refinería flotante del tamaño de 4 campos de fútbol,actualidad.rt.com,summary_only
2023-11-21,9,1,0,,b4eb9e6e56dcfbcf4b1d1febcca60da469264ff4,Oil futures ease | Inquirer Business,business.inquirer.net,summary_only
2023-11-22,9,1,0,,1763897dfea1e49a5e1a76fc4dbdc1b0e02a166d,Here what OPEC+ may do Sunday to keep broad balance in the oil market,biztoc.com,summary_only
2023-11-23,10,1,0,,e043aaace5f58a86eac0e0079a6fa2a870037df3,Oil edges lower in choppy trade as OPEC+ delays meeting,businesstoday.in,summary_only
2023-11-24,9,1,0,,7316bd22d5670f5e4bfc80cc6635e68c79f3fe16,"BIG STORY : Uganda to Use Satellites to Secure 1 , 443 - km Heated Oil Pipeline",chimpreports.com,summary_only
2023-11-25,6,1,0,,82ac7fe230dc2a36c6035446c2422030d4728b68,Sri Lanka to OK Sinopec $4 . 5 billion refinery proposal on Monday - minister,channelnewsasia.com,summary_only
2023-11-26,9,1,0,,c6b0232d754bdb568cf721582f84946ec146e0d2,"Private intelligence firm says an oil tanker tied to Israel has been seized off Aden , Yemen , by an unknown force",abcnews.go.com,summary_only
2023-11-27,7,1,0,,d5c495ce7fd9548e0deeea1765818182602abe93,"Oil Prices Dip As OPEC+ Showdown Over African Quota Dispute Fuels Market Uncertainty - United States Oil Fund ( ARCA : USO ), First Trust Natural Gas ETF ( ARCA : FCG )",benzinga.com,summary_only
2023-11-28,9,1,0,,816fd487c450050f9a1b85569bd4c4aaaaf700f6,Правительство Казахстана готово развивать полноформатное и взаимовыгодное сотрудничество с Китаем по всем направлениям - Премьер - Министр,caravan.kz,summary_only
2023-11-29,10,1,0,,1c1331a408dbc33dc9ebf11fe5d4fdeb6350c898,"crude rate today : Crude edges up ahead of OPEC+ meet , shrugs off US oil stockbuild",economictimes.indiatimes.com,summary_only
2023-11-30,9,1,0,,475d3a332427e9bdedb4fc762d8e9aef1a28f88e,"OPEC+ Approaches Preliminary Agreement For Deeper Oil Production Cuts In 2024 - Invesco DB Oil Fund ( ARCA : DBO ), United States Oil Fund ( ARCA : USO ), United States Brent Oil Fund , LP ETV ( ARCA : BNO ), ProShares K - 1 Free Crude Oil Strategy E...",benzinga.com,summary_only
2023-12-01,7,1,0,,c3177e2f9c34ff4408f8b4c661ec6be9bbbd03f4,Hedge Funds Hiked Bearish Oil Bets Heading Into OPEC+ Meeting,bnnbloomberg.ca,summary_only
2023-12-02,6,1,0,,08cf54b4fff18e3dfe33993a0b7ac0ace8934455,"Refineries : Ikenga seeks government support to investors , promises House Committee interventions",blueprint.ng,summary_only
2023-12-03,7,1,0,,b7dcd4e9acbe416a67943aa03afa9bc9a9c8f9fa,« كيبيك » لتشغيل وحدات « الزور الثالثة » - جريدة الجريدة الكويتية,beta.aljarida.com,summary_only
2023-12-04,6,1,0,,b75971ebbc6cf6d377d99b10c4e06489a71dbef2,WTI extends its downside around $73 . 70 amid uncertainty over OPEC+ output cuts,fxstreet.com,summary_only
2023-12-05,9,1,0,,562889a225f6f9ac5503fe45d937c7c55184e1ff,"Kremlin says OPEC+ output cuts will kick in later , confirms Putin to visit Gulf",aol.com,summary_only
2023-12-06,8,1,0,,0484f9204011091834035147ca9ac1464fa8b957,Oil prices attempt recovery after Brent dropped over 1pc on Tuesday amid uncertainty,dunyanews.tv,summary_only
2023-12-07,9,1,0,,600dce36ce085f2455ee16e2f1969ba519048813,Ρωσία και Σαουδική Αραβία κάλεσαν τις δυνάμεις του ΟΠΕΚ+ να συμμετάσχουν στις περικοπές πετρελαίου,alphatv.gr,summary_only
2023-12-08,9,1,0,,9a8bed0fe499a658f46befd17ab5e22a87fc2e95,"Oil Updates – crude heads for 7th weekly loss as supply surplus , weak China demand weigh on market",arabnews.com,summary_only
2023-12-09,5,1,0,,11693f069bc418e6a652640e7a49fc4c4d48e9fa,Trabajador de ENAP está hospitalizado con el 5 % de su cuerpo quemado : empresa emitió comunicado | Nacional,biobiochile.cl,summary_only
2023-12-10,10,1,0,,5777ca5054f2589ff45f36a053b40497cc1ce0fc,جريدة الرياض | النفط يرتفع أكثر من 2 % لكنه يسجل أطول سلسلة انخفاضات أسبوعية في نصف عقد,alriyadh.com,summary_only
2023-12-11,7,1,0,,94356efe56d7fccc68019ab62ebaab97edc84205,Oil rebounds over US plans to refill emergency stockpiles,aa.com.tr,summary_only
2023-12-12,10,1,0,,b8de389dc869f8b179e8fb25771eab7d58d740bf,"Венгрия добилась , чтобы в 12 - й пакет санкций против России не попали санкции по нефти и АЭС Пакш - 2 | Новости Армении - АРМЕНПРЕСС Армянское информационное агентство",armenpress.am,summary_only
2023-12-13,10,1,0,,85aaaf8bfada0d160ee19de370a82ea7c0400c9a,بالاترین : ادامه آتش‌سوزی در پالایشگاه بیرجند ؛ استاندار خراسان جنوبی : « دود بالا می‌رود ، برای مردم خطرناک نیست »,balatarin.com,summary_only
2023-12-14,8,1,0,,f812119532457fb570ca74ac326d9c2a62948517,"Oil rises on Middle East worries , future cuts to borrowing costs",channelnewsasia.com,summary_only
2023-12-15,8,1,0,,96e884460c6f1f3e51fde7518590c8c776884af4,"Rogers Sugar strike at impasse , company says as it pauses talks with union",bnnbloomberg.ca,summary_only
2023-12-16,6,1,0,,93bbb78c5d3f06939dbfd536a98f80e601ce2d21,جريدة الرياض | النفط يسجل أول ارتفاع أسبوعي وسط توقعات متفائلة,alriyadh.com,summary_only
2023-12-17,5,1,0,,92664f262b5c91393feb6cab7bf43b608ed94534,"Chennai Petroleum mobilises resources , takes lead on cleaning up oil spill on TN Coast",aninews.in,summary_only
2023-12-18,8,1,0,,5926ef7102aac8c6a071005cf94f137070357a1e,Goldman Sachs lowers its 2024 oil price forecast by 12 % due to bumper US output,edition.cnn.com,summary_only
2023-12-19,8,1,0,,fc2cf8fa5ab8bab5020144d76f156e7b0b70d7b1,"Global Oil Market Analysis : Impact of Houthi Attacks , Russian Export Cuts , and Dollar Weakening on WTI and Brent Crude Oil Prices",archyde.com,summary_only
2023-12-20,9,1,0,,4e9252c07fdc3eee89872b696b6c202a365d9323,Oil falls after US announces to safeguard Red Sea trade,dailytimes.com.pk,summary_only
2023-12-21,10,1,0,,9774637bd1593926bbd29fa887835888c56573b6,Oil Futures Lose Ground as Angola Leaves OPEC,barrons.com,summary_only
2023-12-22,7,1,0,,b0a9bd90b720582e00575f126fb669c34c45974f,Oil price news : Oil set for weekly gain as Red Sea attacks disrupt global flows,bnnbloomberg.ca,summary_only
2023-12-23,9,1,0,,24b52f973e0f9eea6dc9a5407959317ea0632396,অ্যাঙ্গোলার ওপেক ছাড়ার সিদ্ধান্তে ফের কমল তেলের দাম,bd-pratidin.com,summary_only
2023-12-24,9,1,0,,810caa548dfc8d0cf7e0b15043fd4278a61f6a54,国内油价或将大幅上调 ！ 最新油价下调后12月24日92号汽油今日价格,163.com,summary_only
2023-12-25,7,1,0,,b360ab5eed4788a0baac3211ac031624d6917879,WTI原油技术分析 ： 料在71 - 77区间交易 ， 但警惕波动性放大风险 _ 期市动态 _ 期货 _ 中金在线,futures.cnfol.com,summary_only
2023-12-26,9,1,0,,3ee01a8125704bae99eca7044716fd3dbb02003f,3 عوامل تدعم أسعار النفط .. تخفيضات « أوبك + » والانتعاش الصيني وانحسار مخاوف الركود الأمريكي,aleqt.com,summary_only
2023-12-27,8,1,0,,e9992079b8e75392cb17b9e1adca7acc79700050,"India energy odyssey : Navigating global oil challenges and forging a sustainable future , ET Auto",auto.economictimes.indiatimes.com,summary_only
2023-12-28,9,1,0,,ac09ba8d57ad9b4f43f847716652535d98887d0e,"Asia Markets Mixed , Europe Mostly In Green , Crude Oil And Gold Drop - Global Markets Today While US Was Sleeping - SmartETFs Asia Pacific Dividend Builder ETF ( ARCA : ADIV )",benzinga.com,summary_only
2023-12-29,8,1,0,,937977208974b455acda18be650738c05b46be70,Oil plunge at year end : Unprecedented in 3 Years – What behind the sharp drop ?,albawaba.com,summary_only
2023-12-30,9,1,0,,f5123dcc618e09aec443eb0c24bfa236f906bcae,Price of Petrol and Diesel | The price of petrol and diesel may be cut down before the Lok Sabha Election in 2024,anandabazar.com,summary_only
2023-12-31,8,1,0,,91e773d70ca91fdf76c502a6570beff5f4918ff8,紅海攻擊事件國際油價先漲後跌 需求下滑法人看短線難翻揚,ec.ltn.com.tw,summary_only
2024-01-01,6,1,0,,e9e2f75964d4dc66dab459d492bd0e89b0972d7a,Petrol and diesel price situation in Chennai ...! | சென்னையில் பெட்ரோல் மற்றும் டீசல் விலை நிலவரம் ...!,dailythanthi.com,summary_only
2024-01-02,7,1,0,,89c61cdc27184b78987b2d24851f39786794b25b,Oil prices surge 2 % as naval conflict in the Red Sea raises supply disruption concerns,albawaba.com,summary_only
2024-01-03,10,1,0,,fec408261b2379795098afc55f5edc441b4f4d0c,Share Market Live : GIFT Nifty indicates a negative start for domestic indices BSE Sensex and NSE Nifty 50,financialexpress.com,summary_only
2024-01-04,8,1,0,,3c0e832c0121699bd9dbd5427d25dab0ff8be244,أسواق النفط تلتقط إشارات ببدء استقرار الطلب .. التوترات تدعم فرص ارتفاع الأسعار,aleqt.com,summary_only
2024-01-05,9,1,0,,251a411eb2205e24ff8016ee38c5a956f20827c2,Harga Minyak Turun karena Persediaan Bahan Bakar AS Meningkat Besar - besaran,beritasatu.com,summary_only
2024-01-06,6,1,0,,4a26350857f7d160515b651b1102497c7dd8b6cf,"Harga Minyak Naik karena Konflik Israel di Gaza Meluas , Menlu AS ke Timur Tengah",beritasatu.com,summary_only
2024-01-07,10,1,0,,a1db715e86c9127a1f797bd79f52921334d39e76,Nigeria Ranks 22nd Country With Cheapest Petrol - Report,allafrica.com,summary_only
2024-01-08,9,1,0,,82ad07cea6e3ac0d5a92492a109ec109e2dd7c34,« ستاندرد تشارترد »: نمو الطلب على النفط في 2024 سيصل إلى 1 . 54 مليون برميل يوميا,aleqt.com,summary_only
2024-01-09,10,1,0,,3999c8d09ad828e45ff11a24bb6326f3acfa6998,"Oil Updates – crude tries to regain footing as Middle East crisis , OPEC supply in focus",arabnews.com,summary_only
2024-01-10,10,1,0,,35131ae29c639bd20cf9538fecb5610eba93397f,جريدة الرياض | النفط يرتفع رغم سيطرة التوترات على الإمدادات,alriyadh.com,summary_only
2024-01-11,8,1,0,,dc0cdc4964727a4162b2e4cc51b496a486fd9caa,110 دولارات سعر متوقع للنفط في مارس .. التوترات محورية في تكهنات السوق,aleqt.com,summary_only
2024-01-12,10,1,0,,dcf1904eb6489e8ed445a1ef40e2994085195456,"Timur Tengah Kembali Bersitegang , Harga Minyak Mentah Dunia Naik Hampir 1 Persen",beritasatu.com,summary_only
2024-01-13,5,1,0,,96cd1a8eddbfc9a99608d6b5cea114692e2a4139,Libyan premier pledges energy sector revival to spur economic growth,aa.com.tr,summary_only
2024-01-14,7,1,0,,b4c6708953ecd35c6de9bbca7cb183680ef93c97,2023年国际油价大幅下挫接近五分之一 ， 您加一箱油省了多少钱 ？,163.com,summary_only
2024-01-15,9,1,0,,21608da30c34be043cfcfd49e96dace828abe328,国际原油价格在新的一年 易跌难涨 _ 安邦咨询 _ 专栏频道首页 _ 财经网 - CAIJING . COM . CN,column.caijing.com.cn,summary_only
2024-01-16,8,1,0,,d58818576f603cb9a9e376b69c94e118860bd3f6,Middle East conflict turns oil prices higher,dailytimes.com.pk,summary_only
2024-01-17,9,1,0,,1ef98837ea6493efbe932e48f21a9fbc00f77186,"Küresel petrol talebinin bu yıl günlük 2 , 2 milyon varil artışla 104 , 4 milyona ulaşması bekleniyor",aa.com.tr,summary_only
2024-01-18,9,1,0,,e6165a525b535dd3694fcf062ee340bd5ed5c24d,"International Energy Agency : Oil prices rise on strong IEA and OPEC demand estimates , ET Auto",auto.economictimes.indiatimes.com,summary_only
2024-01-19,9,1,0,,b2eff10ecd30ea818fe6639a6226ee5a289b1b7f,Ціни на нафту знижуються на тлі побоювань щодо попиту в Китаї та прогнозів поставок,bin.ua,summary_only
2024-01-20,6,1,0,,c91d349ecf90d13fe3347e6748abd5a4573bec57,Oil prices slip but weekly gain remains intact,dailytimes.com.pk,summary_only
2024-01-21,6,1,0,,f586eafc2d203c37e2f92e6e5392429a6233ddba,جريدة الرياض | متداولو النفط يأملون مواصلة المكاسب مع مخاوف تعطل الإمدادات,alriyadh.com,summary_only
2024-01-22,5,1,0,,50afca6bda5636bf942d1f6c9d29038516594e5b,Olieprijs hoger gesloten | Beursduivel . be,beursduivel.be,summary_only
2024-01-23,5,1,0,,b0a78c286b80bb352b3a1a56e718853ff3f6af44,"Nymex Overview : Petroleum Complex Struggles to Hold Monday Gains -- OPIS - January 23 , 2024 at 01 : 04 pm EST",marketscreener.com,summary_only
2024-01-24,5,1,0,,38209565ee0a4a9256491bce58c522b6aba1abc8,Export earning from petroleum products set to decline amid falling crude prices,livemint.com,summary_only
2024-01-25,3,1,0,,d0087cf9dbaf16cc90bab61daf24b4f0eab7e49e,Oil Prices Up - 24 - 01 - 24,armenpress.am,summary_only
2024-01-26,5,1,0,,53b8a06a2f3b5c56bcb10ed1922626edad7c8386,"Opec+ unlikely to decide oil policy on February 1 , will wait several weeks",business-standard.com,summary_only
2024-01-27,5,1,0,,119af1257a110f8c8d152bfce3f9681524a78441,Oil Prices Up - 26 - 01 - 24,armenpress.am,summary_only
2024-01-28,2,1,0,,5ce0b612a96e775b400163e489b96cc886535867,"Petrol , Diesel Prices Announced For January 28 : Check Latest Fuel Rates In Your City",news18.com,summary_only
2024-01-29,5,1,0,,55c2b8f1cf46c61a9aa5d184eb906cf90db3baa1,WTI moves back to near $78 . 30 after marking monthly highs as Red Sea tension escalates,fxstreet.com,summary_only
2024-01-30,5,1,0,,9eb5d4074d4679f43eccce1e65cdc3e2a8581647,"Oil Prices Pullback Sharply after Oil Tanker Strike , Caution Grows",dailyfx.com,summary_only
2024-01-31,5,1,0,,9a7cc9d5b2a207e7cd6657a2826d3d3d85085240,Oil falls on weak China data ; set for first monthly gain since Sept | Business,en.ammonnews.net,summary_only
2024-02-01,5,1,0,,49006a3e2e98aff0492928a03daae9b4bf33ba96,أوبك+ تقرر تثبيت مستويات إنتاج النفط الخام,24.ae,summary_only
2024-02-02,5,1,0,,5e2fc80f0ecfceaaee6e4bbd2ededae9021e6523,Bangkok Post - Oil prices gain after OPEC+ maintains output cuts,bangkokpost.com,summary_only
2024-02-03,3,1,0,,debd1373a9f33995eb1d3ee950a1b92a5fa13485,Oil Prices Down - 02 - 02 - 24,armenpress.am,summary_only
2024-02-04,5,1,0,,5d1bb0fece215155ed3e007306b28ce69865aa87,"Domestic equities market swells by N14 . 4trn in one month , ASI up 35 . 3 %",blueprint.ng,summary_only
2024-02-05,9,1,0,,a1a2b09c63524193ed65ab880c16ceb11eaddb6b,"Realtime koersen , beursnieuws en analyse",beurs.nl,summary_only
2024-02-06,9,1,0,,6167486a0d0c41fa7d013d6f438d94954373ec32,"Crude Oil Became 38 % Cheaper In Two Years No Benefit To Customers - Amar Ujala Hindi News Live - Crude Oil : कच्चा तेल दो साल में 38 % सस्ता , ग्राहकों को लाभ नहीं , नौ माह में कंपनियों को 69 , 000 करोड़ का मुनाफा",amarujala.com,summary_only
2024-02-07,6,1,0,,534711ea41161f0d91d0b20282cbcec9216bb481,Baystreet . ca - Crude Prices Rise as Production Slowing,baystreet.ca,summary_only
2024-02-08,8,1,0,,89a3d48a495d335323952ccefda3a531e09ccd20,WTI hovers around $74 . 20 with a positive bias after Israel rejected Hamas ceasefire offer,fxstreet.com,summary_only
2024-02-09,10,1,0,,368cedfe9ae0265c2240b9e3897b1543f14f5e16,"OPEC+ output witnesses biggest drop in six months , falling short of agreed cuts : Platts Survey",aninews.in,summary_only
2024-02-10,5,1,0,,f28cc35dbccbc1f66261242ffdd5e7ddd2eb323b,Oil Prices - 09 - 02 - 24,armenpress.am,summary_only
2024-02-11,5,1,0,,ae993f9ecdd09033cee60e770778cb50dab6fa41,Another shakedown for oil ?,businesstimes.com.sg,summary_only
2024-02-12,5,1,0,,17a2534e171b5117f58337f29000d53c315f90c9,COLUMN - Investors dump oil after U . S . refinery shutdown : Kemp,devdiscourse.com,summary_only
2024-02-13,7,1,0,,c784dd314cae30ee901a3467576fb081923c6614,"Oil up on geopolitical tension , gains capped by fading Federal Reserve rate - cut hopes",businesstimes.com.sg,summary_only
2024-02-14,8,1,0,,4be63bd732fdd7b398cb403910ebd5df217565b9,انخفاض أسعار النفط بعد ارتفاع المخزونات الأمريكية | صحيفة المواطن الالكترونية للأخبار السعودية والخليجية والدولية,almowaten.net,summary_only
2024-02-15,9,1,0,,91f88d822c816180f53ff05802c7f48db7b8ed6c,МАЕ : Глобалното нарастване на петролното търсене губи импулс - Бизнес,bnr.bg,summary_only
2024-02-16,10,1,0,,c8b38a879a3a93b6ccb8308e8f638f913d639220,جريدة الرياض | اضطرابات الشحن تخنق أسواق النفط وترفع الخامات الأفريقية والأميركية,alriyadh.com,summary_only
2024-02-17,5,1,0,,72e029a9e651f6a6a87fa9f89f73f9f3121edab5,جريدة الرياض | النفط يستقر مع تأثير توقعات تباطؤ الطلب على آمال خفض أسعار الفائدة,alriyadh.com,summary_only
2024-02-18,9,1,0,,07bd64737e15ea3857fc98450322dccc4e7661ee,تساهم في توازن أسواق النفط .. الفيدرالي يشيد بقرارات أوبك,almontasaf.net,summary_only
2024-02-19,9,1,0,,dcb774e942c88891773729841ba8393d7da9e498,Oil gains marginally as demand jitters counter Middle East conflict,businesstimes.com.sg,summary_only
2024-02-20,9,1,0,,08deba4224f41b2b94125bf3d843a8c71aec9a5f,"​В феврале НПЗ России сократили переработку нефти : в Bloomberg нашли причину , ведущую корнями в Украину",dialog.ua,summary_only
2024-02-21,9,1,0,,27a35353a9dc38b101f44fac3af4a97a789e589c,GCC keen on working with OPEC to ensure stable global oil markets,arabnews.com,summary_only
2024-02-22,7,1,0,,4821d63b16fa4e3bad84322bde64724dda5611f2,EPDK işaret etmişti ! Akaryakıtta çifte indirim pompaya yansıdı : 22 Şubat 2023 güncel benzin motorin ve LPG fiyatları,cumhuriyet.com.tr,summary_only
2024-02-23,7,1,0,,aecd3457d4dce3e70a541b5bc9d1d492d7177331,"Europe , Africa oil markets tighten , lending support to futures",cnbcafrica.com,summary_only
2024-02-24,5,1,0,,25b0c9305e3e6e15a7c3204c133a690083a3c9b1,"Water Crisis at Asansol ESI | Asansol ESI hospital under crisis of water , dialysis may stop due to lack of water supply",anandabazar.com,summary_only
2024-02-25,5,1,0,,88f835955f185137de3b9ad0bcf55c2bd2cc0171,Canada increased oil output hailed but could prove costly | The Arkansas Democrat - Gazette,arkansasonline.com,summary_only
2024-02-26,8,1,0,,9276acb16dc2cbd9246db90db14c262370b6b220,Oil Updates – crude extends losses after dollar rises on shifting interest rate outlook,arabnews.com,summary_only
2024-02-27,9,1,0,,dfe39f59dd8e0eef30854c0fe91f5cd172d27cef,WTI Dips From Range - Highs After API Reports Bigger Than Expected Crude Build,biztoc.com,summary_only
2024-02-28,7,1,0,,5642cc2b0feabc31cf36be188c0c621acd2f69fa,Oil price news : Oil declines with U . S . stockpiles and OPEC+ supply policy in focus,bnnbloomberg.ca,summary_only
2024-02-29,10,1,0,,3303301a272f98de5a166ba6496a5a28907a916b,Петролната асоциация : Цените отиват зловещо нагоре без държавни мерки за енергийния преход,actualno.com,summary_only
2024-03-01,10,1,0,,f9399c58b710dfbdcea1b094e2c9c19f54b53b30,Oil price rises as markets await OPEC+ decision on supply agreements,financialexpress.com,summary_only
2024-03-02,9,1,0,,d32065715ce2814a527c504add2629c40cb82067,"Fire Broke Out After Oil Tanker Fell Into Ditch - Amar Ujala Hindi News Live - जम्मू कश्मीर : तेल से भरा टैंकर खाई में गिरने से लगी भीषण आग , जिंदा जला चालक",amarujala.com,summary_only
2024-03-03,13,1,0,,ba3638ebab84ebbc8a55920c79402c13d3040bb9,كبار منتجي أوبك+ يعلنون تمديد الخفض الطوع | صحيفة المواطن الالكترونية للأخبار السعودية والخليجية والدولية,almowaten.net,summary_only
2024-03-04,8,1,0,,83d6467736d22afff3f6b0c861d0b92ec2b758af,"Reduced refining capacity , sanctions force Russia to cut crude oil output | World News",business-standard.com,summary_only
2024-03-05,7,1,0,,efdb192db92c6a48eb3ff82f619541e08af15bf9,Oil extends fall as China pledge to transform economy fails to impress,finance.yahoo.com,summary_only
2024-03-06,9,1,0,,b0b0418e4714fa2559aaef04d41c577ea2aebc6b,Ανεκόπη το αρνητικό σερί στο πετρέλαιο – Πλησιάζει τα 80 δολάρια το αμερικανικό αργό,bankingnews.gr,summary_only
2024-03-07,8,1,0,,41e20559b7ab7f75a8ed3433f1661535a77c2c0d,"Oil mixed with demand drop in US , ongoing Middle East unrest",aa.com.tr,summary_only
2024-03-08,5,1,0,,2dddb2d5dd0efa544efd5ca8a4f4705f724854e1,Oil Prices Up - 07 - 03 - 24,armenpress.am,summary_only
2024-03-09,5,1,0,,4926695f7dff40d7c9de1b8736c078ddfdb7385b,Oil posts nearly 2pc weekly loss as markets weigh Chinese demand,dunyanews.tv,summary_only
2024-03-10,5,1,0,,b9109f047a53d57f0401144cc0b85074ec5dd37d,توقعات بتمديد « أوبك + » تخفيض الإنتاج النفطي لنهاية العام,alwasat.ly,summary_only
2024-03-11,5,1,0,,0975c7b43497f279a4627889fc4af40398bf7417,"Шофьорите гледат и не вярват на очите си , какво става по бензиностанциите",blitz.bg,summary_only
2024-03-12,5,1,0,,72c0f960281aa92ed85c928eeff7cea2468c0e6c,Путин рассказал о рисках России сокращения добычи нефти в рамках ОПЕК,1prime.ru,summary_only
2024-03-13,5,1,0,,ccff9a600382b0ef9f927cc2942b76179a9ccb2d,U . S . Has Produced More Oil Than Any Country in History for Six Consecutive Years,ecowatch.com,summary_only
2024-03-14,5,1,0,,442461f4bf53c3f1e5f8e65066456270cb97b165,APO Group - Africa Newsroom / Press release | Oil Petroleum Exporting Countries ( OPEC ) Secretary General to Highlight Future of African Oil Investment Prospects at African Energy Week ( AEW ) 2024,africa-newsroom.com,summary_only
2024-03-15,5,1,0,,57319cfa41229fd697afb92993e7f078b8246a41,Venezuelan opposition leader Maria Machado is under pressure to find – Firstpost,firstpost.com,summary_only
2024-03-16,2,1,0,,f56506a5d165b5538e14e942415cf9049c863fa5,- منظمة أوبك : ليبيا تسجل أكبر زيادة في الإنتاج النفطي على المستوى الشهري متخطية نيجيريا أكبر منتج بالقارة .,libyaakhbar.com,summary_only
2024-03-17,9,1,0,,a9bad0f52bc4c6cf4d352a3a5596568dbb56dc19,三大月报预期乐观 油价强势突破 _ 东方财富网,finance.eastmoney.com,summary_only
2024-03-18,5,1,0,,0117dc0199b32eb1229b332e0973f34318e316d0,Рисковете за доставките и геополитическото напрежение определиха цените на петрола,actualno.com,summary_only
2024-03-19,5,1,0,,6adeea26f5a195d347f0ad879571e76bbae2cb57,"Oil Updates – prices slip as Russia lifts supplies , jet fuel demand stirs caution",arabnews.com,summary_only
2024-03-20,5,1,0,,f2cd3d4bd5fe4c697f00b46f114cd4a3bae8240a,Enbridge Doubles Down On Gray Oak Pipeline Expansion In Texas : Report - Enbridge ( NYSE : ENB ),benzinga.com,summary_only
2024-03-21,5,1,0,,1a48bcb6fb33699c8a9d4c9657776d0938a0ed94,Ghana Energy Minister to Connect Foreign Funders with Emerging Projects at African Energy Week ...,businessghana.com,summary_only
2024-03-22,5,1,0,,345d1d5a731473aab29e7178c2c7a588f3509dee,"Disabled Due To Collision With Oil Tanker , Compensation Of Rs 26 . 33 Lakh - Chandigarh News - Chandigarh News : ऑयल टैंकर की टक्कर से हुआ दिव्यांग , 26 . 33 लाख का मुआवजा",amarujala.com,summary_only
2024-03-23,5,1,0,,9a91cf57f4bc5429b8c9142d29fe9d6abe09d0b6,"Vedanta Ltd : Vedanta says projects pipeline in place to add USD 6 bn to topline , USD 2 . 5 - 3 bn to EBIDTA , ET Auto",auto.economictimes.indiatimes.com,summary_only
2024-03-24,5,1,0,,c138e5ed4146ee8dae6ac156d979bfd9d53b6f9b,U . S . EIA Increases Oil Price Forecast Following OPEC+ Production Cut Extension,cleantechnica.com,summary_only
2024-03-25,5,1,0,,8f0c75e5d4e1bbdb1f16852573952f12bbb5d9c8,"Россияне сократили производство бензина после серии атак по НПЗ , но сохраняют уровень отгрузки благодаря запасам",ukranews.com,summary_only
2024-03-26,5,1,0,,3d84a6cc082b435a4432b06388980c7705a5823d,США призвали Украину прекратить удары по НПЗ России - генерал Бен Ходжес прокомментировал,24tv.ua,summary_only
2024-03-27,5,1,0,,0e753922c8c34d9ce0dc9a87b8e4d69ba65178bc,Decklar Resources Updates Crude Oil Injection Volumes From the Oza Oil Field Through the Trans Niger Pipeline and Sales to Local Refinery,finance.yahoo.com,summary_only
2024-03-28,5,1,0,,d869fb9551f47034a720dffc25b050261d614e28,There a shadow fleet sneaking Russian oil around the world . It an ecological disaster waiting to happen,biztoc.com,summary_only
2024-03-29,5,1,0,,bd6c6de2ceeba26a07bc9c47ca3b30fcae89be1b,"Incendiu la Rafinăria Petromidia . Planul Roșu de Intervenție , activat pentru degajări foarte mari de fum VIDEO UPDATE",adevarul.ro,summary_only
2024-03-30,5,1,0,,ab604bf9726ab9e396fbf7f34d7d6a66d805458b,جريدة الرياض | النفط يختتم الشهر مرتفعاً وسط توقع تزايد الطلب واستمرار قيود العرض,alriyadh.com,summary_only
2024-03-31,8,1,0,,51f3e220fdf98da1349b452ebee15b93d17217c5,"Navigating crossroads : Global oil , mobility sectors at critical juncture in 2024 , ET Auto",auto.economictimes.indiatimes.com,summary_only
2024-04-01,5,1,0,,d464528197c3b64891a69d190286d03a2d33d3d2,"Jammu , Protest , Oil Tanker Union - Jammu News - Jammu News : चुनाव में देरी पर भड़के तेल टैंकर चालक",amarujala.com,summary_only
2024-04-02,5,1,0,,1e8c1ee229adaa26000262cb261acce51266d314,"Russian Oil India , अमेरिकी प्रतिबंधों से नहीं डरा भारत , दोस्त रूस से अब भी खरीद रहा कच्चा तेल , चार टैंकर बंदरगाह पहुंचे - india defying us sanctions russian oil still flowing to india",navbharattimes.indiatimes.com,summary_only
2024-04-03,5,1,0,,684f92ca142c803c153874dcc8a505252321983d,"Petroleum Reserve In India : India aims for first strategic petroleum reserve with a private company by 2029 / 30 , ET Auto",auto.economictimes.indiatimes.com,summary_only
2024-04-04,5,1,0,,0311aee87acb6158aa501a7c4f68cd11a9387a52,Reliance Industries : Delhi High Court upholds Reliance inclusion in BPCL - HPCL pipeline case,economictimes.indiatimes.com,summary_only
2024-04-05,5,1,0,,b8af811d3cf4355745aad1d7981d8c14203592a5,"U . S . oil touches $87 , on pace for weekly gain as Israel closes embassies over Iran threats",nbcconnecticut.com,summary_only
2024-04-06,10,1,0,,549d3a70753f9a1b46a263e1cfe817e63fc1de2e,Ucrania afirma haber destruido un oleoducto que aprovisionaba cargueros en el mar de Azov - Mundo,abc.com.py,summary_only
2024-04-07,10,1,0,,41291d6ccbe52d0ec9dd670d45060abe12fe5153,Crude Oil Weekly Forecast - 07 / 04 : Values Escalate Anew,dailyforex.com,summary_only
2024-04-08,9,1,0,,f854021586f2121a621d8fcf416297bb99997253,Удары по НПЗ России - экономика РФ страдает из - за уменьшения переработки нефтепродуктов,24tv.ua,summary_only
2024-04-09,8,1,0,,e67006ace937ba1ab6858598713f1ef567edcda2,"Crude Oil Price May Reach $100 By September Ahead Tensions Between Many Countries - Amar Ujala Hindi News Live - Crude Oil Price : सितंबर तक 100 डॉलर पहुंच सकता है कच्चा तेल , कई देशों के बीच तनाव बढ़ने बढ़ेंगे दाम",amarujala.com,summary_only
2024-04-10,10,1,0,,c12003c16f563f65f311c38249ed2a03a5724b3e,Удары по НПЗ в России - в Пентагоне посоветовали выбрать Украине другие цели - Bloomberg,24tv.ua,summary_only
2024-04-11,10,1,0,,9fec7e48d007a2397f7e9f97a965318c9545c7a2,Environmentalists protest as Biden administration approves huge oil export terminal off Texas coast,biztoc.com,summary_only
2024-04-12,10,1,0,,b50ad3d6d85de277b0a67230cfc1cc1fe8261d13,Oil trouble : Supply - demand imbalance and heightened geopolitical tensions trigger elevated prices,financialexpress.com,summary_only
2024-04-13,9,1,0,,9f1d3f57f3d143288e82db2f282371963a3c8c1b,Uzmanlara göre petrol talebinin beklenenden uzun süre artması ekonomik darboğazla sonuçlanabilir,aa.com.tr,summary_only
2024-04-14,9,1,0,,b246035c611c006a4ce5795da38e52923c4f5522,Activists helped shut down an oil refinery after a series of explosions . The consequences werent what they expected,edition.cnn.com,summary_only
2024-04-15,5,1,0,,41ce77278b6de5f1cb9065ef55b5883a68b24e51,Oil prices fall after Iran attack as market draws down risk premium,deccanherald.com,summary_only
2024-04-16,5,1,0,,cd373a4a40bdee946f4afb4ea74b36bda934bdc6,"If Middle east tension escalates , India inflation , growth and BoP may see negative impact : Experts",aninews.in,summary_only
2024-04-17,3,1,0,,313e538a5eb3cc24b959246d82993d4e51875869,Saudi crude production hits 7 - month high in February,arabnews.com,summary_only
2024-04-18,5,1,0,,013bee2ca8025fdcdc8bc1454bf25977b617d756,جريدة البلاد | ارتفاع صادرات النفط السعودي إلى 6 . 32 مليون برميل يوميا في فبراير,albiladpress.com,summary_only
2024-04-19,5,1,0,,223a5eb1182255d13a2671f1ac66b1fcbba06043,"Russia squeezes Mideast , OPEC shares in India oil mkt to historic lows",business-standard.com,summary_only
2024-04-20,5,1,0,,28f90ff219c39afc0d1fdffa44a262daef5cb26f,Nigeria crude oil output goes down again in March - OPEC,africanews.com,summary_only
2024-04-21,2,1,0,,6422853a913941a18cecac12b7335cfe8784b0d2,美油多头持仓骤减3 . 5万手 市场情况有变 ？ _ 东方财富网,finance.eastmoney.com,summary_only
2024-04-22,5,1,0,,6e5aea4848cbbf805d50d9f92136f9e0b6bdf6c6,"Oil Retreats , but Bullish Momentum Remains for These ETFs",etftrends.com,summary_only
2024-04-23,5,1,0,,bc1d42ba50979b50e94370b278db3760524775d3,"Latest updates on energy prices worldwide at 0200 GMT , April 23",bignewsnetwork.com,summary_only
2024-04-24,5,1,0,,1417cc98ac73a2e9879f95c544ba13133a6e5cf7,"Asia markets live updates : Wall Street earnings , Australia CPI",cnbc.com,summary_only
2024-04-25,3,1,0,,fb769edc451a8e464a141e180661d9fb0277e9fc,Oil Prices Down - 24 - 04 - 24,armenpress.am,summary_only
2024-04-26,2,1,0,,065697130d418da553d410d3d5aa94b5bafb9216,"Exportaes de petróleo rendem 7 , 7 mil milhões de dólares em três meses",angonoticias.com,summary_only
2024-04-27,2,1,0,,94be8c681109c085ca862a6ccab4801d8f87cc4f,Oil Prices - 26 - 04 - 24,armenpress.am,summary_only
2024-04-28,5,1,0,,0fc129fb81edf3ed82b874e523dfb4fe86e71427,وزير المالية : كان بإمكاننا زيادة إنتاج البترول لكننا نرغب بالمحافظة على جودة النمو بعيدا عن النفط,alweeam.com.sa,summary_only
2024-04-29,7,1,0,,c9868058dc23f4037341ba91bd7a40a57e089be4,21 of our ships ... protecting international shipping : EAM Jaishankar on India growing stature in world amid tensions in Red Sea,aninews.in,summary_only
2024-04-30,10,1,0,,35fc080f77d15e8d59beba435028e1e2e835641b,7dias . com . do :: Analizan como aumento de las tensiones geopolíticas y posibles riesgos de suministro inciden en precios del petróleo,7dias.com.do,summary_only
2024-05-01,7,1,0,,d506d86a1fd1820d0072b958c5e26f744f3b4249,Петролът поевтинява с над 1 % след изненадващ ръст на петролните складови запаси в САЩ,bnr.bg,summary_only
2024-05-02,10,1,0,,e06661bd9a892b53b0e06f428dbd4bc197e45415,"Exxon Mobil deal with Pioneer gets FTC nod , but former Pioneer CEO Scott Sheffield barred from board",abcnews.go.com,summary_only
2024-05-03,10,1,0,,76a2337bad39078dcd1c1945508d833df2c25e90,ОПЕК + : Ирак и Казахстан ще намалят петролните си производства до края на 2024 г .,bnr.bg,summary_only
2024-05-04,9,1,0,,88bfc21a9327ffab6618857621adb51f5b946ab7,FTC issues board caveat for Exxon - Pioneer merger | The Arkansas Democrat - Gazette,arkansasonline.com,summary_only
2024-05-05,7,1,0,,e5c54124342dc8f887af0721fc6bee4ceaf73caa,Crude Oil Weekly Forecast - 05 / 05 : Price Drop Alert ( Chart ),dailyforex.com,summary_only
2024-05-06,9,1,0,,1a1b24eca4ece8e744029ff9ade5dded552b14b1,What behind Saudi Arabia increase in crude oil prices for Asian market ?,al-monitor.com,summary_only
2024-05-07,5,1,0,,e641157f07403e4c3e41a73df5b2a5330b6afe56,Деликатно равновесие ! Цената на петрола остава под 84 долара за барел ᐉ Новини от Fakti . bg - Бизнес,fakti.bg,summary_only
2024-05-08,5,1,0,,88d5c024e2165e6b4c3399d809449dc1429326b8,Власти Луганска сообщили об обстреле нефтяной базы и газопровода со стороны Украины | Новости Армении - АРМЕНПРЕСС Армянское информационное агентство,armenpress.am,summary_only
2024-05-09,5,1,0,,e55dcae300c586de2d8699815afcca445a42b2bb,Исторический рекорд : украинские дроны преодолели 1500 км до НПЗ в башкортостане,itc.ua,summary_only
2024-05-10,5,1,0,,0d765d5eeda13c58d36e69969b804750f497eead,Нагоре ! Петролът на ОПЕК отново прескочи над 84 долара за барел ᐉ Новини от Fakti . bg - Бизнес,fakti.bg,summary_only
2024-05-11,5,1,0,,5cf4c5711c8fd9aa32f8b86358f7f4724b890f1f,Mi responsabilidad era vigilar ductos ; robo de combustible pudo ser en terminales : General Trauwitz,aristeguinoticias.com,summary_only
2024-05-12,8,1,0,,5df7ccf2de7faa8951f687206149f5f99451448a,"Iraq wont agree to new OPEC+ oil production cuts , oil minister says , ET Auto",auto.economictimes.indiatimes.com,summary_only
2024-05-13,5,1,0,,fdeeddc656d0a09eea6607ff12b1dbaacd727e04,"Sensex , Nifty close marginally higher after bouncing back on fag - end buying",indianexpress.com,summary_only
2024-05-14,5,1,0,,2badef9af05f28be239df2aa518b7511fe5eb8ec,Причиной схода вагонов и пожара на станции Котлубань в Волгоградской области могла стать атака БПЛА,neftegaz.ru,summary_only
2024-05-15,5,1,0,,36a3cd00d88e2d197ab07efe99b71fdbdf1ea626,Oil price news : Oil trades in narrow range as IEA trims 2024 growth forecast,bnnbloomberg.ca,summary_only
2024-05-16,5,1,0,,4b227bbf844e7937d1fabbef7ea9024212ab06c4,"ONGC , Oil India to get relief as Centre cuts windfall tax on crude oil , ET Auto",auto.economictimes.indiatimes.com,summary_only
2024-05-17,5,1,0,,fa3087dca5fe146be0a0fd7a06b33cb909be0e77,Украина нагадила Казахстану : атака на Новороссийск могла ударить по интересам нашего южного соседа,bloknot.ru,summary_only
2024-05-18,5,1,0,,c40aa6fa8b2a85b8169830324137a835f66b6382,Petroecuador calcula ingresos por $ 2 . 700 millones por exportación de crudo en spot | Economía | Noticias,eluniverso.com,summary_only
2024-05-19,5,1,0,,499d5f19ee55a41dfc5f68f180e451b1a536eab3,"Yemen Houthi rebels launch a missile that strikes an oil tanker in the Red Sea , US military says",dailyexcelsior.com,summary_only
2024-05-20,5,1,0,,1749281e9ad579fccb33caa90fdfa72757edd8f9,Ohmium International : Ohmium Selected to Provide 10MW PEM Electrolyzers for First Green Hydrogen Project in Croatia,finanznachrichten.de,summary_only
2024-05-21,5,1,0,,eba62b25cace02a75dad879a6b0d666b576519e7,Stock Market Live : GIFT Nifty indicates a negative start for domestic indices - Market News,financialexpress.com,summary_only
2024-05-22,5,1,0,,de4cda4ffcc7cb379330663f27d46f98a87eaf8d,Petrobras retira cinco refinarias do plano de privatizao – Economia – CartaCapital,cartacapital.com.br,summary_only
2024-05-23,5,1,0,,2ec592d1b68c0b046362269e1138ae09c9badd07,Oil prices fall for fourth straight day as US rate hike prospects emerge | Business,en.ammonnews.net,summary_only
2024-05-24,5,1,0,,081e78e553c410d671c35d8c206c016ff9e82443,European stocks hit by weak global sentiment ; united kingdom retail sales slump By Investing . com,investing.com,summary_only
2024-05-25,5,1,0,,c4c0d58e771b8cebc014281b7cc04f9884e484b2,El boom de la industria petrolera argentina que está beneficiando a Chile,df.cl,summary_only
2024-05-26,8,1,0,,53e0b28f75324c0375be81681439ba97b8838623,Удары по НПЗ России – почему на Западе были против атак по НПЗ,24tv.ua,summary_only
2024-05-27,5,1,0,,2d39568d9341733fe868c89d4d11c62064c6460d,Το Ιράν παρακάμπτει αριστοτεχνικά τις αμερικανικές κυρώσεις - Αυξάνει την παραγωγή πετρελαίου,bankingnews.gr,summary_only
2024-05-28,5,1,0,,77e2974b9cde11011ed0a3b6c60249b598002a7e,"Crude Oil stretches gains , WTI tests $78 . 50 ahead of inflation data and looming OPEC+ meeting",fxstreet.com,summary_only
2024-05-29,5,1,0,,3624e7a9d51c90da23bc0eb10adfb27cc8913f0e,"OPEC+ OIL : Why does OPEC+ often clash over oil production capacity ?, ET Auto",auto.economictimes.indiatimes.com,summary_only
2024-05-30,5,1,0,,c562c700a0d100af3c26902df1e7cdc050015b43,Kuwait economy to rebound in 2024 with 2 . 8 % growth : World Bank – ARAB TIMES – KUWAIT NEWS,arabtimesonline.com,summary_only
2024-05-31,5,1,0,,425dd1ff0eb89ae0973c376a48bf0cb0e8c965d3,Yemen Houthis say they launched missile attack on US aircraft carrier Eisenhower in Red Sea,economictimes.indiatimes.com,summary_only
2024-06-01,5,1,0,,faa8e021428f67aaf2d0b4315f500193ad848d71,Nijeryada açılan Afrikanın en büyük rafinerisi Avrupaya ilk jet yakıtı ihracatına başladı,aa.com.tr,summary_only
2024-06-02,5,1,0,,6166747a9abbd51d0f0966d96daf9798f2975d4c,"Polícia descobre refinaria de cocaína , apreende 10 kg de droga e prende suspeito em Arapiraca | Alagoas",g1.globo.com,summary_only
2024-06-03,5,1,0,,ce50b2644168f0669a7beb75cc0660b04053494e,OPEC+ Continues Significant Oil Production Reductions Through 2025 For Market Stability,newsx.com,summary_only
2024-06-04,5,1,0,,ce6529c1fe3338ad056bde6b655509140abf18ec,"Oil Prices Drop For Fifth Straight Session , Hit 4 - Month Low On Growth Concerns , Bearish OPEC+ Meeting - United States Oil Fund ( ARCA : USO ), SPDR Select Sector Fund - Energy Select Sector ( ARCA : XLE )",benzinga.com,summary_only
2024-06-05,5,1,0,,bc3fbfacb7a276733974b096c0ef043839de3f46,"Oil Prices Drop For Fifth Straight Session , Hit 4 - Month Low On Growth Concerns , Bearish OPEC+ Meeting",aol.com,summary_only
2024-06-06,5,1,0,,3901587eddf75fdfb7c0d108da16a8b976fc44ba,​Беспилотники атаковали сразу два НПЗ в Ростовской и Белгородской областях : опубликованы кадры,dialog.ua,summary_only
2024-06-07,5,1,0,,9293bfc3b186a86efe021fc02636d3b83819c100,Взрывы в Новошахтинске - город в Ростовской области атаковали дроны - Новости России,24tv.ua,summary_only
2024-06-08,5,1,0,,b0c9012f695e9615e4e5c9938830268a6120b1a9,"Oil prices plunge on deflated US interest rate cut expectations , OPEC+ decision | Indiablooms - First Portal on Digital News Management",indiablooms.com,summary_only
2024-06-09,10,1,0,,0db59b67261416f9507e031b2df546071a22d97c,У Путіна новий план щодо Росії - що задумав диктатор,24tv.ua,summary_only
2024-06-10,5,1,0,,7e392d75c52b3c41a10022c1a1e29bcdde9d34f2,"Oil Prices : Oil climbs on hopes of summer fuel demand , Auto News , ET Auto",auto.economictimes.indiatimes.com,summary_only
2024-06-11,5,1,0,,84dcd554e4ef3736ffdd4d9d595bc0db8b86d237,Fuel Price| ക്രൂഡ് ഓയില്‍ വില ബാരലിന് 80 ഡോളറില്‍ താഴെ തുടര്‍ന്നാല്‍ ഇന്ധന വില കുറയ്ക്കുന്നത് പരിഗണിക്കാം : പെട്രോളിയം മന്ത്രി ഹർദീപ് സിങ് പുരി| Hardeep Singh Puri| Diesel Price| Petrol Price,manoramanews.com,summary_only
2024-06-12,5,1,0,,c43c45067c69e59fe64cca95b223d11f07a2685a,"Peak oil demand before 2030 will usher in a major supply glut , the International Energy Agency says",finance.yahoo.com,summary_only
2024-06-13,5,1,0,,7dbc5e4c663dae436f4481e92b80d9a87b3bdfa9,"Well soon live in a world with a staggering excess of oil that we cant fully use , global energy watchdog IEA warns",finance.yahoo.com,summary_only
2024-06-14,5,1,0,,5e6f1b4eedf6fa67b55ff68840a7312bed12e825,WTI holds its position above $77 . 50 due to optimistic demand forecasts,fxstreet.com,summary_only
2024-06-15,5,1,0,,59e85245f61bdbbdc329d6125267a6c0d902d43f,"Today petrol and diesel prices in Chennai | சென்னையில் இன்றைய பெட்ரோல் , டீசல் விலை நிலவரம்",dailythanthi.com,summary_only
2024-06-16,5,1,0,,48a7b5f253e9b2f638b0744d133650db3d1ce92d,جريدة الرياض | النفط يسجل مكاسب أسبوعية بفضل توقعات الطلب القوية رغم انخفاضه,alriyadh.com,summary_only
2024-06-17,5,1,0,,744acf77f853f9a992f813933741f16357bf82e4,Ціни на нафту падають через слабкий споживчий попит у США та дані з Китаю,bin.ua,summary_only
2024-06-18,5,1,0,,a3630696d606649dc2b114422a0c922ee8713850,جريدة الرياض | النفـط يستـقر مــع تـأثــر البـيـانــات الاقتصادية الصينية المتشائمة بآمال الطلب,alriyadh.com,summary_only
2024-06-19,5,1,0,,f978b996b7b95a321900b25072462061c06eeaef,Actualités CAMEROUN :: Pourquoi le Siège de lOPEP est à Vienne : Une Exploration des Contradictions et des Paradoxes :: CAMEROON News,camer.be,summary_only
2024-06-20,5,1,0,,0a9c508b9cc8103c80bc597f5ac03911e33aa431,"Oil companies flare more natural gas , defying effort to eliminate practice , ET EnergyWorld",energy.economictimes.indiatimes.com,summary_only
2024-06-21,5,1,0,,a4d0a80f0c88115c88c8b6b0070cea5c3f259287,Stock Market Live : GIFT Nifty indicates a lacklustre opening for benchmark indices on Friday - Market News,financialexpress.com,summary_only
2024-06-22,5,1,0,,830387236d858031c6ed2ac41a6a1d4c251f4217,Brazil Is Oil Market Wildcard After Near - Million - Barrel Plunge,bnnbloomberg.ca,summary_only
2024-06-23,6,1,0,,a95588c47cb67f2ae467133d982df4a1b4b1948b,"Отсрочка по семейным обстоятельствам - перечень документов , которые надо подать в ТЦК",24tv.ua,summary_only
2024-06-24,5,1,0,,d97aa7406179189818ad023c698eb2975a9c13cd,الإذاعة الفرنسية : أزمة منصب وزير النفط الليبي تربك الاستثمار في الذهب الأسود,alwasat.ly,summary_only
2024-06-25,5,1,0,,36759086964af5144a1ffc636830deb07378a55a,Inició la misión del gobierno santafesino por Europa en búsqueda de financiamiento,ellitoral.com,summary_only
2024-06-26,5,1,0,,c6b1d2d92e15591be07fd8fe6bfcde0ae134be65,الإمارات تترأس اجتماع الدورة الـ45 للمجلس الوزاري لصندوق الأوبك للتنمية الدولية في فيينا,albayan.ae,summary_only
2024-06-27,5,1,0,,328db6f0c89c32b5f6c5cd3b3da29ccd450e448c,Петр Толстой : Закон о семейном насилии предлагают принять выращенные в аптечной пробирке - 27 июня 2024,fontanka.ru,summary_only
2024-06-28,5,1,0,,411ab18c5b4d608c356032ed2ee9863fdc30963d,Oil prices to stay steady as China demand woes offset Mideast risks - Reuters poll,finance.yahoo.com,summary_only
2024-06-29,5,1,0,,0b6c9ce2c8afaebdf9c19160f72b5efd71fcb12d,Maduro invita a empresarios extranjeros a invertir en sector petrolero del país,elsiglo.com.ve,summary_only
2024-06-30,5,1,0,,8cc96f85bfd35c95dcf91ec69206dd58d373befd,UAE economy set for more growth in the second half of this year,gulfnews.com,summary_only
2024-07-01,5,1,0,,5327a7af030d212dd0a0a28b92de4e513a5a312c,جريدة النهار الكويتية | ارتفاع أسعار النفط عالمياً وسط توقعات بتراجع المعروض,annaharkw.com,summary_only
2024-07-02,5,1,0,,1626345bc35936f9e655a8b4b04dc5bfe99aea2d,"U . S . crude oil hits two - month high , tops $84 per barrel amid war and hurricane fears",cnbc.com,summary_only
2024-07-03,5,1,0,,1daa3b4775eed36cc90e8820f3af33e66e091182,Как оформить опекунство над человеком с инвалидностью II группы : какие документы необходимы,focus.ua,summary_only
2024-07-04,5,1,0,,8faace4d40767472bc76436b81ebaf0ea12637fd,Republic of Congo Hydrocarbons Minister to Discuss Gas Monetization at Angola Oil & Gas ( AOG ) 2024,africa.com,summary_only
2024-07-05,8,1,0,,83781c8a8ca09b8ed14747ab66c1c99aacb57909,Crude oil prices today : WTI on pace for fourth straight weekly gain,cnbc.com,summary_only
2024-07-06,7,1,0,,c0255b2fd4b8444d56dcdf69c7bcfbc2ad958db0,OPEC+ discipline keeps oil prices stable around $87 pb,arabtimesonline.com,summary_only
2024-07-07,8,1,0,,9387e3973520ccd91af5ab913a79f8490da05216,جريدة الرياض | المعنويات الصعودية تسيطر على أسواق النفط مع ارتفاع الطلب,alriyadh.com,summary_only
2024-07-08,5,1,0,,32bfca7ba36c5617a831dc85fb55a4b6a0640cd8,Crude oil prices at two - month highs . What is causing the surge ?,economictimes.indiatimes.com,summary_only
2024-07-09,5,1,0,,47d13756ee31edb2f22a65f7e8955bfcf04bf6b8,"Oil prices little changed , concern around hurricane damage eases - Markets",brecorder.com,summary_only
2024-07-10,5,1,0,,33041ea8038a47f9b79f1f8450931d87fa4f7a93,عجز الميزان التجاري الطاقي يرتفع بـ 22 بالمائة موفى ماي 2024 ليبلغ 4606 مليون دينارا,ar.webmanagercenter.com,summary_only
2024-07-11,5,1,0,,f867755ddecfa9b8b93e0cd681a839988fdcde5d,"Oil prices up following strong demand data , supply concerns",aa.com.tr,summary_only
2024-07-12,5,1,0,,04902463693abe69a40894a2becd6ae0cbaee3da,Oil on track for third day of gains despite questions on impact September US rate cut,fxstreet.com,summary_only
2024-07-13,4,1,0,,20fba60d7411f518cc49598095ce370f38b35f04,Oil prices drop slightly in world markets,en.apa.az,summary_only
2024-07-14,5,1,0,,1a77db74df9c5ed45eb4cf5494723c4317bd58ad,Nigerian govt approves metering contract for 187 crude oil flow stations,dailypost.ng,summary_only
2024-07-15,5,1,0,,3aa5113e55f0e2bd345bee3479470d371dff74a0,"Oil Prices : Oil regains ground on political uncertainty in US , Mideast , ET Auto",auto.economictimes.indiatimes.com,summary_only
2024-07-16,5,1,0,,992e5c634fe92446c4d3856e1cfc21f7b8c9f515,"Crude Oil extends declines on Chinese demand concerns , WTI falls below $80",fxstreet.com,summary_only
2024-07-17,5,1,0,,b67a462a04864e0d403cb8230a5edc5300e83f0a,WTI attracts some sellers below $80 . 00 amid demand worries in China,fxstreet.com,summary_only
2024-07-18,5,1,0,,73d3db58f6a0ed8456c983f7966c3cc744bf2cbf,Oil prices steady as US rate - cut hopes contend with economic slowdown signals,businesstimes.com.sg,summary_only
2024-07-19,5,1,0,,2f0d2a4ac0fd7825bfa7c37a0ff4d07a2b911787,"Oil Prices : Oil drops on weak sentiment , set for weekly decline , ET Auto",auto.economictimes.indiatimes.com,summary_only
2024-07-20,5,1,0,,38ea0e09e2092c573b35f5964ceff78b8977ba49,أويل برايس : المعنويات الهبوطية في أسواق السلع تلقي بظلالها على أسعار النفط,aleqt.com,summary_only
2024-07-21,2,1,0,,d6990df64518319ae191970014f2ff9cc0fff1bf,Crude Oil Weekly Forecast - 21 / 07 : Bears Dominate ( Charts ),dailyforex.com,summary_only
2024-07-22,2,1,0,,a2607ecd20acb26e7987b573a4306806c6df1686,مورجان ستانلي : تحول سوق النفط لتحقيق فائض العام المقبل,albayan.ae,summary_only
2024-07-23,5,1,0,,4a408318bd8c531419ee1e4a02b869805a896b8d,"Crude oil strategy for Budget 2024 day : WTI eyes breakout , next target : $82",business-standard.com,summary_only
2024-07-24,5,1,0,,940b6a3c8f78e4a0d69f6faf1d5dd5bf0b33f18a,"Oil Prices Rise as US Crude , Fuel Inventories Seen Shrinking",english.aawsat.com,summary_only
2024-07-25,5,1,0,,019f23adabdf1cdbce6c32a00c0d2abdf6083aa5,Global oil prices decline,azernews.az,summary_only
2024-07-26,5,1,0,,751c8f9b519ec017e7623181c115882daa18eaa8,Goldman Sachs Warns Of Limited Oil Supply Options For Next US Administration - Goldman Sachs Gr ( NYSE : GS ),benzinga.com,summary_only
2024-07-27,2,1,0,,1ac8439f2bead0c627018aeb9f1b448c5fa5c4e2,Dangote Refinery Reacts To Reports Of Reselling Shipments Of US Crude Oil,saharareporters.com,summary_only
2024-07-28,1,1,0,,e3378e35c28cfc9e74916732a8207eb1ffe57f8a,"Oil futures fall amid weak Chinese demand , hopes of a Middle East ceasefire",menafn.com,summary_only
2024-07-29,5,1,0,,7ea1ba3e060e30a9ecf0458981cda8166bfb585a,Oil gains on fears of wider Middle East conflict after rocket strike in Golan Heights,dunyanews.tv,summary_only
2024-07-30,5,1,0,,6760f2b4cc1f64c912d016cea3bb1a0b42504da8,WTI Oil : At the Risk of Further Drop to Retest Major Range Support of US$73 . 15 - 71 . 35 / Barrel,actionforex.com,summary_only
2024-07-31,5,1,0,,6578eb7a1bd98c89b593b94f1bb0b9250c359df7,"Oil gains nearly 3 % on rising Mideast tension , falling US crude stockpiles",businesstimes.com.sg,summary_only
2024-08-01,4,1,0,,9c8ffc0f0e8d9126dd65011d59b8eb5344088997,كونا : سعر برميل النفط الكويتي يرتفع 46 سنتا ليبلغ 67ر81 دولار - طاقة,kuna.net.kw,summary_only
2024-08-02,5,1,0,,6fb956a1bc589542a8cd93021d9e04956a6786eb,Oil slips over US$1 as supply intact despite Middle East conflict fears,businesstimes.com.sg,summary_only
2024-08-03,5,1,0,,37fa08e172bb583156b9cb5627f096f0b052a4cf,Oil prices settle at 8 - month low after disappointing US job numbers,business-standard.com,summary_only
2024-08-04,7,1,0,,927044fa0044b28f851ceb986a46a2c75802bc2e,Crude Oil Weekly Forecast - 04 / 08 : Lessons Taught ( Chart ),dailyforex.com,summary_only
2024-08-05,8,1,0,,6406693941ee486dcadb017344464c986b8e494f,Numaligarh Refinery expansion will augment crude refining capacity : Hardeep Puri,aninews.in,summary_only
2024-08-06,9,1,0,,173053d2d50c3df802987c2c0a6e71750034ff35,"How to trade WTI crude oil amid US recession , Iran - Israel war concerns ?",business-standard.com,summary_only
2024-08-07,10,1,0,,86e0c7fd94a5e08b0f5fcabae33e3cfffc8a0d88,"WTI recovers to near $72 . 50 amid Middle East geopolitical risks , US seeks purchase more oil for SPR",fxstreet.com,summary_only
2024-08-08,9,1,0,,b959edcc75e553f14da6f4fb42394df91e992f1e,美衰退预期搅动全球原油价格,163.com,summary_only
2024-08-09,10,1,0,,c0ff74f4fba399dd62af94dd9c07892b557bb22c,Заради долара и нови данни за запасите : Цената на петрола поддържа курса,actualno.com,summary_only
2024-08-10,5,1,0,,07dc4d941f868f14396a024d4af7101deb754ee9,We are yet to receive 29m barrels crude allocation - Dangote Refinery counters NUPRC,dailypost.ng,summary_only
2024-08-11,5,1,0,,66ef3441650ccba1c851e8283b904678fba30f74,"Down Between 12 % and 24 % From Their 52 - Week Highs , 3 Magnificent Dow Dividend Stocks to Buy Now",fool.com,summary_only
2024-08-12,10,1,0,,118373f32d8845f7d4cf4f32cde4b9a637fb0436,Oil prices rise 4 % as US sends forces to Middle East fearing Iranian attack,albawaba.com,summary_only
2024-08-13,10,1,0,,c6846566ebfaed65249501728399c77d74117084,"Країни ОПЕК+ у липні на 0 , 93 млн б / д перевищили план із видобутку нафти з урахуванням добровільних скорочень",bin.ua,summary_only
2024-08-14,8,1,0,,1b22468fff2ddb0336bc8c8e20e2f62834cf6348,"Trump told Elon Musk the Arctic National Wildlife Refuge could have more oil than Saudi Arabia . There no way , an expert says .",adn.com,summary_only
2024-08-15,10,1,0,,275b02ebf9745e0f427feae84e0ab13c87ed0cf5,Benzine zam pompaya yansıdı : İşte güncel akaryakıt fiyatları ! 15 Ağustos 2024 güncel benzin motorin ve LPG fiyatları ...,cumhuriyet.com.tr,summary_only
2024-08-16,9,1,0,,3af34c66ee20e2c2520641c8f89f5224d3981320,Oil on track to end week stronger on US demand hopes,businesslive.co.za,summary_only
2024-08-17,7,1,0,,d9da95f8781a54dfaa0dd98d65cb6c852531ed57,"Govt cuts windfall tax on crude to Rs 2 , 100 / tonne ; scraps diesel , ATF levy",business-standard.com,summary_only
2024-08-18,8,1,0,,4f69a7dacd8e430ac82efb947c554ae46ec06658,Amsterdame klimato aktyvistai blokavo kruizinio laivo įplaukimą į uostą,15min.lt,summary_only
2024-08-19,3,1,0,,762cdf0925f96e500db2dbd49a7cdd25ebcd090e,How to Trade Oil : Crude Oil Trading Strategies & Tips,dailyfx.com,summary_only
2024-08-20,2,1,0,,dd9d1c235f7b3c96328b7707210df7f4ae372a5b,"Oil prices dip as Middle East tensions ease , China data weak - Markets",brecorder.com,summary_only
2024-08-21,5,1,0,,8b45e8cc1a2307df6a5175a03c73a544a6ea830b,"Oil settles down 1 % as Middle East tensions ease , China data weak",businesstimes.com.sg,summary_only
2024-08-22,5,1,0,,7bb6f7725b819c4590b55ff35331c5191891095b,إل إم إف النمساوية : أسواق النفط تستعد للتحول من العجز إلى الفائض في الربع المقبل,aleqt.com,summary_only
2024-08-23,5,1,0,,bcb8fd9e1da32da1da06f671d8d5241c2b5de431,تحول كبير .. السعودية لم تعد خزانا ماليا,alkhabarkw.com,summary_only
2024-08-24,1,1,0,,19941383dc752192b656a9c9b92948f7e3feae13,Oil gains over 2 % from eight - month low after US Fed chair Jerome Powell greenlights rate cuts ; Brent nears $80 / bbl,livemint.com,summary_only
2024-08-25,3,1,0,,f5a768c1e1b5a98c24c1b9c3f6556f315b4045e7,Crude Oil Weekly Forecast - 25 / 08 : Reversal ahead ( Chart ),dailyforex.com,summary_only
2024-08-26,5,1,0,,12a01f2b6870246ab5774f8ddc0571452d6873ca,"Oil prices jump 1 % on West Asia escalation fears , US rate cut expectations",business-standard.com,summary_only
2024-08-27,5,1,0,,b4a7427c10703ddf880451d7ea72b44a65726dd7,النفط يتراجع 2 % بسبب مخاوف من تأثير تباطؤ النمو الاقتصادي في أمريكا والصين على الطلب,aleqt.com,summary_only
2024-08-28,4,1,0,,e0f165561042be2b4508b9e1fc0292603bbd51a9,Oil Extends Declines On Demand Concerns,finanznachrichten.de,summary_only
2024-08-29,5,1,0,,dd2248c3b8d0c64a06e386866910e268f1a85a51,Oil rates edge up after 2 consecutive sessions of decline,menafn.com,summary_only
2024-08-30,5,1,0,,853f34e0461808b6217aadecb5bbb14a801385f4,Oil Pulls Back Sharply On Report OPEC+ To Proceed With Planned Output Increase,finanznachrichten.de,summary_only
2024-08-31,3,1,0,,535fbce2da881e2e2b610b63c2679aaa7bd04e9e,"UAE Petrol , diesel prices decreased for September 2024",bolnews.com,summary_only
2024-09-01,6,1,0,,075a9e534d2b4707dcc01ca4aa57475827e2a33c,What The Numbers Say About Presidents And Oil Drilling,forbes.com,summary_only
2024-09-02,10,1,0,,d62ed99f4fd53d44d174350b7b95601ba548bcc7,Oil extends losses on weak China data and expected OPEC+ supply boost,dunyanews.tv,summary_only
2024-09-03,9,1,0,,b5f08cd4720a12394ccb4dc13d2f115342f65c20,"U . S . crude oil erases nearly all gains for 2024 as China manufacturing contracts , OPEC output hike looms",biztoc.com,summary_only
2024-09-04,5,1,0,,8fe4ae7657d11581482c2d0dea20bec3b62220e8,Gustavo Adrianzén : Se termina de evaluar que una PMO se encargue del resurgimiento de Petroperú | Reestructuración | Dina Boluarte | PMO | ECONOMIA,gestion.pe,summary_only
2024-09-05,5,1,0,,969b602b18798f12d158da2e37580efda2d6b6a4,Украина атакует Москву : пожар на нефтеперерабатывающем заводе не могут потушить - обновляется : 11 : 28,haqqin.az,summary_only
2024-09-06,5,1,0,,7b335c67fb1cf0b8e98a4f0451f0ed84107f49be,"Asia And Europe Markets In Red ; Crude Stays Below $70 , While Dollar Weakens - Global Markets Today While US Slept - SmartETFs Asia Pacific Dividend Builder ETF ( ARCA : ADIV )",benzinga.com,summary_only
2024-09-07,5,1,0,,541199122be5eeb9e21354711c9a56b0b8179394,The OPEC+ alliance is racing against time to ward off the collapse of the oil market – الشروق أونلاين,echoroukonline.com,summary_only
2024-09-08,5,1,0,,e3c9f7582e33aa6f2b365a01a032c30fd7fafd3a,"Fuel Tanker Collision In Nigeria Updates Agaie Area North - central Niger News In Hindi - Amar Ujala Hindi News Live - Nigeria Road Accident : नाइजीरिया में तेल टैंकर - ट्रक की भिड़ंत , 48 लोगों की मौत ; 50 मवेशी जिंदा जले",amarujala.com,summary_only
2024-09-09,5,1,0,,d3c093d5ca23eaa2af5ae35a679138c31bf907b1,Kuruc . info - Tartálykocsi és teherautó ütközése okozott tömegszerencsétlenséget Nigériában,kuruc.info,summary_only
2024-09-10,5,1,0,,8e8ccbe15f4cacaae3cd0b34d05cbd3fc9afa71e,Se descarta desabastecimiento de combustibles por paralización de Refinería de Esmeraldas . Estos son los inventarios de Petroecuador,eluniverso.com,summary_only
2024-09-11,5,1,0,,b307b9f6d313af5a875cd6a779fc138e21121cfe,Brent crude prices hover near 3 - year low : 5 reasons why oil value is falling globally – Firstpost,firstpost.com,summary_only
2024-09-12,5,1,0,,7801e923f79363b3928abbc63cec727a61b76710,"Petrol , diesel prices may be cut if crude rates stay low for longer : Petroleum Secretary , ET Auto",auto.economictimes.indiatimes.com,summary_only
2024-09-13,5,1,0,,e887d56fa74f471be9eca6fcc9d099c2cf949f92,"Group lauds efforts by military to combat oil theft , increase production to 2 . 1m barrels daily – Blueprint Newspapers Limited",blueprint.ng,summary_only
2024-09-14,5,1,0,,4aaf7f01cc6540f647023b44c002cabbb07a780d,Salvagers launch new attempt to tow an oil tanker blown up by Yemen Houthi rebels,abcnews.go.com,summary_only
2024-09-15,7,1,0,,38c3d6682866d421c5a77e174d162f78cd0709e1,Haitide akaryakıt tankeri patladı : 24 kişi hayatını kaybetti - Son Dakika Dünya Haberleri,cumhuriyet.com.tr,summary_only
2024-09-16,5,1,0,,a56b8cdf6bc9717690d13b1b2d1842063329e70e,"Oil gains nearly 2 % on hurricane impact , US Fed rate cut expectations ; brent crude at $73 . 01 / bbl",livemint.com,summary_only
2024-09-17,5,1,0,,78a32fe004e2c767d3f24928a537261d7e62f106,"HNonline . sk - Ceny ropy vzrástli o viac než dolár , pôsobia na ne výpadky v produkcii po hurikáne v Mexickom zálive",hnonline.sk,summary_only
2024-09-18,5,1,0,,87ab2f6f4cff6e91fe11f23d209146c03584d002,Нужно больше нефти – Индия просит ОПЕК+ увеличить добычу : актуальные новости с мировых рынков на сегодня,comandir.com,summary_only
2024-09-19,5,1,0,,55b9cb67878580b5dfcccf4f722e6baee2723e94,"మహా ఎన్నికల ముందు పెట్రోల్‌ , డీజిల్‌ ధరలు తగ్గేనా ? | petrol - diesel - price - cut - before - maha - elections",eenadu.net,summary_only
2024-09-20,5,1,0,,b836d4f74b968e6e90962b5b9416d89bd829889e,Bloomberg : Унгария демонстрира процъфтяващите си руски бизнес връзки в противопоставяне на ЕС,focus-news.net,summary_only
2024-09-21,5,1,0,,702fcad295ac08b0e656c82a3807222c4f997a68,"Harga Minyak Turun , tetapi secara Mingguan Naik karena Pemangkasan Suku Bunga The Fed",beritasatu.com,summary_only
2024-09-22,5,1,0,,603898cf114babafdc4dd7ac7868e16a922ce264,"Labour is putting future of North Sea pipelines in doubt , warns boss",dailymail.co.uk,summary_only
2024-09-23,5,1,0,,adc9d8169bfc1f0a90e64e36312d34e6c156949c,Pdvsa busca incrementar su capacidad de procesamiento de crudo diluido,elsiglo.com.ve,summary_only
2024-09-24,5,1,0,,98a41a7b8e620ab5ff67cee7b653ee31fed8d6df,La sortie des énergies fossiles est un fantasme : lOpep voit la demande de pétrole croître au moins jusquen 2050,bfmtv.com,summary_only
2024-09-25,5,1,0,,b910526ed2333bad4a90882980d1d55cb6a5851a,"Falso que Dos Bocas costó 150 mil mdp , como afirma Gobernación ; se invirtieron más de 320 mil mdp",animalpolitico.com,summary_only
2024-09-26,5,1,0,,787898b193f35dc152c6324490ae72c56fc7381f,"Petrol Diesel Price Today 26 September , 2024 : Check rates in Delhi , Mumbai , Kolkata and other major cities",financialexpress.com,summary_only
2024-09-27,5,1,0,,0045f0138e9a871e149a2e2fd23006cd6a4858a0,"Claim - Petrol - Diesel can be cheaper by 2 - 3 rupees | દાવો - પેટ્રોલ - ડીઝલ 2 - 3 રૂપિયા સસ્તું થઈ શકે : માર્ચથી ક્રૂડ ઓઈલના ભાવમાં 12 % નો ઘટાડો થયો , પેટ્રોલ - ડીઝલ પર પ્રતિ લિટર રૂ . 15 સુધીની કમાણી કરી રહી છે કંપનીઓ",divyabhaskar.co.in,summary_only
2024-09-28,5,1,0,,8b7c4c325072df08cbc42d12636349347a648caa,Nueva era del petróleo : OPEP enfrenta cuatro grandes escollos para plan de producción,diariolasamericas.com,summary_only
2024-09-29,7,1,0,,32da3c5015df916421af2dcabf47ab8876448bdd,KPMG study analyses model oil shock to demonstrate potential impact,albawaba.com,summary_only
2024-09-30,5,1,0,,98b1975f2f360e66c9a9409eeadee0791fc28623,"Gazoduc transsaharien : LAlgérie , le Niger et le Nigeria tissent un partenariat",africanmanager.com,summary_only
2024-10-01,5,1,0,,96102c907e94514297f140b0583bee1aee96a690,Oil prices drop over 2 % to $70 / bbl as prospects of additional supply offset Mideast fears,economictimes.indiatimes.com,summary_only
2024-10-02,5,1,0,,5d7b65ff09a5cafc54f8abee599349c2eb33bd4f,Oil extends surge as Israel vows retaliation after Iranian assault | Yongchang Chin & Weilun Soon / Bloomberg,businessmirror.com.ph,summary_only
2024-10-03,5,1,0,,5bc34cc8e164f61e7ba6f35bcc8615aa68c562c8,Marathon Martinez Refinery fined $5 million by Bay Area Air Quality Management District for alleged violations,abc7news.com,summary_only
2024-10-04,5,1,0,,6a816840516a81c1fde7201ed9165a8516508662,"Nigeria Eyes 4 Million bpd Oil Output By 2030 , Unveils New Offshore Oil And Gas Reforms",arise.tv,summary_only
2024-10-05,5,1,0,,530f616a5d74fc2946c7b129392f394fd2c103f2,"ABDli yetkililerin açıklamaları , İrandaki rafineri ve nükleer tesislerin durumunu gündeme getirdi",aa.com.tr,summary_only
2024-10-06,5,1,0,,dd064e93841603a15c1d46260f78f4d4f225307b,جريدة البلاد | توقف مصفاة كربلاء النفطية بالعراق عن العمل بسبب أعمال صيانة,albiladpress.com,summary_only
2024-10-07,5,1,0,,1359dbff53691e7a6230f14d6a484b33e0bf4afc,"বর্তমান পত্রিকা : Bartaman Patrika | West Bengal frontliner Newspaper | Latest Bengali News , এই মুহূর্তে বাংলা খবর",bartamanpatrika.com,summary_only
2024-10-08,5,1,0,,8c6a1624627a41665df2c26673313ddf5967b520,AK & M выпустило отраслевой бюллетень по нефтегазодобыче - нефтепереработке с данными за сентябрь,akm.ru,summary_only
2024-10-09,5,1,0,,c7ed003adb9e89b39180db335c72cb8a89c4a9e5,"ABD , bu yıl ve gelecek yıl için petrol fiyatı tahminini aşağı yönlü revize etti",aa.com.tr,summary_only
2024-10-10,5,1,0,,5029e49ae18b4e45539d6607c9ee17f6fb0011ae,"Kembangkan Green Refinery , Kilang Pertamina Siap Optimalisasi Dukungan Pengurangan Emisi Karbon",koran-jakarta.com,summary_only
2024-10-11,5,1,0,,94c0663982867c5918faa5c66c535350e779bc7e,"Chemical leak at Houston - area plant kills 2 workers and injures several others , prompting city - wide shelter - in - place",cnn.com,summary_only
2024-10-12,5,1,0,,75231c1e51ae3b1fe22e3fd108d02b901d2b7858,"Deer Park : Revelan reporte de fuga de gas que causó dos muertes , ¿ Qué dice ? | Noticias de México",elimparcial.com,summary_only
2024-10-13,8,1,0,,7c274150b0a055f159a7f148f1e86490958503c1,جريدة الرياض | الولايات المتحدة توسع نطاق العقوبات على النفط الإيراني وتستهدف 23 سفينةً,alriyadh.com,summary_only
2024-10-14,5,1,0,,2e86c482b71f1f28027fc9b7549453c3039ba164,"Oil Prices Drop 2 % As OPEC Cuts Forecast , Iran Output Rises : Analyst Says Netanyahu May Doubt US Commitment To Restricting Iranian Export - United States Oil Fund ( ARCA : USO )",benzinga.com,summary_only
2024-10-15,5,1,0,,0dd131f693b0c82f77a3d1bbaf05e33a76a17b80,Η Σαουδική Αραβία « απειλεί » την οικονομία της Ρωσίας - Το δίλημμα του Putin για το πετρέλαιο,bankingnews.gr,summary_only
2024-10-16,5,1,0,,49c0c0ebdaee10783c7b6cfa62eefb4fbbfa9927,crude prices : Trump or Harris wont make a big difference ; crude prices to average in low $70s for Q4 : Vandana Hari,economictimes.indiatimes.com,summary_only
2024-10-17,5,1,0,,22699d7807042cae79ae20978c0eb2939ef43c36,"Oil prices could soar 62 % by early 2025 if the geopolitical situation deteriorates , Citi strategist says",aol.com,summary_only
2024-10-18,5,1,0,,5e70faf045bfef958fce99abaaf878399a1e6e8c,"Exploration of resources : Ghana crude oil production dips … PIAC observes , calls for urgent ...",businessghana.com,summary_only
2024-10-19,4,1,0,,12d6eed53a23b23c1985c150c137308bd869577e,Middle East Business : Opec lowers global oil demand growth outlook,gdnonline.com,summary_only
2024-10-20,5,1,0,,7ed90072b38138825286a26786e4db6dcd4a3339,ريستاد إنرجي : الهجمات على منشآت إيران النفطية تهدد إنتاج 1 . 4 مليون برميل يوميا,aleqt.com,summary_only
2024-10-21,5,1,0,,93980e1b2acd63bbaeee0eb1377dd225fec885ca,GÜNCEL PETROL FİYATLARI | Brent petrolün varil fiyatı kaç para oldu ? ( 21 Ekim 2024 ),cnnturk.com,summary_only
2024-10-22,5,1,0,,5d8cde17fdfc7cd0faf74a8497341d5e18163a14,"Suudi Arabistan ve Rusyanın yeni planında Çin detayı - CafeSiyaset - Siyaset ve güdeme dair , Son Dakika Haberler",cafesiyaset.com,summary_only
2024-10-23,5,1,0,,bc210bfea536b49ccaad5f96daa483c09ad66fae,استطلاع لـ رويترز : نمو الاقتصاد السعودي يتسارع العام المقبل بدعم إنتاج النفط,aleqt.com,summary_only
2024-10-24,5,1,0,,8de9f17911033a7a7f5e0c033d76244eba0c2f30,Информационно - справочные телефоны для совершеннолетних подопечных начнут работать в Мурманской области,b-port.com,summary_only
2024-10-25,5,1,0,,02cecf6ad5cbeb2451a6eaf731642fc424b0a2ab,الوطني 4 2 % نموا متوقعا للاقتصاد السعودي,alanba.com.kw,summary_only
2024-10-26,3,1,0,,0070ef7aebe5621c6b205b313302286782d6e284,Eni Cuts Guidance on Weak Oil Prices Commodities Roundup,morningstar.com,summary_only
2024-10-27,10,1,0,,71d4dffa049d801d66c3b3d45222aeb587fdd6ff,يو . بي . إس السويسري : اقتصاد الإمارات سينمو بأكثر من 5 % العام المقبل,albayan.ae,summary_only
2024-10-28,5,1,0,,3317b0734c6c3f7ba677017b9a8e5c78a57fccae,Chandra Asri Group Berinvestasi dalam Pengadaan Bahan Baku Biofuel dan Bermitra dengan Biofront,beritasatu.com,summary_only
2024-10-29,5,1,0,,198ea0c3a39d400671e5853a3f494f936f17d3ff,"Enterprise Products Misses Q3 Estimates , Boosts Cash Flow With New Asset Growth - Enterprise Prods Partners ( NYSE : EPD )",benzinga.com,summary_only
2024-10-30,5,1,0,,5d25ba7d346179c7eccf93fc76508a884912801e,"Dangote says refinery has 500 million litres of petrol in storage , can meet Nigeria demand",marketscreener.com,summary_only
2024-10-31,5,1,0,,2d3daf10adf963704928b479840ae729b1bf8208,Drilling activity in Canada has already seen a dramatic rise . A new project in B . C . will push it even higher,cbc.ca,summary_only
2024-11-01,5,1,0,,4416b3b481d4c478348fdceb435b7dc7e2d07ee7,Inauguración apresurada pasa factura a la refinería Dos Bocas : suspenden producción,expansion.mx,summary_only
2024-11-02,5,1,0,,b6a67a31b49dd931a4a07319286aa7f205652304,"Oil prices settle up slightly on Iran worries , but prices down for week",businesstimes.com.sg,summary_only
2024-11-03,10,1,0,,d47685c8686f0860c1848f69bead0a08c53e790b,OPEC+ agrees to delay December output hike for one month : sources - Markets,brecorder.com,summary_only
2024-11-04,9,1,0,,d56e0336d8c650ad7ef164387b8ecd3b74406b23,اعتصام مرتقب للمستخدمين بشركة سامير يوم الجمعة المقبل للمطالبة بإحياء المصفاة – اليوم 24,alyaoum24.com,summary_only
2024-11-05,8,1,0,,9a94ee2e6fd449bb8e2881f4503b55c4ebab57a5,Harga Minyak Turun karena Pertemuan Kongres China dan Pilpres AS Penuh Ketidakpastian,beritasatu.com,summary_only
2024-11-06,9,1,0,,6949cea1da50fe6744489ddfa0ce0a4de7c7e806,We support deregulation but not importation of off - spec products - Dangote to Pinnacle Oil,dailypost.ng,summary_only
2024-11-07,9,1,0,,90819dd529cce5d8fbeec235564305ef9fb9b52b,Νέα εξέλιξη με ελληνικό ενδιαφέρον - Η ρωσική Lukoil ετοιμάζει deal για την πώληση του Burgas,bankingnews.gr,summary_only
2024-11-08,8,1,0,,79d43a7757103889525e571321ebd0d832bfe039,oil prices : Oil prices fall as Hurricane Rafael expected to start weakening,economictimes.indiatimes.com,summary_only
2024-11-09,6,1,0,,d31518c491f12ef5d8766b8dba2cd6fcfd62ea24,Refinaria da Petrobras vai transformar poluente em produto rentável,agenciabrasil.ebc.com.br,summary_only
2024-11-10,10,1,0,,48b95c0a1e35505c8a10ed813b4357d9bb4d4826,Иран к марту 2026 года планирует нарастить добычу углеводородов на 400 тыс . б / с,arka.am,summary_only
2024-11-11,8,1,0,,a7699a08010aacbe15e01735e9831324f6903124,جريدة الرياض | السوق يجبر أوبك+ على تأجيل زيادة العرض لضمان توازن الأسواق,alriyadh.com,summary_only
2024-11-12,9,1,0,,8eac5b26c89b62c06a3118953e060aeebd319ab7,جريدة الرياض | النفط يستقر مع انحسار تهديد تعطل الإمداد وتدني التحفيز الصيني,alriyadh.com,summary_only
2024-11-13,10,1,0,,f20a045b8eb7a40094d7d6b7a0b32a945ab4fe5f,"Oil could plunge to $40 in 2025 if OPEC unwinds voluntary production cuts , analysts say",cnbc.com,summary_only
2024-11-14,10,1,0,,924376592774ee10a31ca8c68974b3c873f12617,Oil prices edge down in international market,arynews.tv,summary_only
2024-11-15,10,1,0,,b99a6d7898777e4560812f165b0beda6acbe7016,Иран к марту 2026 года планирует нарастить добычу углеводородов на 400 тыс . б / с,arka.am,summary_only
2024-11-16,5,1,0,,a45d4e6caeab8c3525f28b503d1296227a858b89,"Why are food prices so high , and what can Donald Trump do to lower grocery prices ? Experts weigh in",abc11.com,summary_only
2024-11-17,3,1,0,,4d01132d85fcf0629adad413f9c44e69f799e3aa,"Why are food prices so high , and what can Donald Trump do to lower grocery prices ? Experts weigh in",abc7.com,summary_only
2024-11-18,6,1,0,,dc5ac0138b02c8e0bfadfd74358aeb6f0e172a82,Trump pick for fracker - in - chief will have a tough time pumping a lot more oil,cnn.com,summary_only
2024-11-19,9,1,0,,8dfc24704a1f59a72ccfd0a2f5039bce760f86bd,"Oil prices settle higher on Norway output disruption , Ukraine - Russia tensions",businesstelegraph.co.uk,summary_only
2024-11-20,9,1,0,,3d5f0cbe55135a7a6bb6159f43487c2237e7c8c2,"Peak Oil Demand , EVs , & The Future Of Oil : A Cleantech Perspective",cleantechnica.com,summary_only
2024-11-21,9,1,0,,92e38f68d5b3e954fe441b53e90db9a54dd52aa5,Circle K : Ukraina sõja järjekordse punase joone ületamine tekitas naftaturul ärevust,arileht.delfi.ee,summary_only
2024-11-22,7,1,0,,a4b52d367e4d36eb420aaf5cc6a4d8aeac3117b9,Réunion OPEP - Russie : limportance de la stabilité des marchés pétroliers et énergétiques soulignée,aps.dz,summary_only
2024-11-23,5,1,0,,60843568427aefe72dfe6aae7571ec7298dbfab7,عبد الصادق : ليبيا تعتزم زيادة إنتاج الغاز الطبيعي إلى 4 مليارات قدم مكعب يوميا,alwasat.ly,summary_only
2024-11-24,8,1,0,,e23e7649ec3bdf306eb9b2710e9fbe0b27de9b3d,جريدة الرياض | ارتفاع أسبوعي 6 % لأسعار النفط مع تصاعد المخاطر الجيوسياسية,alriyadh.com,summary_only
2024-11-25,9,1,0,,0777398b4c1c8ec45119e9e2745933548cc19154,"Asia Mixed , Europe Markets Gain While Gold And Dollar Dip - Global Markets Today While US Slept - SmartETFs Asia Pacific Dividend Builder ETF ( ARCA : ADIV )",benzinga.com,summary_only
2024-11-26,9,1,0,,422b549bb602a657743594d7beb8a474f786dd2c,Harga Minyak Mentah Turun Lebih dari US$ 2 karena Potensi Gencatan Senjata di Timur Tengah,beritasatu.com,summary_only
2024-11-27,10,1,0,,4c3dcb9e1d09d4aec2cf86fbb4559c15c50082ba,Asia podría beneficiarse de un petróleo canadiense y mexicano más barato si Trump impone aranceles,americaeconomia.com,summary_only
2024-11-28,8,1,0,,abd89739e4e1311643da1cfe2439f81c35b76aca,"Trump 2 . 0 to see reduction in global wars , lesser geo political uncertainty & stable crude : Report",aninews.in,summary_only
2024-11-29,9,1,0,,972b4c2abf6c8cf772df4976a6de134ba4e2357d,Asia And Europe Markets Mixed ; Oil Falls And Dollar Cools - Global Markets Today While US Slept - SmartETFs Asia Pacific Dividend Builder ETF ( ARCA : ADIV ),benzinga.com,summary_only
2024-11-30,5,1,0,,2d52b85351164a88938f33f057105af7a56c8a9c,"Brent petrol haftayı 72 , 34 dolarla kaparken ABDde petrol sondaj kulesi sayısı azaldı",dunya.com,summary_only
2024-12-01,9,1,0,,6647fd0cc650c17b87f134f506ba7ce6cb192233,Crude Oil Weekly Forecast - 01 / 12 : Predictable Range ( Chart ),dailyforex.com,summary_only
2024-12-02,9,1,0,,e1ba74f479838daa92334d7203f86c1cb7d30d06,"Oil rises on upbeat China data , Israel - Lebanon ceasefire | Business",en.ammonnews.net,summary_only
2024-12-03,5,1,0,,278bcce5c986f882b27d60a249ad200fd44addaa,Asia And Europe Markets Gain ; Oil Rises Ahead of OPEC+ Meeting - Global Markets Today While US Slept - SmartETFs Asia Pacific Dividend Builder ETF ( ARCA : ADIV ),benzinga.com,summary_only
2024-12-04,5,1,0,,7d6e40fbe21f27145cb1f6153bcdfba240a72d70,"Global action at this hour - Here are top 6 global cues to watch , ahead of market opening - Market News",financialexpress.com,summary_only
2024-12-05,5,1,0,,c3b25f3dfc3aad2774771eab38fdad494cd1be30,Ще се вдигне ли цената : ОПЕК + удължи за дълго време съкращенията при петролното производство,actualno.com,summary_only
2024-12-06,5,1,0,,f5f953c22e9f7af0a2d72f5f3f1651b8e6e9e251,Key members of OPEC+ alliance are putting off production increases amid slack crude prices,abcnews.go.com,summary_only
2024-12-07,5,1,0,,1e2f9dc3f6b5adcc50dd05f60d1b8875823ace54,Harga Minyak Mentah Turun Lebih dari 1 Persen karena Kekhawatiran Kelebihan Pasokan,beritasatu.com,summary_only
2024-12-08,9,1,0,,a363772b91d7086e4defa7627fc4e5da79bcbb0a,الاقتصاد السعودي يتحول للنمو بـ 2 . 8 % للربع الثالث مع تلاشي أثر خفض إنتاج النفط,aleqt.com,summary_only
2024-12-09,5,1,0,,5420fe7305c6d50d65c81ab578b32d9f9e6af632,Oil prices mixed as rising Mideast tensions offset demand concerns,economictimes.indiatimes.com,summary_only
2024-12-10,5,1,0,,3f56981d8ca69023dd05750e74d7151262501c53,أوبك : تفويض هيثم الغيص أميناً عاماً للمنظمة لفترة جديدة مدتها 3 سنوات,3yonnews.com,summary_only
2024-12-11,5,1,0,,2d31a50bd6e83bf884c33bad098a37fca6bc18d3,ОПЕК отново понижи прогнозите си за търсенето на петрол през 2024 и 2025 г .,bnr.bg,summary_only
2024-12-12,5,1,0,,2aee0cd5f6f69325d70b85bd7a17bf0d8c1c4f58,IEA expects comfortably supplied oil market in 2025 despite demand hike,businesstimes.com.sg,summary_only
2024-12-13,5,1,0,,1f843ccbdfeb440fe47ef855da8b03cfb45145d1,AK & M выпустило отраслевой бюллетень по нефтегазодобыче - нефтепереработке с данными за ноябрь,akm.ru,summary_only
2024-12-14,4,1,0,,d4ac4bfe2082c55de1defbba4719f7e44478cebd,جريدة البلاد | السعودية تقود النمو الاقتصادي في المنطقة,albiladpress.com,summary_only
2024-12-15,4,1,0,,c9bb8851d7d57665e0f4d1b94279fcf256ff7de3,« أوبك » تُخفض توقعاتها لنمو الطلب على النفط في 2025,alwasat.ly,summary_only
2024-12-16,5,1,0,,000c20d771c9745db99a919cae3c44edf5c87020,Six Areas to Watch in Crude Oil Markets,institutionalinvestor.com,summary_only
2024-12-17,5,1,0,,4516418e82e9b3b35312a934aaa023cc0e43d111,جريدة النهار الكويتية | خبراء لديوانية « النهار » حول « مستقبل الاستثمارات النفطية »: أبعِدوا القطاع النفطي عن السياسة ليصبح أكثر كفاءة,annaharkw.com,summary_only
2024-12-18,5,1,0,,c58e09c2996bd2ed46ff839fd3634bb02e11105a,"Libya Economy Faces Contraction in 2024 Despite Oil Recovery , World Bank Report Highlights Diversification and Stability Needs",devdiscourse.com,summary_only
2024-12-19,5,1,0,,aa9ac7a35866293023fa03b4a08d7799704793af,"In Nigeria crude capital , a plan to win the war against oil theft | Oil and Gas News",aljazeera.com,summary_only
2024-12-20,5,1,0,,6486c8ec593e46df8041a14b588107edaed46957,Crude Oil faces near 2 % loss for this week with traders reducing hedges on Oil for 2025,fxstreet.com,summary_only
2024-12-21,2,1,0,,303c34804b4eecae505d3d11286c118b36c2f8bb,3 . 7 % نسبة النمو المتوقعة لدول الخليج في 2024,emaratalyoum.com,summary_only
2024-12-22,10,1,0,,6eff29d7c7782bb35827675908b29291a5977477,جريدة الرياض | النفط يسجل خسائر أسبوعية 3 % وسط مخاوف الطلب,alriyadh.com,summary_only
2024-12-23,5,1,0,,e472e462e08a54573bc137331b0b7198f04b4ab4,Tariff threats cast a shadow over U . S . reliance on Canada for the majority of its oil imports,columbian.com,summary_only
2024-12-24,5,1,0,,316b6f5c9ed693121881f458bbfe4969ea94b184,Александр Якущенко совершил самоубийство в России - его вывезли из детдома под Херсоном,24tv.ua,summary_only
2024-12-25,5,1,0,,24d9c4bfb545fb1053b5f610d397ce6dbca18672,​Минимум один уничтоженный резервуар : в Сети показали последствия удара по Новошахтинскому НПЗ -,dialog.ua,summary_only
2024-12-26,5,1,0,,c9b56c3b83c703741cb3fd6153dbbef820b9ae13,"Asian Markets Up , Europe Closed ; Dollar Hovers Near 2 - Year High - Global Markets Today While US Slept - SmartETFs Asia Pacific Dividend Builder ETF ( ARCA : ADIV )",benzinga.com,summary_only
2024-12-27,5,1,0,,6c2222378ecaeb99de585e69f0307ced1ede8c8e,Opinion : Alaska is a climate victim and a perpetrator . The next four years will only make matters worse .,adn.com,summary_only
2024-12-28,5,1,0,,f69829117fe7623ca7f2e4f0b28089ea5124d787,OPEC Fund provides $20 million loan to boost agricultural transformation in Malawi,africaleader.com,summary_only
2024-12-29,5,1,0,,a2e21bb4c28bd61a2187f23a8e6e1e2e0cb23ec4,"Reliance Jamnagar refinery , an industrial marvel , turns 25",aninews.in,summary_only
2024-12-30,5,1,0,,0ad0cbc67682bd5a47d3be9123c16f3053c0823b,"Bull run in Gold will continue in 2025 over hedge against geo - political crisis , central bank buying : Report",aninews.in,summary_only
2024-12-31,5,1,0,,37d97b6a03a815c4ce17559a34ebcf193a09c1e5,"Crude oil edges up ; Check petrol , diesel rates today on December 31 in Bengaluru , Mumbai , Hyderabad and Guwahati",financialexpress.com,summary_only
2025-01-01,5,1,0,,d54bb2d04251bef49ceea9cb3cda54ae8d305ef5,"2025 Commodity Outlook : Expect bumps in coffee , cocoa , oil and other key markets",ghanaweb.com,summary_only
2025-01-02,5,1,0,,29464693e90dbf75e461649f0d746464dfab9e3a,"Petrol demand surges nearly 10 % on holiday demand ; Check petrol , diesel price today 2 January 2025 in New Delhi , Rajkot , Shimla , Thane and Bangalore - Commodities News",financialexpress.com,summary_only
2025-01-03,5,1,0,,00b80fd0abf1509d45a4adcb8b98e0aec2e24e97,عالمی منڈی : خام تیل کی قیمت میں 2 فیصد اضافہ : برینٹ خام تیل کئی ہفتوں بعد 76 ڈالرز فی بیرل کی سطح عبور کر گیا,dailyaaj.com.pk,summary_only
2025-01-04,5,1,0,,35dd523d11c980beef32f450f538183774c2874d,"पाइपलाइन से तेल चोरी : प्रेशर में गिरावट के बाद हुआ उजागर , तमगांव पुलिस ने दर्ज किया मामला",haribhoomi.com,summary_only
2025-01-05,9,1,0,,397ae54fa4536e096a42b6d26801d758b0278b03,Tchad : Le Président de la République réaffirme lambition énergétique du Tchad lors de sa visite à la raffinerie de Djarmaya,alwihdainfo.com,summary_only
2025-01-06,5,1,0,,4ad533cd776c50c2d9764153ca7e1917b41588f6,"Brent Crude Oil Averaging $65 in 25 to Keep OPEC+ Under Pressure , BofA Says",bloomberg.com,summary_only
2025-01-07,5,1,0,,7a42001f84d468d49f16662f3b3c49d36d7471fc,"WTI declines to near $73 . 00 despite higher energy demand , UAE supply cuts",fxstreet.com,summary_only
2025-01-08,5,1,0,,efdf1711352164e4a9dd6e294f6dbe64e6f1feaf,جريدة البلاد | تقرير دولي : اقتصادات دول التعاون الخليجي ستسجل نموا بنسبة 4 . 4 % في 2025,albiladpress.com,summary_only
2025-01-09,5,1,0,,7fb28c3f66d2701815402058c788b2f70db38474,Estamos aquí para apoyar al presidente Maduro : secretario de la OPEP llegó a Caracas,noticierodigital.com,summary_only
2025-01-10,5,1,0,,0d2d3de440e4126fdd020ff3c3a64563a8391b88,"İşte en fazla petrolü olan ülkeler - CafeSiyaset - Siyaset ve güdeme dair , Son Dakika Haberler",cafesiyaset.com,summary_only
2025-01-11,5,1,0,,7ba1fc5f5a125ec3bb8569d8735aeac655762632,Crude oil spikes most in three months as new Russia oil sanctions taken more seriously,seekingalpha.com,summary_only
2025-01-12,5,1,0,,b19c03ba5567c88556eb02d16a575859c127f1f6,中油 ： 13日起汽油漲5角 95無鉛每公升30 . 7元 | 生活,cna.com.tw,summary_only
2025-01-13,5,1,0,,9b15d8b8489c6f9be4bdd94a031cce3f249653ff,Indija aptur tirdzniecību ar ASV sankcijām pakļautajiem naftas Krievijas tankkuģiem un uzņēmumiem - BNN,bnn.lv,summary_only
2025-01-14,5,1,0,,92df6c633a7d4af99ecb71859da285638970b8bb,"Oil prices remain near four - month highs as markets weigh Russia sanctions impact , ET Auto",auto.economictimes.indiatimes.com,summary_only
2025-01-15,5,1,0,,db513cc4f1c92a87894000433da4e4a1bcb73848,OPEC Optimism Clashes With IEA Conservative 2025 Oil Growth Projections - United States Oil Fund ( ARCA : USO ),benzinga.com,summary_only
2025-01-16,5,1,0,,935b29ad36cbf5bc0f838b0d27a7bc2ef53c4a5c,"Libya seeks to revitalize energy sector with fresh exploration activities , projects",aa.com.tr,summary_only
2025-01-17,5,1,0,,584cd281a0909c228600348509140fa115abf7d0,Dangote Refinery Increases Petrol Price To N955 / Litre Amid Global Oil Price HikeDangote Refinery Increases Petrol Price To N955 / Litre Amid Global Oil Price Hike -,informationng.com,summary_only
2025-01-18,5,1,0,,854caaa0285eaea829b7d2ddd312db033d44de67,Report : Chevron Owed Venezuela $300 Million in Taxes Despite Sanctions,breitbart.com,summary_only
2025-01-19,9,1,0,,f07e52ae7c705f7245b5e5c4373b7a572cc1725f,Global oil market highlights in December 2024 as reported by OPEC ( Report ),iranoilgas.com,summary_only
2025-01-20,5,1,0,,9fc0b102e030b7deb2a209704bbc58af43b82a2a,"Nigeria transforming to producer , net exporter of refined petroleum products – NNPCL",blueprint.ng,summary_only
2025-01-21,5,1,0,,ba72bea89a9465114bdbc54e9811967c5c1224cc,"Nigeryjskie paliwo zaleje Afrykę . Jest go tyle , że zachwieje również europejskim rynkiem",bankier.pl,summary_only
2025-01-22,5,1,0,,559edafebabffc4adca81c5698cecc0103abf815,Как извънредното положение в енергетиката на САЩ се отрази върху цената на петрола ?,actualno.com,summary_only
2025-01-23,5,1,0,,2952b448e7a95e677da166a648487fff40421da0,"Govt looks to India in Trincomalee , turns to China in Hambantota in oil refinery push - Top Story",dailymirror.lk,summary_only
2025-01-24,5,1,0,,36044163254071215bdaf9603880bb58f2b3a10a,"​ Нет у нас в Рязани больше завода , – свыше 10 хлопков раздалось в районе НПЗ и ТЭЦ – кадры сильнейшего пожара -",dialog.ua,summary_only
2025-01-25,5,1,0,,2d2886ec195df14c64763ecc7d58b72c7662e0aa,"Oil prices settle pennies higher , down for week as Trump touts energy policy",businesstimes.com.sg,summary_only
2025-01-26,5,1,0,,df1ff74e16edfffce3e4af23c06e0e724b2cee52,Удар по Рязанскому НПЗ 26 января - какие последствия атаки на российский завод - 24 Канал,24tv.ua,summary_only
2025-01-27,5,1,0,,65f7dbcde015fb1f0f681ced19799d8fa681e101,​ Лютый атаковал нефтебазу в Тверской области : в Сети появились кадры с места событий -,dialog.ua,summary_only
2025-01-28,5,1,0,,87cd8f50173d417876342d46222fa253cbd0e77e,"Oil prices hold near two - week low as weak China data adds to demand concerns , ET Auto",auto.economictimes.indiatimes.com,summary_only
2025-01-29,5,1,0,,9438c0c69cc6f9fb472e2fdcf27933ce9a96861e,Lurer . com | ԵՄ - ն քննարկում է Ռուսաստանի Դաշնությունից նավթի ժամանակավոր պահեստավորման արգելքը ․ Bloomberg,lurer.com,summary_only
2025-01-30,5,1,0,,630d26ac52793bfcf99ffd125559937b844ceb5b,"Oil prices : Oil steady as markets await clarity on tariffs by Trump on Canada , Mexico",economictimes.indiatimes.com,summary_only
2025-01-31,5,1,0,,35639ff3bbca394c0baddc80990d36032ceddb91,"Guerra de Ucrania , hoy en directo | Zelenski pedirá a Europa parte de la ayuda que ha suspendido Trump",diariodemallorca.es,summary_only
2025-02-01,5,1,0,,94231886d714fdbd086139c8c4e05eaa858d2abd,Kazakhstan Ships First Kashagan Oil Through Baku - Tbilisi - Ceyhan Pipeline,astanatimes.com,summary_only
2025-02-02,6,1,0,,70f2eca561b0a3b1cf5219562e59e339dc6eb5b8,"В Калифорнии на НПЗ вспыхнул пожар - в чем причина , есть ли пострадавшие - Новости США",24tv.ua,summary_only
2025-02-03,5,1,0,,8460fd6b77c8d421ecdfbaca93fac87bd24d1aae,"JMMC подтвердил текущую политику добыче ОПЕК+ , включая восстановление с 1 апреля части добровольно сокращенных объемов рядом стран соглашения",neftegaz.ru,summary_only
2025-02-04,5,1,0,,99eee771a32a6771c5bf7febfb4777ec19f31abf,Tramp preti da će ugušiti rusku ekonomiju kako bi zaustavio rat u Ukrajini : Moskovski tajms analizira da li blefira - Svet,danas.rs,summary_only
2025-02-05,5,1,0,,57cc1ed6f21e1ad512c3cdc00ead23b11a079c6a,Maksimum baskı yeniden başladı : Petrol fiyatları Trump ın İrana yönelik hamlesine rağmen düşmeye devam ediyor,dunya.com,summary_only
2025-02-06,5,1,0,,4eabfd39aaa7ef658ee28dbbf77696e09028e7e1,Планы Трампа по снижению цен на нефть - почему Саудовская Аравия тормозит процесс,24tv.ua,summary_only
2025-02-07,5,1,0,,0762341e5ce312823ba14823cf42fddfb0b78f88,"Удары Украины по России в январе 2025 - где и что атаковали дроны , последствия для войны",24tv.ua,summary_only
2025-02-08,5,1,0,,4048d3083024a21a901e790e0c51b97f5463bd1f,Oil prices set for third straight weekly fall on tariff concerns,businesstimes.com.sg,summary_only
2025-02-09,5,1,0,,718d2ead443fd63e14bb1d6fdce6d157c17e512a,Разгонный блок от ПВО упал под российским Волгоградом - город уже не раз атаковали дроны,24tv.ua,summary_only
2025-02-10,5,1,0,,43d2b1cbf304c962b37cfb381684adba89eb4782,"Asia Markets Mixed , Europe Advances , Gold Hits Record High On Safe - Haven Demand - Global Markets Today While US Slept - SmartETFs Asia Pacific Dividend Builder ETF ( ARCA : ADIV )",benzinga.com,summary_only
2025-02-11,5,1,0,,5d468601f3bd2c630cd73a032a12e57c8c725d4d,Силы обороны Украины нанесли удар по крупному НПЗ в Саратове – в Генштабе сообщили подробности -,dialog.ua,summary_only
2025-02-12,5,1,0,,d044f2d3651a715ac7528facf35a35fe4b46268f,​В феврале НПЗ России придется еще хуже : эксперты прогнозируют новые визиты вежливости дронов Украины -,dialog.ua,summary_only
2025-02-13,5,1,0,,1350007fe523f0e4a5bec912de15f1cd168b7425,India trade deficit likely to narrow to $20 . 88 bn in Jan from $21 . 94 bn in Dec : Union Bank of India,economictimes.indiatimes.com,summary_only
2025-02-14,5,1,0,,20c4fa5e5cc7e6b02719b2cf0fdcb8467dc01d36,مائی کلاچی ریلوے پھاٹک پر مال گاڑی اور ٹینکر کے درمیان تصادم ، ڈرائیور زخمی,express.pk,summary_only
2025-02-15,5,1,0,,cdca8f39b552f6441839a4249957c182e51d28c8,Fiyatlar Dip Yaptı ! Petrol Fiyatları 4 Haftadır Aralıksız Düşüyor : Son 3 Ayın En Düşük Seviyesi,gercekgundem.com,summary_only
2025-02-16,6,1,0,,95281c9b637baad4c29bc66610153aeace039291,OPEC Fund in talks with Lebanon to launch key economic support initiative,arabnews.com,summary_only
2025-02-17,5,1,0,,bac484cb2ff5d4e409f3604fcc9849b76dbd0144,"Саткалиев объяснил министру энергетики Саудовской Аравии и главе ОПЕК , почему Казахстан увеличил добычу в январе",azh.kz,summary_only
2025-02-18,5,1,0,,9cfe8e74ebfbb0859213276c6c7003b0e3be4458,"Asia And Europe Markets Mixed , Oil Edges Higher After Pipeline Attack - Global Markets Today While US Slept - SmartETFs Asia Pacific Dividend Builder ETF ( ARCA : ADIV )",benzinga.com,summary_only
2025-02-19,5,1,0,,456df49d5a30f5d3a4329bd899b7548091fe0888,Moscú : El ataque contra refinería es la respuesta de Ucrania a EE . UU . a las negociaciones con Rusia,actualidad.rt.com,summary_only
2025-02-20,5,1,0,,b4ab2c4c2d5f42567155b3e1236af21d43bd4a85,"Trump Administration Fossil Fuel Projects : Trump administration moves to fast - track hundreds of fossil fuel projects , ET Auto",auto.economictimes.indiatimes.com,summary_only
2025-02-21,5,1,0,,8d9ca364a9b08ad366c0b29234f13e458fabcfc0,WTI consolidates below mid - $72 . 00s ; seems poised to register gains for the first time in five weeks,fxstreet.com,summary_only
2025-02-22,5,1,0,,c0aa1efcb86c684a2d581e9546af8b9ca752c455,Генштаб ВСУ подтвердил удар по нефтеперекачивающей станции в Краснодарском крае,charter97.org,summary_only
2025-02-23,5,1,0,,96d25ad3ae1a1aa3ca1a1ae84bf551b0ddb18cf8,بالاترین : فشار آمریکا برای ازسرگیری صادرات نفت کردستان : شروع نشود بغداد را مثل تهران تحریم می‌کنیم,balatarin.com,summary_only
2025-02-24,5,1,0,,e0185db319d8e53034868b2c29e3ba503091e6c6,"Τρομερή αποκάλυψη για την ακρίβεια – Η Ευρώπη πληρώνει 5 φορές πάνω το φυσικό αέριο από ό , τι στις ΗΠΑ , σε παγίδα ο Trump",bankingnews.gr,summary_only
2025-02-25,5,1,0,,1483bf543947fa49a8135ac7b3ce76771952e7f8,"Oil Updates crude gains on supply concerns from Iran sanctions , strong refining margins",arabnews.com,summary_only
2025-02-26,5,1,0,,e7d28734cd9c63f45afa1e3d11325cfd01e01b27,جريدة البلاد | الخبير الدولي بمجال الطاقة فؤاد الزاير لـ البلاد : أوبك لا تتحكم في أسعار النفط .. وتوجه دول الخليج للطاقة المتجددة مدروس بعناية,albiladpress.com,summary_only
2025-02-27,5,1,0,,698834d53cc5cb4d49b11fa9a000d48c786b6ecd,"European Stocks Rise , Global Debt Hits Record $318 Trillion , and Oil Prices Rebound",econotimes.com,summary_only
2025-02-28,5,1,0,,d37733fa3880231418fe6c5f207f4e9862440f66,Oil Updates crude heads for first monthly drop since November as economic uncertainty weighs,arabnews.com,summary_only
2025-03-01,5,1,0,,95ff4813594fe4b3c8084054545e5a37ea5a0bdb,Դեսպան Հովհաննիսյանն ու ՕՊԵԿ հիմնադրամի նախագահը քննարկել են համագործակցության հարցեր,1in.am,summary_only
2025-03-02,6,1,0,,db38fa7f96966e10b6ab08c0f3edb00b50a72ac6,"After HPCL , Government headhunter fails to find right candidate BPCL top job",dailyexcelsior.com,summary_only
2025-03-03,9,1,0,,bf88f0441384491833455ef7b0310679678de51b,"OPEC+ , 내달부터 예정대로 원유 증산 계획 … 유가 2 % 급락",edaily.co.kr,summary_only
2025-03-04,9,1,0,,6cdcf2d05b14c96ad2da200cab8edca1a1ab38cd,"Oil Updates slides on OPEC+ output increase , tariff uncertainty and Ukraine aid pause",arabnews.com,summary_only
2025-03-05,7,1,0,,21fedf0116bfd38d1d6cdf9d277db0465831ad66,Спад на петрола до 6 - месечни дъна заради тарифната война и повишаване на добивите от ОПЕК+,bnr.bg,summary_only
2025-03-06,7,1,0,,56d3a16ecbb72bde00576a7af0ca92f642be8388,"Oil Prices Hit Multi - Year Lows As OPEC+ Production , Tariffs Weigh On Market - United States Oil Fund ( ARCA : USO )",benzinga.com,summary_only
2025-03-07,9,1,0,,c1d8f1f0c696cdc42f45dc4d7d2a52f01320b337,Baystreet . ca - Oil Prices Fall Below $70 A Barrel And Hit Six - Month Low,baystreet.ca,summary_only
2025-03-08,5,1,0,,fcc462cc042162bd5aff0d28740dd3016f1e141a,جريدة البلاد | ارتفاع أسعار النفط مع زيادة الطلب وتخفيضات الإنتاج,albiladpress.com,summary_only
2025-03-09,9,1,0,,3d9bc972c276e86b428a8a1106d972057245193e,Saudi Aramco cuts crude oil prices for Asia,arabnews.com,summary_only
2025-03-10,9,1,0,,5957c382c22b92823a2d51f0c603012ed9854417,North Sea oil tanker collision live updates : Urgent search and rescue mission underway as fears of environmental disaster grow with huge jet fuel inferno raging on,dailymail.co.uk,summary_only
2025-03-11,10,1,0,,e071f12a024c4ae3d7e36de68f2f0e4fc31b668c,Pump Prices Continue Decline | News Radio 1190 KEX,1190kex.iheart.com,summary_only
2025-03-12,10,1,0,,c8728d00bfbcb2819b726d5013a8205502aca389,"Oil prices rise on weak dollar , but concerns over tariff impact cap gains",dunyanews.tv,summary_only
2025-03-13,9,1,0,,172f9cb45faa4ed89cae516f20aecf8b9461c52b,Brent Crude Update – Oil Prices Rally as EIA Reduces Oil Surplus Estimates,actionforex.com,summary_only
2025-03-14,7,1,0,,f7b295be7e6cadc29dde76c59178842df3cdac3a,"Kazakhstan exceeds oil quota , fueling OPEC+ output growth",cyprus-mail.com,summary_only
2025-03-15,6,1,0,,98f788f09752c3ab025cfad45fd3e6d676c3b26a,"This CHILLING prediction made by New Nostradamu with India link came true this week , he claimed ...",dnaindia.com,summary_only
2025-03-16,6,1,0,,8aeb4ac03f3e692a861c27c615a8eec1ead57ebb,أسعار النفط الخام تسجل مكاسب أسبوعية طفيفة في الأسواق الآجلة,elbrqnews.com,summary_only
2025-03-17,5,1,0,,5bc5571f9545da0b589e770f10e9da198ae1f8d4,"Oil prices tick up on US attack on Houthis , China economic hopes",businesstimes.com.sg,summary_only
2025-03-18,5,1,0,,48c8b699f27893a1d163b725a10d52fadf1d8813,"Nigeria : Concerns Over Nigeria N55tn Budget As Crude Output Deficit Hits 390 , 000bpd",allafrica.com,summary_only
2025-03-19,5,1,0,,0ce09e73321104c1dce68f95052587d669500980,"Trans - Niger Pipeline explosion : Nigeria crude output , revenue face decline amid Rivers chaos",dailypost.ng,summary_only
2025-03-20,4,1,0,,91a60c32bb85a95f92bd7ba75020fe5da07a6b45,Oil prices settle US$1 higher after US issues new Iran - related sanctions,businesstimes.com.sg,summary_only
2025-03-21,5,1,0,,53c8e48afab2a73312a54b1f99c0acd079e1c240,"Oil Updates crude set for 2nd straight weekly gain on Iran sanctions , planned OPEC+ cuts",arabnews.com,summary_only
2025-03-22,1,1,0,,dc94639f409f8c30959906c564b791e503e624ac,Oil prices rise for second consecutive week on expected tighter supply,finance.yahoo.com,summary_only
2025-03-23,4,1,0,,b2623a5a8ede4485bb93a27176b7b3304e564aea,Crude Oil Weekly Forecast - 23 / 03 : Slight Bounce ( Chart ),dailyforex.com,summary_only
2025-03-24,5,1,0,,2cee6bd3ab53c91ddb2d7e06c4787969ef3f3b01,Oil Updates crude slips as investors monitor Russia - Ukraine ceasefire talks,arabnews.com,summary_only
2025-03-25,5,1,0,,3b505f47ffbdd1e70eb42d4c08985377ff3cea81,جريدة الرياض | النفط يرتفع مع تأثر الأسواق بالعقوبات الجديدة على الصادرات الإيرانية,alriyadh.com,summary_only
2025-03-26,5,1,0,,cf7126290232e1ffb6be4c95350f5c8e4e7de532,利空因素占据上风油价短期反弹空间或有限,finance.qianlong.com,summary_only
2025-03-27,3,1,0,,8b86457ceea9ae409c920c0e01d389beeb764105,Oil eases as markets take stock of Trump auto tariffs | Hellenic Shipping News Worldwide,hellenicshippingnews.com,summary_only
2025-03-28,3,1,0,,4e7ae3624b9a340ccd2a00629531fdd9f2d4f418,Crude Oil Forecast Today 28 / 03 : Buyers Defend Oil ( Chart ),dailyforex.com,summary_only
2025-03-29,5,1,0,,f1bbda7f2c065c988dc2435a0f156d82c7c6a9c0,Oil slips on recession fears but posts 3rd weekly gain,economictimes.indiatimes.com,summary_only
2025-03-30,5,1,0,,58080816ba7b873cc8d928b33922066664ade14a,Компания Alpha MBM Investments получила от Уганды 60 % проекта НПЗ в Кабаале,pronedra.ru,summary_only
2025-03-31,9,1,0,,33a411141d18a25fab2e3401c516cbee05f60057,جريدة الرياض | « أوبك » تتوقع استمرار النمو القوي في الطلب على النفط في عام 2026,alriyadh.com,summary_only
2025-04-01,8,1,0,,2000d45c5658ee6bae5e9f29a7e28843fa5f2b17,"Stock Market Opening Bell : నష్టాల్లో మొదలైన దేశీయ స్టాక్ మార్కెట్లు , తర్వాత దూకుడు | Stock Market Opening Bell Nifty Sensex Bank Nifty Today updates avn",andhrajyothy.com,summary_only
2025-04-02,7,1,0,,1a47f6406b699259bb8590da32b706e6dd0d2ef0,Stock Market Opening Bell : లాభాల్లో ఓపెన్ అయిన దేశీయ స్టాక్ మార్కెట్లు | Stock Markets Opening Bell Nifty Sensex Bank Nifty Midcap fin bankex Today updates avn,andhrajyothy.com,summary_only
2025-04-03,9,1,0,,4718232c0c417c2bdc83354732810a56291efa3a,"Eight OPEC+ producers accelerate crude oil output hikes , pushing oil prices 6 % lower",cnbc.com,summary_only
2025-04-04,8,1,0,,0f3bb4a3271d6f989ec3e827782d682eed3dbe96,"Noi date despre avaria din sistemul național de energie , care a provocat panică la Ploiești . Cât de gravă este situația",antena3.ro,summary_only
2025-04-05,9,1,0,,236789367f1803349a8f0d2968ec467f4147f2d6,Oil dives 7 % to lowest in over three years on China tariffs,businesstimes.com.sg,summary_only
2025-04-06,5,1,0,,ce5885d172504243781242e280a3643cefb269b9,Kuwait : Oil Minister : Kuwait to continue playing leading role in supporting oil market stability,gdnonline.com,summary_only
2025-04-07,10,1,0,,461ba6104e0777349547cc2645cf626c812b2a60,Oil Crashes To $60 Per Barrel As Global Recession Fears Grow - Exxon Mobil ( NYSE : XOM ),benzinga.com,summary_only
2025-04-08,8,1,0,,bf47559caa368b10e08f6966098570eb663db9b6,"Goldman Sachs Slashes Oil Forecasts Again , Warns Of $40 Brent In Extreme Tariff - Driven Recession Scenario - Goldman Sachs Group ( NYSE : GS ), Raymond James Finl ( NYSE : RJF )",benzinga.com,summary_only
2025-04-09,10,1,0,,bb095be37c7d0992afe65965db467226b0520549,Baystreet . ca - Oil Prices Drop to Lowest Level Since Pandemic as Trade War Accelerates,baystreet.ca,summary_only
2025-04-10,10,1,0,,8253b206967a617435e8ec7c2315554a3651f72f,Пожар на НПЗ в России 10 . 04 . 2025 - что известно о возгорании в Комсомольске - на - Амуре,24tv.ua,summary_only
2025-04-11,8,1,0,,692371fde8ffbbad9589d1daa388d387915b51e7,"gas price hike : Donald Trump yelled Drill , Baby , Drill and blamed Joe Biden for gas prices , but now they are even higher under his watch",economictimes.indiatimes.com,summary_only
2025-04-12,5,1,0,,3a7562060f9dc79dd5d8babee220a5d20f92df3a,بالاترین : خبرگزاری رویترز : آمریکا پایانه نفتی چین را به‌دلیل ارتباط با نفت ایران تحریم کرده است,balatarin.com,summary_only
2025-04-13,6,1,0,,5b68107096d6c40e51076c3406817b2da0bd7e38,Why Empire Petroleum Corporation ( EP ) Stock is Gaining This Week,finance.yahoo.com,summary_only
2025-04-14,9,1,0,,23094fd98214988fea9c342fd5ea8a369c9b6724,Goldman Sachs понижи прогнозите си за петролните цени през тази и следващата година,bnr.bg,summary_only
2025-04-15,10,1,0,,28fb8ca0511d9d61309d535705f51ba04bca9102,"Trump Administration Tariff Policy : Oil edges up on potential US tariff exemptions on cars , pick - up in China crude imports , ET Auto",auto.economictimes.indiatimes.com,summary_only
2025-04-16,10,1,0,,ef7eda505a7c9544ad3126477abe35a78d377a55,أسعار النفط تستقر مع تقييم الأسواق آثار الحرب التجارية,albayan.ae,summary_only
2025-04-17,8,1,0,,c3e1a7a470f6aaa37b83b624e16e9b591313b3f4,النفط عند أعلى مستوى في أسبوعين بعد عقوبات أمريكية جديدة تستهدف صادرات إيران,aleqt.com,summary_only
2025-04-18,5,1,0,,fad40903cd45039d24a16df8747ce484669f8550,جريدة الرياض | أميركا تصدر وتستورد 10 ملايين برميل من النفط يوميًا غير متأثرة بالرسوم,alriyadh.com,summary_only
2025-04-19,2,1,0,,4bcba09e75eba77ccdaddd7e6543dc8b98d2a14c,چین پر نئی امریکی پابندیوں سے تیل کی عالمی قیمتوں میں نمایاں اضافہ - Business & Economy,aaj.tv,summary_only
2025-04-20,5,1,0,,c131e9c3e1de1f271c0465e2449ecfe16d55e69a,Bensa ja diesel ovat halventuneet Trumpin kauppasodan myötä – asiantuntijan mukaan pumppuhinnat voivat yhä laskea,ess.fi,summary_only
2025-04-21,7,1,0,,0a16a896dc74809b2fcbf80ef837be1061499a95,"Gold price hits fresh all - time high surpassing $3 , 400 per troy ounce",bssnews.net,summary_only
2025-04-22,10,1,0,,be46c77ab27c01ca4fccde7e338b7f65471db1da,"Oil Updates prices rise on short - covering , but tariff worries linger",arabnews.com,summary_only
2025-04-23,9,1,0,,c07837c9e50f2f2857f2f58f6efff9e3519da4b1,"Chevron CEO Sees No Sign Of Recession At This Point , Predicts Up To $10 billion In Free Cash Flow By 2026 - Chevron ( NYSE : CVX )",benzinga.com,summary_only
2025-04-24,8,1,0,,adb06c8dda7eb527816a10ea6d3c6d8d921dc37e,اوپیک پلس ممالک کا پیداوار بڑھانے کے پیش نظر تیل کی قیمتوں میں 2 فیصد کمی,dailyausaf.com,summary_only
2025-04-25,10,1,0,,2da091f8a5f38146cc6cc1665f2802609b1e0932,Oil prices set for weekly loss on potential for more global supply,economictimes.indiatimes.com,summary_only
2025-04-26,6,1,0,,3d308138964ec16caec9e5f97d4ffb88ef6e583a,ABDnin petrol sondaj kulesi sayısı arttı,ekonomi.haber7.com,summary_only
2025-04-27,8,1,0,,3a695c20191855c6b8a3619d1dfc07600cbf1ef2,"சென்னையில் இன்றைய பெட்ரோல் , டீசல் வி லை நிலவரம் | Today petrol , diesel price in Chennai",dailythanthi.com,summary_only
2025-04-28,10,1,0,,c1ee44a10a0c7dd426611215f982332d0c1ea01a,Oil Prices Edge Higher Amid OPEC+ Supply Concerns and Trade Uncertainty,econotimes.com,summary_only
2025-04-29,10,1,0,,6593a50f57b6607ee62686bfb5efbb3d54b37406,Beykoz Belediyesindeki vurgunda flaş ifade ! Ekrem İmamoğluna kumpasçı dedi o ismin adını verdi,ahaber.com.tr,summary_only
2025-04-30,9,1,0,,bf8f28190010fea5e2b89302acc7601918621e38,"Indian Oil net profit jumps 50 % to Rs 7 , 625 crore in Q4FY25 ; Rs 3 announced as dividend",aninews.in,summary_only
2025-05-01,9,1,0,,630dd271e92b79f38f9d6df8f1321bdf98fa8d37,International Business : Oil poised for biggest monthly fall in 3 years,gdnonline.com,summary_only
2025-05-02,5,1,0,,b0f0baab4d4ea05c80356ac6a736c9f71ef88ac7,Νορβηγία : Πυρκαγιά στο διυλιστήριο πετρελαίου Mongstad - Δεν υπάρχουν αναφορές για τραυματίες,inewsgr.com,summary_only
2025-05-03,5,1,0,,aea24c5bce1a4c30a57bf6af5c1f07140a9e4695,"Advierten retrasos en reparaciones y servicios en refinería de Salina Cruz , Oaxaca ; acusan a Pemex por adeudo millonario",eluniversal.com.mx,summary_only
2025-05-04,5,1,0,,78cc83210e0a8a052fb57c74389a1af4dd381ed2,"Goldman Sachs sees 410 , 000 - bpd hike in OPEC+ June supply",finance.yahoo.com,summary_only
2025-05-05,5,1,0,,2575eae94481734bd7511b2bba16d0348e5f9bad,"ConocoPhillips ( COP ) Stock Falls on OPEC+ Supply Hike , Lower Oil Prices - ConocoPhillips ( NYSE : COP )",benzinga.com,summary_only
2025-05-06,5,1,0,,8d9cc6c2896044e7166b85e49e146583f41e4754,"HPCL Q4 results : Cons PAT jumps 26 % YoY to Rs 3 , 415 crore . Rs 10 . 50 per share dividend announced",economictimes.indiatimes.com,summary_only
2025-05-07,5,1,0,,a225aa190d70d39b34da34b0a6acaccd6b68f8aa,Rafinerija Slovnaft : Razvojna dinamika energetskog sektora u Slovačkoj od jubileja do inovacija,blic.rs,summary_only
2025-05-08,5,1,0,,722dc5099272e1b3389a1576d6aed6f1df77e104,"Sheinbaum admite fuga en ducto de Dos Bocas ; derrame afecta manglares , playas y pesca en Paraíso",lasillarota.com,summary_only
2025-05-09,5,1,0,,a9328058101a6ceb4df3b65480a179a656e5bb08,"PIB Fact Check debunks false claims of Pakistani attacks on Jammu Air Base , Hazira Port",aninews.in,summary_only
2025-05-10,5,1,0,,6df98a0ee97b70e930dc0d7a5954175fc9495e24,"Милиардер , близък до Тръмп , иска да придобие продължението на Турски поток в България",dnes.bg,summary_only
2025-05-11,5,1,0,,01f77c6dcfdb31b06680d7cb788be2cd74321a8d,"La fermeture dune raffinerie écossaise , emblématique du défi de la transition énergétique",dhnet.be,summary_only
2025-05-12,5,1,0,,248c596656d90e72624d9a6eddefd2a894e627e0,النفط يرتفع 0 . 5 % مع تهدئة محادثات تجارية بين أمريكا والصين توترات السوق,aleqt.com,summary_only
2025-05-13,5,1,0,,6b32e9fe2eb4d95acba7bbe7ca1996de9899ba04,"Dangote Refinery : Marketers , retailers project petrol pump price to drop below N900 / litre nationwide",dailypost.ng,summary_only
2025-05-14,5,1,0,,901e71c6f3823a2327d672c92162c634f69e15c2,Бектенов требует результатов : правительство ускоряет модернизацию НПЗ и логистических узлов,azh.kz,summary_only
2025-05-15,5,1,0,,341fd61e1d106fe95a36d91ab82dd360b4066091,"baltic sea tanker standoff : Russian and NATO fighter jets nearly started a war in Europe here what happened , and it very alarming",economictimes.indiatimes.com,summary_only
2025-05-16,5,1,0,,c8c727e47ca1741f6ebb031a2f5dabf66cb48930,"Estonia Seeks To Detain Member Of Russia Shadow Fleet In The Baltic Sea | Somali News , Articles And Entertainment",jowhar.com,summary_only
2025-05-17,5,1,0,,a623100daef881c38020eed9085282c400b14d7f,Walters : Democratic gubernatorial candidates avoid attacking state oil industry,eastbaytimes.com,summary_only
2025-05-18,5,1,0,,c63c69a927c746d2a5857aa717797fdf91a5cb1c,Эстония обвинила Россию в задержании нефтяного танкера – DW – 18 . 05 . 2025,dw.com,summary_only
2025-05-19,5,1,0,,a424eacc5b8eb20b1cb6b57ec4fffacec39bf7e2,Ropa dále zdražuje navzdory snížení ratingu united states a zpomalení čínské ekonomiky,ceskenoviny.cz,summary_only
2025-05-20,5,1,0,,3d1cbb149ce049eb01415687f03811db2b697dac,"Oil price up 1 % as US vows to continue attacking Houthis - Arabian Business : Latest News on the Middle East , Real Estate , Finance , and More",arabianbusiness.com,summary_only
2025-05-21,5,1,0,,9aade7a3531ec27184d70f2f97d8ed5c5494f164,Говори Москва : Русия ще защитава корабите си в Балтийско море с всички налични средства ᐉ Новини от Fakti . bg - Свят,fakti.bg,summary_only
2025-05-22,5,1,0,,cf05e6ce32b8a76b5db9e0f2b4904019871ba64f,"How will markets open today ? GIFT Nifty lower , Nikkei down , and 7 other cues to watch at this hour",financialexpress.com,summary_only
2025-05-23,5,1,0,,618ca8df4b807d33fa574e4d2c65dfb99816b275,"Нефтеперекачивающая станция « Кропоткинская », поврежденная в результате атаки БПЛА , заработала после ремонта | Москва",fedpress.ru,summary_only
2025-05-24,5,1,0,,e79a234a6b36bf0cc1c8af4daebeeaf4404dc7d7,"Російське судно обстріляли біля Мозамбіку - що відомо , хто міг скоїти напад",24tv.ua,summary_only
2025-05-25,7,1,0,,7d5c91e2d612cf29587f38d712da06b0d33cf468,ليبيا : تسرب نفطي في خط أنابيب جنوب مدينة الزاوية,alwatanvoice.com,summary_only
2025-05-26,5,1,0,,58a77d072b0209cc30bbb64e52f09b9494a87af9,"Taylandda tanker faciası : Yüzlerce litre benzin yola döküldü - Kıbrıs Gazetesi - Kıbrıs Haber , KKTC Son Dakika ve Gündem Haberleri",kibrisgazetesi.com,summary_only
2025-05-27,5,1,0,,121f60c083ca475dd861b95282f0d1f978df6feb,El 75 % del combustible robado con pinchazos al poliducto sirve para abastecer a la minería ilegal en Ecuador,ecuavisa.com,summary_only
2025-05-28,5,1,0,,a4b2bc7c63b5e8a45f65fabaa09020110067ee6d,Radiografía de Petroecuador : la estatal ha registrado una baja en su producción de crudo desde 2024,ecuavisa.com,summary_only
2025-05-29,5,1,0,,992278e2be3d79fca23503c92fb762568ab903a7,"Libya Eastern - based Government Says it May Announce Force Majeure on Oil Fields , Ports",english.aawsat.com,summary_only
2025-05-30,5,1,0,,5487dccdb79989c90dc91e0faa0d6d9179589083,YPF invirtió u$s55 millones en adaptar la refinería de Plaza Huincul al petróleo de Vaca Muerta,ambito.com,summary_only
2025-05-31,10,1,0,,226cec249babf097f182946502e3eb594933e5fe,أوبك بلس تعلن زيادة إنتاج النفط 411 ألف برميل في تموز,alanbatnews.net,summary_only
2025-06-01,9,1,0,,8743d5d2f2e8aeda6cbf0b3ee8c90894e50862a2,"OPEC+ to Boost Oil Production by 411 , 000 Barrels Per Day in July , Signaling Shift in Global Energy Markets",bbntimes.com,summary_only
2025-06-02,8,1,0,,56e17af681ba0a87c84dd84a424d85d5e5825c2d,Oil Updates crude jumps after OPEC+ sticks to same output hike in July versus June,arabnews.com,summary_only
2025-06-03,8,1,0,,d33455fc8837582f8869544683685e5806387a74,جريدة النهار الكويتية | النفط ارتفع مع مخاوف نقص إمدادات إيران وروسيا وكندا,annaharkw.com,summary_only
2025-06-04,10,1,0,,5560ea0682a13f06d09719db99bf1894d7a57440,Ενεργειακό πατατράκ - Διακοπή λειτουργίας στο μεγαλύτερο διυλιστήριο της Ευρώπης - Χάνονται 400 . 000 βαρέλια πετρελαίου ημερησίως,bankingnews.gr,summary_only
2025-06-05,9,1,0,,b82ab3f4b4134eb2efa75d92004655f382c3f273,Iraq holds Kurdish government legally responsible for continued oil smuggling,arabnews.com,summary_only
2025-06-06,7,1,0,,377ee714d16805aa77e5f8067342d655289f3f1f,Oil Updates prices heading for rebound this week as US - China trade talks resume,arabnews.com,summary_only
2025-06-07,9,1,0,,247d54aa327882569cc5c2cc4c98ae4c2d11ffe9,Oil Poised for Weekly Gain After U . S .- China Trade Talks Resume,barrons.com,summary_only
2025-06-08,10,1,0,,69984d4146c778d79f2ca80f728c265f68e9fdbf,Next - Gen HNWI prefer Middle East as favorite investment destination : Capgemini,arabnews.com,summary_only
2025-06-09,10,1,0,,d9aef4f9334d2837a5351eb701abe3fc3b97bed7,"These 5 Oil ETFs Can Ride The Summer Demand Wave Amid Trade Talk Tailwinds These 5 Oil ETFs Can Ride The Summer Demand Wave Amid Trade Talk Tailwinds - Chevron ( NYSE : CVX ), VanEck Oil Services ETF ( ARCA : OIH )",benzinga.com,summary_only
2025-06-10,10,1,0,,6a4b9136d9bd8f684d27bd6a45b28bc6c22ac991,Oil Updates prices rise as US - China talks counter OPEC supply worries,arabnews.com,summary_only
2025-06-11,9,1,0,,9a3a3beab79e0a1173d606dd1308d5640d1d9e5a,US faces steeper crude oil production decline than previously anticipated : S & P Global Commodity Insights,bignewsnetwork.com,summary_only
2025-06-12,10,1,0,,2554df66a8d873073630a277c90922598f470362,"Oil ETFs Surge Over 6 % As Trump Orders Middle East Evacuation Amid Iran Tensions , Warns Region Could Be Dangerou - ProShares Ultra Bloomberg Crude Oil ( ARCA : UCO ), United States Oil Fund ( ARCA : USO )",benzinga.com,summary_only
2025-06-13,10,1,0,,cd01db97a3293495bda4e1a4f9c2c13a2a1cd2b4,"Oil jumps , Iran , Israel attacks , gold spikes , stocks , Dow , S & P 500 , Nasdaq | June 13 , 2025",foxbusiness.com,summary_only
2025-06-14,10,1,0,,bf7a179aa799ec78acc4f4b95006601d1c4de9fc,Baystreet . ca - Oil Achieves 7 - Week as Trade Talk Buzzes,baystreet.ca,summary_only
2025-06-15,1,1,0,,fb7fae5b4c41b8f7dfad2cfc287b6458b6dc882c,"NASA APOD: Two Worlds, One Sun",NASA Astronomy Picture of the Day,full_gzip
2025-06-16,1,1,0,,544734bddcfbfcb62a31d68bbd02c47e4ed2b3b0,"Amid regional conflict, the Strait of Hormuz remains critical oil chokepoint",U.S. Energy Information Administration Today in Energy,full_gzip
2025-06-17,1,1,0,,c7ac1b81c902952b64dfe171c4571e68bc72d8c7,NASA APOD: Rosette Nebula Deep Field,NASA Astronomy Picture of the Day,full_gzip
2025-06-18,1,1,0,,44395f15e428609014bcbb7baf6c6e108843464a,EIA forecasts new export licensing requirements will reduce U.S. ethane exports,U.S. Energy Information Administration Today in Energy,full_gzip
2025-06-19,1,1,0,,ab9686bedb32363e64e5e2e00097e49867481ba3,NASA APOD: NGC 3521: Galaxy in a Bubble,NASA Astronomy Picture of the Day,full_gzip
2025-06-20,1,1,0,,ac6e128ed34903da6c9f448007980f252f204ae8,"U.S. primary energy production, consumption, and exports increased in 2024",U.S. Energy Information Administration Today in Energy,full_gzip
2025-06-21,1,1,0,,e4254d707d667a9f032eb46de9325798a5224507,"NASA APOD: Two Worlds, Two Analemmas",NASA Astronomy Picture of the Day,full_gzip
2025-06-22,1,1,0,,e66f90dcc52150a7403ccef92c3b9f018e24b254,NASA APOD: A Berry Bowl of Martian Spherules,NASA Astronomy Picture of the Day,full_gzip
2025-06-23,1,1,0,,60ad09e107ee0babb3a5aaaa9f2e82b1271468de,Residential electricity bills could increase slightly this summer,U.S. Energy Information Administration Today in Energy,full_gzip
2025-06-24,1,1,0,,18e5a7f5bd56374261f78a2c77c11c4f37786c17,About one-fifth of global liquefied natural gas trade flows through the Strait of Hormuz,U.S. Energy Information Administration Today in Energy,full_gzip
2025-06-25,1,1,0,,7b7a11ebe208067e10f43bbfea794561bedcaf39,"Electricity use for commercial computing could surpass space cooling, ventilation",U.S. Energy Information Administration Today in Energy,full_gzip
2025-06-26,1,1,0,,90de41ced1959813e370ab0d06650d360e0bf8d4,NASA APOD: The Seagull Nebula,NASA Astronomy Picture of the Day,full_gzip
2025-06-27,1,1,0,,3396d5a316bee1777eb3f0e07c82476857171980,Electricity demand in the Eastern United States surged from heat wave,U.S. Energy Information Administration Today in Energy,full_gzip
2025-06-28,1,1,0,,19bb96a21be088d8ea14ed17efff95134197055e,NASA APOD: Lunar Farside,NASA Astronomy Picture of the Day,full_gzip
2025-06-29,1,1,0,,67b37fd35e13f8125910a01fdf9b2ea5e33498fa,NASA APOD: Dark Sand Cascades on Mars,NASA Astronomy Picture of the Day,full_gzip
2025-06-30,1,1,0,,4c57cda8ee8ec186d1a331ed65aecb7e477a23e1,U.S. refining capacity largely unchanged as of January 2025,U.S. Energy Information Administration Today in Energy,full_gzip
2025-07-01,1,1,0,,3156453ec83ebbbd38820245877764542f555850,NASA APOD: Eye Sky a Dragon,NASA Astronomy Picture of the Day,full_gzip
2025-07-02,10,1,0,,c1e7fe7bd2b7f431e943ebd4d5cc473f39b2f200,Brent petrol fiyatında son durum ( 2 Temmuz 2025 Çarşamba ) Daha cazip hale getirerek talebi artırabilir,finans.mynet.com,summary_only
2025-07-03,9,1,0,,91afef90379dfa67bfce4511327eb6826aa2a58d,"Asia And Europe Markets Mixed , Dollar Near 3 - Year Lows - Global Markets Today While US Slept - SmartETFs Asia Pacific Dividend Builder ETF ( ARCA : ADIV )",benzinga.com,summary_only
2025-07-04,10,1,0,,adfb71bf56ddae8c4a121a08b8700be554c509f8,ActuNiger | Niger : la SORAZ dément les rumeurs darrêt de production et révèle des difficultés techniques liées au pétrole dAgadem,actuniger.com,summary_only
2025-07-05,8,1,0,,ab05734ad173266d2c03a7c48538b4509d1a4cba,"Una desinformación que vuelve : el gasoducto ex Néstor Kirchner no fue una simulación , opera desde agosto de 2023",ambito.com,summary_only
2025-07-06,14,1,0,,456e3f582f17b56d39aef8b0e8e65d277722bdf6,جريدة الرياض | ( أوبك + ) تقرر زيادة إنتاج ثماني دول لمواصلة دعم استقرار سوق النفط,alriyadh.com,summary_only
2025-07-07,5,1,0,,5195df035ba85f67c45309d8cda4db5549f5a69e,"Рішення ОПЕК+ та його наслідки для ринку нафти , України та росії | Новости бізнеса в Харькове , Украине . Весь Харьков",allkharkov.ua,summary_only
2025-07-08,5,1,0,,493e7d50d6485890599ab52cc0137c751d6eac01,"Imports Made Up 17 % Of US Energy Supply In 2024 , The Lowest Share In Nearly 40 Years – Analysis",eurasiareview.com,summary_only
2025-07-09,5,1,0,,30ad4723559e7a428914caf16a0149bb9cbfa2d0,Dow Jones Top Energy Headlines at 12 AM ET : Oil Futures Gain With Support From Products | Exxon ...,morningstar.com,summary_only
2025-07-10,5,1,0,,7f3f47984b0564ddc33f7c13efd2788c4e2fa3ae,"India BIG statement on 500 per cent tariff threat from US , says , Halting trade with Russia ...",dnaindia.com,summary_only
2025-07-11,5,1,0,,f7162f41845d1d0351e132320b8c2aa54633595c,"भारत रूस से तेल नहीं खरीदता तो प्रति बैरल 130 डॉलर तक पहुंच जाते दाम , हरदीप पुरी बोले - हमने पूरी दुनिया को बचाया - If India did not buy oil from Russia the price would have reached 130 dollar per barrel says Hardeep Puri",jagran.com,summary_only
2025-07-12,5,1,0,,e8a2833444dcec58cd9f3019b4608f629f6a1dbb,النفط يصعد 3 % مع تقرير متخصص بأن الإمدادات أقل مما تبدو عليه,aljazeera.net,summary_only
2025-07-13,5,1,0,,e968d2e9d438e6818d03af6ff6fac1b0ff1e33c7,Petróleo Semanal 13 / 07 a 19 / 07 : Rango de Precios ( Gráfico ),es.dailyforex.com,summary_only
2025-07-14,5,1,0,,ab3fa3faa625e06f55cd471e7644e767d47bd96e,"Gasoline , Diesel Prices Follow Oil Prices Higher – KTBB News , Weather , Talk",ktbb.com,summary_only
2025-07-15,5,1,0,,d0bd24674eb1094cb9e59e70a3b9be955fcb1e6a,"Energy security : Global crude oil prices have remained relatively stable , says Hardeep Singh Puri ; India eyes geothermal push",timesofindia.indiatimes.com,summary_only
2025-07-16,5,1,0,,cca9ca8daa56cc24b06d895aefc8f7733cae16b4,WTI edges lower to below $66 . 00 as Trump 50 - day deadline for Russia eases supply concerns,fxstreet.com,summary_only
2025-07-17,5,1,0,,e7e2fe2f74d93c59e8f990879577271544381b38,جريدة الرياض | النفط يرتفع وسط آمال تحسن الطلب رغم بطء النمو الاقتصادي,alriyadh.com,summary_only
2025-07-18,5,1,0,,02d643db2ffb81bf1204afd588de861d4393bd1e,WTI drifts higher above $66 . 00 on brewing Middle East tension,fxstreet.com,summary_only
2025-07-19,5,1,0,,75d67785e398fa8eb2285b3f91b3eb73f29b351e,Baystreet . ca - The Oil Boom No One Wants to Talk About,baystreet.ca,summary_only
2025-07-20,8,1,0,,4c22061334c98c781aa7bb99009e293d087f6c34,بالاترین : رسانه‌ سپاه خرابکاری بودن آتش‌سوزی پالایشگاه آبادان را تکذیب کرد / یک نفر در آتش سوزی کشته شد,balatarin.com,summary_only
2025-07-21,5,1,0,,54bbe2255d99e355087afc299132345187034ff6,Ecuador Construction Industry Report 2025 | Mega - project Pipeline Promises Robust Construction Growth from 2026 to 2029,finance.yahoo.com,summary_only
2025-07-22,5,1,0,,c081491d1abf0d1e8e6722dbcd5f167152d7b57a,Coastal First Nations in B . C . issue open letter to Carney opposing suggested northern pipeline,cbc.ca,summary_only
2025-07-23,5,1,0,,ad212e1c0c4095dc880b567c982b76dc5d5d7966,"Dirty oil from Azerbaijan has reached Europe EADaily , July 23rd , 2025 Politics , Europe",eadaily.com,summary_only
2025-07-24,5,1,0,,771f4ec2a3b395f871e6c2e38a9087eab61d080f,"How will markets open ? GIFT Nifty up , Nikkei surges 1 % and 7 other cues at this hour",financialexpress.com,summary_only
2025-07-25,5,1,0,,6d24da74517b475659becd49c3f355efb335d4ea,Oil Prices Steady in Asia as Trade Deals and Russian Export Cuts Support Market,econotimes.com,summary_only
2025-07-26,5,1,0,,3a8a3680cdba67806fdbbe891c9a043c272d4cb7,В азербайджанской нефти стали находить опасные химикаты после конфликта Алиева с Путиным,charter97.org,summary_only
2025-07-27,5,1,0,,e382cb677763e14d944825c8958d0490758f2d48,دول « أوبك بلس » تبحث غدا خطط الإنتاج وتوقعات بزيادة 548 ألف برميل يوميا,alwasat.ly,summary_only
2025-07-28,5,1,0,,212ccd63734df4a8e02391e5b2958c3a5df4fe87,DBI ASX : Hedge fund LHC Capital profits from new bet on Dalrymple Bay and a rebound in Life360 and TechnologyOne,afr.com,summary_only
2025-07-29,5,1,0,,1b7279d9bd20808511642747951e9de8f9058401,"Penuhi Target 1 Juta Barel dan Kurangi Impor BBM , Pemerintah Akan Bangun 17 Kilang Minyak",koran-jakarta.com,summary_only
2025-07-30,5,1,0,,638b16f96d9f09734b3c15b56485d557ac90ad54,"Trump To Russia : End Ukraine War In 10 Days Or Face Tariffs Oil Approaches $70 - ProShares Ultra Bloomberg Crude Oil ( ARCA : UCO ), iShares U . S . Oil & Gas Exploration & Production ETF ( BATS : IEO )",benzinga.com,summary_only
2025-07-31,5,1,0,,dff3d2bc7ecdc3a9d59a05f2481afc491d284afc,"Treasury Department Unveils Its Biggest Sanctions On Iran Since 2018 , Targeting Top Official Son",dailycaller.com,summary_only
2025-08-01,5,1,0,,df58314cacf09b0dae92ed39c094439d6dd5f6a8,"How will markets open today ? 25 % Trump tariff , GIFT Nifty down , and 6 other cues at this hour",financialexpress.com,summary_only
2025-08-02,5,1,0,,4593605f752ca080d229680dbb0d81f511677875,"Response to Russia Terrorist Attack - Ukraine Targets Kremlin War Machine , Oil Refineries , Defense Plants Hit",kyivpost.com,summary_only
2025-08-03,8,1,0,,ebd795b168d1f829150fcdc1b6c89a065090928b,Ukraine war briefing : Kyiv faces Russian missile attack as both sides trade strikes,aol.co.uk,summary_only
2025-08-04,5,1,0,,33d57d26bbf84548b5fa7ca532810696fb8dcc5c,В Румынии объявили режим ЧС из - за азербайджанской нефти – DW – 04 . 08 . 2025,dw.com,summary_only
2025-08-05,5,1,0,,01308000ab2ec7972acebf2511372a2f947bb00c,В Румынии объявили режим ЧС из - за поставок в страну загрязненной нефти из Азербайджана . Новости . Первый канал,1tv.ru,summary_only
2025-08-06,5,1,0,,0b540e429979e1872c2fe803c1ab119df468d872,Harga minyak naik susulan ancaman Trump kenakan tarif ke atas India kerana beli minyak Rusia,astroawani.com,summary_only
2025-08-07,5,1,0,,a708747dc8c3bbcb4be6b134d26ef57fdfc9ae1f,"NNPCL : CSO urges AGF , EFCC to probe alleged plan to invest refinery funds in cement venture",dailypost.ng,summary_only
2025-08-08,5,1,0,,228dff3b9fb73d13a3ef185253ae77b6094d123d,"Romania , G4media : possibile sabotaggio russo delle forniture di greggio alla raffineria Omv Petrom",agenzianova.com,summary_only
2025-08-09,5,1,0,,ad83d99fba91a8a28d673a9428b83738df56c70c,Hallan rastros de petróleo en Sauce de Portezuelo : intendencia y Ministerio de Ambiente inspeccionarán la zona,elpais.com.uy,summary_only
2025-08-10,5,1,0,,1929c10b9b24594a78e7a350880b2703e3d60cc5,Brownfields can be rich habitat : the abandoned oil refinery where wildlife now thrives,aol.co.uk,summary_only
2025-08-11,5,1,0,,e7f59a15d4676b191e40406978c3104003a5f3d5,"Beárazta az aranyat Trump és Putyin találkája , de az olajárat sem hagyta hidegen a bejelentés",economx.hu,summary_only
2025-08-12,5,1,0,,51b78bbd2eabf2b5c488ec2ce0fc0185e9fee182,Руският сенчест флот : Финландия първа нанесе невиждан удар . Русия саботира директно бензин и дизел чрез петрол ?,actualno.com,summary_only
2025-08-13,5,1,0,,0bd49ec0bc72a5ee61dd559ae8438cb562c0ac77,"Tennessee Gas Prices Hold Steady at $2 . 77 as Summer Ends - Clarksville Online - Clarksville News , Sports , Events and Information",clarksvilleonline.com,summary_only
2025-08-14,5,1,0,,6c134189eb7ba4115d5650fa50598a4122362aba,İstanbul Boğazı nda petrol tankeri arızası : Gemi trafiğine kapatıldı - A Haber Son Dakika Gündem Haberleri,ahaber.com.tr,summary_only
2025-08-15,5,1,0,,b98cd6fb88143b572052f655850833df27d6089e,Citgo reporta liquidez total de 2 . 600 millones de dólares en segundo trimestre de 2025 – Correo del Caroní,correodelcaroni.com,summary_only
2025-08-16,5,1,0,,0085eed823365d63a2eb67fbfde15cab7a63a815,"Oil Prices : Oil settled nearly $1 lower as Trump - Putin talks loom , ETAuto",auto.economictimes.indiatimes.com,summary_only
2025-08-17,10,1,0,,613facb9619a46d6d97c61504a4036cb5167efcf,Ceny ropy išli v závere týždňa nadol,aktuality.sk,summary_only
2025-08-18,5,1,0,,2609e2ae1c24dd019a0d3d3a1f367d65d1884915,"Crude softening , Fed cuts could ignite Wall Street rally : Peter McGuire",economictimes.indiatimes.com,summary_only
2025-08-19,5,1,0,,b334daf71daa86043c1889e4f5b670f8806f28c4,"Pertemuan Trump - Zelenskiy Didihkan Harga Minyak , India Didesak Hentikan Impor dari Rusia",ekbis.sindonews.com,summary_only
2025-08-20,5,1,0,,ac71b514af93793779a3ec45b36bb25bbde0f23d,"How will markets open today ? GIFT Nifty down , Nikkei fell 0 . 9 %, and 7 cues at this hour",financialexpress.com,summary_only
2025-08-21,5,1,0,,52e4c5b2d45a8c1a94ee5d48b116761c0aab8a91,"How will markets open today ? Nikkei down 0 . 5 %, GIFT Nifty flat , and 6 other cues at this hour",financialexpress.com,summary_only
2025-08-22,5,1,0,,cb31e87fdf65532d20efd4d20edb5d0c4fa3b44f,Заради преговорите за мир в Украйна : Пълен обрат с цената на петрола за седмицата,actualno.com,summary_only
2025-08-23,5,1,0,,b6b79d481da21515885baa05569d973f39a7bd40,How Western nations can support a two - state solution | The Canberra Times,canberratimes.com.au,summary_only
2025-08-24,5,1,0,,0e2036fc940744546fffff1d9d7b83d0cfaad778,Petróleo Semanal 24 / 08 a 29 / 08 : Impulso Comercial ( Gráfico ),es.dailyforex.com,summary_only
2025-08-25,5,1,0,,2c5faa6deb575f6e0d8fe0cbf8e775338a97b1b6,"Sri Lanka consumer prices creep up , signaling renewed inflationary pressure – The Island",island.lk,summary_only
2025-08-26,5,1,0,,9410a0b09c93d6dd9364f8cca56127cb4c4dc02b,Oil Updates crude eases after rising to 2 - week high on Russia - Ukraine supply concerns,arabnews.com,summary_only
2025-08-27,5,1,0,,ae933cf31b003550b478e1a32b2880a96a53c8e7,"BPCL , HPCL , IOC : HSBC retains Buy , raises targets on 2 OMC stocks ; here why",businesstoday.in,summary_only
2025-08-28,5,1,0,,74742d33812cec74bb44eca2435fad91d37dad3b,"Tennessee Gas Prices Rise 3 Cents , Statewide Average Now $2 . 77 - Clarksville Online - Clarksville News , Sports , Events and Information",clarksvilleonline.com,summary_only
2025-08-29,8,1,0,,e544cb280809fa46a31a2c45ac90826e7e80d8e5,النفط ينخفض وسط توقعات بتراجع الطلب وزيادة المعروض,albayan.ae,summary_only
2025-08-30,8,1,0,,62cf39a1b8bf8729f77667f6005809273ae3e635,"Oil prices fall with expected low demand , upcoming supply boost",businesstimes.com.sg,summary_only
2025-08-31,5,1,0,,aaf496addee52a7492b7276bc7e8699862cb6fa3,汽柴油再漲0 . 1 、 0 . 2元 連2升創4個月新高價｜卡優新聞網,cardu.com.tw,summary_only
2025-09-01,5,1,0,,163767fc25f8bc3b3c7527c75c14dd6e11efa118,"Oil Prices Steady Amid Russia - Ukraine Conflict and Rising Output , ETAuto",auto.economictimes.indiatimes.com,summary_only
2025-09-02,5,1,0,,1e3490ab6f941ffd8ab61c25049a51091a0eb158,"Motorists to pay less as petrol , diesel prices cut",bizcommunity.com,summary_only
2025-09-03,5,1,0,,e226218b8847f35df5be0d8b8e978512f933360b,油价 ， 突然跳水 _ 凤凰网,finance.ifeng.com,summary_only
2025-09-04,5,1,0,,53e6f8ff8c351b6041d5355522a52a576b9dca0d,جريدة الرياض | النفط ينخفض وسط مخاوف زيادة الإمدادات واجتماع أوبك+,alriyadh.com,summary_only
2025-09-05,5,1,0,,e19033bf013e0addb1bfe38717a06ddb1287637d,Crude Oil Prices Sharply Lower as OPEC+ Considers a Crude Production Increase,finance.yahoo.com,summary_only
2025-09-06,5,1,0,,d7f81b02b3d18e495cd0a182288268caff715c60,Crude Oil Prices Fall as Weekly EIA Crude Inventories Unexpectedly Build,finance.yahoo.com,summary_only
2025-09-07,5,1,0,,720b2ff087c3522c965126b26a74d9f8b98ab491,"OPEC+ will likely raise oil output further from October , sources say",cnn.com,summary_only
2025-09-08,5,1,0,,7f19a65c9aaf2a73954a47a668da8db4659c10af,Removing paper cut : Commodities expert on OPEC+ announcing output hike – BNN Bloomberg,bnnbloomberg.ca,summary_only
2025-09-09,5,1,0,,01ca1dec417e9bc372fd43d16fd659b9681117be,النفط يرتفع عند التسوية وسط ترقب المستثمرين للعقوبات الإضافية على الخام الروسي,aleqt.com,summary_only
2025-09-10,5,1,0,,811607991a28aa464970f25b11185d961719c416,"OPEC+ Oil Output Hike Fuels Price Surge Amid China Stockpiling and Sanction Concerns , ETAuto",auto.economictimes.indiatimes.com,summary_only
2025-09-11,5,1,0,,17ea4262acb2e66ae3cd2decdd9e4c64bf52919a,جريدة الرياض | تراجع أسعار النفط بفعل فائض المعروض وضعف الطلب الأمريكي,alriyadh.com,summary_only
2025-09-12,5,1,0,,fbed2a0bf0e45b753c9aa108c2c33714e7a96f80,أسعار النفط تواصل الهبوط وسط مخاوف إزاء تراجع الطلب الأمريكي,albayan.ae,summary_only
2025-09-13,2,1,0,,c28b5612620f27dd0ac739eb3cf9a234e4124c30,"Oil Prices : Oil gains weighed down by US demand worries , ETAuto",auto.economictimes.indiatimes.com,summary_only
2025-09-14,1,1,0,,e55e6835360ad14eae349addb9d2edac522773ca,Oil war price tag,thestar.com.my,summary_only
2025-09-15,4,1,0,,81b6f57dc10b4161a8108a729a18db9018b84c07,"Nigeria : Dangote Crude Imports Hit 60m Barrels in H1 , As Nigeria Petrol Bill Swells to N4tn",allafrica.com,summary_only
2025-09-16,5,1,0,,9591e13d2616d67d7c86072461079874ce414f6e,Oil steady as market weighs supply risk from attacks on Russian refineries,dunyanews.tv,summary_only
2025-09-17,5,1,0,,9b07c2635132c8024fad48542f6788f594fce4a1,Crude Oil Falls Despite Supply Side Risks From Russia,finanzen.ch,summary_only
2025-09-18,5,1,0,,2cfea1512bb1d8f4f4ce80915f8943f7997d0141,Oil prices little changed after Fed rate cut,auto.economictimes.indiatimes.com,summary_only
2025-09-19,3,1,0,,820c87790fe0335dedf4bee448e65c345888e3f4,"Harga Minyak Dunia Fluktuasi , Prospek Ekonomi AS jadi Sorotan",ekonomi.bisnis.com,summary_only
2025-09-20,3,1,0,,2d9379bcf6fa8e15f31b703cf7c1ef7807d93151,Oil Poised for Modest Weekly Gain as Russian Supply Risks Remain in Focus,barrons.com,summary_only
2025-09-21,5,1,0,,30e70247baa54442d42a156b2f62da85cf287e8d,Why Nigeria crude oil production dropped to 1 . 63mbpd in August – NUPRC,dailypost.ng,summary_only
2025-09-22,5,1,0,,70c8ac144d6084459813efbfa62ff27b62dd2b02,"WTI Crude Oil steadies after testing key support , remains trapped in narrow range",fxstreet.com,summary_only
2025-09-23,5,1,0,,ea5deb313930492502445fb09e4f98e6732e2a99,Oil gains as restart of Kurdistan oil exports stalls,channelnewsasia.com,summary_only
2025-09-24,5,1,0,,663c9e086eca07c44af2c167b6130618f2ad17c4,Oil prices surge 3 % to 7 - week high as surprise US stockpile draw adds to supply worries,businesstimes.com.sg,summary_only
2025-09-25,4,1,0,,8a3c34f3113432107979ac5149133c2017de2b12,خام تیل کی قیمتوں میں نمایاں کمی,dailyaaj.com.pk,summary_only
2025-09-26,5,1,0,,06a8e7d173bdca267dc55c2ad80cc91ac9cb6bc8,Weekly market update : Escalator breakdown for the markets ?,marketscreener.com,summary_only
2025-09-27,5,1,0,,9fef655ab6ca6f9c867e206441b39b52b04b0447,Iraq resumes Kurdish oil exports to Turkiye after 2 - 1 / 2 - year halt,arabnews.com,summary_only
2025-09-28,1,1,0,,4b33531380046b671fd2737d3b2b764feeb9f63e,伊拉克 ： 恢復向土耳其出口原油 | 國際,hkcna.hk,summary_only
2025-09-29,5,1,0,,3fd7ae6169582696aef28b7a213b3d876f7df186,النفط يتراجع مع استئناف صادرات الخام من كردستان العراق وخطط أوبك+ لزيادة الإنتاج,alquds.co.uk,summary_only
2025-09-30,5,1,0,,3a061e86d045cba8502653a7422ad49a57fc26c0,"Mixed bag as petrol increases slightly , diesel on the downturn",bizcommunity.com,summary_only
2025-10-01,5,1,0,,9479914f0c353bce124c9eed8a821d5bcb9a2fc3,Петролът поскъпва предпазливо след два дни на рязък ценови спад,bnr.bg,summary_only
2025-10-02,5,1,0,,3dd614d226dc04d7d7221fd61be38083e7f733b0,Oil rebounds from 16 - week lows on prospects of tighter Russian crude sanctions,economictimes.indiatimes.com,summary_only
2025-10-03,5,1,0,,626dd229f338d1719247588c678ed8ac27eaddc5,Oil on track for steepest weekly plunge in 3 - 1 / 2 months,economictimes.indiatimes.com,summary_only
2025-10-04,2,1,0,,89fe422184372e3ae98f09eeb02c97a6c81fa400,النفط يسجل خسارة أسبوعية 8 % وسط احتمال زيادة الإمدادات | اقتصاد,aljazeera.net,summary_only
2025-10-05,5,1,0,,9b9efbb36ddf8e1fb20063e6151c4df3373def6c,OPEC+ further raises oil production with modest hike from Nov .,asia.nikkei.com,summary_only
2025-10-06,5,1,0,,fc23dbf817c7ca8415d462bd024ee496ee96ac90,Oil prices jump after OPEC+ announces modest monthly output hike,euronews.com,summary_only
2025-10-07,5,1,0,,2d863e46890f02f8f8839aabc101e2ceeb51223c,Crude Prices Push Higher After OPEC+ Agrees to a Modest Production Hike,finance.yahoo.com,summary_only
2025-10-08,5,1,0,,1258b1a22933baa65ab0d06bf1434b823d95307d,Oil Prices Edge Higher as Traders Weigh U . S . Inventory Data and OPEC+ Output Plans,econotimes.com,summary_only
2025-10-09,5,1,0,,98cfda2cfc708fa62d2ba7ac39011e4bf73b9527,"Oil prices edge up on worries about Russian output , higher US demand",businesstimes.com.sg,summary_only
2025-10-10,5,1,0,,581df8471294d5f2562f2f2f7f4de59b8049ab71,"US Treasury Sec . Bessent says he expects a rebalancing soon , where India buys less Russian oil",fxstreet.com,summary_only
2025-10-11,2,1,0,,54c2375319c2f55ccb2ec16751def6dcbccd324f,Oil prices fall on global markets,en.apa.az,summary_only
2025-10-12,8,1,0,,57735ae29e5971da25a43a8df93fd4b59d51ffc2,Stunning Historical Photos From the Wreck of the Supertanker Amoco Cadiz in 1978,designyoutrust.com,summary_only
2025-10-13,9,1,0,,114945096bfa47e5eb616e2bfa1ddb0d040398ae,Nigeria Oil Production Fell To 1 . 3mb / d In September OPEC • Channels Television,channelstv.com,summary_only
2025-10-14,8,1,0,,c6e0772d7b790f7a8762f7724a4259900ccd52a8,"Oil settles down 1 . 5 % on US - China trade tensions , IEA warning of glut",businesstimes.com.sg,summary_only
2025-10-15,9,1,0,,285500fca66d802f3038b7d4ec99ba2d0da0d354,"Oil prices fall on US - China trade tensions and IEA report , ETAuto",auto.economictimes.indiatimes.com,summary_only
2025-10-16,10,1,0,,e93cca5833d7a07efcf2b6b3bad79a5691dae2ec,Tchad – Fonds de lOPEP : deux accords de 31 millions USD pour dynamiser l énergie et lagriculture,alwihdainfo.com,summary_only
2025-10-17,10,1,0,,b0e4e9c0240cf46eacd2779c98ea9226d7cd11d3,Fuel price hike : Nigerian filling stations shut down as operational setbacks hit Dangote Refinery,dailypost.ng,summary_only
2025-10-18,6,1,0,,3e03d4b7a4716634112fdfb93ab69b168fbd86c4,"Megha Engineering And Infrastructures Ltd : MEIL wins $225 . 5 million gas sweetening project from Kuwait Oil Company , ETEnergyworld",energy.economictimes.indiatimes.com,summary_only
2025-10-19,5,1,0,,154e6d260d4361d25d155fd4ad9912b1c4982dd4,"ক্যামেরুনের তেলবাহী ট্যাংকারে ক্ষেপণাস্ত্র হামলা , দুজন নিখোঁজ |",bd-pratidin.com,summary_only
2025-10-20,6,1,0,,114763ee37a50de7c270241855f559e6d53fd4b4,"How will markets open today ? GIFT Nifty higher , Nikkei up 1 . 6 %, gold and 6 cues at this hour",financialexpress.com,summary_only
2025-10-21,9,1,0,,038278f92fb47ee9cea00532d762a5e5664458b1,Donald Trump says critical minerals deal with Australia will produce so much in race against China,abc.net.au,summary_only
2025-10-22,10,1,0,,b30ebfcbf1822589fc4a2f83de45eca53e740de1,جريدة الرياض | النفط يهبط بفعل مخاوف « المعروض والطلب »,alriyadh.com,summary_only
2025-10-23,10,1,0,,768036f9a437a6f7564c37b04ca32ca7953c6fd4,Raakaöljyn hinnat lähtivät nousuun united states : n asetettua pakotteita venäläisille öljyjäteille,ess.fi,summary_only
2025-10-24,10,1,0,,9ea9831a5964d1694a33ddaeee1fb53e190f8fc3,WTI Oil : Crude Rallies Above $60 on Fresh US Sanctions and US Million - Barrel Purchase,actionforex.com,summary_only
2025-10-25,9,1,0,,3982915fc34a03cff15bfec7af78acaa9c5c0d1f,国际油价大涨 难阻今年整体下跌态势 _ 东方财富网,finance.eastmoney.com,summary_only
2025-10-26,7,1,0,,7875aac65083ae4b6d907bf970f1ab485c4c4221,Crude Oil Weekly Forecast 26 / 10 : Reversal Higher ? ( Chart ),dailyforex.com,summary_only
2025-10-27,3,1,0,,aa48ba7c4d20c4fa6f9c493ca832f0e616aca0bc,India crude import from US surges to highest since 2022,economictimes.indiatimes.com,summary_only
2025-10-28,5,1,0,,56887152ae6c68568f62b5190a8d40553450c5b8,"Oil falls $1 a barrel as investors weigh Russia sanctions , OPEC+ output plans",aol.com,summary_only
2025-10-29,5,1,0,,f7bdfb8759c742cd973dec041983fd2b10be38ae,"Nigeria Revenue Threatened As Oil Dips On Russian Sanctions Worries , OPEC+ Output Hike",channelstv.com,summary_only
2025-10-30,5,1,0,,6c13b3a24c0a4d78e7fc6dc07c15b60b70b9d0cb,"India IOC Dumps Russia , Imports Two Million Barrels From Nigeria , Angola",channelstv.com,summary_only
2025-10-31,5,1,0,,7aca490204a2967ba21df6597b12329e1e8b0498,Oil Prices Fall for Third Straight Month as Strong Dollar and Rising Supply Pressure Market,econotimes.com,summary_only
2025-11-01,2,1,0,,d6e14bcf680b7b5901e61a10091dfc05c92088be,"Oil ends slightly up , trade choppy on report , denial of US attack plan on Venezuela",businesstimes.com.sg,summary_only
2025-11-02,1,1,0,,8c6357171933894ba8cf8b14b46e057b106cb7ad,جريدة الرياض | انخفاض أسعار البتروكيميائيات مع تراجع طلب الصناعات النهائية,alriyadh.com,summary_only
2025-11-03,5,1,0,,5f2e8311f4153f54eef7c6e54f70ed191f7553db,Abu Dhabi hosts oil summit as OPEC+ halts production hikes planned for first quarter of 2026,aol.com,summary_only
2025-11-04,5,1,0,,0673a2068dd6d73cf9dd123f073f54666db65420,"Oil Prices Steady as OPEC+ Pauses Output Increases Amid Supply Concerns , ETAuto",auto.economictimes.indiatimes.com,summary_only
2025-11-05,5,1,0,,487e1920be0a31470ed27842f987dd1805481689,"Falling Oil Prices : Impact of Strong Dollar and OPEC+ Decisions , ETAuto",auto.economictimes.indiatimes.com,summary_only
2025-11-06,5,1,0,,c555aa10a3b11bd99cecce3af1d54a9f8bd9bc3e,Global Oil Prices Steady as Weak Demand and Oversupply Pressure Persist,econotimes.com,summary_only
2025-11-07,5,1,0,,94efdb43bbac54da60089f89329356cbbfdd84f3,Crude Oil Under Pressure as Saudi Aramco Cuts Prices,finance.yahoo.com,summary_only
2025-11-08,4,1,0,,e8aceef188a511722e0eafc2921557f626616915,Crude Oil Prices Slip as Saudi Aramco Cuts Prices,finance.yahoo.com,summary_only
2025-11-09,4,1,0,,a2e2fb1858011d2d4cfd38c363ada44154d7fc69,China largest shale oil base achieves cumulative output of over 20 million tons,globaltimes.cn,summary_only
2025-11-10,2,1,0,,977377cdffd67267d22d8c9ce6ea755ecea1d225,"Oil Prices Rise As US Shutdown Talks Advance ,",marinelink.com,summary_only
2025-11-11,5,1,0,,7cff8386640cc7a62026fe522e0e8d05fcacf7ac,Oil Prices Slip Amid Supply Glut Concerns and Stronger Dollar,econotimes.com,summary_only
2025-11-12,5,1,0,,3c5685309f31d9a46caf8e4f1e8b0f8cac751152,WTI Oil Up 1 . 7 % as Markets Grapple with Geopolitical Shocks and Structural Supply Glut,actionforex.com,summary_only
2025-11-13,5,1,0,,37ccf2a3abca7d62c011cfbe2af79fb79dda5c30,МАЕ : Глобалният растеж на петролното предлагане води до по - голям пазарен излишък,bnr.bg,summary_only
2025-11-14,5,1,0,,d6d5b06c74187169371750f69bd668eae63b54e2,Oil Prices Rebound as U . S . Sanctions on Russia Offset Oversupply Concerns,econotimes.com,summary_only
2025-11-15,2,1,0,,12a766f8af64d236394f9195aba0a7a7092d9c79,Crude Prices Climb on Dollar Weakness and Reopening of the US Government,finance.yahoo.com,summary_only
2025-11-16,7,1,0,,3a509db7e8ad4239c45138c7115dbe46e9bdfd7c,Tout un pays privé dessence le 25 novembre puis de gaz après ? Les Serbes très inquiets parce que leur principal fournisseur d énergie est russe et doit être sanctionné par les Etats - Unis,bfmtv.com,summary_only
2025-11-17,9,1,0,,ed987ddafa44766ab51337500da4740bbbb72f5b,"Statul român trebuie să evite preluarea Petrotel Lukoil . Băsescu : „ Rafinăria , dacă o iei , te frigi . Eu am cărat 12 ani țiței",capital.ro,summary_only
2025-11-18,8,1,0,,0e7d8d2c6f8ab4ca650796e701afb970c34e740a,Crude Oil price today : WTI price bearish at European opening,fxstreet.com,summary_only
2025-11-19,10,1,0,,1a145afdb47301443a34a2bb1b67cc768b5af667,"Traian Băsescu , avertisment în cazul Lukoil : „ Statul român nu poate vinde rafinăria . Critici dure la adresa gestionării crizei",capital.ro,summary_only
2025-11-20,10,1,0,,801ffb24396ffb0c3da7acb6c3f2d2484fc06f33,"US Crude Oil Stocks : US crude stocks fall on higher demand , fuel inventories rise , EIA says , ETAuto",auto.economictimes.indiatimes.com,summary_only
2025-11-21,9,1,0,,2d762e64187d6c5caa26e6b7a6f0045adba6367b,Venezuela y Gabón celebran 50 años de relaciones diplomáticas y hermandad - Agencia Venezolana de Noticias,avn.info.ve,summary_only
2025-11-22,5,1,0,,4b09b65eaf29c406e39a2244ae61b05a363dbcb8,Playing pipeline politics : B . C . left out of rumoured Alberta MOU talks | Fort St . James Caledonia Courier,caledoniacourier.com,summary_only
2025-11-23,2,1,0,,b1700480051701769ec3ee51d601a39bcc787f00,Crude Oil Pressured by Dollar Strength and US - Russian Plan to End Ukraine War,finance.yahoo.com,summary_only
2025-11-24,1,1,0,,411426072ac80eb8cff2e8c78e826d0e52c5d481,WTI Price Forecast : Bias stays lower with RSI below 50 and key SMAs overhead,fxstreet.com,summary_only
2025-11-25,5,1,0,,930afc5fb0a1706f88c031dc8e48a6ad5c4fae9f,النفط الإيراني المخزن بالناقلات عند أعلى مستوياته منذ 2023,aljazeera.net,summary_only
2025-11-26,5,1,0,,9761312387476fb54e998babd45e1c6aba19513c,Risk - On Sentiment in Asset Markets Lifts Crude Prices,finance.yahoo.com,summary_only
2025-11-27,5,1,0,,9c6d4b09cecec4bae1216119379cafa9e2d28d26,Oil steadies as investors await peace talk direction,finance.yahoo.com,summary_only
2025-11-28,5,1,0,,11f710d5465073eba03e50770b48fb29b861efe1,"Oil Prices Forecast 2026 : Oil Prices to Face Pressure in 2026 as Global Supply Surges , ETAuto",auto.economictimes.indiatimes.com,summary_only
2025-11-29,5,1,0,,cc59a03d8691a662d1a2d127be1d11f3088b9a27,How successful has OPEC+ oil output policy been in 2025 ?,economictimes.indiatimes.com,summary_only
2025-11-30,13,1,0,,52221a68207da1bd94e39237aac48c007f334e5f,"OPEC+ Oil Output Policy : OPEC+ set to hold oil output policy steady on Sunday , sources say , ETAuto",auto.economictimes.indiatimes.com,summary_only
2025-12-01,10,1,0,,8db00515237866b92a438a6cb74fbb548ea4cdc6,Maduro traži pomoć OPEC - a kontra američkih prijetnji : Žele preuzeti najveću svjetsku naftnu rezervu !,advance.hr,summary_only
2025-12-02,12,1,0,,4d4fdba8a0aaa3313201e9962eef16f03bdff02c,Criza apei riscă să închidă rafinăria care asigură 35 % din combustibilul țării . Expert : S - ar lăsa cu creșteri importante de prețuri,antena3.ro,summary_only
2025-12-03,10,1,0,,ab16eccda53e48597f6d277a661e2f58c78d49aa,"Sistemul Energetic Național , stabilizat . Ministrul Energiei : „ Petrobrazi funcționează , centrala Brazi repornește",adevarul.ro,summary_only
2025-12-04,13,1,0,,fe10779defd873d1dcadb48adf639ed7566d832f,"Exclusive - Kazakhstan oil output declines as exports curbed by damaged terminal , source says",channelnewsasia.com,summary_only
2025-12-05,12,1,0,,3685134b9883bde6201804cd27d7434e2a38e468,Murban growing market depth puts it head - to - head with WTI in Asia,asiabulletin.com,summary_only
2025-12-06,1,1,0,,365d45b53aa3cdd1d47c4d0b70e0a7051d5ef5a6,NASA APOD: Apollo 17 at Shorty Crater,NASA Astronomy Picture of the Day,full_gzip
2025-12-07,6,1,0,,0a0f6fb1a7474acb0de2b68fcc1ec3481375ad23,國內油價1個月來首漲 汽柴油各上調0 . 1元｜卡優新聞網,cardu.com.tw,summary_only
2025-12-08,5,1,0,,644d23bff204b15b81b450fcc083d7139e08373b,Oil Prices Hover Near US$60 Amid Geopolitical Tensions,newsghana.com.gh,summary_only
2025-12-09,5,1,0,,326807e798e7a9a1cebb484051782529ab4af860,WTI drifts lower to near $58 . 50 on Iraq oilfield recovery,fxstreet.com,summary_only
2025-12-10,5,1,0,,717a79a58fae4ac38087d79b073aa8247125a493,Oregon Gas Prices Drop Nearly A Dime | 106 . 7 The Eagle,1067theeagle.iheart.com,summary_only
2025-12-11,5,1,0,,add50cd6f17d9d608ba324440d4ec6c7f366ae2c,2026年度展望 ： 原油熊市阴霾笼罩 ， 白银 、 铂金迎来繁荣期 _ 白银 _ 黄金网 _ 中金在线,gold.cnfol.com,summary_only
2025-12-12,5,1,0,,e70c827faabfb91b306443be99f072761048d226,"IEA Slashes 2026 Oil Glut Forecast In Rare Warning As Demand Surges , Sanctions Hit Supply And Global Markets Brace For A Massive Shakeup - BP ( NYSE : BP ), Chevron ( NYSE : CVX )",benzinga.com,summary_only
2025-12-13,3,1,0,,23f1000f6a15ce8404094c56a797d523fa8373d7,Oil prices decreased on world commodity markets,en.apa.az,summary_only
2025-12-14,2,1,0,,6eaebce2e49f3e65b10afdbe144cd1d596fc49d3,Petróleo Semanal 14 a 19 / 12 : ¿ Desafío en Soporte ? ( Gráfico ),es.dailyforex.com,summary_only
2025-12-15,4,1,0,,3cf1a7ff39c1e04cc08128eab04bfe92a082cde9,جريدة الرياض | أوبك تؤكد توازن العرض والطلب النفطي في 2026 دون فائض,alriyadh.com,summary_only
2025-12-16,5,1,0,,2c8a7e4be78d1de799e5f0c23c6da1ec4fd36a32,"Average Gas Prices Fall for Third Straight Week – KTBB News , Weather , Talk",ktbb.com,summary_only
2025-12-17,5,1,0,,4817cabc00619b776aed35299c7920cbce0a4ece,US President Donald Trump orders total blockade of sanctioned Venezuelan oil tankers,fxstreet.com,summary_only
2025-12-18,5,1,0,,d723217bbb0b06e8b066e07004683ab3318ce7c1,"Nigeria : Reps Step Down MTEF / FSP Report After Dispute Over Oil Benchmarks , Revenue Assumptions",allafrica.com,summary_only
2025-12-19,5,1,0,,7c9d8939773155191bbd8c1f1ef8132da03fa623,Oil Prices Steady in Asia but Headed for Weekly Loss on Supply Glut Concerns,econotimes.com,summary_only
2025-12-20,3,1,0,,5cf589ff76c784dabf2e0b421aa481637bd868cf,Sankce zabírají . Cena ruské ropy je od začátku roku o půlku níže,e15.cz,summary_only
2025-12-21,3,1,0,,3327be00e0cca9e757fb2f788bcdf154de4f71b6,Crude Oil Weekly Forecast 21 / 12 : Prices Stay Low ? ( Chart ),dailyforex.com,summary_only
2025-12-22,5,1,0,,cb38058fec666f58431de77425842a83cbed3062,Oil prices gain on US interception of oil tanker off the coast of Venezuela over weekend,businesstimes.com.sg,summary_only
2025-12-23,5,1,0,,c4d2d524f421b2f4389bb2d31eb6917e8a1d77cc,"Oil Markets : China Takes the Lead in Global Oil Pricing , Overtaking OPEC+ , ETAuto",auto.economictimes.indiatimes.com,summary_only
2025-12-24,5,1,0,,42a3edb2f76847493f5bd4d2e71c194d439edbc5,Baystreet . ca - U . S . Crude Stocks Post Surprise Build as Gasoline and Distillates Rise,baystreet.ca,summary_only
2025-12-25,3,1,0,,dec5727114cdb8b39f39e985463025de8e5cd0c8,Blase Capital oil slick,dailypioneer.com,summary_only
2025-12-26,2,1,0,,2e8da18c0611faa92a07e2e9aa9a72df131ed760,Oil Prices Hold Steady in Asia as Geopolitical Tensions Support Market,econotimes.com,summary_only
2025-12-27,4,1,0,,104a52e4fc1edab20ad9c76ec97bd1a722052614,"Oil Prices Stable Amid Geopolitical Tensions and Supply Risks , ETAuto",auto.economictimes.indiatimes.com,summary_only
2025-12-28,2,1,0,,674e1fb6a65037ef91c90340b2b1a5633d0c35c6,Crude Oil Weekly Forecast 28 / 1 : Volatile Prices ? ( Chart ),dailyforex.com,summary_only
2025-12-29,5,1,0,,55f0fba7e54e98dc641f619f2bd0e15036afb245,Crude Oil to remain under pressure in 2026 as oversupply outweighs geopolitical risks : Analysts,aninews.in,summary_only
2025-12-30,5,1,0,,1bad5654774be541d874f942cc5e2738adee199e,"With steep dip in crude price , India oil imports up 2 . 4 %, but bill down 12 %",indianexpress.com,summary_only
2025-12-31,5,1,0,,c7f307219241c02776d7db3e70ac5262eca9eb2e,Crude oil prices to remain low in 2026 due to surplus production and supply demand mismatch : Report,aninews.in,summary_only
2026-01-01,5,1,0,,3882418131c2ff2ecbf3781a9d5409e5c40f0404,Benzín je v Česku nejlevnější za čtyři roky . Na konci roku pokles cen zpomalil,denik.cz,summary_only
2026-01-02,5,1,0,,505bee76715b36661ccee56f100e143b78f68b7b,Crude Prices Erase Early Gains on a Bearish EIA Inventory Report,finance.yahoo.com,summary_only
2026-01-03,5,1,0,,446e77b570535f42b17bf2781eaaef839ad92ad2,Oil prices settle lower after biggest annual loss since 2020,auto.economictimes.indiatimes.com,summary_only
2026-01-04,1,1,0,,132627b8a7deb114189861321e62e6b344cad277,Fuel prices drop across South Africa from 7 January,citizen.co.za,summary_only
2026-01-05,5,1,0,,ec01f96349a5b807a41b074d11644c6e13d5fbfa,"Why some oil is better than other oil - and why the world cares - Arabian Business : Latest News on the Middle East , Real Estate , Finance , and More",arabianbusiness.com,summary_only
2026-01-06,5,1,0,,7497309d696ed36295115adf886a496798c9126a,WTI holds steady near $58 . 00 amid uncertainty over Venezuela oil flow changes,fxstreet.com,summary_only
2026-01-07,5,1,0,,b91f87832ce17d80c2ce9f9b9a3581268145e076,Oil experts predict slight rise in gas prices as global tensions mount,finance.yahoo.com,summary_only
2026-01-08,3,1,0,,4a4000caf1aaa37bfdb7e8eecf61f3f8e57fca17,"WTI rises as US Crude stockpiles plunge , Venezuelan exports in focus",fxstreet.com,summary_only
2026-01-09,5,1,0,,c71f1958cfaf619ab7685589306cff8c59a33ea8,"Crude Oil Soars Amid Geopolitical Risks , U . S . Inventory Data , OPEC Output Increase Pause",finanzen.ch,summary_only
2026-01-10,2,1,0,,39b7e161f9c35552cb07e248e1a5557dc99870b0,Tramps paraksta rīkojumu ASV turēto Venecuēlas naftas ieņēmumu aizsardzībai,lsm.lv,summary_only
2026-01-11,5,1,0,,43bee89ee7bdf835cd44807e81537c8e1d0a43f1,Crude Oil Weekly Forecast 11 / 1 : Upwards in Progress ? ( Chart ),dailyforex.com,summary_only
2026-01-12,5,1,0,,cc03217a876952527f436797d7d8b9d6be78c4bc,"PETROLE : Le brut termine en hausse , la géopolitique pèse",abcbourse.com,summary_only
2026-01-13,5,1,0,,ef0d3607a5edf019240427a65c5919c5a8b9dfac,Oil Prices Climb for Fourth Session as Iran Unrest and Supply Risks Fuel Market Fears,econotimes.com,summary_only
2026-01-14,5,1,0,,c603dffa987fb6a69cfe284bebd8db83ad7797a8,Oil Prices Slip After Rally as Markets Weigh Iran Supply Risks and Rising U . S . Inventories,econotimes.com,summary_only
2026-01-15,3,1,0,,27cf48416e3d6a1fc46f6b5a6ee7edd592d583c5,جريدة الرياض | النفط يقلص مكاسبه مع استئناف شحنات فنزويلا .. ورغم مخاوف تعثر الإمدادات الإيرانية,alriyadh.com,summary_only
2026-01-16,5,1,0,,b6090f8a3873be5c847327b4f55b8c54738adbe1,Indonesia Crude Oil Price Falls by US$1 . 73 per Barrel,en.tempo.co,summary_only
2026-01-17,1,1,0,,99485a68f49b0fede5d156a2dcf841783e199f56,Oil and Gasoline Fast Facts,kesq.com,summary_only
2026-01-18,2,1,0,,daa596a70a57793738201e679576bf08c0ddac29,Petróleo Semanal 18 / 1 : ¿ Giros Violentos de Precio ? ( Gráfico ),es.dailyforex.com,summary_only
2026-01-19,2,1,0,,23a8c09512f8be5454af528e021e91de6903f41f,"WTI holds above $59 despite Iran tensions , Trump tariff threats",financialmirror.com,summary_only
2026-01-20,5,1,0,,49aa713c9bc3dc10bb8f0a8f72f26cb7405dc4d6,Softer dollar lifts oil while traders focus on Greenland,businessday.co.za,summary_only
2026-01-21,5,1,0,,0e25eb974a51b346ffb822c9dacbfa8c83be2c23,"Oil prices settle higher on force majeure at Kazakh field , slow Venezuela exports",businesstimes.com.sg,summary_only
2026-01-22,3,1,0,,741167a15db1c1a384e6e10546c66f05aa12572f,Dollar Strength and Smaller Global Supplies Lift Crude Oil Prices,finance.yahoo.com,summary_only
2026-01-23,5,1,0,,610dffc6a15ec3b8e3508c69faca43628860c581,"Trump uvalil na lode prepravujúce iránsku ropu sankcie , ceny vzrástli o tri percentá",hnonline.sk,summary_only
2026-01-24,5,1,0,,c38ce84e70787025341618bae88a252dce23d615,"Oil rises nearly 3 % as US sends armada to Iran , slaps new sanctions",asiaone.com,summary_only
2026-01-25,5,1,0,,c607cc55093d39cb9a62d3851ad5a106fbfc0234,"বিশ্ববাজারে আবার বাড়ছে তেলের দাম , ১ সপ্তাহের মধ্যে সর্বোচ্চে ব্রেন্ট ও ডব্লিউটিআই",arthosuchak.com,summary_only
2026-01-26,5,1,0,,4b79a7a26a70b28f37ff2d316b51ce2715f68bac,伊朗石油出口暴增 ， 利润却暴跌 ！ 下一个油市黑天鹅已现身 ？_ 国际原油市场 _ 黄金网 _ 中金在线,gold.cnfol.com,summary_only
2026-01-27,2,1,0,,3811c30af5010805eda9e3aeb54d0dc5ba43ee45,Oil futures surge 3 % a barrel as winter storm slams US output,businesstimes.com.sg,summary_only
2026-01-28,5,1,0,,e0541b10f092c5a35bfda8cda6b461f9529697ab,Crude Oil Surges As Threat Of War In Middle East Raises Output - Supply Concerns,finanznachrichten.de,summary_only
2026-01-29,5,1,0,,566eaed512b33b8c6ae094a138f873b88ff9e7e7,Oil prices surge 3 % to five - month high on worries US could attack Iran,businesstimes.com.sg,summary_only
2026-01-30,5,1,0,,2adaad15a49592ac8b6e443285c8e1b0f25a0a84,Oil slides as Trump signals dialogue with Iran over nuclear program,cnbc.com,summary_only
2026-01-31,1,1,0,,cf854838719b81de253a96c68140f82dab791924,"Govt targets 10 , 000 - barrel - per - day increase in crude oil production this year",businessghana.com,summary_only
2026-02-01,5,1,0,,994071e5ee046f6f9fd24f16c2cd931d8e76941a,OPEC+ agrees in principle to keep oil output pause for March : Reuters,cnbc.com,summary_only
2026-02-02,5,1,0,,40f2c3264f1f60cffbb77a36c1d24c5799ebd539,"Oil prices fall nearly 5 %, below $62 / bbl on US ‑ Iran de ‑ escalation",economictimes.indiatimes.com,summary_only
2026-02-03,5,1,0,,652e896fdb176a194627ab3539a0f7728fdef897,النفط ينخفض وسط تهدئة محتملة بين أميركا وإيران وقوة الدولار,albayan.ae,summary_only
2026-02-04,5,1,0,,e794d8c082a560883d70e2eaa7e26c7fe8737e6c,جريدة الرياض | النفط يواصل خسائره مع تهدئة التوترات .. وقوة الدولار,alriyadh.com,summary_only
2026-02-05,5,1,0,,1182fe8cf1a0dc537494dffb534b2a35813efcf7,جريدة الرياض | انخفاض أسعار النفط 2 دولار مع انحسار مخاوف الامدادات والتوترات الجيوسياسية,alriyadh.com,summary_only
2026-02-06,5,1,0,,ea6504f4de8844907d11f2f1b6a5ef5e4a6cada0,Crude Prices Little Changed Awaiting US - Iran Negotiations,finance.yahoo.com,summary_only
2026-02-07,3,1,0,,3a1b26e8be3670343d9654cb5e11dd5ee42a45f3,Shell Pumps Out Dividend Hike Despite Slippery Oil Prices,finance.yahoo.com,summary_only
2026-02-08,5,1,0,,025312c19aaacd8c067697044d3403bffec19596,وزارة النفط : 1 . 94 مليار دينار إتاوات وضرائب محصلة من شركات عقود الامتياز والمشاركة خلال يناير,alwasat.ly,summary_only
2026-02-09,10,1,0,,1702831de900266438d91e9897564caa50caebff,Ceny ropy klesajú napriek pretrvávajúcemu napätiu na Blízkom východe,aktuality.sk,summary_only
2026-02-10,8,1,0,,6063fb15e422f49d2404edb4f2ba6c19afd55385,Más allá de la Cuenca Pérmica : las petroleras de EEUU buscan pozos por el mundo para darle una nueva vida al fracking,eleconomista.es,summary_only
2026-02-11,10,1,0,,f3aee5c0d95c8d4c40eae9e844f29fbe344de1cf,The Oil Tug - of - War : Geopolitics vs . Global Glut Continues . Will Bulls or Bears Prevail ?,actionforex.com,summary_only
2026-02-12,10,1,0,,6a38fc9b02f611287fdec9eab6b16021bceee3ee,Жительница Бурятии забыла семью после четвёртых родов и умерла | Байкал Daily - Новости Бурятии и Улан - Удэ в реальном времени,baikal-daily.ru,summary_only
2026-02-13,10,1,0,,38522c8404394971b93568a1e0bfd51b8269fd44,Венецуелската държавна петролна компания преговаря със свои партньори за разширяване на предоставените им петролни находища - EkipNews . com,ekipnews.com,summary_only
2026-02-14,9,1,0,,859bf147f7005556cc336dfa115c32a26bbb3d29,Kunci Jawaban Sejarah Kelas 12 SMA Halaman 137 138 139 140 141 142 Kurikulum Merdeka : Masa Orde Baru,bangka.tribunnews.com,summary_only
2026-02-15,5,1,0,,ab2cda11b369cefada17ef5f9108ed0f5c222695,汽柴油價格春節凍漲 本週國內油價不調整｜卡優新聞網,cardu.com.tw,summary_only
2026-02-16,5,1,0,,092c63939a9b486d91dae3013729d6947da3e0f8,جريدة الرياض | « أوبك+ » تميل لاستئناف زيادة إنتاج النفط في اجتماعها المقبل,alriyadh.com,summary_only
2026-02-17,5,1,0,,6af293952b9a0ab567ce93af9c2aa33ca6f788b7,"Steady Oil Prices as US - Iran Tensions Influence Market Dynamics , ETAuto",auto.economictimes.indiatimes.com,summary_only
2026-02-18,5,1,0,,4e8050b3c673ea196667bfd163e731dbc2a1e66d,Oil gains as traders weigh progress in Russia - Ukraine and US - Iran talks,channelnewsasia.com,summary_only
2026-02-19,3,1,0,,2a235e75edbd23d0ad5b00a105b2dece5110c3ba,Oil rises to six - month high on concern over potential US - Iran conflict,livemint.com,summary_only
2026-02-20,5,1,0,,baa1f2d80557a918f054ae771ad9b1e88cd52d5f,"Oil Prices Surge Amid Rising US - Iran Tensions : Weekly Gain Imminent , ETAuto",auto.economictimes.indiatimes.com,summary_only
2026-02-21,2,1,0,,21bf06e9fb81223f708bcbe10e1e3343bc897c7d,"Oil : Brent rises late , settles higher and with weekly gain on Iran - US jitters",businesstimes.com.sg,summary_only
2026-02-22,6,1,0,,4d9e7d4b956e0b684e6b4109a52e5d5002282862,جريدة الرياض | ملاحم حققتها « الدول السعودية الثلاث » في الوحدة والأمن وتعزيز استقرار الاقتصاد,alriyadh.com,summary_only
2026-02-23,10,1,0,,094fd8b84b27e33e00f2d39ac02da925240347b4,Neidentifikované drony v noci na pondelok zasiahli stanicu Kalejkino . Poškodenie môže ovplyvniť ruskú ekonomiku a energetiku,aktuality.sk,summary_only
2026-02-24,10,1,0,,281574efe3e7ecc2e5b4d3e9d9f211ed2792f265,Gas Prices Soar In Oregon | 105 . 9 The Brew,1059thebrew.iheart.com,summary_only
2026-02-25,10,1,0,,49862643b458c248a6df726a7f87dd84559e15fd,Цената на петрола продължава да расте заради опасения от нова война,actualno.com,summary_only
2026-02-26,5,1,0,,a7f5b3db93cc42fb9d2060e495959e2422bddd97,"Here Are Thursday Top Wall Street Analyst Research Calls : Alcon , First Solar , Five Below , Joby Aviation , Spotify , Trade Desk , U . S . Bancorp , and More",247wallst.com,summary_only
2026-02-27,5,1,0,,8efbecdcf0b4e162e802b8749549ed2c2820714a,"Oil Price Outlook : अमेरिका - ईरान तनाव से तेल के 110 डॉलर तक उछलने की आशंका , एनालिस्ट ने बताई पूरी बात - brent crude may hit usd110 on us iran tensions hormuz risks keep oil market on edge",hindi.business-standard.com,summary_only
2026-02-28,1,1,0,,f1bfd8d54e068517cddbe0c8429d850ec3b4bd5b,ОПЕК+ може різко збільшити видобуток нафти,zn.ua,summary_only
2026-03-01,10,1,0,,6fd440307148fdf719b1cc089eb525ffa1a9bdb1,突然大跌 ， 15万人爆仓 ！ 伊朗发射高超音速导弹 ， 并封锁霍尔木兹海峡 ， 油价或飙升 ， 国内金饰克价突破1600元,163.com,summary_only
2026-03-02,5,1,0,,4bc3dbc9293aeef2fff2d49ef1488ba914d418bf,"How higher oil prices are lifting Russian oil stocks : Why Russian oil stocks are rising today ? Rosneft , Lukoil , Gazprom Neft surge as Brent crude jumps Is higher crude price and supply fears now inevitable ?",economictimes.indiatimes.com,summary_only
2026-03-03,5,1,0,,a27895c1168ecb13c8b9bc1a1a9a3baaed295813,Oil prices soar 10 % as tanker traffic halts near the Strait of Hormuz amid Iran attacks while IRGC warns against passage . Our ships will stay put,finance.yahoo.com,summary_only
2026-03-04,5,1,0,,307955cf8dd44168a047e3d43842cea97bd1f7b0,El precio del petróleo sube un 3 % y el del gas casi un 9 % tras la escalada del conflicto en Oriente Próximo,europapress.es,summary_only
2026-03-05,5,1,0,,58a2917e8dc1c2aa391abe8827de235c266c65fc,Putin gas wars threat to Britain and EU : Smirking Putin considers cutting last remaining Russian supplies to the continent as energy prices soar amid turmoil in Middle East,dailymail.co.uk,summary_only
2026-03-06,5,1,0,,147a68b73d0470b7e165b0c90f4c36e051873060,Why crude oil market prices hike rapidly : Crude oil market prices hike in a cruel surge : Oil markets stunned as prices climb $12 in 9 hours here what sparked it,economictimes.indiatimes.com,summary_only
2026-03-07,5,1,0,,be49ea7c5323521d7adcbffb6208c294f712765d,"Oil and gas shutdowns in Iraq and Kuwait widen the Iran war impact on energy prices , while the U . S . lines up insurance and naval escorts in response",aol.com,summary_only
2026-03-08,6,1,0,,78392c8b36dc134e5901ad84c48e30f5ebba1f31,Ceny ropy v závere týždňa prudko vzrástli a zaznamenali najvyššie týždenné prírastky za posledných šesť rokov,aktuality.sk,summary_only
2026-03-09,5,1,0,,64bb39190ca10459cd9eedd89df1172c01a066e7,"पहले स्ट्रेट ऑफ होर्मुज बंद , अब सऊदी अरब ने घटा दिया तेल का उत्पादन ; दुनिया में मचने वाला है हाहाकार ? - saudi arabia cuts oil production amid hormuz strait crisis",jagran.com,summary_only
2026-03-10,5,1,0,,c76624f2b4c73e50e4c15aa01dc05f49d02d6ff5,Why is the Dow Jones up nearly 400 points today : Why is Dow Jones surging today ? Dow jumps nearly 400 points Will S & P 500 and Nasdaq extend the US stock market rally ?,economictimes.indiatimes.com,summary_only
2026-03-11,5,1,0,,d1b839d3875b1197c7bf7765a2c9f3c6d66d797d,OPEP prevé un aumento de la demanda mundial de petróleo en 2026 - Agencia Venezolana de Noticias,avn.info.ve,summary_only
2026-03-12,5,1,0,,7672d5115c3635a7cbcb28a8c8c89788e1c259d0,Лишённая прав жительница Бурятии воссоединилась с детьми через 10 лет | Байкал Daily - Новости Бурятии и Улан - Удэ в реальном времени,baikal-daily.ru,summary_only
2026-03-13,5,1,0,,e505b320a8a8bcbe5765e02248fac9333db2f0b5,Cathie Wood oil price crash forecast : Cathie Wood predicts oil could crash 50 % even as Strait of Hormuz crisis shakes markets amid Iran war,economictimes.indiatimes.com,summary_only
2026-03-14,5,1,0,,7e194c3cd8598f45545302b73651abfd4f4e8545,"ՕՊԵԿ+ - ը փետրվարին ավելացրել է նավթի արդյունահանումը , սակայն ծրագրից հետ է մնացել օրական 400 հազար բարելով",b24.am,summary_only
2026-03-15,6,1,0,,1faf875aa4c073ae0144172e04fb42d193040a33,Where were the cheapest places to fill up on diesel gas in cities in DuPage County in week ending Mar . 7 ?,dupagepolicyjournal.com,summary_only
2026-03-16,5,1,0,,6027373dd5a90927daaa0fbd4bfec6b87a0e86eb,"Hormuz Closure Resets The Math For These 14 Oil Stocks , Analyst Says - APA ( NASDAQ : APA ), Chord Energy ( NASDAQ : CHRD )",benzinga.com,summary_only
2026-03-17,5,1,0,,59e75d0d7a14fb1b22703155a4b222056949a3d2,"Canada to boost oil output as Iran war disrupts Strait of Hormuz , triggering global supply shock and price surge",economictimes.indiatimes.com,summary_only
2026-03-18,5,1,0,,e3eb58eb1d632764147579d8706a84c8ea13171b,"चीन जा रहे थे रूस के सात तेल टैंकर , अचानक भारत की तरफ क्यों लिया U - turn ? Inside Story - seven russian oil tankers were headed to china they suddenly take u turn towards india inside story",jagran.com,summary_only
2026-03-19,5,1,0,,d58424d8d8b7801284cdf1725504cdeb6671c064,"Amid Iran War , Soaring Fuel Prices , Ross Gerber Urges People To Switch To EVs , Touts Thousands Of Dollar Saved Annually",benzinga.com,summary_only
2026-03-20,5,1,0,,9089a3f02424ae83e31683935320ee39e64ca42d,"Stock Market Today March 20 LIVE : Sensex rallies 900 pts , Nifty above 23 , 200 as crude oil prices fall ; Rupee breaches 93",livemint.com,summary_only
2026-03-21,5,1,0,,49b0792e879acf9badb1a8638020bd9ea8f5674b,ఇరాన్‌పై దాడులకు స్వస్తి చెప్పే యోచనలో ట్రంప్ | trump plans end iran attacks oil sanctions relief middle east tensions pcs,andhrajyothy.com,summary_only
2026-03-22,5,1,0,,27604e00104ff4d27e8036dbe7e4dd0ef2ce1ff7,"West Asia conflict has disrupted energy supply chains , India leveraging diplomacy to secure oil and gas flows : Experts",chinanationalnews.com,summary_only
2026-03-23,5,1,0,,4dfc12abbce98531dbd037828a1668218b56ffe0,Я получила дочь грузом 200 . Бишкекчанка два года пытается вернуть внука из России » Gazeta . kg новости Кыргызстана и Бишкека сегодня,gazeta.kg,summary_only
2026-03-24,5,1,0,,0550ed447cd02833acb0e8654a797f580427cc58,"Leonardo Badea , Prim - viceguvernator BNR : Orientul Mijlociu , OPEC și noul șoc petrolier , ce este diferit de această dată ? - Ştiri locale de ultima ora , stiri video",gorjeanul.ro,summary_only
2026-03-25,5,1,0,,763766d8440c8076ef612d0248365252510f8822,"Stocks Rise , Oil Falls On Iran Ceasefire Hopes , ARM Surges 15 %: Markets Today - Amazon . com ( NASDAQ : AMZN ), ARM Holdings ( NASDAQ : ARM )",benzinga.com,summary_only
2026-03-26,5,1,0,,147bd5b31d3dd0cfb9d5f1b8b21d0e9be300c14c,Жительница Бурятии потеряла почти 9 миллионов ради « награды » за погибшего родственника | Байкал - Дейли - Новости Бурятии и Улан - Удэ в реальном времени,baikal-daily.ru,summary_only
2026-03-27,5,1,0,,1e86c9125cae457a6953dbe53a0e1d939bba726a,"గుడ్ న్యూస్ ! పెట్రోల్ , డీజిల్‌పై అదనపు ఎక్సైజ్ డ్యూటీలో కోత | petrol diesel excise duty cut india crude oil prices government decision pcs",andhrajyothy.com,summary_only
2026-03-28,5,1,0,,39da3377ec15d7f517976e09d77872e53f9a2dea,"Hürmüz kriziyle yükselen petrol fiyatları büyük enerji şirketlerinin kar beklentilerini artırdı - Kıbrıs Gazetesi - Kıbrıs Haber , KKTC Son Dakika ve Gündem Haberleri",kibrisgazetesi.com,summary_only
2026-03-29,9,1,0,,ac7c24cc0c0644e39e3cb944f2cf3a10ca194ec3,Ukraine steps up attacks on Russian oil industry as Kremlin reaps export windfall,edition.cnn.com,summary_only
2026-03-30,5,1,0,,d32b63edc5a88ce9644dbc22611283acba8e0643,Arminfo : В городе Аркадаг состоялось торжественное мероприятие по случаю пятой годовщины создания Благотворительного фонда по оказанию помощи нуждающимся в опеке детям имени Гурбангулы Бердымухамедова,arminfo.info,summary_only
2026-03-31,5,1,0,,e2694344585f24dd8059df1ab4b874eba9e36ea8,Hürmüz krizinin Körfez ülkelerinin ekonomilerine maliyeti belli oldu - Son Dakika Dünya Haberleri CNN Türk,cnnturk.com,summary_only
2026-04-01,5,1,0,,66ed010fa4f45e796ec2bbdad58eaaa571f135cc,రెండు నెలలకు సరిపడా ముడి చమురు నిల్వలు ... కేంద్రం | India has sufficient crude supplies for two months says Govt AVR,andhrajyothy.com,summary_only
2026-04-02,5,1,0,,cdd6d801d30a9fad6029a120b594178d2d3157a3,Le marché a besoin de chaque baril pouvant être produit : lOpep+ envisage une nouvelle hausse de sa production de pétrole pour réagir au moins sur le papier,bfmtv.com,summary_only
2026-04-03,5,1,0,,b87d68fa96bfb752298d70f4a531219129a1a4fb,Jianu : A gázolaj jövedéki adóját literenként 30 banival csökkentő kormányintézkedés nem elegendő,agerpres.ro,summary_only
2026-04-04,5,1,0,,2da3f2b980842980a8f12a9946a5fcfdc74603f5,عالمی منڈی میں خام تیل کی قیمتوں میں ریکارڈ اضافہ ، پاکستان میں پیٹرولیم مصنوعات مزید مہنگی ہونے کا خدشہ,dailyaaj.com.pk,summary_only
2026-04-05,5,1,0,,9d14d41871382440b8d205c2773b5875f68de756,"OPEC+ agrees to hike oil output , warns of slow recovery after attacks - Dominican Republic Post – Caribbean News , Business , Travel & Culture",dominicanrepublicpost.com,summary_only
2026-04-06,5,1,0,,431cb5c0a97c7c71357c9afaf5ae8a9ba1d9d846,Trump strieda hrozby so sľubmi prímeria . Ropný trh reaguje pádmi cien a neistotou investorov po víkende,aktuality.sk,summary_only
2026-04-07,5,1,0,,5593fb91eb11815992699fe4c55ac7ca9b6daa33,Crude oil prices to stay high as Hormuz Strait crisis deepens ; Probal Sen on what it means for Indian markets,economictimes.indiatimes.com,summary_only
2026-04-08,5,1,0,,a89e576957b67a683dd784d23a959de668eec253,Oil Price Today ( April 8 ): Crude oil price crashes 15 % as Trump agrees 2 - week ceasefire with Iran . What are experts saying ?,economictimes.indiatimes.com,summary_only
2026-04-09,5,1,0,,5bb08ce24752880243c339a7d8a25106be205ba2,جنگ بندی کے اعلان کے بعد کئی بحری جہازوں کا آبنائے ہرمز سے گزر : گھنٹے کے دوران پانچ خالی کارگو شپ اور ایک آئل ٹینکر نے آبنائے ہرمز کو کامیابی کے ساتھ عبور کیا,dailyaaj.com.pk,summary_only
2026-04-10,5,1,0,,f3dc00d599c1ea39eb9c620feb82170eae9dc1a0,Σε « ομίχλη πολέμου » η αγορά πετρελαίου παρά την προσωρινή εκεχειρία - Η σύγκριση με τα σοκ του 2022 και του 2008,enikonomia.gr,summary_only
2026-04-11,5,1,0,,c1cabd774dbd2ff3fc27fe5d71cacd9fe244b64d,"« Allarme sabotaggio alloleodotto transalpino », ma Tal nega : solo un rallentamento tecnico . Sullinterruzione indagano Antimafia e Ros",ilgazzettino.it,summary_only
2026-04-12,6,1,0,,10de0ffc8cdde748f8251bb2af2adf82d98d2443,"US , Israel , Iran war LIVE updates : Trump threatens to blow Iranians blocking the Strait of Hormuz to hell ; Naval blockade to begin ; fears oil prices will rise off fresh threats",9news.com.au,summary_only
2026-04-13,5,1,0,,747dd4481a5578480271a484646d2adb010e74e9,"Safe to stay away from trading , says Ajay Bagga , as Indian indices brace for sharp drop amid fresh geopolitical tensions",aninews.in,summary_only
2026-04-14,5,1,0,,2920c6dcc9fac90954b6e0f6481f5d596e37aae0,"Stocks Rally , Oil Crashes 7 % As Iran Talks Show Progress - State Street Consumer Discretionary Select Sec",benzinga.com,summary_only
2026-04-15,5,1,0,,195ddd5c8ca53e35e15118e70d07f6eff612d5b6,"JB Pritzker Wants E15 Gas To Bring Down Fuel Prices Amid Iran War , Says Trump Looking Out For Corporate",benzinga.com,summary_only
2026-04-16,5,1,0,,db96cafc6ecb19c1dee34d413d08bb5ddf92edfe,Baystreet . ca - Goldman : Another Month of Hormuz Closure Means Over $100 Brent Throughout 2026,baystreet.ca,summary_only
