source_name,source_type,source_country,document_count,active_days,first_date,last_date,mean_body_chars,open_source_count,has_text_rate,has_summary_rate,share_of_documents,rank
fxstreet.com,news,China,292,254,2022-04-20,2026-02-18,0.0,0,0.0,1.0,0.03298689561680976,1
marketscreener.com,news,Unknown,270,219,2022-07-04,2026-04-16,0.0,0,0.0,1.0,0.030501581563488478,2
seekingalpha.com,news,United States,194,187,2022-04-17,2026-04-14,0.0,0,0.0,1.0,0.0219159511974695,3
economictimes.indiatimes.com,news,India,193,174,2022-04-30,2026-04-16,0.0,0,0.0,1.0,0.021802982376863986,4
thehindubusinessline.com,news,India,185,180,2022-04-19,2026-02-19,0.0,0,0.0,1.0,0.020899231812019883,5
finance.yahoo.com,news,United States,147,132,2022-05-10,2026-04-04,0.0,0,0.0,1.0,0.016606416629010395,6
menafn.com,news,Qatar,145,125,2022-04-20,2025-01-19,0.0,0,0.0,1.0,0.016380478987799367,7
interfax.ru,official,Russia,141,113,2022-08-09,2026-04-10,0.0,141,0.0,1.0,0.015928603705377315,8
oilprice.com,news,United States,134,120,2022-04-19,2026-02-23,0.0,0,0.0,1.0,0.015137821961138725,9
livemint.com,news,India,99,94,2023-02-12,2026-04-13,0.0,0,0.0,1.0,0.011183913239945775,10
dailyfx.com,news,China,93,90,2022-04-18,2024-08-19,0.0,0,0.0,1.0,0.010506100316312697,11
financialexpress.com,news,India,83,76,2023-03-25,2025-10-28,0.0,0,0.0,1.0,0.00937641211025757,12
zonebourse.com,news,France,75,63,2022-05-12,2026-03-18,0.0,0,0.0,1.0,0.008472661545413466,13
arabnews.com,news,Saudi Arabia,74,72,2022-04-17,2025-09-27,0.0,0,0.0,1.0,0.008359692724807953,14
investing.com,news,United States,69,67,2022-04-21,2026-01-15,0.0,0,0.0,1.0,0.0077948486217803885,15
benzinga.com,news,United States,67,58,2023-03-24,2026-04-16,0.0,0,0.0,1.0,0.0075689109805693626,16
moneycontrol.com,news,India,65,64,2023-04-22,2026-04-12,0.0,0,0.0,1.0,0.0073429733393583375,17
neftegaz.ru,news,Russia,61,61,2022-05-11,2025-02-21,0.0,0,0.0,1.0,0.0068910980569362856,18
auto.economictimes.indiatimes.com,news,India,55,53,2023-05-14,2026-02-20,0.0,0,0.0,1.0,0.0062132851333032086,19
thisdaylive.com,news,Nigeria,55,49,2022-04-19,2026-01-25,0.0,0,0.0,1.0,0.0062132851333032086,20
theglobeandmail.com,news,Canada,52,45,2023-03-28,2026-02-01,0.0,0,0.0,1.0,0.00587437867148667,21
alriyadh.com,news,Saudi Arabia,49,47,2022-04-23,2026-02-22,0.0,0,0.0,1.0,0.005535472209670131,22
streetinsider.com,news,United States,47,42,2022-05-05,2024-08-03,0.0,0,0.0,1.0,0.005309534568459106,23
businesstimes.com.sg,news,Singapore,46,45,2024-02-11,2026-02-21,0.0,0,0.0,1.0,0.005196565747853593,24
dunyanews.tv,news,Pakistan,46,45,2022-06-09,2026-02-14,0.0,0,0.0,1.0,0.005196565747853593,25
finanznachrichten.de,news,Germany,45,44,2022-04-29,2026-02-26,0.0,0,0.0,1.0,0.00508359692724808,26
timesofindia.indiatimes.com,news,India,44,43,2022-10-30,2026-04-06,0.0,0,0.0,1.0,0.004970628106642567,27
thecable.ng,news,Nigeria,43,41,2022-06-14,2026-02-11,0.0,0,0.0,1.0,0.004857659286037054,28
bnr.bg,news,Bulgaria,42,41,2022-04-19,2025-11-13,0.0,0,0.0,1.0,0.004744690465431541,29
navbharattimes.indiatimes.com,news,India,39,36,2022-05-31,2026-03-22,0.0,0,0.0,1.0,0.004405784003615003,30
thestar.com.my,news,Malaysia,39,39,2022-05-07,2025-12-31,0.0,0,0.0,1.0,0.004405784003615003,31
aleqt.com,news,Saudi Arabia,38,38,2022-05-06,2025-09-09,0.0,0,0.0,1.0,0.00429281518300949,32
business-standard.com,news,India,36,35,2022-05-16,2026-02-11,0.0,0,0.0,1.0,0.004066877541798464,33
businesstoday.in,news,India,36,36,2022-04-21,2025-08-27,0.0,0,0.0,1.0,0.004066877541798464,34
msn.com,news,United States,36,27,2022-04-18,2023-06-20,0.0,0,0.0,1.0,0.004066877541798464,35
hnonline.sk,news,Slovak Republic,35,35,2023-03-25,2026-01-23,0.0,0,0.0,1.0,0.003953908721192951,36
milliyet.com.tr,official,Turkey,34,32,2023-08-28,2026-02-23,0.0,34,0.0,1.0,0.0038409399005874378,37
morningstar.com,news,China,34,27,2022-05-27,2026-04-14,0.0,0,0.0,1.0,0.0038409399005874378,38
punjabkesari.in,news,India,33,32,2022-09-26,2026-04-01,0.0,0,0.0,1.0,0.003727971079981925,39
tass.ru,news,Russia,33,31,2022-11-07,2025-07-27,0.0,0,0.0,1.0,0.003727971079981925,40
dw.com,news,Germany,32,28,2022-04-21,2026-03-08,0.0,0,0.0,1.0,0.0036150022593764122,41
khaleejtimes.com,news,United Arab Emirates,32,32,2022-06-12,2025-10-25,0.0,0,0.0,1.0,0.0036150022593764122,42
armenpress.am,news,Armenia,30,23,2022-07-09,2024-05-08,0.0,0,0.0,1.0,0.0033890646181653863,43
forexlive.com,news,Greece,30,29,2022-06-05,2025-07-05,0.0,0,0.0,1.0,0.0033890646181653863,44
liputan6.com,news,Indonesia,30,30,2022-04-23,2026-02-14,0.0,0,0.0,1.0,0.0033890646181653863,45
yahoo.com,news,United States,29,28,2022-07-17,2026-02-08,0.0,0,0.0,1.0,0.0032760957975598733,46
econotimes.com,news,United States,28,28,2023-10-12,2026-02-25,0.0,0,0.0,1.0,0.0031631269769543608,47
gdnonline.com,news,United States,28,24,2023-04-24,2026-02-22,0.0,0,0.0,1.0,0.0031631269769543608,48
markets.financialcontent.com,news,United States,28,22,2025-10-08,2026-04-14,0.0,0,0.0,1.0,0.0031631269769543608,49
fakti.bg,news,Bulgaria,27,25,2022-08-21,2026-04-06,0.0,0,0.0,1.0,0.003050158156348848,50
market.bisnis.com,news,Indonesia,27,27,2022-07-04,2025-12-09,0.0,0,0.0,1.0,0.003050158156348848,51
punchng.com,news,Nigeria,27,26,2022-04-19,2026-02-25,0.0,0,0.0,1.0,0.003050158156348848,52
zawya.com,news,United Arab Emirates,27,25,2023-04-15,2026-02-14,0.0,0,0.0,1.0,0.003050158156348848,53
dailyforex.com,news,United Kingdom,26,26,2023-08-28,2026-01-11,0.0,0,0.0,1.0,0.002937189335743335,54
livehindustan.com,news,India,26,26,2022-07-01,2025-07-20,0.0,0,0.0,1.0,0.002937189335743335,55
zerohedge.com,news,United States,26,26,2022-05-10,2026-04-03,0.0,0,0.0,1.0,0.002937189335743335,56
bnnbloomberg.ca,news,Canada,25,25,2022-08-24,2025-09-08,0.0,0,0.0,1.0,0.002824220515137822,57
indianexpress.com,news,India,25,25,2023-08-23,2026-04-12,0.0,0,0.0,1.0,0.002824220515137822,58
vz.ru,news,Russia,25,24,2022-08-12,2025-10-22,0.0,0,0.0,1.0,0.002824220515137822,59
channelnewsasia.com,news,United States,24,23,2023-04-06,2026-02-18,0.0,0,0.0,1.0,0.0027112516945323093,60
fool.com,news,United States,24,18,2022-05-29,2026-04-15,0.0,0,0.0,1.0,0.0027112516945323093,61
invezz.com,news,United Kingdom,24,24,2023-04-06,2025-09-08,0.0,0,0.0,1.0,0.0027112516945323093,62
dailytimes.com.pk,news,Pakistan,23,23,2022-04-23,2026-01-24,0.0,0,0.0,1.0,0.0025982828739267963,63
english.aawsat.com,news,Syria,23,22,2022-06-24,2025-11-30,0.0,0,0.0,1.0,0.0025982828739267963,64
guardian.ng,news,Nigeria,23,23,2022-04-27,2025-08-18,0.0,0,0.0,1.0,0.0025982828739267963,65
jagran.com,news,India,23,23,2022-04-28,2026-03-29,0.0,0,0.0,1.0,0.0025982828739267963,66
rigzone.com,news,United States,23,22,2022-05-24,2026-01-19,0.0,0,0.0,1.0,0.0025982828739267963,67
dailypost.ng,news,Nigeria,22,22,2022-11-09,2025-12-31,0.0,0,0.0,1.0,0.0024853140533212833,68
mignews.com,news,Unknown,22,21,2023-08-05,2026-04-08,0.0,0,0.0,1.0,0.0024853140533212833,69
dialog.ua,news,Ukraine,21,20,2023-12-10,2025-08-14,0.0,0,0.0,1.0,0.0023723452327157704,70
en.apa.az,news,Azerbaijan,21,21,2024-01-26,2026-01-14,0.0,0,0.0,1.0,0.0023723452327157704,71
marketwatch.com,news,United States,21,19,2022-05-12,2024-01-24,0.0,0,0.0,1.0,0.0023723452327157704,72
yeniakit.com.tr,news,Turkey,20,18,2022-10-18,2025-03-04,0.0,0,0.0,1.0,0.0022593764121102574,73
aninews.in,news,India,19,18,2023-05-20,2026-04-13,0.0,0,0.0,1.0,0.002146407591504745,74
en.ammonnews.net,news,Jordan,19,19,2023-05-01,2024-12-02,0.0,0,0.0,1.0,0.002146407591504745,75
leadership.ng,news,Nigeria,19,19,2023-03-05,2025-12-23,0.0,0,0.0,1.0,0.002146407591504745,76
news.yahoo.com,news,United States,19,19,2022-09-13,2024-01-27,0.0,0,0.0,1.0,0.002146407591504745,77
pronedra.ru,news,Russia,19,19,2022-10-01,2025-03-30,0.0,0,0.0,1.0,0.002146407591504745,78
24tv.ua,news,Ukraine,18,17,2023-01-06,2025-05-24,0.0,0,0.0,1.0,0.002033438770899232,79
biztoc.com,news,Unknown,18,17,2023-04-03,2024-09-03,0.0,0,0.0,1.0,0.002033438770899232,80
business.inquirer.net,news,Philippines,18,18,2022-11-08,2024-02-29,0.0,0,0.0,1.0,0.002033438770899232,81
dailymail.co.uk,news,United Kingdom,18,17,2022-07-04,2026-03-05,0.0,0,0.0,1.0,0.002033438770899232,82
finance.eastmoney.com,news,China,18,18,2022-08-21,2026-02-24,0.0,0,0.0,1.0,0.002033438770899232,83
fool.com.au,news,Australia,18,18,2022-09-24,2025-08-17,0.0,0,0.0,1.0,0.002033438770899232,84
investor.bg,news,Bulgaria,18,18,2022-04-28,2026-02-09,0.0,0,0.0,1.0,0.002033438770899232,85
kibrisgazetesi.com,news,Cyprus,18,17,2024-08-13,2026-03-28,0.0,0,0.0,1.0,0.002033438770899232,86
sputniknews.com,news,Russia,18,17,2022-04-30,2023-02-13,0.0,0,0.0,1.0,0.002033438770899232,87
telegraphindia.com,news,India,18,14,2022-04-24,2024-06-03,0.0,0,0.0,1.0,0.002033438770899232,88
aa.com.tr,news,Turkey,17,17,2022-06-01,2025-01-16,0.0,0,0.0,1.0,0.0019204699502937189,89
almowaten.net,news,Saudi Arabia,17,17,2022-10-01,2024-03-03,0.0,0,0.0,1.0,0.0019204699502937189,90
hellenicshippingnews.com,news,China,17,17,2022-05-13,2026-02-05,0.0,0,0.0,1.0,0.0019204699502937189,91
kommersant.ru,news,Russia,17,15,2022-05-10,2025-01-12,0.0,0,0.0,1.0,0.0019204699502937189,92
today.az,news,Azerbaijan,17,16,2022-05-06,2024-07-25,0.0,0,0.0,1.0,0.0019204699502937189,93
wnp.pl,news,Poland,17,17,2022-05-24,2026-02-22,0.0,0,0.0,1.0,0.0019204699502937189,94
blueprint.ng,news,Nigeria,16,15,2023-06-15,2026-02-11,0.0,0,0.0,1.0,0.0018075011296882061,95
ibtimes.com,news,United States,16,16,2022-08-08,2025-10-10,0.0,0,0.0,1.0,0.0018075011296882061,96
nairametrics.com,news,Nigeria,16,16,2023-06-06,2025-06-09,0.0,0,0.0,1.0,0.0018075011296882061,97
oilandgas360.com,news,United States,16,16,2022-08-16,2026-01-26,0.0,0,0.0,1.0,0.0018075011296882061,98
theepochtimes.com,news,United States,16,16,2022-04-18,2025-04-03,0.0,0,0.0,1.0,0.0018075011296882061,99
unian.net,news,Ukraine,16,16,2022-05-01,2025-10-25,0.0,0,0.0,1.0,0.0018075011296882061,100
bankingnews.gr,news,Greece,15,11,2022-05-14,2025-06-10,0.0,0,0.0,1.0,0.0016945323090826931,101
channelstv.com,news,Nigeria,15,15,2023-06-08,2025-10-30,0.0,0,0.0,1.0,0.0016945323090826931,102
eia.gov,official,United States,15,14,2022-08-03,2024-08-29,0.0,15,0.0,1.0,0.0016945323090826931,103
energy.economictimes.indiatimes.com,news,India,15,15,2023-06-14,2025-10-18,0.0,0,0.0,1.0,0.0016945323090826931,104
foxbusiness.com,news,United States,15,15,2022-05-30,2026-03-01,0.0,0,0.0,1.0,0.0016945323090826931,105
insidermonkey.com,news,United States,15,10,2023-01-08,2025-11-27,0.0,0,0.0,1.0,0.0016945323090826931,106
news18.com,news,India,15,15,2023-03-31,2026-02-10,0.0,0,0.0,1.0,0.0016945323090826931,107
novini.bg,news,Bulgaria,15,14,2022-04-22,2025-02-24,0.0,0,0.0,1.0,0.0016945323090826931,108
reuters.com,news,United States,15,15,2023-03-24,2023-12-06,0.0,0,0.0,1.0,0.0016945323090826931,109
tagesspiegel.de,news,Germany,15,15,2022-05-30,2024-08-06,0.0,0,0.0,1.0,0.0016945323090826931,110
actualno.com,news,Bulgaria,14,14,2022-06-23,2026-02-25,0.0,0,0.0,1.0,0.0015815634884771804,111
albiladpress.com,news,Bahrain,14,14,2022-12-11,2025-03-08,0.0,0,0.0,1.0,0.0015815634884771804,112
amarujala.com,news,India,14,12,2022-08-25,2024-09-08,0.0,0,0.0,1.0,0.0015815634884771804,113
cnbc.com,news,United States,14,14,2023-04-06,2026-02-18,0.0,0,0.0,1.0,0.0015815634884771804,114
fxempire.com,news,China,14,14,2022-05-02,2025-11-17,0.0,0,0.0,1.0,0.0015815634884771804,115
nbcnewyork.com,news,United States,14,14,2022-08-31,2025-04-14,0.0,0,0.0,1.0,0.0015815634884771804,116
ndtv.com,news,India,14,14,2022-04-20,2024-09-29,0.0,0,0.0,1.0,0.0015815634884771804,117
thenationonlineng.net,news,Nigeria,14,14,2022-05-02,2026-02-24,0.0,0,0.0,1.0,0.0015815634884771804,118
ceskenoviny.cz,news,Czech Republic,13,13,2022-06-14,2025-05-19,0.0,0,0.0,1.0,0.0014685946678716674,119
cumhuriyet.com.tr,news,Turkey,13,13,2022-06-03,2025-01-10,0.0,0,0.0,1.0,0.0014685946678716674,120
devdiscourse.com,news,China,13,12,2022-06-28,2024-12-18,0.0,0,0.0,1.0,0.0014685946678716674,121
es.dailyforex.com,news,United Kingdom,13,13,2023-03-30,2026-01-25,0.0,0,0.0,1.0,0.0014685946678716674,122
gulfnews.com,news,United Arab Emirates,13,12,2022-06-14,2026-03-13,0.0,0,0.0,1.0,0.0014685946678716674,123
hindi.moneycontrol.com,news,India,13,13,2023-08-22,2026-04-15,0.0,0,0.0,1.0,0.0014685946678716674,124
infotel.ca,news,Canada,13,13,2022-08-03,2025-07-22,0.0,0,0.0,1.0,0.0014685946678716674,125
inosmi.ru,news,Russia,13,13,2022-11-18,2025-12-03,0.0,0,0.0,1.0,0.0014685946678716674,126
internethaber.com,official,Turkey,13,12,2023-05-11,2026-03-27,0.0,13,0.0,1.0,0.0014685946678716674,127
naija247news.com,news,Nigeria,13,13,2024-02-04,2026-01-28,0.0,0,0.0,1.0,0.0014685946678716674,128
nna-leb.gov.lb,official,Lebanon,13,13,2023-03-22,2025-04-07,0.0,13,0.0,1.0,0.0014685946678716674,129
ziarelive.ro,news,Romania,13,12,2023-10-25,2024-06-05,0.0,0,0.0,1.0,0.0014685946678716674,130
baystreet.ca,news,Canada,12,10,2023-06-22,2026-04-16,0.0,0,0.0,1.0,0.0013556258472661546,131
chaspik.spb.ru,news,Russia,12,10,2023-01-08,2023-04-16,0.0,0,0.0,1.0,0.0013556258472661546,132
dailycaller.com,news,United States,12,12,2022-05-04,2025-07-31,0.0,0,0.0,1.0,0.0013556258472661546,133
dailythanthi.com,news,India,12,12,2023-03-25,2025-07-28,0.0,0,0.0,1.0,0.0013556258472661546,134
firstpost.com,news,India,12,12,2024-01-17,2026-02-18,0.0,0,0.0,1.0,0.0013556258472661546,135
freepressjournal.in,news,India,12,12,2023-03-25,2026-04-07,0.0,0,0.0,1.0,0.0013556258472661546,136
iraqakhbar.com,news,Iraq,12,12,2023-04-13,2024-05-04,0.0,0,0.0,1.0,0.0013556258472661546,137
legit.ng,news,Unknown,12,12,2023-09-17,2025-09-04,0.0,0,0.0,1.0,0.0013556258472661546,138
naturalnews.com,news,United States,12,12,2022-06-04,2026-03-31,0.0,0,0.0,1.0,0.0013556258472661546,139
nbcchicago.com,news,United States,12,12,2022-08-31,2025-04-14,0.0,0,0.0,1.0,0.0013556258472661546,140
portafolio.co,news,Colombia,12,12,2022-06-29,2024-06-17,0.0,0,0.0,1.0,0.0013556258472661546,141
runews24.ru,news,Russia,12,11,2022-08-12,2026-02-22,0.0,0,0.0,1.0,0.0013556258472661546,142
russian.rt.com,news,Russia,12,11,2022-08-07,2024-12-02,0.0,0,0.0,1.0,0.0013556258472661546,143
samaa.tv,news,Pakistan,12,12,2023-09-11,2025-03-30,0.0,0,0.0,1.0,0.0013556258472661546,144
shipandbunker.com,news,Singapore,12,12,2022-05-28,2025-06-07,0.0,0,0.0,1.0,0.0013556258472661546,145
teraz.sk,news,Slovak Republic,12,12,2023-03-16,2025-12-27,0.0,0,0.0,1.0,0.0013556258472661546,146
zocalo.com.mx,news,Mexico,12,12,2022-07-14,2025-04-29,0.0,0,0.0,1.0,0.0013556258472661546,147
albayan.ae,news,United Arab Emirates,11,11,2023-02-18,2026-02-03,0.0,0,0.0,1.0,0.0012426570266606417,148
beritasatu.com,news,Indonesia,11,11,2023-12-23,2024-12-07,0.0,0,0.0,1.0,0.0012426570266606417,149
dnes.bg,news,Bulgaria,11,11,2022-05-09,2025-05-10,0.0,0,0.0,1.0,0.0012426570266606417,150
eju.tv,news,Bolivia,11,10,2022-04-25,2023-11-20,0.0,0,0.0,1.0,0.0012426570266606417,151
haberler.com,news,Turkey,11,11,2022-04-26,2026-03-26,0.0,0,0.0,1.0,0.0012426570266606417,152
londonlovesbusiness.com,news,United Kingdom,11,11,2023-07-24,2025-03-21,0.0,0,0.0,1.0,0.0012426570266606417,153
markets.businessinsider.com,news,United States,11,11,2022-06-06,2024-09-26,0.0,0,0.0,1.0,0.0012426570266606417,154
ogunhaber.com,news,Turkey,11,9,2022-08-15,2024-10-05,0.0,0,0.0,1.0,0.0012426570266606417,155
taipeitimes.com,news,Taiwan,11,11,2023-07-09,2025-12-07,0.0,0,0.0,1.0,0.0012426570266606417,156
thedailystar.net,news,Bangladesh,11,10,2022-08-20,2023-09-19,0.0,0,0.0,1.0,0.0012426570266606417,157
thehindu.com,news,India,11,11,2023-01-08,2025-12-30,0.0,0,0.0,1.0,0.0012426570266606417,158
trend.az,news,Azerbaijan,11,11,2023-10-01,2026-02-02,0.0,0,0.0,1.0,0.0012426570266606417,159
vanguardngr.com,news,Nigeria,11,11,2022-08-02,2024-10-12,0.0,0,0.0,1.0,0.0012426570266606417,160
NASA Astronomy Picture of the Day,official_public_daily,US,10,10,2025-06-15,2025-12-06,870.2,10,1.0,1.0,0.0011296882060551287,161
aol.com,news,United States,10,10,2022-11-22,2026-03-07,0.0,0,0.0,1.0,0.0011296882060551287,162
breitbart.com,news,United States,10,9,2022-10-21,2025-01-18,0.0,0,0.0,1.0,0.0011296882060551287,163
businessghana.com,news,Ghana,10,8,2022-04-17,2026-01-31,0.0,0,0.0,1.0,0.0011296882060551287,164
focus.ua,news,Ukraine,10,10,2023-03-15,2025-04-10,0.0,0,0.0,1.0,0.0011296882060551287,165
ktvz.com,news,United States,10,10,2023-11-30,2025-10-14,0.0,0,0.0,1.0,0.0011296882060551287,166
kuna.net.kw,news,Kuwait,10,9,2022-04-30,2025-11-20,0.0,0,0.0,1.0,0.0011296882060551287,167
myjoyonline.com,news,Ghana,10,9,2023-04-11,2026-02-03,0.0,0,0.0,1.0,0.0011296882060551287,168
nbcdfw.com,news,United States,10,10,2022-09-05,2024-09-26,0.0,0,0.0,1.0,0.0011296882060551287,169
newsx.com,news,India,10,9,2022-08-30,2026-03-10,0.0,0,0.0,1.0,0.0011296882060551287,170
oann.com,news,United States,10,10,2022-07-15,2023-10-02,0.0,0,0.0,1.0,0.0011296882060551287,171
rttnews.com,news,United States,10,10,2024-02-20,2026-02-05,0.0,0,0.0,1.0,0.0011296882060551287,172
tribune.com.pk,news,Pakistan,10,10,2022-04-22,2025-09-09,0.0,0,0.0,1.0,0.0011296882060551287,173
ura.news,news,Russia,10,10,2022-11-23,2026-02-22,0.0,0,0.0,1.0,0.0011296882060551287,174
zeenews.india.com,news,India,10,9,2022-10-02,2024-09-12,0.0,0,0.0,1.0,0.0011296882060551287,175
U.S. Energy Information Administration Today in Energy,official,US,9,9,2023-03-23,2025-06-30,3586.5555555555557,9,1.0,1.0,0.001016719385449616,176
bignewsnetwork.com,news,United States,9,9,2022-08-23,2025-06-11,0.0,0,0.0,1.0,0.001016719385449616,177
brecorder.com,news,Pakistan,9,8,2023-06-15,2025-04-01,0.0,0,0.0,1.0,0.001016719385449616,178
cardu.com.tw,news,Taiwan,9,9,2023-06-11,2026-02-15,0.0,0,0.0,1.0,0.001016719385449616,179
castanet.net,news,Canada,9,5,2022-07-06,2023-05-09,0.0,0,0.0,1.0,0.001016719385449616,180
eluniverso.com,news,Ecuador,9,9,2023-06-10,2025-08-15,0.0,0,0.0,1.0,0.001016719385449616,181
finance.ifeng.com,news,China,9,9,2023-11-12,2026-03-01,0.0,0,0.0,1.0,0.001016719385449616,182
forbes.com,news,United States,9,9,2022-08-31,2024-11-19,0.0,0,0.0,1.0,0.001016719385449616,183
inewsgr.com,news,Greece,9,9,2023-06-02,2026-04-10,0.0,0,0.0,1.0,0.001016719385449616,184
larepublica.pe,news,Peru,9,8,2023-05-12,2025-08-06,0.0,0,0.0,1.0,0.001016719385449616,185
latestly.com,news,India,9,9,2022-04-19,2024-05-18,0.0,0,0.0,1.0,0.001016719385449616,186
money.kompas.com,news,Indonesia,9,9,2023-03-09,2026-04-12,0.0,0,0.0,1.0,0.001016719385449616,187
money.usnews.com,news,United States,9,9,2023-08-21,2024-06-20,0.0,0,0.0,1.0,0.001016719385449616,188
nasdaq.com,news,United States,9,9,2023-10-10,2024-08-23,0.0,0,0.0,1.0,0.001016719385449616,189
nationalaccordnewspaper.com,news,Nigeria,9,9,2022-09-14,2025-10-12,0.0,0,0.0,1.0,0.001016719385449616,190
nbcconnecticut.com,news,United States,9,9,2022-08-31,2025-04-14,0.0,0,0.0,1.0,0.001016719385449616,191
nbcphiladelphia.com,news,United States,9,9,2022-08-08,2025-04-14,0.0,0,0.0,1.0,0.001016719385449616,192
news.milli.az,official,Unknown,9,9,2022-05-05,2025-10-24,0.0,9,0.0,1.0,0.001016719385449616,193
offshore-technology.com,news,United Kingdom,9,8,2022-11-14,2025-11-14,0.0,0,0.0,1.0,0.001016719385449616,194
prabhatkhabar.com,news,India,9,9,2023-01-12,2025-12-04,0.0,0,0.0,1.0,0.001016719385449616,195
riafan.ru,news,Russia,9,9,2022-07-19,2023-05-27,0.0,0,0.0,1.0,0.001016719385449616,196
theguardian.com,news,United Kingdom,9,9,2022-06-26,2025-08-10,0.0,0,0.0,1.0,0.001016719385449616,197
wallstreet-online.de,news,Germany,9,9,2022-05-02,2025-12-11,0.0,0,0.0,1.0,0.001016719385449616,198
youm7.com,news,Egypt,9,9,2022-07-01,2026-01-12,0.0,0,0.0,1.0,0.001016719385449616,199
alwasat.ly,news,Libya,8,8,2022-12-25,2026-02-08,0.0,0,0.0,1.0,0.0009037505648441031,200
cbc.ca,news,Canada,8,8,2022-08-18,2025-07-22,0.0,0,0.0,1.0,0.0009037505648441031,201
eldeber.com.bo,news,Bolivia,8,8,2022-04-25,2023-01-15,0.0,0,0.0,1.0,0.0009037505648441031,202
elfinanciero.com.mx,news,Mexico,8,8,2024-02-21,2025-08-07,0.0,0,0.0,1.0,0.0009037505648441031,203
elimparcial.com,news,Mexico,8,8,2024-08-04,2025-07-06,0.0,0,0.0,1.0,0.0009037505648441031,204
english.ahram.org.eg,news,Egypt,8,7,2022-06-02,2023-04-02,0.0,0,0.0,1.0,0.0009037505648441031,205
es.investing.com,news,United States,8,8,2022-04-30,2023-03-09,0.0,0,0.0,1.0,0.0009037505648441031,206
fedpress.ru,news,Russia,8,8,2022-07-11,2026-04-10,0.0,0,0.0,1.0,0.0009037505648441031,207
inform.kz,news,Kazakhstan,8,8,2022-07-28,2024-09-26,0.0,0,0.0,1.0,0.0009037505648441031,208
interfax-russia.ru,official,Russia,8,8,2023-05-04,2025-12-02,0.0,8,0.0,1.0,0.0009037505648441031,209
news.az,news,Azerbaijan,8,8,2023-05-18,2025-09-03,0.0,0,0.0,1.0,0.0009037505648441031,210
shorouknews.com,news,Egypt,8,8,2022-11-26,2025-03-30,0.0,0,0.0,1.0,0.0009037505648441031,211
sozcu.com.tr,news,Turkey,8,8,2022-08-04,2025-07-20,0.0,0,0.0,1.0,0.0009037505648441031,212
stiripesurse.ro,news,Romania,8,8,2022-07-07,2026-03-23,0.0,0,0.0,1.0,0.0009037505648441031,213
tribuneonlineng.com,news,Nigeria,8,8,2022-06-15,2025-07-06,0.0,0,0.0,1.0,0.0009037505648441031,214
ua.interfax.com.ua,official,Ukraine,8,7,2022-04-25,2026-03-23,0.0,8,0.0,1.0,0.0009037505648441031,215
uzmanpara.milliyet.com.tr,official,Turkey,8,6,2026-01-30,2026-03-24,0.0,8,0.0,1.0,0.0009037505648441031,216
163.com,news,China,7,7,2022-06-09,2026-03-01,0.0,0,0.0,1.0,0.0007907817442385902,217
actualidad.rt.com,news,Russia,7,7,2022-05-08,2025-02-19,0.0,0,0.0,1.0,0.0007907817442385902,218
aktuality.sk,news,Slovak Republic,7,7,2025-08-17,2026-04-06,0.0,0,0.0,1.0,0.0007907817442385902,219
ambito.com,news,Argentina,7,7,2022-05-30,2025-07-05,0.0,0,0.0,1.0,0.0007907817442385902,220
azh.kz,news,Kazakhstan,7,7,2022-07-27,2025-05-14,0.0,0,0.0,1.0,0.0007907817442385902,221
balatarin.com,news,Iran,7,7,2022-08-27,2025-07-20,0.0,0,0.0,1.0,0.0007907817442385902,222
bankier.pl,news,Poland,7,6,2022-12-09,2025-05-25,0.0,0,0.0,1.0,0.0007907817442385902,223
biobiochile.cl,news,Chile,7,7,2022-07-17,2026-02-09,0.0,0,0.0,1.0,0.0007907817442385902,224
dnaindia.com,news,India,7,6,2023-06-03,2025-09-12,0.0,0,0.0,1.0,0.0007907817442385902,225
eadaily.com,news,Russia,7,7,2022-10-12,2025-10-21,0.0,0,0.0,1.0,0.0007907817442385902,226
fontanka.ru,news,Russia,7,7,2023-01-17,2025-08-01,0.0,0,0.0,1.0,0.0007907817442385902,227
geo.tv,news,Pakistan,7,7,2022-07-05,2025-11-29,0.0,0,0.0,1.0,0.0007907817442385902,228
ghanaweb.com,news,Ghana,7,7,2024-01-30,2025-05-09,0.0,0,0.0,1.0,0.0007907817442385902,229
haqqin.az,news,Azerbaijan,7,7,2023-10-17,2025-10-25,0.0,0,0.0,1.0,0.0007907817442385902,230
iranoilgas.com,news,Iran,7,7,2023-02-21,2025-04-07,0.0,0,0.0,1.0,0.0007907817442385902,231
jdsupra.com,news,United States,7,7,2022-06-03,2026-03-03,0.0,0,0.0,1.0,0.0007907817442385902,232
libyaakhbar.com,news,Libya,7,7,2024-03-16,2026-02-08,0.0,0,0.0,1.0,0.0007907817442385902,233
naslovi.net,news,Serbia,7,7,2022-10-10,2026-02-06,0.0,0,0.0,1.0,0.0007907817442385902,234
naturalgasintel.com,news,United States,7,7,2022-07-05,2023-11-20,0.0,0,0.0,1.0,0.0007907817442385902,235
opinionnigeria.com,news,Nigeria,7,7,2023-04-12,2025-12-12,0.0,0,0.0,1.0,0.0007907817442385902,236
premiumtimesng.com,news,Nigeria,7,7,2022-08-22,2025-05-22,0.0,0,0.0,1.0,0.0007907817442385902,237
shorenewsnetwork.com,news,United States,7,7,2022-05-05,2023-10-16,0.0,0,0.0,1.0,0.0007907817442385902,238
stabroeknews.com,news,Guyana,7,7,2022-05-22,2025-10-05,0.0,0,0.0,1.0,0.0007907817442385902,239
sunnewsonline.com,news,Nigeria,7,7,2023-03-13,2024-05-27,0.0,0,0.0,1.0,0.0007907817442385902,240
thepeninsulaqatar.com,news,Qatar,7,6,2022-08-14,2025-08-17,0.0,0,0.0,1.0,0.0007907817442385902,241
thesundaily.my,news,Malaysia,7,6,2022-06-01,2023-10-26,0.0,0,0.0,1.0,0.0007907817442385902,242
time.mk,news,Macedonia,7,6,2023-12-08,2026-02-09,0.0,0,0.0,1.0,0.0007907817442385902,243
tsn.ua,news,Ukraine,7,7,2022-05-11,2025-02-25,0.0,0,0.0,1.0,0.0007907817442385902,244
za.investing.com,news,United States,7,7,2022-04-21,2022-08-29,0.0,0,0.0,1.0,0.0007907817442385902,245
abcnews.go.com,news,United States,6,6,2023-08-03,2024-12-06,0.0,0,0.0,1.0,0.0006778129236330773,246
albawaba.com,news,Israel,6,6,2022-06-21,2024-09-29,0.0,0,0.0,1.0,0.0006778129236330773,247
allafrica.com,news,Nigeria,6,6,2022-04-19,2025-12-18,0.0,0,0.0,1.0,0.0006778129236330773,248
aporrea.org,news,Venezuela,6,6,2022-05-10,2025-01-08,0.0,0,0.0,1.0,0.0006778129236330773,249
arabtimesonline.com,news,Kuwait,6,6,2022-09-03,2025-05-25,0.0,0,0.0,1.0,0.0006778129236330773,250
azertag.az,news,Azerbaijan,6,6,2022-08-01,2023-12-30,0.0,0,0.0,1.0,0.0006778129236330773,251
bin.ua,news,Ukraine,6,6,2024-01-19,2025-01-15,0.0,0,0.0,1.0,0.0006778129236330773,252
businessinsider.in,news,India,6,5,2022-08-22,2024-10-18,0.0,0,0.0,1.0,0.0006778129236330773,253
dailyexcelsior.com,news,India,6,6,2022-09-01,2025-03-02,0.0,0,0.0,1.0,0.0006778129236330773,254
e15.cz,news,Czech Republic,6,6,2025-04-21,2026-04-15,0.0,0,0.0,1.0,0.0006778129236330773,255
ess.fi,news,Finland,6,6,2023-03-20,2026-02-12,0.0,0,0.0,1.0,0.0006778129236330773,256
express.pk,news,Pakistan,6,6,2022-06-09,2025-05-11,0.0,0,0.0,1.0,0.0006778129236330773,257
futures.cnfol.com,news,China,6,6,2022-08-21,2025-11-08,0.0,0,0.0,1.0,0.0006778129236330773,258
gcaptain.com,news,United States,6,6,2023-01-16,2026-03-15,0.0,0,0.0,1.0,0.0006778129236330773,259
gold.cnfol.com,news,China,6,6,2023-07-07,2026-01-26,0.0,0,0.0,1.0,0.0006778129236330773,260
hindustantimes.com,news,India,6,6,2024-03-17,2025-08-28,0.0,0,0.0,1.0,0.0006778129236330773,261
hydrocarbonprocessing.com,news,United States,6,4,2022-11-24,2023-01-03,0.0,0,0.0,1.0,0.0006778129236330773,262
ilmessaggero.it,news,Italy,6,5,2022-09-17,2026-04-11,0.0,0,0.0,1.0,0.0006778129236330773,263
investasi.kontan.co.id,news,Indonesia,6,6,2023-06-16,2025-06-12,0.0,0,0.0,1.0,0.0006778129236330773,264
irozhlas.cz,news,Czech Republic,6,6,2022-11-16,2024-11-11,0.0,0,0.0,1.0,0.0006778129236330773,265
koran-jakarta.com,news,Indonesia,6,6,2024-10-10,2025-11-21,0.0,0,0.0,1.0,0.0006778129236330773,266
laprovence.com,news,France,6,5,2022-04-30,2023-03-22,0.0,0,0.0,1.0,0.0006778129236330773,267
maalaimalar.com,news,India,6,6,2023-03-24,2026-04-13,0.0,0,0.0,1.0,0.0006778129236330773,268
madhyamam.com,news,India,6,6,2023-06-01,2026-03-30,0.0,0,0.0,1.0,0.0006778129236330773,269
mathrubhumi.com,news,India,6,6,2025-04-24,2026-04-04,0.0,0,0.0,1.0,0.0006778129236330773,270
milenio.com,official,Mexico,6,6,2023-09-03,2026-02-13,0.0,6,0.0,1.0,0.0006778129236330773,271
newdelhitimes.com,news,United States,6,6,2022-07-06,2023-05-18,0.0,0,0.0,1.0,0.0006778129236330773,272
news.sky.com,news,United Kingdom,6,4,2023-05-31,2024-09-24,0.0,0,0.0,1.0,0.0006778129236330773,273
patrika.com,news,India,6,6,2022-07-15,2026-03-28,0.0,0,0.0,1.0,0.0006778129236330773,274
portfolio.hu,news,Hungary,6,6,2023-08-17,2026-03-14,0.0,0,0.0,1.0,0.0006778129236330773,275
pravda.ru,news,Russia,6,6,2023-02-11,2024-10-19,0.0,0,0.0,1.0,0.0006778129236330773,276
proactiveinvestors.com,news,United States,6,6,2022-04-22,2026-02-03,0.0,0,0.0,1.0,0.0006778129236330773,277
punjabkesari.com,news,India,6,5,2024-02-16,2026-04-13,0.0,0,0.0,1.0,0.0006778129236330773,278
rbb24.de,news,Germany,6,6,2022-05-03,2022-11-21,0.0,0,0.0,1.0,0.0006778129236330773,279
ria.ru,news,Russia,6,6,2022-05-25,2024-12-01,0.0,0,0.0,1.0,0.0006778129236330773,280
riasv.ru,news,Russia,6,6,2024-06-08,2025-07-06,0.0,0,0.0,1.0,0.0006778129236330773,281
sanews.gov.za,official,South Africa,6,6,2024-02-06,2025-09-02,0.0,6,0.0,1.0,0.0006778129236330773,282
scmp.com,news,China,6,6,2022-10-28,2025-12-11,0.0,0,0.0,1.0,0.0006778129236330773,283
sdpnoticias.com,news,Mexico,6,6,2024-02-20,2025-05-10,0.0,0,0.0,1.0,0.0006778129236330773,284
sott.net,news,United States,6,5,2022-06-12,2023-06-05,0.0,0,0.0,1.0,0.0006778129236330773,285
tatar-inform.ru,news,Russia,6,6,2022-06-28,2023-04-19,0.0,0,0.0,1.0,0.0006778129236330773,286
tayyar.org,news,Lebanon,6,6,2022-08-27,2025-04-15,0.0,0,0.0,1.0,0.0006778129236330773,287
theeagleonline.com.ng,news,Nigeria,6,6,2023-08-12,2025-09-21,0.0,0,0.0,1.0,0.0006778129236330773,288
thenationalnews.com,news,Unknown,6,6,2023-04-13,2024-12-15,0.0,0,0.0,1.0,0.0006778129236330773,289
thenews-chronicle.com,news,Nigeria,6,6,2022-11-03,2024-08-29,0.0,0,0.0,1.0,0.0006778129236330773,290
theweek.in,news,India,6,6,2023-08-28,2026-04-09,0.0,0,0.0,1.0,0.0006778129236330773,291
tozsdeforum.hu,news,Hungary,6,6,2022-11-04,2024-11-30,0.0,0,0.0,1.0,0.0006778129236330773,292
unian.ua,news,Ukraine,6,6,2023-01-02,2025-05-18,0.0,0,0.0,1.0,0.0006778129236330773,293
versionfinal.com.ve,news,Venezuela,6,5,2022-09-19,2023-12-20,0.0,0,0.0,1.0,0.0006778129236330773,294
vg.hu,news,Hungary,6,4,2023-12-15,2026-03-09,0.0,0,0.0,1.0,0.0006778129236330773,295
vtvgujarati.com,news,India,6,5,2022-10-21,2025-01-02,0.0,0,0.0,1.0,0.0006778129236330773,296
actionforex.com,news,United Kingdom,5,5,2024-07-30,2026-02-11,0.0,0,0.0,1.0,0.0005648441030275643,297
anandabazar.com,news,India,5,5,2023-03-21,2024-02-24,0.0,0,0.0,1.0,0.0005648441030275643,298
andhrajyothy.com,news,United States,5,5,2025-04-01,2026-04-01,0.0,0,0.0,1.0,0.0005648441030275643,299
annaharkw.com,news,Kuwait,5,5,2024-07-01,2025-06-03,0.0,0,0.0,1.0,0.0005648441030275643,300
arabianbusiness.com,news,Saudi Arabia,5,5,2022-06-29,2026-01-05,0.0,0,0.0,1.0,0.0005648441030275643,301
archyde.com,news,Unknown,5,5,2023-01-19,2023-12-19,0.0,0,0.0,1.0,0.0005648441030275643,302
arynews.tv,news,Pakistan,5,5,2022-05-07,2024-11-14,0.0,0,0.0,1.0,0.0005648441030275643,303
asiabulletin.com,news,China,5,5,2022-09-27,2025-12-05,0.0,0,0.0,1.0,0.0005648441030275643,304
barrons.com,news,China,5,5,2023-12-21,2025-10-22,0.0,0,0.0,1.0,0.0005648441030275643,305
bfmtv.com,news,France,5,5,2022-10-09,2026-04-02,0.0,0,0.0,1.0,0.0005648441030275643,306
biznes.interia.pl,official,Poland,5,5,2022-07-08,2026-02-25,0.0,5,0.0,1.0,0.0005648441030275643,307
charter97.org,news,Belarus,5,5,2022-09-26,2025-07-26,0.0,0,0.0,1.0,0.0005648441030275643,308
danas.rs,news,Serbia,5,5,2022-10-07,2025-02-04,0.0,0,0.0,1.0,0.0005648441030275643,309
divyabhaskar.co.in,news,India,5,5,2023-08-01,2025-11-17,0.0,0,0.0,1.0,0.0005648441030275643,310
ekonomi.bisnis.com,news,Indonesia,5,5,2022-07-11,2025-10-17,0.0,0,0.0,1.0,0.0005648441030275643,311
eleconomista.es,news,Spain,5,5,2024-06-19,2026-02-10,0.0,0,0.0,1.0,0.0005648441030275643,312
elpais.com.uy,news,Uruguay,5,5,2022-05-08,2025-08-17,0.0,0,0.0,1.0,0.0005648441030275643,313
en.interfax.com.ua,official,Ukraine,5,5,2024-04-12,2026-03-26,0.0,5,0.0,1.0,0.0005648441030275643,314
english.alarabiya.net,news,Iran,5,5,2022-05-13,2023-09-21,0.0,0,0.0,1.0,0.0005648441030275643,315
eurasiareview.com,news,United States,5,5,2024-07-19,2025-10-14,0.0,0,0.0,1.0,0.0005648441030275643,316
finanzen.ch,news,Switzerland,5,5,2023-12-15,2026-01-22,0.0,0,0.0,1.0,0.0005648441030275643,317
focus-news.net,news,Bulgaria,5,3,2024-09-20,2025-11-13,0.0,0,0.0,1.0,0.0005648441030275643,318
futures.eastmoney.com,news,China,5,2,2022-12-11,2023-02-11,0.0,0,0.0,1.0,0.0005648441030275643,319
gazeta.ua,news,Ukraine,5,5,2023-11-15,2025-10-25,0.0,0,0.0,1.0,0.0005648441030275643,320
gulf-times.com,news,Qatar,5,5,2023-01-04,2024-02-15,0.0,0,0.0,1.0,0.0005648441030275643,321
hallmarknews.com,news,Nigeria,5,5,2024-11-18,2025-12-01,0.0,0,0.0,1.0,0.0005648441030275643,322
haribhoomi.com,news,India,5,4,2022-08-16,2025-01-04,0.0,0,0.0,1.0,0.0005648441030275643,323
ibtimes.co.uk,news,United Kingdom,5,5,2022-05-24,2025-11-27,0.0,0,0.0,1.0,0.0005648441030275643,324
idnes.cz,news,Czech Republic,5,4,2024-07-20,2026-03-05,0.0,0,0.0,1.0,0.0005648441030275643,325
iha.com.tr,news,Turkey,5,5,2022-09-26,2026-03-26,0.0,0,0.0,1.0,0.0005648441030275643,326
investors.com,news,United States,5,5,2022-07-26,2024-05-06,0.0,0,0.0,1.0,0.0005648441030275643,327
jateng.tribunnews.com,news,Indonesia,5,5,2023-06-11,2025-08-17,0.0,0,0.0,1.0,0.0005648441030275643,328
ktbb.com,news,United States,5,5,2025-07-14,2026-01-28,0.0,0,0.0,1.0,0.0005648441030275643,329
lemonde.fr,news,France,5,5,2022-04-18,2023-03-30,0.0,0,0.0,1.0,0.0005648441030275643,330
life.ru,news,Russia,5,5,2023-10-29,2025-04-27,0.0,0,0.0,1.0,0.0005648441030275643,331
loksatta.com,news,India,5,4,2025-11-30,2026-03-08,0.0,0,0.0,1.0,0.0005648441030275643,332
middleeastmonitor.com,news,Israel,5,5,2023-06-06,2025-11-05,0.0,0,0.0,1.0,0.0005648441030275643,333
nbclosangeles.com,news,United States,5,5,2023-02-08,2025-04-09,0.0,0,0.0,1.0,0.0005648441030275643,334
news.liga.net,news,Ukraine,5,5,2022-12-05,2025-04-27,0.0,0,0.0,1.0,0.0005648441030275643,335
newsghana.com.gh,news,Ghana,5,5,2024-08-27,2025-12-08,0.0,0,0.0,1.0,0.0005648441030275643,336
newtelegraphng.com,news,Unknown,5,5,2023-08-01,2024-07-12,0.0,0,0.0,1.0,0.0005648441030275643,337
pakobserver.net,news,Pakistan,5,5,2022-05-12,2025-06-14,0.0,0,0.0,1.0,0.0005648441030275643,338
peacefmonline.com,news,Ghana,5,3,2022-09-16,2024-10-18,0.0,0,0.0,1.0,0.0005648441030275643,339
prokerala.com,news,India,5,5,2023-08-25,2024-11-11,0.0,0,0.0,1.0,0.0005648441030275643,340
pulse.ng,news,Nigeria,5,5,2023-06-14,2025-04-28,0.0,0,0.0,1.0,0.0005648441030275643,341
radiomundial.com.ve,news,Venezuela,5,5,2022-05-03,2025-01-09,0.0,0,0.0,1.0,0.0005648441030275643,342
riau.harianhaluan.com,news,Indonesia,5,5,2023-12-27,2025-06-04,0.0,0,0.0,1.0,0.0005648441030275643,343
rte.ie,news,Ireland,5,5,2022-06-14,2024-05-03,0.0,0,0.0,1.0,0.0005648441030275643,344
sudouest.fr,news,France,5,3,2022-10-01,2026-03-21,0.0,0,0.0,1.0,0.0005648441030275643,345
teknoblog.ru,news,Russia,5,5,2022-12-15,2024-04-29,0.0,0,0.0,1.0,0.0005648441030275643,346
thenews.com.pk,news,Pakistan,5,4,2022-04-22,2023-11-24,0.0,0,0.0,1.0,0.0005648441030275643,347
tribunnews.com,news,Indonesia,5,5,2022-07-13,2025-06-12,0.0,0,0.0,1.0,0.0005648441030275643,348
turkiyegazetesi.com.tr,news,Turkey,5,5,2023-09-20,2025-08-02,0.0,0,0.0,1.0,0.0005648441030275643,349
turktime.com,news,Turkey,5,5,2023-03-28,2024-11-04,0.0,0,0.0,1.0,0.0005648441030275643,350
vanguardia.com,news,Colombia,5,4,2023-03-28,2024-10-30,0.0,0,0.0,1.0,0.0005648441030275643,351
venturesafrica.com,news,Nigeria,5,5,2022-10-20,2024-09-09,0.0,0,0.0,1.0,0.0005648441030275643,352
yenicaggazetesi.com.tr,news,Turkey,5,5,2023-09-23,2025-08-06,0.0,0,0.0,1.0,0.0005648441030275643,353
yle.fi,news,Finland,5,5,2022-12-11,2026-03-20,0.0,0,0.0,1.0,0.0005648441030275643,354
20minutes.fr,news,France,4,4,2022-09-05,2023-03-10,0.0,0,0.0,1.0,0.00045187528242205153,355
247wallst.com,news,United States,4,4,2023-05-24,2026-03-01,0.0,0,0.0,1.0,0.00045187528242205153,356
africa.businessinsider.com,news,United States,4,4,2022-06-08,2022-08-28,0.0,0,0.0,1.0,0.00045187528242205153,357
aif.ru,news,Russia,4,4,2023-02-02,2023-06-03,0.0,0,0.0,1.0,0.00045187528242205153,358
alquds.co.uk,news,United Kingdom,4,4,2022-12-31,2025-09-29,0.0,0,0.0,1.0,0.00045187528242205153,359
aristeguinoticias.com,news,Mexico,4,4,2022-07-06,2024-05-11,0.0,0,0.0,1.0,0.00045187528242205153,360
austinglobe.com,news,United States,4,4,2022-09-27,2025-12-29,0.0,0,0.0,1.0,0.00045187528242205153,361
baikal-daily.ru,news,Russia,4,4,2022-12-27,2026-03-26,0.0,0,0.0,1.0,0.00045187528242205153,362
bhaskar.com,news,India,4,4,2022-10-12,2025-04-29,0.0,0,0.0,1.0,0.00045187528242205153,363
blic.rs,news,Serbia,4,4,2022-04-20,2025-05-07,0.0,0,0.0,1.0,0.00045187528242205153,364
bloknot.ru,news,Russia,4,4,2024-05-17,2026-03-27,0.0,0,0.0,1.0,0.00045187528242205153,365
bloomberg.com,news,United States,4,4,2022-08-20,2025-01-06,0.0,0,0.0,1.0,0.00045187528242205153,366
brasil247.com,news,Brazil,4,4,2022-07-14,2025-06-14,0.0,0,0.0,1.0,0.00045187528242205153,367
clarin.com,news,Argentina,4,4,2022-06-11,2025-07-05,0.0,0,0.0,1.0,0.00045187528242205153,368
cronista.com,news,Argentina,4,4,2022-04-29,2024-08-09,0.0,0,0.0,1.0,0.00045187528242205153,369
dailyaaj.com.pk,news,Pakistan,4,4,2025-01-03,2026-04-09,0.0,0,0.0,1.0,0.00045187528242205153,370
dunya.com,news,Turkey,4,4,2024-11-30,2025-12-04,0.0,0,0.0,1.0,0.00045187528242205153,371
edition.cnn.com,news,United States,4,4,2023-12-18,2026-03-29,0.0,0,0.0,1.0,0.00045187528242205153,372
ekbis.sindonews.com,news,Indonesia,4,4,2025-08-19,2026-03-30,0.0,0,0.0,1.0,0.00045187528242205153,373
ekonomi.republika.co.id,news,Indonesia,4,4,2023-04-02,2024-09-07,0.0,0,0.0,1.0,0.00045187528242205153,374
el-carabobeno.com,news,Venezuela,4,4,2022-05-13,2024-06-26,0.0,0,0.0,1.0,0.00045187528242205153,375
eluniversal.com.mx,news,Mexico,4,4,2023-10-15,2025-05-03,0.0,0,0.0,1.0,0.00045187528242205153,376
euronews.com,news,United States,4,4,2022-12-21,2025-10-06,0.0,0,0.0,1.0,0.00045187528242205153,377
europapress.es,news,Spain,4,4,2023-03-12,2026-03-04,0.0,0,0.0,1.0,0.00045187528242205153,378
express.co.uk,news,United Kingdom,4,4,2023-08-27,2025-02-10,0.0,0,0.0,1.0,0.00045187528242205153,379
fijitimes.com,news,Fiji,4,4,2022-05-06,2023-01-20,0.0,0,0.0,1.0,0.00045187528242205153,380
financialmirror.com,news,China,4,4,2024-07-11,2026-01-19,0.0,0,0.0,1.0,0.00045187528242205153,381
fr.euronews.com,news,United States,4,4,2022-06-01,2022-08-27,0.0,0,0.0,1.0,0.00045187528242205153,382
g1.globo.com,news,Brazil,4,4,2023-10-14,2025-05-22,0.0,0,0.0,1.0,0.00045187528242205153,383
glavred.info,news,Ukraine,4,4,2022-11-15,2025-05-17,0.0,0,0.0,1.0,0.00045187528242205153,384
gulfbusiness.com,news,Saudi Arabia,4,4,2024-03-31,2025-09-30,0.0,0,0.0,1.0,0.00045187528242205153,385
hindi.business-standard.com,news,India,4,3,2025-05-06,2026-02-27,0.0,0,0.0,1.0,0.00045187528242205153,386
hvg.hu,news,Hungary,4,4,2022-07-05,2025-04-07,0.0,0,0.0,1.0,0.00045187528242205153,387
ilgazzettino.it,news,Italy,4,3,2022-09-18,2026-04-11,0.0,0,0.0,1.0,0.00045187528242205153,388
independent.co.uk,news,United Kingdom,4,4,2023-05-18,2025-03-11,0.0,0,0.0,1.0,0.00045187528242205153,389
india.com,news,India,4,4,2023-10-13,2025-07-16,0.0,0,0.0,1.0,0.00045187528242205153,390
infobae.com,news,Argentina,4,4,2024-09-17,2026-02-22,0.0,0,0.0,1.0,0.00045187528242205153,391
interfax.az,news,Azerbaijan,4,4,2022-07-29,2023-06-03,0.0,0,0.0,1.0,0.00045187528242205153,392
interior-news.com,official,Canada,4,3,2024-11-29,2025-07-24,0.0,4,0.0,1.0,0.00045187528242205153,393
istanbulhaber.com.tr,news,Turkey,4,4,2022-07-03,2022-10-09,0.0,0,0.0,1.0,0.00045187528242205153,394
iz.ru,news,Russia,4,4,2023-11-12,2024-08-18,0.0,0,0.0,1.0,0.00045187528242205153,395
jawapos.com,news,Indonesia,4,3,2023-11-12,2024-08-12,0.0,0,0.0,1.0,0.00045187528242205153,396
kauppalehti.fi,news,Finland,4,4,2022-07-13,2024-12-25,0.0,0,0.0,1.0,0.00045187528242205153,397
krdo.com,news,United States,4,3,2022-10-04,2025-03-26,0.0,0,0.0,1.0,0.00045187528242205153,398
kuruc.info,news,Hungary,4,4,2022-04-18,2026-03-12,0.0,0,0.0,1.0,0.00045187528242205153,399
listindiario.com,news,United States,4,4,2022-07-24,2022-10-07,0.0,0,0.0,1.0,0.00045187528242205153,400
maharashtratimes.com,news,India,4,4,2023-03-20,2023-05-22,0.0,0,0.0,1.0,0.00045187528242205153,401
malijet.com,news,Mali,4,4,2023-11-26,2024-09-30,0.0,0,0.0,1.0,0.00045187528242205153,402
marketpulse.com,news,United States,4,4,2024-07-24,2025-11-12,0.0,0,0.0,1.0,0.00045187528242205153,403
merdeka.com,news,Indonesia,4,4,2023-11-24,2025-11-22,0.0,0,0.0,1.0,0.00045187528242205153,404
milwaukeesun.com,official,United States,4,4,2023-05-11,2026-04-13,0.0,4,0.0,1.0,0.00045187528242205153,405
mk.ru,news,Russia,4,4,2024-01-14,2026-03-16,0.0,0,0.0,1.0,0.00045187528242205153,406
mngz.ru,news,Russia,4,4,2023-01-18,2026-03-04,0.0,0,0.0,1.0,0.00045187528242205153,407
moneyweb.co.za,news,South Africa,4,4,2023-02-13,2023-11-17,0.0,0,0.0,1.0,0.00045187528242205153,408
n.yam.com,news,Taiwan,4,4,2023-02-19,2026-02-15,0.0,0,0.0,1.0,0.00045187528242205153,409
nacion.com,news,United States,4,3,2023-10-15,2025-12-04,0.0,0,0.0,1.0,0.00045187528242205153,410
nationalobserver.com,news,Canada,4,4,2022-08-23,2025-10-23,0.0,0,0.0,1.0,0.00045187528242205153,411
nbcmiami.com,news,United States,4,4,2022-09-06,2024-08-15,0.0,0,0.0,1.0,0.00045187528242205153,412
nbcsandiego.com,news,United States,4,4,2023-04-20,2024-11-28,0.0,0,0.0,1.0,0.00045187528242205153,413
netinternethaber.com,news,Turkey,4,4,2023-04-17,2024-12-21,0.0,0,0.0,1.0,0.00045187528242205153,414
novosti.rs,news,Serbia,4,4,2023-02-14,2025-04-02,0.0,0,0.0,1.0,0.00045187528242205153,415
palembang.tribunnews.com,news,Indonesia,4,4,2023-05-17,2025-06-11,0.0,0,0.0,1.0,0.00045187528242205153,416
parlamentnilisty.cz,news,Czech Republic,4,3,2022-08-09,2025-01-24,0.0,0,0.0,1.0,0.00045187528242205153,417
periodicocorreo.com.mx,news,Mexico,4,4,2022-10-09,2024-06-01,0.0,0,0.0,1.0,0.00045187528242205153,418
pna.gov.ph,official,Philippines,4,4,2022-08-17,2024-02-20,0.0,4,0.0,1.0,0.00045187528242205153,419
portalspozywczy.pl,news,Poland,4,4,2023-11-17,2024-02-16,0.0,0,0.0,1.0,0.00045187528242205153,420
profitline.hu,news,Hungary,4,4,2024-09-25,2026-03-01,0.0,0,0.0,1.0,0.00045187528242205153,421
radiofarda.com,news,Iran,4,4,2023-01-08,2024-03-10,0.0,0,0.0,1.0,0.00045187528242205153,422
regnum.ru,news,Russia,4,4,2022-08-21,2023-07-29,0.0,0,0.0,1.0,0.00045187528242205153,423
saharareporters.com,news,Nigeria,4,4,2023-03-13,2026-01-26,0.0,0,0.0,1.0,0.00045187528242205153,424
sarayanews.com,news,Jordan,4,4,2023-08-12,2024-06-29,0.0,0,0.0,1.0,0.00045187528242205153,425
savonsanomat.fi,news,Finland,4,4,2023-03-20,2026-03-13,0.0,0,0.0,1.0,0.00045187528242205153,426
shippingtribune.com,news,India,4,4,2023-09-25,2025-03-14,0.0,0,0.0,1.0,0.00045187528242205153,427
sinembargo.mx,news,Mexico,4,4,2022-07-01,2023-03-26,0.0,0,0.0,1.0,0.00045187528242205153,428
sondakika.com,news,Turkey,4,4,2022-04-26,2022-09-11,0.0,0,0.0,1.0,0.00045187528242205153,429
sporx.com,news,Turkey,4,3,2023-10-13,2023-10-18,0.0,0,0.0,1.0,0.00045187528242205153,430
stcn.com,news,China,4,4,2024-01-28,2026-01-08,0.0,0,0.0,1.0,0.00045187528242205153,431
stern.de,news,Germany,4,4,2022-06-05,2022-12-17,0.0,0,0.0,1.0,0.00045187528242205153,432
suracapulco.mx,news,Mexico,4,4,2022-07-28,2024-11-03,0.0,0,0.0,1.0,0.00045187528242205153,433
swarajyamag.com,news,India,4,4,2022-08-12,2023-03-18,0.0,0,0.0,1.0,0.00045187528242205153,434
thesun.my,news,Unknown,4,4,2023-11-10,2025-09-22,0.0,0,0.0,1.0,0.00045187528242205153,435
tvp.info,news,Poland,4,4,2022-04-27,2022-10-13,0.0,0,0.0,1.0,0.00045187528242205153,436
udn.com,news,Taiwan,4,4,2023-09-10,2025-12-25,0.0,0,0.0,1.0,0.00045187528242205153,437
us.cnn.com,news,United States,4,4,2023-11-22,2026-03-29,0.0,0,0.0,1.0,0.00045187528242205153,438
valuewalk.com,news,United States,4,4,2022-05-17,2023-03-02,0.0,0,0.0,1.0,0.00045187528242205153,439
vm.ru,news,Russia,4,4,2023-03-28,2026-04-12,0.0,0,0.0,1.0,0.00045187528242205153,440
wkzo.com,news,United States,4,4,2023-01-18,2023-05-12,0.0,0,0.0,1.0,0.00045187528242205153,441
1190kex.iheart.com,news,United States,3,3,2023-06-27,2025-12-10,0.0,0,0.0,1.0,0.00033890646181653866,442
1tv.ru,news,Russia,3,3,2022-04-19,2025-08-05,0.0,0,0.0,1.0,0.00033890646181653866,443
abc.az,news,Azerbaijan,3,3,2022-12-26,2023-08-09,0.0,0,0.0,1.0,0.00033890646181653866,444
abc.net.au,news,Australia,3,3,2023-05-19,2025-10-21,0.0,0,0.0,1.0,0.00033890646181653866,445
abcbourse.com,news,France,3,2,2022-07-02,2026-01-12,0.0,0,0.0,1.0,0.00033890646181653866,446
adevarul.ro,news,Romania,3,3,2024-03-29,2025-12-03,0.0,0,0.0,1.0,0.00033890646181653866,447
adn.com,news,United States,3,3,2023-08-03,2024-12-27,0.0,0,0.0,1.0,0.00033890646181653866,448
aljazeera.com,news,United States,3,3,2022-10-09,2024-12-19,0.0,0,0.0,1.0,0.00033890646181653866,449
aljazeera.net,news,Israel,3,3,2025-07-12,2025-11-25,0.0,0,0.0,1.0,0.00033890646181653866,450
alwihdainfo.com,news,China,3,3,2023-07-25,2025-10-16,0.0,0,0.0,1.0,0.00033890646181653866,451
antena3.ro,news,Romania,3,3,2025-04-04,2025-12-03,0.0,0,0.0,1.0,0.00033890646181653866,452
apnews.com,news,United States,3,3,2022-07-07,2024-09-14,0.0,0,0.0,1.0,0.00033890646181653866,453
argaam.com,news,Saudi Arabia,3,3,2023-04-18,2024-06-23,0.0,0,0.0,1.0,0.00033890646181653866,454
arise.tv,news,Unknown,3,3,2023-10-02,2024-10-04,0.0,0,0.0,1.0,0.00033890646181653866,455
arkansasonline.com,news,United States,3,3,2024-02-25,2024-12-22,0.0,0,0.0,1.0,0.00033890646181653866,456
article.wn.com,news,United States,3,3,2022-05-23,2022-11-21,0.0,0,0.0,1.0,0.00033890646181653866,457
asiaone.com,news,Singapore,3,2,2023-03-26,2026-01-24,0.0,0,0.0,1.0,0.00033890646181653866,458
azernews.az,news,Azerbaijan,3,3,2023-04-24,2024-07-25,0.0,0,0.0,1.0,0.00033890646181653866,459
bbc.com,news,United Kingdom,3,3,2023-03-19,2025-02-01,0.0,0,0.0,1.0,0.00033890646181653866,460
bizcommunity.com,news,South Africa,3,3,2025-04-01,2025-09-30,0.0,0,0.0,1.0,0.00033890646181653866,461
bizwatchnigeria.ng,news,Nigeria,3,3,2022-07-13,2024-01-05,0.0,0,0.0,1.0,0.00033890646181653866,462
blitz.bg,news,Bulgaria,3,3,2022-08-13,2024-03-11,0.0,0,0.0,1.0,0.00033890646181653866,463
bssnews.net,news,Bangladesh,3,3,2023-11-08,2025-04-21,0.0,0,0.0,1.0,0.00033890646181653866,464
bursa.com,news,Turkey,3,3,2022-12-24,2024-01-13,0.0,0,0.0,1.0,0.00033890646181653866,465
businessday.co.za,news,South Africa,3,3,2026-01-20,2026-02-23,0.0,0,0.0,1.0,0.00033890646181653866,466
businessinsider.co.za,news,South Africa,3,3,2022-04-19,2022-12-08,0.0,0,0.0,1.0,0.00033890646181653866,467
cambodiantimes.com,news,Cambodia,3,3,2022-09-13,2023-03-19,0.0,0,0.0,1.0,0.00033890646181653866,468
capital.ro,news,Romania,3,3,2022-07-20,2025-11-19,0.0,0,0.0,1.0,0.00033890646181653866,469
cleantechnica.com,news,United States,3,3,2024-03-21,2024-11-20,0.0,0,0.0,1.0,0.00033890646181653866,470
cnn.com,news,United States,3,3,2024-10-11,2025-09-07,0.0,0,0.0,1.0,0.00033890646181653866,471
cnnindonesia.com,news,Indonesia,3,3,2023-07-23,2025-12-07,0.0,0,0.0,1.0,0.00033890646181653866,472
cnnturk.com,news,Turkey,3,3,2023-08-23,2026-03-31,0.0,0,0.0,1.0,0.00033890646181653866,473
cnsnews.com,news,United States,3,2,2022-10-14,2022-10-27,0.0,0,0.0,1.0,0.00033890646181653866,474
cyprus-mail.com,news,Cyprus,3,3,2023-12-07,2025-03-31,0.0,0,0.0,1.0,0.00033890646181653866,475
dawn.com,news,Pakistan,3,3,2022-08-25,2024-02-03,0.0,0,0.0,1.0,0.00033890646181653866,476
delfi.lv,news,Latvia,3,3,2022-12-04,2023-04-04,0.0,0,0.0,1.0,0.00033890646181653866,477
digi24.ro,news,Romania,3,3,2025-06-02,2026-02-24,0.0,0,0.0,1.0,0.00033890646181653866,478
dnevnik.bg,news,Bulgaria,3,3,2022-06-04,2023-12-16,0.0,0,0.0,1.0,0.00033890646181653866,479
dnevnik.rs,news,Serbia,3,3,2024-10-22,2026-04-03,0.0,0,0.0,1.0,0.00033890646181653866,480
ec.ltn.com.tw,news,Taiwan,3,3,2023-11-01,2025-12-21,0.0,0,0.0,1.0,0.00033890646181653866,481
elbrqnews.com,news,Egypt,3,3,2025-03-02,2025-03-18,0.0,0,0.0,1.0,0.00033890646181653866,482
elsoldemexico.com.mx,news,Mexico,3,3,2022-04-23,2022-06-26,0.0,0,0.0,1.0,0.00033890646181653866,483
emirates247.com,news,United Arab Emirates,3,3,2022-12-27,2025-04-15,0.0,0,0.0,1.0,0.00033890646181653866,484
emol.com,news,Chile,3,3,2022-06-10,2023-03-26,0.0,0,0.0,1.0,0.00033890646181653866,485
en.as.com,news,Spain,3,3,2022-07-05,2025-05-13,0.0,0,0.0,1.0,0.00033890646181653866,486
en.trend.az,news,United States,3,3,2023-08-30,2025-01-25,0.0,0,0.0,1.0,0.00033890646181653866,487
energycapitalandpower.africa-newsroom.com,news,South Africa,3,3,2023-05-26,2024-08-08,0.0,0,0.0,1.0,0.00033890646181653866,488
english.news.cn,news,Unknown,3,3,2022-12-07,2023-07-04,0.0,0,0.0,1.0,0.00033890646181653866,489
entornointeligente.com,news,Venezuela,3,3,2022-08-17,2022-08-21,0.0,0,0.0,1.0,0.00033890646181653866,490
erienewsnow.com,news,United States,3,3,2023-07-03,2025-09-07,0.0,0,0.0,1.0,0.00033890646181653866,491
err.ee,news,Estonia,3,3,2022-06-18,2022-09-07,0.0,0,0.0,1.0,0.00033890646181653866,492
etftrends.com,news,China,3,3,2022-08-18,2024-04-22,0.0,0,0.0,1.0,0.00033890646181653866,493
europesun.com,news,Russia,3,3,2022-08-23,2023-10-09,0.0,0,0.0,1.0,0.00033890646181653866,494
expansion.mx,news,Mexico,3,3,2023-03-10,2024-11-01,0.0,0,0.0,1.0,0.00033890646181653866,495
faz.net,news,Germany,3,2,2022-11-26,2023-03-06,0.0,0,0.0,1.0,0.00033890646181653866,496
forsal.pl,news,Poland,3,3,2022-06-28,2023-05-29,0.0,0,0.0,1.0,0.00033890646181653866,497
foxnews.com,news,United States,3,3,2022-10-15,2023-03-20,0.0,0,0.0,1.0,0.00033890646181653866,498
gazetaby.com,news,Belarus,3,3,2025-02-10,2025-08-13,0.0,0,0.0,1.0,0.00033890646181653866,499
globaltimes.cn,news,China,3,3,2022-10-10,2025-11-09,0.0,0,0.0,1.0,0.00033890646181653866,500
greencarcongress.com,news,United States,3,3,2022-06-26,2023-08-09,0.0,0,0.0,1.0,0.00033890646181653866,501
gujaratsamachar.com,news,India,3,3,2024-12-31,2026-03-29,0.0,0,0.0,1.0,0.00033890646181653866,502
heritage.org,news,United States,3,3,2022-10-23,2025-01-10,0.0,0,0.0,1.0,0.00033890646181653866,503
hispantv.com,news,Syria,3,3,2022-06-26,2022-10-23,0.0,0,0.0,1.0,0.00033890646181653866,504
huffingtonpost.gr,news,Greece,3,3,2022-09-27,2023-11-06,0.0,0,0.0,1.0,0.00033890646181653866,505
iefimerida.gr,news,Greece,3,3,2022-09-04,2023-12-07,0.0,0,0.0,1.0,0.00033890646181653866,506
index.hu,news,Hungary,3,3,2023-10-14,2025-01-18,0.0,0,0.0,1.0,0.00033890646181653866,507
infowars.com,news,United States,3,3,2022-06-03,2023-01-07,0.0,0,0.0,1.0,0.00033890646181653866,508
insideclimatenews.org,news,United States,3,3,2022-11-23,2024-07-01,0.0,0,0.0,1.0,0.00033890646181653866,509
interfax.kz,official,Kazakhstan,3,3,2023-08-09,2024-06-11,0.0,3,0.0,1.0,0.00033890646181653866,510
investinglive.com,news,Unknown,3,3,2025-08-04,2026-02-13,0.0,0,0.0,1.0,0.00033890646181653866,511
iol.co.za,news,South Africa,3,3,2022-06-12,2023-08-24,0.0,0,0.0,1.0,0.00033890646181653866,512
island.lk,news,Sri Lanka,3,1,2025-08-25,2025-08-25,0.0,0,0.0,1.0,0.00033890646181653866,513
jornada.com.mx,news,Mexico,3,3,2022-04-27,2022-07-04,0.0,0,0.0,1.0,0.00033890646181653866,514
jpnn.com,news,Indonesia,3,3,2022-05-14,2025-07-04,0.0,0,0.0,1.0,0.00033890646181653866,515
kaieteurnewsonline.com,news,Guyana,3,3,2024-01-18,2024-06-10,0.0,0,0.0,1.0,0.00033890646181653866,516
khaama.com,news,Afghanistan,3,3,2022-12-18,2023-12-13,0.0,0,0.0,1.0,0.00033890646181653866,517
kyivpost.com,news,Ukraine,3,3,2025-03-16,2025-08-02,0.0,0,0.0,1.0,0.00033890646181653866,518
lapatilla.com,news,Venezuela,3,3,2023-06-05,2025-01-23,0.0,0,0.0,1.0,0.00033890646181653866,519
laprensalara.com.ve,news,Venezuela,3,3,2022-06-11,2022-12-09,0.0,0,0.0,1.0,0.00033890646181653866,520
larazon.es,news,Spain,3,3,2025-10-16,2026-03-25,0.0,0,0.0,1.0,0.00033890646181653866,521
lasillarota.com,news,Mexico,3,3,2024-08-08,2025-05-09,0.0,0,0.0,1.0,0.00033890646181653866,522
latribune.fr,news,France,3,3,2022-09-01,2023-03-21,0.0,0,0.0,1.0,0.00033890646181653866,523
laverdad.com,news,Venezuela,3,3,2022-08-14,2022-09-21,0.0,0,0.0,1.0,0.00033890646181653866,524
lb.ua,news,Ukraine,3,3,2024-02-05,2024-03-31,0.0,0,0.0,1.0,0.00033890646181653866,525
lidovky.cz,news,Czech Republic,3,3,2024-12-04,2026-01-03,0.0,0,0.0,1.0,0.00033890646181653866,526
malaymail.com,news,United States,3,3,2022-07-04,2022-10-07,0.0,0,0.0,1.0,0.00033890646181653866,527
manilatimes.net,news,Philippines,3,3,2022-12-04,2026-02-20,0.0,0,0.0,1.0,0.00033890646181653866,528
manoramanews.com,news,India,3,3,2024-06-11,2026-03-06,0.0,0,0.0,1.0,0.00033890646181653866,529
medyatava.com,news,Turkey,3,3,2023-10-25,2024-10-04,0.0,0,0.0,1.0,0.00033890646181653866,530
mg.co.za,news,South Africa,3,3,2024-08-05,2026-01-05,0.0,0,0.0,1.0,0.00033890646181653866,531
mirror.co.uk,news,United Kingdom,3,3,2022-08-07,2025-05-01,0.0,0,0.0,1.0,0.00033890646181653866,532
news.am,news,Armenia,3,3,2022-06-30,2022-09-18,0.0,0,0.0,1.0,0.00033890646181653866,533
news.pn,news,Pitcairn Islands,3,3,2022-04-18,2024-10-27,0.0,0,0.0,1.0,0.00033890646181653866,534
news24.com,news,South Africa,3,3,2022-07-17,2023-11-19,0.0,0,0.0,1.0,0.00033890646181653866,535
newscentralasia.net,news,Turkmenistan,3,2,2025-11-18,2026-03-30,0.0,0,0.0,1.0,0.00033890646181653866,536
newsit.gr,news,Greece,3,3,2022-09-05,2025-11-20,0.0,0,0.0,1.0,0.00033890646181653866,537
nola.com,news,United States,3,3,2022-07-25,2024-02-19,0.0,0,0.0,1.0,0.00033890646181653866,538
noticaribe.com.mx,news,Mexico,3,3,2022-06-30,2023-01-24,0.0,0,0.0,1.0,0.00033890646181653866,539
novinite.com,news,Bulgaria,3,2,2023-10-18,2025-01-28,0.0,0,0.0,1.0,0.00033890646181653866,540
nra.lv,news,Latvia,3,3,2023-02-04,2026-01-11,0.0,0,0.0,1.0,0.00033890646181653866,541
ntv.com.tr,news,Turkey,3,3,2023-07-22,2024-05-20,0.0,0,0.0,1.0,0.00033890646181653866,542
odia.ig.com.br,news,Brazil,3,3,2024-05-17,2025-01-18,0.0,0,0.0,1.0,0.00033890646181653866,543
omanobserver.om,news,Oman,3,3,2022-07-14,2023-11-20,0.0,0,0.0,1.0,0.00033890646181653866,544
opinion.com.bo,news,Bolivia,3,3,2022-04-27,2022-09-07,0.0,0,0.0,1.0,0.00033890646181653866,545
panow.com,news,Canada,3,2,2024-09-30,2025-05-04,0.0,0,0.0,1.0,0.00033890646181653866,546
pekanbaru.tribunnews.com,news,Indonesia,3,2,2023-04-02,2023-06-09,0.0,0,0.0,1.0,0.00033890646181653866,547
penzcentrum.hu,news,Hungary,3,3,2024-04-15,2024-09-07,0.0,0,0.0,1.0,0.00033890646181653866,548
peoplesdailyng.com,news,Nigeria,3,3,2022-09-09,2025-04-28,0.0,0,0.0,1.0,0.00033890646181653866,549
plusinfo.mk,news,Macedonia,3,3,2025-08-27,2025-11-28,0.0,0,0.0,1.0,0.00033890646181653866,550
prensa-latina.cu,news,Cuba,3,3,2023-01-08,2023-05-06,0.0,0,0.0,1.0,0.00033890646181653866,551
prnewswire.com,news,United States,3,3,2022-09-06,2025-07-03,0.0,0,0.0,1.0,0.00033890646181653866,552
profile.ru,news,Russia,3,3,2023-11-09,2024-12-08,0.0,0,0.0,1.0,0.00033890646181653866,553
rediff.com,news,India,3,3,2023-11-06,2026-01-20,0.0,0,0.0,1.0,0.00033890646181653866,554
rg.ru,news,Russia,3,3,2023-03-28,2025-10-12,0.0,0,0.0,1.0,0.00033890646181653866,555
rionegro.com.ar,news,Argentina,3,3,2024-04-16,2025-08-17,0.0,0,0.0,1.0,0.00033890646181653866,556
sabah.com.tr,news,Turkey,3,3,2024-03-31,2025-02-06,0.0,0,0.0,1.0,0.00033890646181653866,557
scotsman.com,news,United Kingdom,3,3,2023-07-29,2023-11-29,0.0,0,0.0,1.0,0.00033890646181653866,558
semana.com,news,Colombia,3,3,2024-08-06,2025-03-02,0.0,0,0.0,1.0,0.00033890646181653866,559
slguardian.org,news,Sri Lanka,3,3,2023-04-06,2026-01-01,0.0,0,0.0,1.0,0.00033890646181653866,560
slobodna-bosna.ba,news,Bosnia-Herzegovina,3,3,2022-10-06,2026-03-28,0.0,0,0.0,1.0,0.00033890646181653866,561
slobodnadalmacija.hr,news,Croatia,3,3,2023-03-25,2024-11-14,0.0,0,0.0,1.0,0.00033890646181653866,562
smh.com.au,news,Australia,3,3,2023-04-25,2024-11-19,0.0,0,0.0,1.0,0.00033890646181653866,563
sohu.com,news,China,3,3,2022-08-21,2023-10-29,0.0,0,0.0,1.0,0.00033890646181653866,564
standartnews.com,news,Bulgaria,3,3,2024-07-18,2026-01-02,0.0,0,0.0,1.0,0.00033890646181653866,565
sumsel.tribunnews.com,news,Indonesia,3,3,2023-05-14,2025-06-12,0.0,0,0.0,1.0,0.00033890646181653866,566
t24.com.tr,news,Turkey,3,3,2022-12-12,2023-02-11,0.0,0,0.0,1.0,0.00033890646181653866,567
talcualdigital.com,news,Venezuela,3,3,2022-05-04,2023-01-15,0.0,0,0.0,1.0,0.00033890646181653866,568
tasnimnews.com,news,Iran,3,3,2022-09-03,2023-08-21,0.0,0,0.0,1.0,0.00033890646181653866,569
tekniikkatalous.fi,news,Finland,3,3,2023-08-14,2025-06-07,0.0,0,0.0,1.0,0.00033890646181653866,570
theconservativetreehouse.com,news,United States,3,2,2022-10-26,2022-10-27,0.0,0,0.0,1.0,0.00033890646181653866,571
theedgemarkets.com,news,Malaysia,3,3,2022-07-02,2023-03-06,0.0,0,0.0,1.0,0.00033890646181653866,572
thefrontierpost.com,news,Pakistan,3,3,2023-07-27,2025-12-08,0.0,0,0.0,1.0,0.00033890646181653866,573
theghanareport.com,news,Unknown,3,3,2023-12-19,2024-04-11,0.0,0,0.0,1.0,0.00033890646181653866,574
thesouthafrican.com,news,South Africa,3,3,2023-12-05,2024-01-16,0.0,0,0.0,1.0,0.00033890646181653866,575
theyeshivaworld.com,news,United States,3,3,2023-09-26,2026-03-22,0.0,0,0.0,1.0,0.00033890646181653866,576
timesofoman.com,news,Oman,3,3,2024-02-09,2024-11-18,0.0,0,0.0,1.0,0.00033890646181653866,577
twasul.info,news,Saudi Arabia,3,3,2023-02-06,2023-08-11,0.0,0,0.0,1.0,0.00033890646181653866,578
ukranews.com,news,Ukraine,3,3,2023-08-26,2024-04-29,0.0,0,0.0,1.0,0.00033890646181653866,579
upi.com,news,United States,3,3,2022-12-15,2023-07-03,0.0,0,0.0,1.0,0.00033890646181653866,580
urdupoint.com,news,Pakistan,3,3,2023-01-23,2023-06-11,0.0,0,0.0,1.0,0.00033890646181653866,581
usatoday.com,news,United States,3,3,2024-02-29,2024-04-11,0.0,0,0.0,1.0,0.00033890646181653866,582
uusisuomi.fi,news,Finland,3,3,2023-08-13,2025-06-01,0.0,0,0.0,1.0,0.00033890646181653866,583
vanguardia.com.mx,news,Mexico,3,3,2022-07-28,2024-05-03,0.0,0,0.0,1.0,0.00033890646181653866,584
vecernji.hr,news,Croatia,3,3,2023-05-26,2025-10-22,0.0,0,0.0,1.0,0.00033890646181653866,585
von.gov.ng,official,Unknown,3,3,2023-05-31,2023-09-14,0.0,3,0.0,1.0,0.00033890646181653866,586
vtv.gob.ve,news,Venezuela,3,3,2022-05-21,2023-11-12,0.0,0,0.0,1.0,0.00033890646181653866,587
wnd.com,news,United States,3,3,2023-01-01,2024-10-08,0.0,0,0.0,1.0,0.00033890646181653866,588
worldoil.com,news,United States,3,3,2022-12-24,2025-12-17,0.0,0,0.0,1.0,0.00033890646181653866,589
wsau.com,news,United States,3,3,2022-05-05,2024-06-10,0.0,0,0.0,1.0,0.00033890646181653866,590
wsnewspublishers.com,news,United States,3,3,2023-06-08,2023-09-28,0.0,0,0.0,1.0,0.00033890646181653866,591
z100portland.iheart.com,news,United States,3,3,2023-04-12,2025-03-18,0.0,0,0.0,1.0,0.00033890646181653866,592
ziare.com,news,Romania,3,3,2022-07-07,2026-02-24,0.0,0,0.0,1.0,0.00033890646181653866,593
1059thebrew.iheart.com,news,United States,2,2,2023-06-27,2026-02-24,0.0,0,0.0,1.0,0.00022593764121102577,594
1067theeagle.iheart.com,news,United States,2,2,2025-12-10,2026-02-24,0.0,0,0.0,1.0,0.00022593764121102577,595
15min.lt,news,Lithuania,2,2,2022-08-23,2024-08-18,0.0,0,0.0,1.0,0.00022593764121102577,596
24-ore.com,news,Albania,2,2,2023-07-12,2023-10-12,0.0,0,0.0,1.0,0.00022593764121102577,597
26sep.net,news,Yemen,2,1,2023-08-12,2023-08-12,0.0,0,0.0,1.0,0.00022593764121102577,598
3yonnews.com,news,Egypt,2,1,2024-12-10,2024-12-10,0.0,0,0.0,1.0,0.00022593764121102577,599
9news.com.au,news,Australia,2,2,2023-11-14,2026-04-12,0.0,0,0.0,1.0,0.00022593764121102577,600
9tv.co.il,news,Israel,2,2,2022-12-22,2023-09-02,0.0,0,0.0,1.0,0.00022593764121102577,601
abc7news.com,news,United States,2,2,2023-10-20,2024-10-03,0.0,0,0.0,1.0,0.00022593764121102577,602
africa-newsroom.com,news,South Africa,2,2,2023-10-08,2024-03-14,0.0,0,0.0,1.0,0.00022593764121102577,603
agrarheute.com,news,Germany,2,2,2023-04-30,2023-10-30,0.0,0,0.0,1.0,0.00022593764121102577,604
ahaber.com.tr,news,Turkey,2,2,2025-04-29,2025-08-14,0.0,0,0.0,1.0,0.00022593764121102577,605
akm.ru,news,Russia,2,2,2024-10-08,2024-12-13,0.0,0,0.0,1.0,0.00022593764121102577,606
al-monitor.com,news,Israel,2,2,2022-04-25,2024-05-06,0.0,0,0.0,1.0,0.00022593764121102577,607
alanba.com.kw,news,Kuwait,2,1,2024-10-25,2024-10-25,0.0,0,0.0,1.0,0.00022593764121102577,608
allkharkov.ua,news,Ukraine,2,2,2022-05-02,2025-07-07,0.0,0,0.0,1.0,0.00022593764121102577,609
almontasaf.net,news,Yemen,2,2,2023-10-27,2024-02-18,0.0,0,0.0,1.0,0.00022593764121102577,610
americaeconomia.com,news,Mexico,2,2,2023-06-02,2024-11-27,0.0,0,0.0,1.0,0.00022593764121102577,611
ammonnews.net,news,Jordan,2,2,2023-08-11,2024-06-23,0.0,0,0.0,1.0,0.00022593764121102577,612
antaranews.com,news,Indonesia,2,2,2022-11-12,2022-12-28,0.0,0,0.0,1.0,0.00022593764121102577,613
antena3.com,news,Spain,2,2,2022-12-06,2022-12-08,0.0,0,0.0,1.0,0.00022593764121102577,614
aol.co.uk,news,United Kingdom,2,2,2025-08-03,2025-08-10,0.0,0,0.0,1.0,0.00022593764121102577,615
apanews.net,news,Burkina Faso,2,1,2025-04-10,2025-04-10,0.0,0,0.0,1.0,0.00022593764121102577,616
arabherald.com,news,Syria,2,2,2022-08-23,2022-10-30,0.0,0,0.0,1.0,0.00022593764121102577,617
argumenti.ru,news,Russia,2,2,2022-06-29,2022-07-13,0.0,0,0.0,1.0,0.00022593764121102577,618
arka.am,news,Armenia,2,2,2024-11-10,2024-11-15,0.0,0,0.0,1.0,0.00022593764121102577,619
astanatimes.com,news,Kazakhstan,2,2,2023-08-15,2025-02-01,0.0,0,0.0,1.0,0.00022593764121102577,620
autoblog.com,news,United States,2,2,2023-09-25,2024-06-09,0.0,0,0.0,1.0,0.00022593764121102577,621
avn.info.ve,news,Venezuela,2,2,2025-11-21,2026-03-11,0.0,0,0.0,1.0,0.00022593764121102577,622
az.trend.az,news,Azerbaijan,2,2,2023-07-19,2025-04-30,0.0,0,0.0,1.0,0.00022593764121102577,623
bangkokpost.com,news,Thailand,2,2,2022-06-23,2024-02-02,0.0,0,0.0,1.0,0.00022593764121102577,624
bd-pratidin.com,news,Bangladesh,2,2,2023-12-23,2025-10-19,0.0,0,0.0,1.0,0.00022593764121102577,625
berliner-kurier.de,news,Germany,2,2,2022-05-30,2022-09-16,0.0,0,0.0,1.0,0.00022593764121102577,626
beursduivel.be,news,Belgium,2,2,2024-01-22,2024-02-05,0.0,0,0.0,1.0,0.00022593764121102577,627
bfm.ru,news,Russia,2,2,2023-03-11,2023-05-28,0.0,0,0.0,1.0,0.00022593764121102577,628
blogs.worldbank.org,official,United States,2,2,2022-12-16,2025-11-04,0.0,2,0.0,1.0,0.00022593764121102577,629
bolnews.com,news,Unknown,2,2,2023-02-05,2024-08-31,0.0,0,0.0,1.0,0.00022593764121102577,630
borneobulletin.com.bn,news,Brunei,2,2,2022-09-23,2023-09-27,0.0,0,0.0,1.0,0.00022593764121102577,631
btimesonline.com,news,Unknown,2,2,2023-09-18,2023-11-27,0.0,0,0.0,1.0,0.00022593764121102577,632
bursa.ro,news,Romania,2,2,2023-12-11,2024-04-11,0.0,0,0.0,1.0,0.00022593764121102577,633
businesslive.co.za,news,South Africa,2,2,2022-07-10,2024-08-16,0.0,0,0.0,1.0,0.00022593764121102577,634
businessnews.gr,news,Greece,2,2,2023-04-21,2024-11-07,0.0,0,0.0,1.0,0.00022593764121102577,635
businessworld.in,news,India,2,2,2022-08-19,2023-08-21,0.0,0,0.0,1.0,0.00022593764121102577,636
cafesiyaset.com,news,Turkey,2,2,2024-10-22,2025-01-10,0.0,0,0.0,1.0,0.00022593764121102577,637
capital.gr,news,Greece,2,2,2022-05-14,2023-12-16,0.0,0,0.0,1.0,0.00022593764121102577,638
caravan.kz,news,Kazakhstan,2,2,2023-11-28,2025-11-21,0.0,0,0.0,1.0,0.00022593764121102577,639
cartacapital.com.br,news,Brazil,2,2,2022-12-06,2024-05-22,0.0,0,0.0,1.0,0.00022593764121102577,640
castanetkamloops.net,news,Unknown,2,2,2024-11-02,2025-03-01,0.0,0,0.0,1.0,0.00022593764121102577,641
channel3000.com,news,United States,2,2,2023-11-26,2026-03-30,0.0,0,0.0,1.0,0.00022593764121102577,642
chiangraitimes.com,news,Thailand,2,2,2024-01-12,2024-03-29,0.0,0,0.0,1.0,0.00022593764121102577,643
china.org.cn,news,China,2,2,2023-03-22,2023-08-23,0.0,0,0.0,1.0,0.00022593764121102577,644
chinanationalnews.com,news,China,2,2,2023-03-29,2026-03-22,0.0,0,0.0,1.0,0.00022593764121102577,645
cityam.com,news,United Kingdom,2,2,2023-08-06,2023-10-01,0.0,0,0.0,1.0,0.00022593764121102577,646
clarksvilleonline.com,news,United States,2,2,2025-08-13,2025-08-28,0.0,0,0.0,1.0,0.00022593764121102577,647
cnbcafrica.com,news,South Africa,2,2,2024-02-23,2024-08-06,0.0,0,0.0,1.0,0.00022593764121102577,648
coinspeaker.com,news,United States,2,2,2023-09-14,2023-10-19,0.0,0,0.0,1.0,0.00022593764121102577,649
comandir.com,news,Russia,2,2,2023-10-08,2024-09-18,0.0,0,0.0,1.0,0.00022593764121102577,650
confirmado.com.ve,news,Venezuela,2,2,2022-12-07,2023-01-12,0.0,0,0.0,1.0,0.00022593764121102577,651
cryptopolitan.com,news,Unknown,2,1,2023-04-22,2023-04-22,0.0,0,0.0,1.0,0.00022593764121102577,652
deccanherald.com,news,India,2,2,2022-09-02,2024-04-15,0.0,0,0.0,1.0,0.00022593764121102577,653
deutschlandfunk.de,news,Germany,2,1,2022-04-28,2022-04-28,0.0,0,0.0,1.0,0.00022593764121102577,654
df.cl,news,Chile,2,2,2022-08-16,2024-05-25,0.0,0,0.0,1.0,0.00022593764121102577,655
dinamalar.com,news,India,2,2,2023-10-09,2023-12-10,0.0,0,0.0,1.0,0.00022593764121102577,656
dlahandlu.pl,news,Poland,2,1,2023-08-06,2023-08-06,0.0,0,0.0,1.0,0.00022593764121102577,657
dp.ru,news,Russia,2,2,2023-05-28,2023-11-10,0.0,0,0.0,1.0,0.00022593764121102577,658
dv.ee,news,Estonia,2,2,2023-02-07,2025-05-25,0.0,0,0.0,1.0,0.00022593764121102577,659
e.gov.kw,official,Kuwait,2,2,2023-03-19,2023-11-30,0.0,2,0.0,1.0,0.00022593764121102577,660
eastbaytimes.com,news,United States,2,2,2025-05-17,2025-07-06,0.0,0,0.0,1.0,0.00022593764121102577,661
echoroukonline.com,news,Algeria,2,2,2023-09-24,2024-09-07,0.0,0,0.0,1.0,0.00022593764121102577,662
economx.hu,news,Unknown,2,2,2025-08-11,2025-11-17,0.0,0,0.0,1.0,0.00022593764121102577,663
ecuavisa.com,news,Ecuador,2,2,2025-05-27,2025-05-28,0.0,0,0.0,1.0,0.00022593764121102577,664
egyptindependent.com,news,Egypt,2,2,2023-07-05,2023-11-04,0.0,0,0.0,1.0,0.00022593764121102577,665
ekapija.com,news,Serbia,2,1,2023-07-19,2023-07-19,0.0,0,0.0,1.0,0.00022593764121102577,666
ekipnews.com,news,Bulgaria,2,2,2025-03-04,2026-02-13,0.0,0,0.0,1.0,0.00022593764121102577,667
ekonomi.haber7.com,news,Turkey,2,2,2024-10-20,2025-04-26,0.0,0,0.0,1.0,0.00022593764121102577,668
el-balad.com,news,Egypt,2,2,2022-12-29,2022-12-31,0.0,0,0.0,1.0,0.00022593764121102577,669
eldiariodecoahuila.com.mx,news,Mexico,2,2,2022-06-09,2022-07-31,0.0,0,0.0,1.0,0.00022593764121102577,670
eleconomista.com.mx,news,Mexico,2,2,2025-05-12,2026-03-15,0.0,0,0.0,1.0,0.00022593764121102577,671
elimpulso.com,news,Venezuela,2,2,2022-09-19,2025-08-14,0.0,0,0.0,1.0,0.00022593764121102577,672
ellitoral.com,news,Argentina,2,2,2022-04-24,2024-06-25,0.0,0,0.0,1.0,0.00022593764121102577,673
elsiglo.com.ve,news,Venezuela,2,2,2024-06-29,2024-09-23,0.0,0,0.0,1.0,0.00022593764121102577,674
elwatannews.com,news,Egypt,2,2,2023-12-21,2024-02-11,0.0,0,0.0,1.0,0.00022593764121102577,675
en.haberler.com,news,Turkey,2,2,2022-05-11,2022-08-25,0.0,0,0.0,1.0,0.00022593764121102577,676
en.tempo.co,news,Unknown,2,2,2023-10-24,2026-01-16,0.0,0,0.0,1.0,0.00022593764121102577,677
energycentral.com,news,United States,2,2,2023-05-25,2023-06-09,0.0,0,0.0,1.0,0.00022593764121102577,678
energyvoice.com,news,United Kingdom,2,2,2022-07-08,2022-07-19,0.0,0,0.0,1.0,0.00022593764121102577,679
english.kontan.co.id,news,Indonesia,2,2,2022-07-04,2024-07-09,0.0,0,0.0,1.0,0.00022593764121102577,680
english.newstracklive.com,news,India,2,2,2022-06-20,2023-06-11,0.0,0,0.0,1.0,0.00022593764121102577,681
enikos.gr,news,Greece,2,2,2024-06-06,2026-02-25,0.0,0,0.0,1.0,0.00022593764121102577,682
ensonhaber.com,news,Turkey,2,2,2022-09-11,2024-03-04,0.0,0,0.0,1.0,0.00022593764121102577,683
etoday.co.kr,news,South Korea,2,2,2024-07-06,2024-07-20,0.0,0,0.0,1.0,0.00022593764121102577,684
evz.ro,news,Romania,2,2,2026-04-02,2026-04-04,0.0,0,0.0,1.0,0.00022593764121102577,685
famagusta-gazette.com,news,Cyprus,2,2,2022-07-13,2022-07-21,0.0,0,0.0,1.0,0.00022593764121102577,686
farodevigo.es,news,Spain,2,2,2024-04-28,2025-01-31,0.0,0,0.0,1.0,0.00022593764121102577,687
finance.qianlong.com,news,China,2,2,2023-03-07,2025-03-26,0.0,0,0.0,1.0,0.00022593764121102577,688
finanzasdigital.com,news,Venezuela,2,2,2023-06-08,2025-02-12,0.0,0,0.0,1.0,0.00022593764121102577,689
finanzen.net,news,Germany,2,2,2024-01-07,2024-09-19,0.0,0,0.0,1.0,0.00022593764121102577,690
fondsk.ru,news,Russia,2,2,2023-11-01,2024-06-06,0.0,0,0.0,1.0,0.00022593764121102577,691
forbes.kz,news,Kazakhstan,2,2,2023-11-27,2024-05-26,0.0,0,0.0,1.0,0.00022593764121102577,692
foxla.com,news,United States,2,2,2023-09-17,2024-01-07,0.0,0,0.0,1.0,0.00022593764121102577,693
france24.com,news,France,2,1,2023-05-28,2023-05-28,0.0,0,0.0,1.0,0.00022593764121102577,694
freemalaysiatoday.com,news,Malaysia,2,2,2025-09-24,2025-12-31,0.0,0,0.0,1.0,0.00022593764121102577,695
futures.jrj.com.cn,news,China,2,2,2023-10-29,2024-03-17,0.0,0,0.0,1.0,0.00022593764121102577,696
gds.it,news,Italy,2,1,2022-06-01,2022-06-01,0.0,0,0.0,1.0,0.00022593764121102577,697
gercekgundem.com,news,Turkey,2,2,2025-02-15,2025-12-04,0.0,0,0.0,1.0,0.00022593764121102577,698
gestion.pe,news,Peru,2,2,2024-09-04,2024-12-26,0.0,0,0.0,1.0,0.00022593764121102577,699
globovision.com,news,Venezuela,2,2,2024-06-29,2024-09-13,0.0,0,0.0,1.0,0.00022593764121102577,700
gol.caracoltv.com,news,Colombia,2,2,2022-04-29,2023-01-27,0.0,0,0.0,1.0,0.00022593764121102577,701
hartenergy.com,news,Unknown,2,2,2023-08-19,2024-04-30,0.0,0,0.0,1.0,0.00022593764121102577,702
henryherald.com,news,United States,2,2,2022-12-31,2023-02-25,0.0,0,0.0,1.0,0.00022593764121102577,703
hirado.hu,news,Hungary,2,2,2024-09-08,2026-04-02,0.0,0,0.0,1.0,0.00022593764121102577,704
hn24.hnonline.sk,news,Unknown,2,2,2024-12-24,2025-04-30,0.0,0,0.0,1.0,0.00022593764121102577,705
hotair.com,news,United States,2,2,2022-10-24,2025-07-19,0.0,0,0.0,1.0,0.00022593764121102577,706
houstonchronicle.com,news,United States,2,2,2023-06-24,2023-06-25,0.0,0,0.0,1.0,0.00022593764121102577,707
huffingtonpost.es,news,Spain,2,2,2022-09-16,2023-03-05,0.0,0,0.0,1.0,0.00022593764121102577,708
iex.nl,news,Netherlands,2,2,2023-09-22,2024-05-06,0.0,0,0.0,1.0,0.00022593764121102577,709
ilmattino.it,news,Italy,2,2,2022-09-17,2023-01-31,0.0,0,0.0,1.0,0.00022593764121102577,710
imerisia.gr,news,Greece,2,2,2023-11-05,2024-05-11,0.0,0,0.0,1.0,0.00022593764121102577,711
in.gr,news,Greece,2,2,2024-10-27,2025-04-05,0.0,0,0.0,1.0,0.00022593764121102577,712
independent.com,news,United States,2,2,2024-09-11,2024-09-18,0.0,0,0.0,1.0,0.00022593764121102577,713
independent.ie,news,Ireland,2,2,2024-09-10,2026-01-01,0.0,0,0.0,1.0,0.00022593764121102577,714
index.hr,news,Croatia,2,2,2023-03-09,2025-10-26,0.0,0,0.0,1.0,0.00022593764121102577,715
indiablooms.com,news,India,2,2,2024-06-08,2025-08-20,0.0,0,0.0,1.0,0.00022593764121102577,716
indiainfoline.com,news,India,2,2,2022-06-15,2024-11-07,0.0,0,0.0,1.0,0.00022593764121102577,717
informationng.com,news,Nigeria,2,2,2024-11-27,2025-01-17,0.0,0,0.0,1.0,0.00022593764121102577,718
institutionalinvestor.com,news,United States,2,2,2023-03-13,2024-12-16,0.0,0,0.0,1.0,0.00022593764121102577,719
integra927.com,official,Mexico,2,2,2023-02-10,2023-03-25,0.0,2,0.0,1.0,0.00022593764121102577,720
interfax.com.ua,news,Ukraine,2,2,2022-04-25,2023-08-05,0.0,0,0.0,1.0,0.00022593764121102577,721
investigator.org.ua,news,Ukraine,2,2,2025-02-26,2025-08-13,0.0,0,0.0,1.0,0.00022593764121102577,722
iraqinews.com,news,Iraq,2,2,2024-03-03,2024-08-04,0.0,0,0.0,1.0,0.00022593764121102577,723
irishtimes.com,news,Ireland,2,2,2024-03-24,2025-01-05,0.0,0,0.0,1.0,0.00022593764121102577,724
jagonews24.com,news,Bangladesh,2,2,2022-11-13,2026-02-02,0.0,0,0.0,1.0,0.00022593764121102577,725
janayugomonline.com,news,India,2,2,2025-04-07,2026-03-17,0.0,0,0.0,1.0,0.00022593764121102577,726
jang.com.pk,news,Pakistan,2,2,2022-06-09,2023-01-08,0.0,0,0.0,1.0,0.00022593764121102577,727
jo24.net,news,Jordan,2,2,2023-06-07,2024-08-23,0.0,0,0.0,1.0,0.00022593764121102577,728
journalrecord.com,news,United States,2,2,2025-10-29,2026-01-23,0.0,0,0.0,1.0,0.00022593764121102577,729
jowhar.com,news,Somalia,2,2,2023-12-14,2025-05-16,0.0,0,0.0,1.0,0.00022593764121102577,730
jutarnji.hr,news,Croatia,2,2,2022-07-07,2023-03-25,0.0,0,0.0,1.0,0.00022593764121102577,731
kabarcirebon.pikiran-rakyat.com,news,Indonesia,2,2,2024-10-13,2025-02-22,0.0,0,0.0,1.0,0.00022593764121102577,732
kalbarterkini.pikiran-rakyat.com,news,Indonesia,2,1,2023-04-01,2023-04-01,0.0,0,0.0,1.0,0.00022593764121102577,733
kamugundemi.com,news,Turkey,2,2,2023-03-25,2023-08-14,0.0,0,0.0,1.0,0.00022593764121102577,734
karjalainen.fi,news,Finland,2,2,2025-04-20,2026-02-12,0.0,0,0.0,1.0,0.00022593764121102577,735
katcountry989.com,news,United States,2,2,2023-01-30,2023-03-01,0.0,0,0.0,1.0,0.00022593764121102577,736
kazpravda.kz,news,Kazakhstan,2,2,2024-11-18,2025-05-24,0.0,0,0.0,1.0,0.00022593764121102577,737
kciiradio.com,news,United States,2,2,2025-03-29,2025-04-18,0.0,0,0.0,1.0,0.00022593764121102577,738
khaskhabar.com,news,India,2,2,2023-07-23,2025-07-05,0.0,0,0.0,1.0,0.00022593764121102577,739
klops.ru,news,Russia,2,2,2024-08-07,2026-04-01,0.0,0,0.0,1.0,0.00022593764121102577,740
korabel.ru,news,Russia,2,2,2022-05-13,2023-01-23,0.0,0,0.0,1.0,0.00022593764121102577,741
koreatimes.co.kr,news,South Korea,2,2,2023-03-14,2024-04-29,0.0,0,0.0,1.0,0.00022593764121102577,742
krgv.com,news,United States,2,1,2024-10-11,2024-10-11,0.0,0,0.0,1.0,0.00022593764121102577,743
kristv.com,news,United States,2,2,2022-11-21,2025-10-18,0.0,0,0.0,1.0,0.00022593764121102577,744
ktrh.iheart.com,news,United States,2,2,2022-10-21,2025-06-05,0.0,0,0.0,1.0,0.00022593764121102577,745
la-croix.com,news,France,2,2,2022-05-31,2022-08-26,0.0,0,0.0,1.0,0.00022593764121102577,746
lahora.com.ec,news,Ecuador,2,2,2022-12-08,2023-03-21,0.0,0,0.0,1.0,0.00022593764121102577,747
lainformacion.com,news,Spain,2,2,2022-04-20,2022-06-11,0.0,0,0.0,1.0,0.00022593764121102577,748
larepublica.co,news,Colombia,2,2,2024-09-23,2025-05-02,0.0,0,0.0,1.0,0.00022593764121102577,749
lavanguardia.com,news,Spain,2,2,2022-12-06,2025-12-05,0.0,0,0.0,1.0,0.00022593764121102577,750
lavozdegalicia.es,news,Spain,2,2,2023-03-13,2024-02-25,0.0,0,0.0,1.0,0.00022593764121102577,751
lematin.ch,news,Switzerland,2,2,2022-06-12,2026-03-14,0.0,0,0.0,1.0,0.00022593764121102577,752
leparisien.fr,news,France,2,2,2024-03-02,2026-04-07,0.0,0,0.0,1.0,0.00022593764121102577,753
lesoir.be,news,Belgium,2,2,2022-05-29,2022-12-25,0.0,0,0.0,1.0,0.00022593764121102577,754
localnews8.com,news,United States,2,2,2022-10-05,2023-12-18,0.0,0,0.0,1.0,0.00022593764121102577,755
lrt.lt,news,Lithuania,2,2,2022-10-17,2024-01-12,0.0,0,0.0,1.0,0.00022593764121102577,756
lusakatimes.com,news,Zambia,2,2,2023-01-15,2023-03-12,0.0,0,0.0,1.0,0.00022593764121102577,757
maaseuduntulevaisuus.fi,news,Finland,2,2,2026-02-23,2026-03-13,0.0,0,0.0,1.0,0.00022593764121102577,758
malaya.com.ph,news,Philippines,2,2,2023-08-06,2023-08-20,0.0,0,0.0,1.0,0.00022593764121102577,759
manager.bg,news,Bulgaria,2,2,2025-07-21,2025-11-20,0.0,0,0.0,1.0,0.00022593764121102577,760
marinelink.com,news,United States,2,2,2025-11-10,2025-12-30,0.0,0,0.0,1.0,0.00022593764121102577,761
matapantura.republika.co.id,news,Indonesia,2,2,2023-12-13,2024-03-28,0.0,0,0.0,1.0,0.00022593764121102577,762
mdr.de,news,Germany,2,2,2022-07-16,2022-12-16,0.0,0,0.0,1.0,0.00022593764121102577,763
metrotvnews.com,news,Indonesia,2,2,2023-09-02,2024-01-20,0.0,0,0.0,1.0,0.00022593764121102577,764
middleeasteye.net,news,Israel,2,2,2022-10-21,2024-07-05,0.0,0,0.0,1.0,0.00022593764121102577,765
moberlymonitor.com,news,United States,2,1,2023-04-09,2023-04-09,0.0,0,0.0,1.0,0.00022593764121102577,766
modernghana.com,news,Ghana,2,2,2022-10-23,2024-12-08,0.0,0,0.0,1.0,0.00022593764121102577,767
monavista.ru,news,Russia,2,2,2023-03-10,2023-09-18,0.0,0,0.0,1.0,0.00022593764121102577,768
money.pl,news,Poland,2,2,2023-05-28,2024-09-08,0.0,0,0.0,1.0,0.00022593764121102577,769
mp.cnfol.com,news,China,2,2,2023-10-22,2024-04-07,0.0,0,0.0,1.0,0.00022593764121102577,770
mp.weixin.qq.com,news,China,2,2,2022-12-11,2024-03-17,0.0,0,0.0,1.0,0.00022593764121102577,771
nasional.kompas.com,news,Indonesia,2,2,2024-11-09,2025-05-27,0.0,0,0.0,1.0,0.00022593764121102577,772
nczas.com,news,Poland,2,2,2023-07-29,2023-08-06,0.0,0,0.0,1.0,0.00022593764121102577,773
ndr.de,news,Germany,2,1,2022-11-27,2022-11-27,0.0,0,0.0,1.0,0.00022593764121102577,774
neuquenalinstante.com.ar,news,Argentina,2,2,2023-05-19,2025-05-14,0.0,0,0.0,1.0,0.00022593764121102577,775
news.day.az,news,Azerbaijan,2,2,2023-05-21,2023-10-01,0.0,0,0.0,1.0,0.00022593764121102577,776
news.gr,news,Greece,2,2,2022-09-27,2026-03-12,0.0,0,0.0,1.0,0.00022593764121102577,777
news.ustv.com.tw,news,Taiwan,2,1,2023-12-25,2023-12-25,0.0,0,0.0,1.0,0.00022593764121102577,778
news4jax.com,news,United States,2,2,2024-05-19,2025-11-03,0.0,0,0.0,1.0,0.00022593764121102577,779
newsbomb.gr,news,Greece,2,2,2024-06-12,2026-03-18,0.0,0,0.0,1.0,0.00022593764121102577,780
newsday.co.tt,news,Trinidad and Tobago,2,2,2024-10-01,2024-10-05,0.0,0,0.0,1.0,0.00022593764121102577,781
newslab.ru,news,Russia,2,2,2023-01-26,2024-12-24,0.0,0,0.0,1.0,0.00022593764121102577,782
nhk.or.jp,news,Japan,2,2,2022-10-05,2025-10-06,0.0,0,0.0,1.0,0.00022593764121102577,783
nicematin.com,news,France,2,2,2022-04-30,2022-10-16,0.0,0,0.0,1.0,0.00022593764121102577,784
non14.net,news,Iraq,2,2,2025-11-14,2026-01-29,0.0,0,0.0,1.0,0.00022593764121102577,785
northernirelandnews.com,news,United Kingdom,2,2,2023-10-04,2023-10-09,0.0,0,0.0,1.0,0.00022593764121102577,786
novilist.hr,news,Croatia,2,2,2023-03-09,2024-04-08,0.0,0,0.0,1.0,0.00022593764121102577,787
novinky.cz,news,Czech Republic,2,2,2022-09-20,2025-10-29,0.0,0,0.0,1.0,0.00022593764121102577,788
nypost.com,news,United States,2,2,2025-10-18,2025-12-03,0.0,0,0.0,1.0,0.00022593764121102577,789
nysun.com,news,United States,2,2,2024-06-05,2025-10-14,0.0,0,0.0,1.0,0.00022593764121102577,790
ogj.com,news,United States,2,2,2023-12-14,2024-08-08,0.0,0,0.0,1.0,0.00022593764121102577,791
oneindia.com,news,India,2,2,2024-01-06,2024-10-07,0.0,0,0.0,1.0,0.00022593764121102577,792
pagina12.com.ar,news,Argentina,2,2,2023-03-28,2023-10-05,0.0,0,0.0,1.0,0.00022593764121102577,793
pb.pl,news,Poland,2,2,2024-01-03,2024-05-24,0.0,0,0.0,1.0,0.00022593764121102577,794
pch24.pl,news,Poland,2,2,2022-06-03,2022-11-15,0.0,0,0.0,1.0,0.00022593764121102577,795
petra.gov.jo,official,Jordan,2,1,2023-03-07,2023-03-07,0.0,2,0.0,1.0,0.00022593764121102577,796
petroleumnews.com,news,United States,2,2,2022-04-29,2022-05-20,0.0,0,0.0,1.0,0.00022593764121102577,797
pl.sputniknews.com,news,Russia,2,2,2023-02-01,2023-02-05,0.0,0,0.0,1.0,0.00022593764121102577,798
pnn.de,news,Germany,2,2,2022-05-04,2022-06-07,0.0,0,0.0,1.0,0.00022593764121102577,799
pontianak.tribunnews.com,news,Indonesia,2,2,2023-07-31,2025-08-26,0.0,0,0.0,1.0,0.00022593764121102577,800
prabhanews.com,news,India,2,2,2026-03-27,2026-04-11,0.0,0,0.0,1.0,0.00022593764121102577,801
pragativadi.com,news,India,2,2,2024-08-08,2025-01-13,0.0,0,0.0,1.0,0.00022593764121102577,802
primamedia.ru,news,Russia,2,2,2024-10-06,2025-04-28,0.0,0,0.0,1.0,0.00022593764121102577,803
proceso.com.mx,news,Mexico,2,2,2022-05-07,2023-06-01,0.0,0,0.0,1.0,0.00022593764121102577,804
producer.com,news,Canada,2,2,2024-07-08,2024-07-19,0.0,0,0.0,1.0,0.00022593764121102577,805
propakistani.pk,news,Pakistan,2,2,2022-07-05,2023-01-28,0.0,0,0.0,1.0,0.00022593764121102577,806
pulzo.com,news,Colombia,2,2,2022-09-24,2022-11-29,0.0,0,0.0,1.0,0.00022593764121102577,807
radio.gov.pk,official,Pakistan,2,2,2023-05-17,2024-09-04,0.0,2,0.0,1.0,0.00022593764121102577,808
radioformula.com.mx,news,Mexico,2,2,2024-09-28,2024-10-30,0.0,0,0.0,1.0,0.00022593764121102577,809
ratopati.com,news,Nepal,2,2,2026-03-05,2026-04-11,0.0,0,0.0,1.0,0.00022593764121102577,810
real.gr,news,Greece,2,2,2023-12-07,2024-03-04,0.0,0,0.0,1.0,0.00022593764121102577,811
reliefweb.int,official,Syria,2,2,2023-11-01,2024-05-15,0.0,2,0.0,1.0,0.00022593764121102577,812
retail.economictimes.indiatimes.com,news,India,2,2,2023-04-16,2024-04-05,0.0,0,0.0,1.0,0.00022593764121102577,813
reviewjournal.com,news,United States,2,2,2024-05-18,2024-09-14,0.0,0,0.0,1.0,0.00022593764121102577,814
rheinpfalz.de,news,Germany,2,2,2022-04-26,2022-06-05,0.0,0,0.0,1.0,0.00022593764121102577,815
ridus.ru,news,Russia,2,2,2024-10-26,2025-01-19,0.0,0,0.0,1.0,0.00022593764121102577,816
rtbf.be,news,Belgium,2,2,2022-05-31,2024-12-18,0.0,0,0.0,1.0,0.00022593764121102577,817
rts.rs,news,Serbia,2,2,2024-09-05,2025-07-04,0.0,0,0.0,1.0,0.00022593764121102577,818
rueconomics.ru,news,Russia,2,2,2023-03-22,2023-05-20,0.0,0,0.0,1.0,0.00022593764121102577,819
rus.azattyk.org,news,Kyrgyzstan,2,1,2022-07-30,2022-07-30,0.0,0,0.0,1.0,0.00022593764121102577,820
rus.azattyq.org,news,Kazakhstan,2,2,2022-12-07,2022-12-10,0.0,0,0.0,1.0,0.00022593764121102577,821
russiaherald.com,news,Russia,2,2,2023-02-10,2023-10-09,0.0,0,0.0,1.0,0.00022593764121102577,822
ryt9.com,news,Thailand,2,2,2024-10-19,2024-11-16,0.0,0,0.0,1.0,0.00022593764121102577,823
sana.sy,news,Syria,2,1,2023-03-22,2023-03-22,0.0,0,0.0,1.0,0.00022593764121102577,824
sb.by,news,Belarus,2,2,2022-08-10,2023-11-03,0.0,0,0.0,1.0,0.00022593764121102577,825
senenews.com,news,Senegal,2,2,2022-04-23,2024-07-03,0.0,0,0.0,1.0,0.00022593764121102577,826
sevastopol.su,news,Ukraine,2,2,2022-11-22,2025-02-23,0.0,0,0.0,1.0,0.00022593764121102577,827
sfgate.com,news,United States,2,2,2023-07-15,2023-11-30,0.0,0,0.0,1.0,0.00022593764121102577,828
shafaq.com,news,Unknown,2,2,2024-04-10,2024-07-31,0.0,0,0.0,1.0,0.00022593764121102577,829
shanghaisun.com,news,China,2,2,2024-08-12,2024-12-17,0.0,0,0.0,1.0,0.00022593764121102577,830
southeastasiapost.com,news,Pakistan,2,2,2023-03-19,2023-08-20,0.0,0,0.0,1.0,0.00022593764121102577,831
sputniknews.com.tr,news,Unknown,2,2,2022-12-20,2023-04-16,0.0,0,0.0,1.0,0.00022593764121102577,832
srilankamirror.com,news,Sri Lanka,2,1,2023-07-30,2023-07-30,0.0,0,0.0,1.0,0.00022593764121102577,833
stockbiz.vn,news,Vietnam,2,2,2024-10-12,2025-07-02,0.0,0,0.0,1.0,0.00022593764121102577,834
sueddeutsche.de,news,Germany,2,2,2022-11-25,2023-03-06,0.0,0,0.0,1.0,0.00022593764121102577,835
talouselama.fi,news,Finland,2,2,2023-08-14,2025-06-01,0.0,0,0.0,1.0,0.00022593764121102577,836
telesurtv.net,news,United States,2,2,2022-05-15,2025-01-09,0.0,0,0.0,1.0,0.00022593764121102577,837
tgrthaber.com,news,Unknown,2,2,2025-02-12,2025-07-20,0.0,0,0.0,1.0,0.00022593764121102577,838
theage.com.au,news,Australia,2,2,2023-04-25,2023-11-05,0.0,0,0.0,1.0,0.00022593764121102577,839
theconversation.com,news,Australia,2,2,2023-10-11,2023-10-13,0.0,0,0.0,1.0,0.00022593764121102577,840
thecorner.eu,news,Spain,2,2,2024-06-21,2024-12-16,0.0,0,0.0,1.0,0.00022593764121102577,841
theeastafrican.co.ke,news,Kenya,2,2,2022-07-17,2024-04-14,0.0,0,0.0,1.0,0.00022593764121102577,842
thenigerianvoice.com,news,Nigeria,2,2,2023-07-21,2024-03-17,0.0,0,0.0,1.0,0.00022593764121102577,843
thenorthlines.com,news,India,2,2,2023-04-05,2024-07-21,0.0,0,0.0,1.0,0.00022593764121102577,844
timeturk.com,news,Turkey,2,2,2023-07-09,2023-12-10,0.0,0,0.0,1.0,0.00022593764121102577,845
topky.sk,news,Slovak Republic,2,2,2022-07-16,2026-01-23,0.0,0,0.0,1.0,0.00022593764121102577,846
topontiki.gr,news,Greece,2,2,2025-05-02,2025-06-14,0.0,0,0.0,1.0,0.00022593764121102577,847
tothemaonline.com,news,Cyprus,2,2,2023-04-05,2025-01-23,0.0,0,0.0,1.0,0.00022593764121102577,848
tovima.gr,news,Greece,2,2,2022-09-04,2022-09-27,0.0,0,0.0,1.0,0.00022593764121102577,849
tradearabia.com,news,United Arab Emirates,2,1,2025-10-12,2025-10-12,0.0,0,0.0,1.0,0.00022593764121102577,850
tribuneindia.com,news,India,2,2,2022-07-06,2024-04-28,0.0,0,0.0,1.0,0.00022593764121102577,851
trthaber.com,news,Turkey,2,2,2022-09-22,2025-01-19,0.0,0,0.0,1.0,0.00022593764121102577,852
turan.az,news,Azerbaijan,2,2,2024-01-11,2024-06-14,0.0,0,0.0,1.0,0.00022593764121102577,853
tvn24.pl,news,Poland,2,2,2023-05-23,2025-12-03,0.0,0,0.0,1.0,0.00022593764121102577,854
tvzvezda.ru,news,Russia,2,2,2022-07-23,2022-07-25,0.0,0,0.0,1.0,0.00022593764121102577,855
tyden.cz,news,Czech Republic,2,2,2025-02-16,2026-01-29,0.0,0,0.0,1.0,0.00022593764121102577,856
tyzden.sk,news,Slovak Republic,2,2,2024-09-17,2024-12-25,0.0,0,0.0,1.0,0.00022593764121102577,857
univision.com,news,United States,2,2,2022-08-06,2024-09-16,0.0,0,0.0,1.0,0.00022593764121102577,858
unn.ua,news,Unknown,2,2,2024-05-13,2025-03-11,0.0,0,0.0,1.0,0.00022593764121102577,859
upstreamonline.com,news,United States,2,2,2023-12-21,2024-01-15,0.0,0,0.0,1.0,0.00022593764121102577,860
usstock.jrj.com.cn,news,China,2,2,2023-10-11,2024-02-05,0.0,0,0.0,1.0,0.00022593764121102577,861
varmatin.com,news,France,2,2,2022-04-30,2022-10-16,0.0,0,0.0,1.0,0.00022593764121102577,862
versii.com,news,Unknown,2,2,2023-10-30,2025-02-19,0.0,0,0.0,1.0,0.00022593764121102577,863
vesti.ru,news,Russia,2,2,2022-12-25,2023-10-30,0.0,0,0.0,1.0,0.00022593764121102577,864
volynnews.com,news,Ukraine,2,2,2025-02-21,2025-03-15,0.0,0,0.0,1.0,0.00022593764121102577,865
vv.com.ua,news,Ukraine,2,2,2024-01-21,2026-02-15,0.0,0,0.0,1.0,0.00022593764121102577,866
welt.de,news,Germany,2,2,2023-12-03,2025-06-10,0.0,0,0.0,1.0,0.00022593764121102577,867
whbl.com,news,United States,2,2,2023-01-17,2023-03-21,0.0,0,0.0,1.0,0.00022593764121102577,868
wionews.com,news,India,2,2,2022-04-24,2024-04-29,0.0,0,0.0,1.0,0.00022593764121102577,869
wsj.com,news,United States,2,2,2023-11-15,2023-12-05,0.0,0,0.0,1.0,0.00022593764121102577,870
yenialanya.com,news,Turkey,2,2,2023-04-13,2023-08-06,0.0,0,0.0,1.0,0.00022593764121102577,871
yucatan.com.mx,news,Mexico,2,2,2022-10-29,2023-09-01,0.0,0,0.0,1.0,0.00022593764121102577,872
zeebiz.com,news,India,2,2,2022-09-07,2022-09-08,0.0,0,0.0,1.0,0.00022593764121102577,873
zf.ro,news,Romania,2,2,2022-05-05,2024-03-29,0.0,0,0.0,1.0,0.00022593764121102577,874
zivotpo.sk,news,Slovak Republic,2,2,2025-12-18,2026-01-24,0.0,0,0.0,1.0,0.00022593764121102577,875
10news.com,news,United States,1,1,2022-07-07,2022-07-07,0.0,0,0.0,1.0,0.00011296882060551288,876
1in.am,news,Armenia,1,1,2025-03-01,2025-03-01,0.0,0,0.0,1.0,0.00011296882060551288,877
1prime.ru,news,Russia,1,1,2024-03-12,2024-03-12,0.0,0,0.0,1.0,0.00011296882060551288,878
24.ae,news,United Arab Emirates,1,1,2024-02-01,2024-02-01,0.0,0,0.0,1.0,0.00011296882060551288,879
3dnews.ru,news,Russia,1,1,2022-12-30,2022-12-30,0.0,0,0.0,1.0,0.00011296882060551288,880
525.az,news,Azerbaijan,1,1,2024-05-26,2024-05-26,0.0,0,0.0,1.0,0.00011296882060551288,881
61saat.com,news,Turkey,1,1,2022-08-15,2022-08-15,0.0,0,0.0,1.0,0.00011296882060551288,882
7dias.com.do,news,Dominican Republic,1,1,2024-04-30,2024-04-30,0.0,0,0.0,1.0,0.00011296882060551288,883
933thedrive.com,news,United States,1,1,2023-04-26,2023-04-26,0.0,0,0.0,1.0,0.00011296882060551288,884
aaj.tv,news,Pakistan,1,1,2025-04-19,2025-04-19,0.0,0,0.0,1.0,0.00011296882060551288,885
aarp.org,news,United States,1,1,2022-04-29,2022-04-29,0.0,0,0.0,1.0,0.00011296882060551288,886
abc.com.py,news,Paraguay,1,1,2024-04-06,2024-04-06,0.0,0,0.0,1.0,0.00011296882060551288,887
abc11.com,news,United States,1,1,2024-11-16,2024-11-16,0.0,0,0.0,1.0,0.00011296882060551288,888
abc15.com,news,United States,1,1,2022-07-07,2022-07-07,0.0,0,0.0,1.0,0.00011296882060551288,889
abc30.com,news,United States,1,1,2023-10-01,2023-10-01,0.0,0,0.0,1.0,0.00011296882060551288,890
abc7.com,news,United States,1,1,2024-11-17,2024-11-17,0.0,0,0.0,1.0,0.00011296882060551288,891
abc7ny.com,news,United States,1,1,2024-11-16,2024-11-16,0.0,0,0.0,1.0,0.00011296882060551288,892
abcnews.com,news,United States,1,1,2026-04-12,2026-04-12,0.0,0,0.0,1.0,0.00011296882060551288,893
actuniger.com,news,Niger,1,1,2025-07-04,2025-07-04,0.0,0,0.0,1.0,0.00011296882060551288,894
advance.hr,news,Croatia,1,1,2025-12-01,2025-12-01,0.0,0,0.0,1.0,0.00011296882060551288,895
afr.com,news,Australia,1,1,2025-07-28,2025-07-28,0.0,0,0.0,1.0,0.00011296882060551288,896
africa.com,news,South Africa,1,1,2024-07-04,2024-07-04,0.0,0,0.0,1.0,0.00011296882060551288,897
africabusinesscommunities.com,news,Unknown,1,1,2022-09-20,2022-09-20,0.0,0,0.0,1.0,0.00011296882060551288,898
africaleader.com,news,South Africa,1,1,2024-12-28,2024-12-28,0.0,0,0.0,1.0,0.00011296882060551288,899
africanews.com,news,Nigeria,1,1,2024-04-20,2024-04-20,0.0,0,0.0,1.0,0.00011296882060551288,900
africanmanager.com,news,Tunisia,1,1,2024-09-30,2024-09-30,0.0,0,0.0,1.0,0.00011296882060551288,901
agenciabrasil.ebc.com.br,news,Brazil,1,1,2024-11-09,2024-11-09,0.0,0,0.0,1.0,0.00011296882060551288,902
agenzianova.com,news,Italy,1,1,2025-08-08,2025-08-08,0.0,0,0.0,1.0,0.00011296882060551288,903
agerpres.ro,news,Romania,1,1,2026-04-03,2026-04-03,0.0,0,0.0,1.0,0.00011296882060551288,904
airliquide.com,news,Unknown,1,1,2022-12-12,2022-12-12,0.0,0,0.0,1.0,0.00011296882060551288,905
akhbarelyom.com,news,Egypt,1,1,2022-08-27,2022-08-27,0.0,0,0.0,1.0,0.00011296882060551288,906
al-sharq.com,news,Qatar,1,1,2023-02-19,2023-02-19,0.0,0,0.0,1.0,0.00011296882060551288,907
alalam.ir,news,Iran,1,1,2022-12-28,2022-12-28,0.0,0,0.0,1.0,0.00011296882060551288,908
alanbatnews.net,news,Jordan,1,1,2025-05-31,2025-05-31,0.0,0,0.0,1.0,0.00011296882060551288,909
algemeiner.com,news,Israel,1,1,2022-11-17,2022-11-17,0.0,0,0.0,1.0,0.00011296882060551288,910
algerie-focus.com,news,Algeria,1,1,2022-05-13,2022-05-13,0.0,0,0.0,1.0,0.00011296882060551288,911
aljarida.com,news,Kuwait,1,1,2022-06-30,2022-06-30,0.0,0,0.0,1.0,0.00011296882060551288,912
alkhabarkw.com,news,Kuwait,1,1,2024-08-23,2024-08-23,0.0,0,0.0,1.0,0.00011296882060551288,913
almanar.com.lb,news,Lebanon,1,1,2023-06-05,2023-06-05,0.0,0,0.0,1.0,0.00011296882060551288,914
alphatv.gr,news,Greece,1,1,2023-12-07,2023-12-07,0.0,0,0.0,1.0,0.00011296882060551288,915
alwatan.com,news,Oman,1,1,2023-04-10,2023-04-10,0.0,0,0.0,1.0,0.00011296882060551288,916
alwatan.com.sa,news,Saudi Arabia,1,1,2024-01-02,2024-01-02,0.0,0,0.0,1.0,0.00011296882060551288,917
alwatanvoice.com,news,Israel,1,1,2025-05-25,2025-05-25,0.0,0,0.0,1.0,0.00011296882060551288,918
alweeam.com.sa,news,Saudi Arabia,1,1,2024-04-28,2024-04-28,0.0,0,0.0,1.0,0.00011296882060551288,919
alyaoum24.com,news,Morocco,1,1,2024-11-04,2024-11-04,0.0,0,0.0,1.0,0.00011296882060551288,920
alyomnews.com,news,Egypt,1,1,2023-01-05,2023-01-05,0.0,0,0.0,1.0,0.00011296882060551288,921
americanthinker.com,news,United States,1,1,2023-05-07,2023-05-07,0.0,0,0.0,1.0,0.00011296882060551288,922
anba.com.br,news,Brazil,1,1,2022-12-22,2022-12-22,0.0,0,0.0,1.0,0.00011296882060551288,923
andina.pe,news,Peru,1,1,2023-02-03,2023-02-03,0.0,0,0.0,1.0,0.00011296882060551288,924
angonoticias.com,news,Angola,1,1,2024-04-26,2024-04-26,0.0,0,0.0,1.0,0.00011296882060551288,925
animalpolitico.com,news,Mexico,1,1,2024-09-25,2024-09-25,0.0,0,0.0,1.0,0.00011296882060551288,926
annabaa.org,news,Iraq,1,1,2025-05-25,2025-05-25,0.0,0,0.0,1.0,0.00011296882060551288,927
anroca.com.ar,news,Argentina,1,1,2023-05-16,2023-05-16,0.0,0,0.0,1.0,0.00011296882060551288,928
aogdigital.com,news,Australia,1,1,2022-08-28,2022-08-28,0.0,0,0.0,1.0,0.00011296882060551288,929
aps.dz,news,Algeria,1,1,2024-11-22,2024-11-22,0.0,0,0.0,1.0,0.00011296882060551288,930
ar.webmanagercenter.com,news,Tunisia,1,1,2024-07-10,2024-07-10,0.0,0,0.0,1.0,0.00011296882060551288,931
archiv.hn.cz,news,Unknown,1,1,2023-07-24,2023-07-24,0.0,0,0.0,1.0,0.00011296882060551288,932
argentinastar.com,news,Argentina,1,1,2025-12-29,2025-12-29,0.0,0,0.0,1.0,0.00011296882060551288,933
arileht.delfi.ee,news,Estonia,1,1,2024-11-21,2024-11-21,0.0,0,0.0,1.0,0.00011296882060551288,934
arminfo.info,news,Armenia,1,1,2026-03-30,2026-03-30,0.0,0,0.0,1.0,0.00011296882060551288,935
arthosuchak.com,news,Bangladesh,1,1,2026-01-25,2026-01-25,0.0,0,0.0,1.0,0.00011296882060551288,936
asahi.com,news,Japan,1,1,2023-10-19,2023-10-19,0.0,0,0.0,1.0,0.00011296882060551288,937
asia.nikkei.com,news,Japan,1,1,2025-10-05,2025-10-05,0.0,0,0.0,1.0,0.00011296882060551288,938
astroawani.com,news,Malaysia,1,1,2025-08-06,2025-08-06,0.0,0,0.0,1.0,0.00011296882060551288,939
attackofthefanboy.com,news,Japan,1,1,2026-03-08,2026-03-08,0.0,0,0.0,1.0,0.00011296882060551288,940
au-senegal.com,news,Senegal,1,1,2022-10-20,2022-10-20,0.0,0,0.0,1.0,0.00011296882060551288,941
au.investing.com,news,United States,1,1,2023-08-18,2023-08-18,0.0,0,0.0,1.0,0.00011296882060551288,942
austinchronicle.com,news,United States,1,1,2022-09-23,2022-09-23,0.0,0,0.0,1.0,0.00011296882060551288,943
azerbaijan-news.az,news,Azerbaijan,1,1,2023-10-14,2023-10-14,0.0,0,0.0,1.0,0.00011296882060551288,944
azzaman.com,news,Iraq,1,1,2023-11-12,2023-11-12,0.0,0,0.0,1.0,0.00011296882060551288,945
b-port.com,news,Russia,1,1,2024-10-24,2024-10-24,0.0,0,0.0,1.0,0.00011296882060551288,946
b24.am,news,Armenia,1,1,2026-03-14,2026-03-14,0.0,0,0.0,1.0,0.00011296882060551288,947
badische-zeitung.de,news,Germany,1,1,2022-05-01,2022-05-01,0.0,0,0.0,1.0,0.00011296882060551288,948
bangka.tribunnews.com,news,Indonesia,1,1,2026-02-14,2026-02-14,0.0,0,0.0,1.0,0.00011296882060551288,949
bangkokbiznews.com,news,Thailand,1,1,2024-12-13,2024-12-13,0.0,0,0.0,1.0,0.00011296882060551288,950
bangla.thedailystar.net,news,Bangladesh,1,1,2022-11-20,2022-11-20,0.0,0,0.0,1.0,0.00011296882060551288,951
bartamanpatrika.com,news,India,1,1,2024-10-07,2024-10-07,0.0,0,0.0,1.0,0.00011296882060551288,952
bazonline.ch,news,Switzerland,1,1,2022-08-06,2022-08-06,0.0,0,0.0,1.0,0.00011296882060551288,953
bbc.co.uk,news,United Kingdom,1,1,2022-06-30,2022-06-30,0.0,0,0.0,1.0,0.00011296882060551288,954
bbntimes.com,news,Nigeria,1,1,2025-06-01,2025-06-01,0.0,0,0.0,1.0,0.00011296882060551288,955
beaumontenterprise.com,news,United States,1,1,2022-07-15,2022-07-15,0.0,0,0.0,1.0,0.00011296882060551288,956
beijingbulletin.com,news,China,1,1,2023-03-29,2023-03-29,0.0,0,0.0,1.0,0.00011296882060551288,957
bekasi.pikiran-rakyat.com,news,Indonesia,1,1,2023-04-02,2023-04-02,0.0,0,0.0,1.0,0.00011296882060551288,958
bernama.com,news,Malaysia,1,1,2023-12-11,2023-12-11,0.0,0,0.0,1.0,0.00011296882060551288,959
beta.aljarida.com,news,Kuwait,1,1,2023-12-03,2023-12-03,0.0,0,0.0,1.0,0.00011296882060551288,960
beurs.nl,news,Netherlands,1,1,2024-02-05,2024-02-05,0.0,0,0.0,1.0,0.00011296882060551288,961
bgonair.bg,news,Bulgaria,1,1,2022-12-17,2022-12-17,0.0,0,0.0,1.0,0.00011296882060551288,962
bioprepwatch.com,news,United States,1,1,2022-12-25,2022-12-25,0.0,0,0.0,1.0,0.00011296882060551288,963
biz.liga.net,news,Ukraine,1,1,2024-10-23,2024-10-23,0.0,0,0.0,1.0,0.00011296882060551288,964
bizpacreview.com,news,United States,1,1,2023-01-02,2023-01-02,0.0,0,0.0,1.0,0.00011296882060551288,965
biztechafrica.com,news,Nigeria,1,1,2023-09-08,2023-09-08,0.0,0,0.0,1.0,0.00011296882060551288,966
bnn.lv,news,Latvia,1,1,2025-01-13,2025-01-13,0.0,0,0.0,1.0,0.00011296882060551288,967
boerse-online.de,news,Germany,1,1,2023-03-27,2023-03-27,0.0,0,0.0,1.0,0.00011296882060551288,968
bokra.net,news,Israel,1,1,2024-08-23,2024-08-23,0.0,0,0.0,1.0,0.00011296882060551288,969
bola.inilah.com,news,Indonesia,1,1,2023-10-06,2023-10-06,0.0,0,0.0,1.0,0.00011296882060551288,970
bostonglobe.com,news,United States,1,1,2023-05-02,2023-05-02,0.0,0,0.0,1.0,0.00011296882060551288,971
bowenislandundercurrent.com,news,Canada,1,1,2025-07-30,2025-07-30,0.0,0,0.0,1.0,0.00011296882060551288,972
brazilsun.com,news,Brazil,1,1,2025-12-29,2025-12-29,0.0,0,0.0,1.0,0.00011296882060551288,973
burgas24.bg,news,Bulgaria,1,1,2023-10-11,2023-10-11,0.0,0,0.0,1.0,0.00011296882060551288,974
burkina24.com,news,Burkina Faso,1,1,2024-02-25,2024-02-25,0.0,0,0.0,1.0,0.00011296882060551288,975
bursadabugun.com,news,Turkey,1,1,2022-07-03,2022-07-03,0.0,0,0.0,1.0,0.00011296882060551288,976
business.outlookindia.com,news,India,1,1,2023-11-14,2023-11-14,0.0,0,0.0,1.0,0.00011296882060551288,977
businessday.ng,news,Unknown,1,1,2023-08-14,2023-08-14,0.0,0,0.0,1.0,0.00011296882060551288,978
businessinsider.com,news,United States,1,1,2024-10-13,2024-10-13,0.0,0,0.0,1.0,0.00011296882060551288,979
businessmirror.com.ph,news,Philippines,1,1,2024-10-02,2024-10-02,0.0,0,0.0,1.0,0.00011296882060551288,980
businesstelegraph.co.uk,news,Unknown,1,1,2024-11-19,2024-11-19,0.0,0,0.0,1.0,0.00011296882060551288,981
businesswire.com,news,United States,1,1,2022-12-21,2022-12-21,0.0,0,0.0,1.0,0.00011296882060551288,982
ca.finance.yahoo.com,news,United States,1,1,2022-11-08,2022-11-08,0.0,0,0.0,1.0,0.00011296882060551288,983
ca.investing.com,news,United States,1,1,2022-07-01,2022-07-01,0.0,0,0.0,1.0,0.00011296882060551288,984
calcuttanews.net,news,India,1,1,2023-10-09,2023-10-09,0.0,0,0.0,1.0,0.00011296882060551288,985
caledoniacourier.com,news,Canada,1,1,2025-11-22,2025-11-22,0.0,0,0.0,1.0,0.00011296882060551288,986
calgaryherald.com,news,Canada,1,1,2023-03-07,2023-03-07,0.0,0,0.0,1.0,0.00011296882060551288,987
camer.be,news,Belgium,1,1,2024-06-19,2024-06-19,0.0,0,0.0,1.0,0.00011296882060551288,988
canberratimes.com.au,news,Australia,1,1,2025-08-23,2025-08-23,0.0,0,0.0,1.0,0.00011296882060551288,989
cankaoxiaoxi.com,news,China,1,1,2022-12-08,2022-12-08,0.0,0,0.0,1.0,0.00011296882060551288,990
capital.fr,news,France,1,1,2022-08-18,2022-08-18,0.0,0,0.0,1.0,0.00011296882060551288,991
capitalfm.co.ke,news,Kenya,1,1,2024-04-06,2024-04-06,0.0,0,0.0,1.0,0.00011296882060551288,992
carasycaretas.com.uy,news,Uruguay,1,1,2025-08-17,2025-08-17,0.0,0,0.0,1.0,0.00011296882060551288,993
caspianbarrel.org,news,Azerbaijan,1,1,2023-10-21,2023-10-21,0.0,0,0.0,1.0,0.00011296882060551288,994
caspiannews.com,news,Unknown,1,1,2023-08-06,2023-08-06,0.0,0,0.0,1.0,0.00011296882060551288,995
cbs7.com,news,United States,1,1,2023-03-22,2023-03-22,0.0,0,0.0,1.0,0.00011296882060551288,996
cde.news,news,Unknown,1,1,2024-11-27,2024-11-27,0.0,0,0.0,1.0,0.00011296882060551288,997
cebudailynews.inquirer.net,news,Philippines,1,1,2023-09-01,2023-09-01,0.0,0,0.0,1.0,0.00011296882060551288,998
centralmoinfo.com,news,United States,1,1,2023-10-11,2023-10-11,0.0,0,0.0,1.0,0.00011296882060551288,999
ceskobudejovicky.denik.cz,news,Czech Republic,1,1,2023-09-24,2023-09-24,0.0,0,0.0,1.0,0.00011296882060551288,1000
cfi.net.cn,news,China,1,1,2024-01-11,2024-01-11,0.0,0,0.0,1.0,0.00011296882060551288,1001
chacodiapordia.com,news,Argentina,1,1,2025-05-05,2025-05-05,0.0,0,0.0,1.0,0.00011296882060551288,1002
chimpreports.com,news,Uganda,1,1,2023-11-24,2023-11-24,0.0,0,0.0,1.0,0.00011296882060551288,1003
chron.com,news,United States,1,1,2022-07-15,2022-07-15,0.0,0,0.0,1.0,0.00011296882060551288,1004
chroniclejournal.com,news,United States,1,1,2025-10-15,2025-10-15,0.0,0,0.0,1.0,0.00011296882060551288,1005
chto-proishodit.ru,news,Russia,1,1,2023-04-16,2023-04-16,0.0,0,0.0,1.0,0.00011296882060551288,1006
cincodias.elpais.com,news,Spain,1,1,2022-09-15,2022-09-15,0.0,0,0.0,1.0,0.00011296882060551288,1007
citizen.co.za,news,South Africa,1,1,2026-01-04,2026-01-04,0.0,0,0.0,1.0,0.00011296882060551288,1008
clickondetroit.com,news,United States,1,1,2024-09-14,2024-09-14,0.0,0,0.0,1.0,0.00011296882060551288,1009
cna.com.tw,news,Taiwan,1,1,2025-01-12,2025-01-12,0.0,0,0.0,1.0,0.00011296882060551288,1010
cnbctv18.com,news,Unknown,1,1,2025-02-09,2025-02-09,0.0,0,0.0,1.0,0.00011296882060551288,1011
cnnphilippines.com,news,Philippines,1,1,2023-06-06,2023-06-06,0.0,0,0.0,1.0,0.00011296882060551288,1012
columbian.com,news,United States,1,1,2024-12-23,2024-12-23,0.0,0,0.0,1.0,0.00011296882060551288,1013
column.caijing.com.cn,news,China,1,1,2024-01-15,2024-01-15,0.0,0,0.0,1.0,0.00011296882060551288,1014
correodelcaroni.com,news,Venezuela,1,1,2025-08-15,2025-08-15,0.0,0,0.0,1.0,0.00011296882060551288,1015
counterpunch.org,news,United States,1,1,2022-06-29,2022-06-29,0.0,0,0.0,1.0,0.00011296882060551288,1016
cross.bg,news,Bulgaria,1,1,2023-08-28,2023-08-28,0.0,0,0.0,1.0,0.00011296882060551288,1017
ctpost.com,news,United States,1,1,2023-06-04,2023-06-04,0.0,0,0.0,1.0,0.00011296882060551288,1018
currently.att.yahoo.com,news,United States,1,1,2022-10-11,2022-10-11,0.0,0,0.0,1.0,0.00011296882060551288,1019
daijiworld.com,news,India,1,1,2022-05-06,2022-05-06,0.0,0,0.0,1.0,0.00011296882060551288,1020
dailyausaf.com,news,Pakistan,1,1,2025-04-24,2025-04-24,0.0,0,0.0,1.0,0.00011296882060551288,1021
dailyhindinews.com,news,India,1,1,2024-01-08,2024-01-08,0.0,0,0.0,1.0,0.00011296882060551288,1022
dailymirror.lk,news,Sri Lanka,1,1,2025-01-23,2025-01-23,0.0,0,0.0,1.0,0.00011296882060551288,1023
dailypioneer.com,news,India,1,1,2025-12-25,2025-12-25,0.0,0,0.0,1.0,0.00011296882060551288,1024
dailystar.co.uk,news,United Kingdom,1,1,2022-05-29,2022-05-29,0.0,0,0.0,1.0,0.00011296882060551288,1025
dailystar.com.lb,news,Lebanon,1,1,2023-11-14,2023-11-14,0.0,0,0.0,1.0,0.00011296882060551288,1026
dailytrust.com,news,Niger,1,1,2024-11-13,2024-11-13,0.0,0,0.0,1.0,0.00011296882060551288,1027
dallasnews.com,news,United States,1,1,2026-02-16,2026-02-16,0.0,0,0.0,1.0,0.00011296882060551288,1028
dcnews.ro,news,Romania,1,1,2022-07-30,2022-07-30,0.0,0,0.0,1.0,0.00011296882060551288,1029
de.investing.com,news,United States,1,1,2022-07-24,2022-07-24,0.0,0,0.0,1.0,0.00011296882060551288,1030
deaandeelhouder.nl,news,Netherlands,1,1,2024-02-06,2024-02-06,0.0,0,0.0,1.0,0.00011296882060551288,1031
delfi.lt,news,Lithuania,1,1,2023-07-22,2023-07-22,0.0,0,0.0,1.0,0.00011296882060551288,1032
democracynow.org,news,United States,1,1,2022-09-29,2022-09-29,0.0,0,0.0,1.0,0.00011296882060551288,1033
denik.cz,news,Czech Republic,1,1,2026-01-01,2026-01-01,0.0,0,0.0,1.0,0.00011296882060551288,1034
descifrado.com,news,Venezuela,1,1,2026-03-16,2026-03-16,0.0,0,0.0,1.0,0.00011296882060551288,1035
designyoutrust.com,news,United States,1,1,2025-10-12,2025-10-12,0.0,0,0.0,1.0,0.00011296882060551288,1036
detaykibris.com,news,Cyprus,1,1,2022-08-13,2022-08-13,0.0,0,0.0,1.0,0.00011296882060551288,1037
dhakatimes24.com,news,Bangladesh,1,1,2022-11-14,2022-11-14,0.0,0,0.0,1.0,0.00011296882060551288,1038
dhnet.be,news,Belgium,1,1,2025-05-11,2025-05-11,0.0,0,0.0,1.0,0.00011296882060551288,1039
di.se,news,Sweden,1,1,2025-04-21,2025-04-21,0.0,0,0.0,1.0,0.00011296882060551288,1040
diariocambio.com.mx,news,Mexico,1,1,2022-07-20,2022-07-20,0.0,0,0.0,1.0,0.00011296882060551288,1041
diariocorreo.pe,news,Peru,1,1,2025-06-08,2025-06-08,0.0,0,0.0,1.0,0.00011296882060551288,1042
diariodelistmo.com,news,Mexico,1,1,2022-07-16,2022-07-16,0.0,0,0.0,1.0,0.00011296882060551288,1043
diariodemallorca.es,news,Spain,1,1,2025-01-31,2025-01-31,0.0,0,0.0,1.0,0.00011296882060551288,1044
diariodenavarra.es,news,Spain,1,1,2022-07-12,2022-07-12,0.0,0,0.0,1.0,0.00011296882060551288,1045
diariohoy.net,news,Argentina,1,1,2023-08-28,2023-08-28,0.0,0,0.0,1.0,0.00011296882060551288,1046
diariolaprovinciasj.com,news,Argentina,1,1,2022-07-19,2022-07-19,0.0,0,0.0,1.0,0.00011296882060551288,1047
diariolasamericas.com,news,United States,1,1,2024-09-28,2024-09-28,0.0,0,0.0,1.0,0.00011296882060551288,1048
diariolibre.com,news,United States,1,1,2025-01-16,2025-01-16,0.0,0,0.0,1.0,0.00011296882060551288,1049
diariopopular.com.ar,news,Argentina,1,1,2023-08-28,2023-08-28,0.0,0,0.0,1.0,0.00011296882060551288,1050
diariosanrafael.com.ar,news,Argentina,1,1,2025-07-04,2025-07-04,0.0,0,0.0,1.0,0.00011296882060551288,1051
diariosigloxxi.com,news,Spain,1,1,2023-03-03,2023-03-03,0.0,0,0.0,1.0,0.00011296882060551288,1052
digitaljournal.com,news,United States,1,1,2022-05-09,2022-05-09,0.0,0,0.0,1.0,0.00011296882060551288,1053
dinheirovivo.pt,news,Portugal,1,1,2023-12-27,2023-12-27,0.0,0,0.0,1.0,0.00011296882060551288,1054
divyamarathi.bhaskar.com,news,India,1,1,2022-10-17,2022-10-17,0.0,0,0.0,1.0,0.00011296882060551288,1055
dki.pikiran-rakyat.com,news,Indonesia,1,1,2023-11-23,2023-11-23,0.0,0,0.0,1.0,0.00011296882060551288,1056
dna.fr,news,France,1,1,2022-04-17,2022-04-17,0.0,0,0.0,1.0,0.00011296882060551288,1057
dnevno.hr,news,Croatia,1,1,2023-03-24,2023-03-24,0.0,0,0.0,1.0,0.00011296882060551288,1058
dogruhaber.com.tr,news,Turkey,1,1,2022-11-15,2022-11-15,0.0,0,0.0,1.0,0.00011296882060551288,1059
dominicanrepublicpost.com,news,United States,1,1,2026-04-05,2026-04-05,0.0,0,0.0,1.0,0.00011296882060551288,1060
dsnews.ua,news,Ukraine,1,1,2025-02-18,2025-02-18,0.0,0,0.0,1.0,0.00011296882060551288,1061
duma.bg,news,Bulgaria,1,1,2022-09-15,2022-09-15,0.0,0,0.0,1.0,0.00011296882060551288,1062
dupagepolicyjournal.com,news,United States,1,1,2026-03-15,2026-03-15,0.0,0,0.0,1.0,0.00011296882060551288,1063
durangoherald.com,news,United States,1,1,2024-09-03,2024-09-03,0.0,0,0.0,1.0,0.00011296882060551288,1064
dziennikzwiazkowy.com,news,United States,1,1,2022-08-09,2022-08-09,0.0,0,0.0,1.0,0.00011296882060551288,1065
e.vnexpress.net,news,Vietnam,1,1,2022-12-01,2022-12-01,0.0,0,0.0,1.0,0.00011296882060551288,1066
easternmirrornagaland.com,news,India,1,1,2024-02-24,2024-02-24,0.0,0,0.0,1.0,0.00011296882060551288,1067
economy.okezone.com,news,Indonesia,1,1,2025-08-07,2025-08-07,0.0,0,0.0,1.0,0.00011296882060551288,1068
ecowatch.com,news,United States,1,1,2024-03-13,2024-03-13,0.0,0,0.0,1.0,0.00011296882060551288,1069
edaily.co.kr,news,South Korea,1,1,2025-03-03,2025-03-03,0.0,0,0.0,1.0,0.00011296882060551288,1070
edmontonjournal.com,news,Canada,1,1,2023-02-02,2023-02-02,0.0,0,0.0,1.0,0.00011296882060551288,1071
eenadu.net,news,India,1,1,2024-09-19,2024-09-19,0.0,0,0.0,1.0,0.00011296882060551288,1072
efe.com,news,United States,1,1,2022-07-23,2022-07-23,0.0,0,0.0,1.0,0.00011296882060551288,1073
egehaber.com,news,Turkey,1,1,2023-08-07,2023-08-07,0.0,0,0.0,1.0,0.00011296882060551288,1074
einvestidor.estadao.com.br,news,Brazil,1,1,2022-07-15,2022-07-15,0.0,0,0.0,1.0,0.00011296882060551288,1075
ekantipur.com,news,Nepal,1,1,2023-09-03,2023-09-03,0.0,0,0.0,1.0,0.00011296882060551288,1076
elaragueno.com.ve,news,Venezuela,1,1,2023-01-29,2023-01-29,0.0,0,0.0,1.0,0.00011296882060551288,1077
elconfidencial.com,news,Spain,1,1,2025-02-07,2025-02-07,0.0,0,0.0,1.0,0.00011296882060551288,1078
eldia.es,news,Spain,1,1,2023-03-11,2023-03-11,0.0,0,0.0,1.0,0.00011296882060551288,1079
elements.visualcapitalist.com,news,United States,1,1,2022-05-16,2022-05-16,0.0,0,0.0,1.0,0.00011296882060551288,1080
elesquiu.com,news,Argentina,1,1,2023-01-06,2023-01-06,0.0,0,0.0,1.0,0.00011296882060551288,1081
elidealgallego.com,news,Spain,1,1,2022-12-15,2022-12-15,0.0,0,0.0,1.0,0.00011296882060551288,1082
elmasacre.com,news,United States,1,1,2023-03-22,2023-03-22,0.0,0,0.0,1.0,0.00011296882060551288,1083
elmundo.es,news,Spain,1,1,2024-04-06,2024-04-06,0.0,0,0.0,1.0,0.00011296882060551288,1084
elnacional.com.do,news,Dominican Republic,1,1,2023-08-18,2023-08-18,0.0,0,0.0,1.0,0.00011296882060551288,1085
elnuevosiglo.com.co,news,Colombia,1,1,2023-01-21,2023-01-21,0.0,0,0.0,1.0,0.00011296882060551288,1086
elpais.com.co,news,Colombia,1,1,2022-07-12,2022-07-12,0.0,0,0.0,1.0,0.00011296882060551288,1087
elpais.cr,news,Costa Rica,1,1,2025-05-25,2025-05-25,0.0,0,0.0,1.0,0.00011296882060551288,1088
elperiodico.com,news,Spain,1,1,2022-11-13,2022-11-13,0.0,0,0.0,1.0,0.00011296882060551288,1089
elperiodico.com.gt,news,Guatemala,1,1,2022-08-05,2022-08-05,0.0,0,0.0,1.0,0.00011296882060551288,1090
elperiodicodearagon.com,news,Spain,1,1,2024-04-28,2024-04-28,0.0,0,0.0,1.0,0.00011296882060551288,1091
elprogreso.es,news,Spain,1,1,2023-03-12,2023-03-12,0.0,0,0.0,1.0,0.00011296882060551288,1092
elsiglodetorreon.com.mx,news,Mexico,1,1,2023-09-02,2023-09-02,0.0,0,0.0,1.0,0.00011296882060551288,1093
eltelegrafo.com.ec,news,Ecuador,1,1,2022-05-04,2022-05-04,0.0,0,0.0,1.0,0.00011296882060551288,1094
eltiempo.com,news,Colombia,1,1,2025-04-08,2025-04-08,0.0,0,0.0,1.0,0.00011296882060551288,1095
eluniversal.com,news,Venezuela,1,1,2025-05-09,2025-05-09,0.0,0,0.0,1.0,0.00011296882060551288,1096
elwakt.com,news,Yemen,1,1,2023-09-17,2023-09-17,0.0,0,0.0,1.0,0.00011296882060551288,1097
emaratalyoum.com,news,United Arab Emirates,1,1,2024-12-21,2024-12-21,0.0,0,0.0,1.0,0.00011296882060551288,1098
en.antaranews.com,news,Indonesia,1,1,2024-12-14,2024-12-14,0.0,0,0.0,1.0,0.00011296882060551288,1099
en.dailypakistan.com.pk,news,Pakistan,1,1,2025-04-28,2025-04-28,0.0,0,0.0,1.0,0.00011296882060551288,1100
enca.com,news,South Africa,1,1,2025-10-05,2025-10-05,0.0,0,0.0,1.0,0.00011296882060551288,1101
energyandcapital.com,news,United States,1,1,2023-08-19,2023-08-19,0.0,0,0.0,1.0,0.00011296882060551288,1102
english.elpais.com,news,Spain,1,1,2023-09-26,2023-09-26,0.0,0,0.0,1.0,0.00011296882060551288,1103
enikonomia.gr,news,Greece,1,1,2026-04-10,2026-04-10,0.0,0,0.0,1.0,0.00011296882060551288,1104
ennaharonline.com,news,Algeria,1,1,2024-11-23,2024-11-23,0.0,0,0.0,1.0,0.00011296882060551288,1105
environewsnigeria.com,news,Nigeria,1,1,2024-10-29,2024-10-29,0.0,0,0.0,1.0,0.00011296882060551288,1106
epochtimes.com.ua,news,Ukraine,1,1,2025-06-14,2025-06-14,0.0,0,0.0,1.0,0.00011296882060551288,1107
espreso.tv,news,Ukraine,1,1,2024-05-12,2024-05-12,0.0,0,0.0,1.0,0.00011296882060551288,1108
estrategiasdeinversion.com,news,Spain,1,1,2024-08-12,2024-08-12,0.0,0,0.0,1.0,0.00011296882060551288,1109
estrategiaynegocios.net,news,United States,1,1,2022-05-05,2022-05-05,0.0,0,0.0,1.0,0.00011296882060551288,1110
eurasiantimes.com,news,India,1,1,2022-12-16,2022-12-16,0.0,0,0.0,1.0,0.00011296882060551288,1111
euro2day.gr,news,Greece,1,1,2023-10-06,2023-10-06,0.0,0,0.0,1.0,0.00011296882060551288,1112
eurocapital.gr,news,Greece,1,1,2022-09-07,2022-09-07,0.0,0,0.0,1.0,0.00011296882060551288,1113
euroefe.euractiv.es,news,Unknown,1,1,2023-11-27,2023-11-27,0.0,0,0.0,1.0,0.00011296882060551288,1114
eurointegration.com.ua,news,Ukraine,1,1,2024-10-13,2024-10-13,0.0,0,0.0,1.0,0.00011296882060551288,1115
europasur.es,news,Spain,1,1,2025-01-15,2025-01-15,0.0,0,0.0,1.0,0.00011296882060551288,1116
euroradio.fm,news,Belarus,1,1,2025-03-02,2025-03-02,0.0,0,0.0,1.0,0.00011296882060551288,1117
eurozpravy.cz,news,Czech Republic,1,1,2024-08-14,2024-08-14,0.0,0,0.0,1.0,0.00011296882060551288,1118
ewn.co.za,news,South Africa,1,1,2022-11-06,2022-11-06,0.0,0,0.0,1.0,0.00011296882060551288,1119
expansion.com,news,Spain,1,1,2026-04-10,2026-04-10,0.0,0,0.0,1.0,0.00011296882060551288,1120
expert.bg,news,Bulgaria,1,1,2024-04-10,2024-04-10,0.0,0,0.0,1.0,0.00011296882060551288,1121
expreso.com.pe,news,Peru,1,1,2022-04-20,2022-04-20,0.0,0,0.0,1.0,0.00011296882060551288,1122
expreso.ec,news,Ecuador,1,1,2025-07-25,2025-07-25,0.0,0,0.0,1.0,0.00011296882060551288,1123
f5haber.com,news,Turkey,1,1,2026-02-24,2026-02-24,0.0,0,0.0,1.0,0.00011296882060551288,1124
fakt.pl,news,Poland,1,1,2025-03-01,2025-03-01,0.0,0,0.0,1.0,0.00011296882060551288,1125
farmer.pl,news,Poland,1,1,2022-11-16,2022-11-16,0.0,0,0.0,1.0,0.00011296882060551288,1126
fenix951.com.ar,news,Argentina,1,1,2022-09-22,2022-09-22,0.0,0,0.0,1.0,0.00011296882060551288,1127
finance.jrj.com.cn,news,China,1,1,2022-09-25,2022-09-25,0.0,0,0.0,1.0,0.00011296882060551288,1128
finance.si,news,Slovenia,1,1,2022-08-24,2022-08-24,0.0,0,0.0,1.0,0.00011296882060551288,1129
finance.sina.com.cn,news,China,1,1,2022-08-21,2022-08-21,0.0,0,0.0,1.0,0.00011296882060551288,1130
financialafrik.com,news,Morocco,1,1,2023-02-18,2023-02-18,0.0,0,0.0,1.0,0.00011296882060551288,1131
financialpost.com,news,Canada,1,1,2023-07-11,2023-07-11,0.0,0,0.0,1.0,0.00011296882060551288,1132
finans.gazetevatan.com,news,Turkey,1,1,2023-10-25,2023-10-25,0.0,0,0.0,1.0,0.00011296882060551288,1133
finans.mynet.com,news,Turkey,1,1,2025-07-02,2025-07-02,0.0,0,0.0,1.0,0.00011296882060551288,1134
floridastatesman.com,news,United States,1,1,2022-08-23,2022-08-23,0.0,0,0.0,1.0,0.00011296882060551288,1135
focustaiwan.tw,news,Taiwan,1,1,2025-02-16,2025-02-16,0.0,0,0.0,1.0,0.00011296882060551288,1136
fool.ca,news,Canada,1,1,2022-10-08,2022-10-08,0.0,0,0.0,1.0,0.00011296882060551288,1137
forbesindia.com,news,India,1,1,2025-07-04,2025-07-04,0.0,0,0.0,1.0,0.00011296882060551288,1138
forex.cnfol.com,news,China,1,1,2024-01-01,2024-01-01,0.0,0,0.0,1.0,0.00011296882060551288,1139
forex.jrj.com.cn,news,China,1,1,2022-11-12,2022-11-12,0.0,0,0.0,1.0,0.00011296882060551288,1140
fortuneindia.com,news,India,1,1,2022-06-02,2022-06-02,0.0,0,0.0,1.0,0.00011296882060551288,1141
fox26houston.com,news,United States,1,1,2022-11-21,2022-11-21,0.0,0,0.0,1.0,0.00011296882060551288,1142
fox6now.com,news,United States,1,1,2023-09-17,2023-09-17,0.0,0,0.0,1.0,0.00011296882060551288,1143
fr.allafrica.com,news,Nigeria,1,1,2024-04-26,2024-04-26,0.0,0,0.0,1.0,0.00011296882060551288,1144
fr.apanews.net,news,Burkina Faso,1,1,2023-12-01,2023-12-01,0.0,0,0.0,1.0,0.00011296882060551288,1145
fr.sputniknews.com,news,Russia,1,1,2022-07-22,2022-07-22,0.0,0,0.0,1.0,0.00011296882060551288,1146
francesoir.fr,news,France,1,1,2023-10-11,2023-10-11,0.0,0,0.0,1.0,0.00011296882060551288,1147
francetvinfo.fr,news,France,1,1,2023-03-24,2023-03-24,0.0,0,0.0,1.0,0.00011296882060551288,1148
freiepresse.de,news,Germany,1,1,2022-11-26,2022-11-26,0.0,0,0.0,1.0,0.00011296882060551288,1149
frontend.jpost.com,news,Israel,1,1,2025-06-08,2025-06-08,0.0,0,0.0,1.0,0.00011296882060551288,1150
fund.jrj.com.cn,news,China,1,1,2022-09-29,2022-09-29,0.0,0,0.0,1.0,0.00011296882060551288,1151
futures.hexun.com,news,China,1,1,2024-10-16,2024-10-16,0.0,0,0.0,1.0,0.00011296882060551288,1152
fwi.co.uk,news,United Kingdom,1,1,2025-12-27,2025-12-27,0.0,0,0.0,1.0,0.00011296882060551288,1153
fxmag.com,news,Unknown,1,1,2022-04-21,2022-04-21,0.0,0,0.0,1.0,0.00011296882060551288,1154
gamerant.com,news,United States,1,1,2025-07-03,2025-07-03,0.0,0,0.0,1.0,0.00011296882060551288,1155
gatestoneinstitute.org,news,Israel,1,1,2023-01-08,2023-01-08,0.0,0,0.0,1.0,0.00011296882060551288,1156
gayahidup.inilah.com,news,Indonesia,1,1,2023-10-06,2023-10-06,0.0,0,0.0,1.0,0.00011296882060551288,1157
gazeta.kg,news,Kyrgyzstan,1,1,2026-03-23,2026-03-23,0.0,0,0.0,1.0,0.00011296882060551288,1158
gazeta.ru,news,Russia,1,1,2022-08-10,2022-08-10,0.0,0,0.0,1.0,0.00011296882060551288,1159
gazettelive.co.uk,news,United Kingdom,1,1,2023-11-21,2023-11-21,0.0,0,0.0,1.0,0.00011296882060551288,1160
gds.ro,news,Romania,1,1,2025-04-02,2025-04-02,0.0,0,0.0,1.0,0.00011296882060551288,1161
gea.de,news,Germany,1,1,2023-01-28,2023-01-28,0.0,0,0.0,1.0,0.00011296882060551288,1162
giaoducthoidai.vn,news,Vietnam,1,1,2025-02-08,2025-02-08,0.0,0,0.0,1.0,0.00011296882060551288,1163
globalnews.ca,news,Canada,1,1,2025-07-16,2025-07-16,0.0,0,0.0,1.0,0.00011296882060551288,1164
gmanetwork.com,news,Philippines,1,1,2023-05-13,2023-05-13,0.0,0,0.0,1.0,0.00011296882060551288,1165
goodnewsnetwork.org,news,United States,1,1,2023-08-31,2023-08-31,0.0,0,0.0,1.0,0.00011296882060551288,1166
gorjeanul.ro,news,Romania,1,1,2026-03-24,2026-03-24,0.0,0,0.0,1.0,0.00011296882060551288,1167
gov.za,official,South Africa,1,1,2024-04-30,2024-04-30,0.0,1,0.0,1.0,0.00011296882060551288,1168
granadahoy.com,news,Spain,1,1,2025-01-15,2025-01-15,0.0,0,0.0,1.0,0.00011296882060551288,1169
graphic.com.gh,news,Ghana,1,1,2024-06-05,2024-06-05,0.0,0,0.0,1.0,0.00011296882060551288,1170
greekherald.com,news,Greece,1,1,2022-08-23,2022-08-23,0.0,0,0.0,1.0,0.00011296882060551288,1171
greentechlead.com,news,India,1,1,2023-06-07,2023-06-07,0.0,0,0.0,1.0,0.00011296882060551288,1172
ground.news,news,Unknown,1,1,2022-12-02,2022-12-02,0.0,0,0.0,1.0,0.00011296882060551288,1173
gs.by,news,Belarus,1,1,2025-02-20,2025-02-20,0.0,0,0.0,1.0,0.00011296882060551288,1174
gwinnettdailypost.com,news,United States,1,1,2022-10-05,2022-10-05,0.0,0,0.0,1.0,0.00011296882060551288,1175
haberekspres.com.tr,news,Turkey,1,1,2024-11-25,2024-11-25,0.0,0,0.0,1.0,0.00011296882060551288,1176
handelsblatt.com,news,Germany,1,1,2022-11-26,2022-11-26,0.0,0,0.0,1.0,0.00011296882060551288,1177
hantsjournal.ca,news,Canada,1,1,2024-03-03,2024-03-03,0.0,0,0.0,1.0,0.00011296882060551288,1178
harakahdaily.net,news,Malaysia,1,1,2022-09-12,2022-09-12,0.0,0,0.0,1.0,0.00011296882060551288,1179
harianhaluan.com,news,Indonesia,1,1,2025-01-27,2025-01-27,0.0,0,0.0,1.0,0.00011296882060551288,1180
haryana.punjabkesari.in,news,India,1,1,2023-07-26,2023-07-26,0.0,0,0.0,1.0,0.00011296882060551288,1181
herald.co.zw,news,Zimbabwe,1,1,2024-08-28,2024-08-28,0.0,0,0.0,1.0,0.00011296882060551288,1182
hiburan.inilah.com,news,Indonesia,1,1,2023-10-06,2023-10-06,0.0,0,0.0,1.0,0.00011296882060551288,1183
hindi.webdunia.com,news,India,1,1,2023-09-30,2023-09-30,0.0,0,0.0,1.0,0.00011296882060551288,1184
hinews.cn,news,China,1,1,2025-03-23,2025-03-23,0.0,0,0.0,1.0,0.00011296882060551288,1185
historyextra.com,news,United Kingdom,1,1,2026-03-29,2026-03-29,0.0,0,0.0,1.0,0.00011296882060551288,1186
hkcna.hk,news,Hong Kong,1,1,2025-09-28,2025-09-28,0.0,0,0.0,1.0,0.00011296882060551288,1187
hngn.com,news,United States,1,1,2022-09-15,2022-09-15,0.0,0,0.0,1.0,0.00011296882060551288,1188
homenewshere.com,news,United States,1,1,2025-04-17,2025-04-17,0.0,0,0.0,1.0,0.00011296882060551288,1189
hu.euronews.com,news,United States,1,1,2025-05-05,2025-05-05,0.0,0,0.0,1.0,0.00011296882060551288,1190
hulldailymail.co.uk,news,United Kingdom,1,1,2025-03-14,2025-03-14,0.0,0,0.0,1.0,0.00011296882060551288,1191
iaea.org,news,Austria,1,1,2024-06-26,2024-06-26,0.0,0,0.0,1.0,0.00011296882060551288,1192
ibtimes.co.in,news,India,1,1,2024-06-25,2024-06-25,0.0,0,0.0,1.0,0.00011296882060551288,1193
ibtimes.sg,news,Singapore,1,1,2023-02-09,2023-02-09,0.0,0,0.0,1.0,0.00011296882060551288,1194
ig.com,news,United Kingdom,1,1,2022-08-16,2022-08-16,0.0,0,0.0,1.0,0.00011296882060551288,1195
ilkha.com,news,Turkey,1,1,2023-08-30,2023-08-30,0.0,0,0.0,1.0,0.00011296882060551288,1196
ilsussidiario.net,news,Italy,1,1,2025-03-03,2025-03-03,0.0,0,0.0,1.0,0.00011296882060551288,1197
in.investing.com,news,United States,1,1,2022-04-22,2022-04-22,0.0,0,0.0,1.0,0.00011296882060551288,1198
indiagazette.com,news,India,1,1,2023-10-04,2023-10-04,0.0,0,0.0,1.0,0.00011296882060551288,1199
indiatimes.com,news,India,1,1,2023-08-27,2023-08-27,0.0,0,0.0,1.0,0.00011296882060551288,1200
indiatoday.in,news,India,1,1,2024-04-19,2024-04-19,0.0,0,0.0,1.0,0.00011296882060551288,1201
indiatribune.com,news,India,1,1,2022-06-27,2022-06-27,0.0,0,0.0,1.0,0.00011296882060551288,1202
indiatvnews.com,news,India,1,1,2025-08-30,2025-08-30,0.0,0,0.0,1.0,0.00011296882060551288,1203
infomoney.com.br,news,Brazil,1,1,2026-01-13,2026-01-13,0.0,0,0.0,1.0,0.00011296882060551288,1204
informer.rs,news,Serbia,1,1,2023-01-03,2023-01-03,0.0,0,0.0,1.0,0.00011296882060551288,1205
inilah.com,news,Indonesia,1,1,2023-06-10,2023-06-10,0.0,0,0.0,1.0,0.00011296882060551288,1206
insidetrade.co,news,United States,1,1,2024-03-01,2024-03-01,0.0,0,0.0,1.0,0.00011296882060551288,1207
insight.kontan.co.id,news,Indonesia,1,1,2023-10-01,2023-10-01,0.0,0,0.0,1.0,0.00011296882060551288,1208
insurancenewsnet.com,news,United States,1,1,2022-12-09,2022-12-09,0.0,0,0.0,1.0,0.00011296882060551288,1209
international.sindonews.com,news,Indonesia,1,1,2023-07-20,2023-07-20,0.0,0,0.0,1.0,0.00011296882060551288,1210
internationalbanker.com,news,China,1,1,2024-11-19,2024-11-19,0.0,0,0.0,1.0,0.00011296882060551288,1211
investingdaily.com,news,United States,1,1,2023-06-16,2023-06-16,0.0,0,0.0,1.0,0.00011296882060551288,1212
investiraucameroun.com,news,Cameroon,1,1,2022-12-12,2022-12-12,0.0,0,0.0,1.0,0.00011296882060551288,1213
investmentnews.com,news,United States,1,1,2025-10-09,2025-10-09,0.0,0,0.0,1.0,0.00011296882060551288,1214
investopedia.com,news,United States,1,1,2023-09-13,2023-09-13,0.0,0,0.0,1.0,0.00011296882060551288,1215
investorplace.com,news,United States,1,1,2023-09-20,2023-09-20,0.0,0,0.0,1.0,0.00011296882060551288,1216
investorsking.com,news,Unknown,1,1,2022-04-25,2022-04-25,0.0,0,0.0,1.0,0.00011296882060551288,1217
irishexaminer.com,news,Ireland,1,1,2023-11-27,2023-11-27,0.0,0,0.0,1.0,0.00011296882060551288,1218
itbusinessnet.com,news,United States,1,1,2024-02-28,2024-02-28,0.0,0,0.0,1.0,0.00011296882060551288,1219
itc.ua,news,Ukraine,1,1,2024-05-09,2024-05-09,0.0,0,0.0,1.0,0.00011296882060551288,1220
ixbt.com,news,China,1,1,2025-07-02,2025-07-02,0.0,0,0.0,1.0,0.00011296882060551288,1221
jamaica-gleaner.com,news,Jamaica,1,1,2024-06-24,2024-06-24,0.0,0,0.0,1.0,0.00011296882060551288,1222
javedch.com,news,Pakistan,1,1,2025-04-14,2025-04-14,0.0,0,0.0,1.0,0.00011296882060551288,1223
jc.ne10.uol.com.br,news,Brazil,1,1,2024-11-09,2024-11-09,0.0,0,0.0,1.0,0.00011296882060551288,1224
jeuneafrique.com,news,France,1,1,2022-09-18,2022-09-18,0.0,0,0.0,1.0,0.00011296882060551288,1225
jewishpress.com,news,Israel,1,1,2023-01-30,2023-01-30,0.0,0,0.0,1.0,0.00011296882060551288,1226
jobsnhire.com,news,United States,1,1,2024-05-03,2024-05-03,0.0,0,0.0,1.0,0.00011296882060551288,1227
jornaldamidia.com.br,news,Brazil,1,1,2025-02-14,2025-02-14,0.0,0,0.0,1.0,0.00011296882060551288,1228
jornaldebrasilia.com.br,news,Brazil,1,1,2025-06-12,2025-06-12,0.0,0,0.0,1.0,0.00011296882060551288,1229
jp.reuters.com,news,United States,1,1,2022-07-10,2022-07-10,0.0,0,0.0,1.0,0.00011296882060551288,1230
jpost.com,news,Israel,1,1,2022-09-12,2022-09-12,0.0,0,0.0,1.0,0.00011296882060551288,1231
jugantor.com,news,Bangladesh,1,1,2024-11-17,2024-11-17,0.0,0,0.0,1.0,0.00011296882060551288,1232
kabar24.bisnis.com,news,Indonesia,1,1,2023-03-31,2023-03-31,0.0,0,0.0,1.0,0.00011296882060551288,1233
kabarindramayu.pikiran-rakyat.com,news,Indonesia,1,1,2023-08-06,2023-08-06,0.0,0,0.0,1.0,0.00011296882060551288,1234
kalerkantho.com,news,Bangladesh,1,1,2022-10-24,2022-10-24,0.0,0,0.0,1.0,0.00011296882060551288,1235
kaleva.fi,news,Finland,1,1,2025-04-20,2025-04-20,0.0,0,0.0,1.0,0.00011296882060551288,1236
kalkinemedia.com,news,Unknown,1,1,2022-04-22,2022-04-22,0.0,0,0.0,1.0,0.00011296882060551288,1237
kaltim.tribunnews.com,news,Indonesia,1,1,2025-06-08,2025-06-08,0.0,0,0.0,1.0,0.00011296882060551288,1238
kannadaprabha.com,news,India,1,1,2023-11-12,2023-11-12,0.0,0,0.0,1.0,0.00011296882060551288,1239
karawangpost.pikiran-rakyat.com,news,Indonesia,1,1,2024-03-17,2024-03-17,0.0,0,0.0,1.0,0.00011296882060551288,1240
kathmandupost.com,news,Unknown,1,1,2025-03-21,2025-03-21,0.0,0,0.0,1.0,0.00011296882060551288,1241
kavkaz-uzel.eu,news,Russia,1,1,2023-05-05,2023-05-05,0.0,0,0.0,1.0,0.00011296882060551288,1242
kazanfirst.ru,news,Russia,1,1,2022-09-26,2022-09-26,0.0,0,0.0,1.0,0.00011296882060551288,1243
kelo.com,news,United States,1,1,2023-12-12,2023-12-12,0.0,0,0.0,1.0,0.00011296882060551288,1244
kesq.com,news,United States,1,1,2026-01-17,2026-01-17,0.0,0,0.0,1.0,0.00011296882060551288,1245
keyt.com,news,United States,1,1,2023-10-28,2023-10-28,0.0,0,0.0,1.0,0.00011296882060551288,1246
kfgo.com,news,United States,1,1,2023-01-17,2023-01-17,0.0,0,0.0,1.0,0.00011296882060551288,1247
kirovograd.net,news,Ukraine,1,1,2024-11-22,2024-11-22,0.0,0,0.0,1.0,0.00011296882060551288,1248
kitabat.com,news,Iraq,1,1,2023-01-01,2023-01-01,0.0,0,0.0,1.0,0.00011296882060551288,1249
kitco.com,news,China,1,1,2023-10-02,2023-10-02,0.0,0,0.0,1.0,0.00011296882060551288,1250
klif.com,news,United States,1,1,2025-11-03,2025-11-03,0.0,0,0.0,1.0,0.00011296882060551288,1251
knews.kg,news,Kyrgyzstan,1,1,2025-02-27,2025-02-27,0.0,0,0.0,1.0,0.00011296882060551288,1252
kohajone.com,news,Albania,1,1,2026-03-07,2026-03-07,0.0,0,0.0,1.0,0.00011296882060551288,1253
komiinform.ru,news,Russia,1,1,2026-04-02,2026-04-02,0.0,0,0.0,1.0,0.00011296882060551288,1254
kompas.com,news,Indonesia,1,1,2024-05-06,2024-05-06,0.0,0,0.0,1.0,0.00011296882060551288,1255
koreaherald.com,news,South Korea,1,1,2024-04-29,2024-04-29,0.0,0,0.0,1.0,0.00011296882060551288,1256
koreatimes.com,news,South Korea,1,1,2023-08-14,2023-08-14,0.0,0,0.0,1.0,0.00011296882060551288,1257
kresy.pl,news,Poland,1,1,2024-12-03,2024-12-03,0.0,0,0.0,1.0,0.00011296882060551288,1258
krwg.org,news,United States,1,1,2023-11-07,2023-11-07,0.0,0,0.0,1.0,0.00011296882060551288,1259
kuwaittimes.com,news,Unknown,1,1,2022-11-18,2022-11-18,0.0,0,0.0,1.0,0.00011296882060551288,1260
la-razon.com,news,Bolivia,1,1,2024-11-24,2024-11-24,0.0,0,0.0,1.0,0.00011296882060551288,1261
la.lv,news,Latvia,1,1,2023-03-22,2023-03-22,0.0,0,0.0,1.0,0.00011296882060551288,1262
lacapital.com.ar,news,Argentina,1,1,2022-07-11,2022-07-11,0.0,0,0.0,1.0,0.00011296882060551288,1263
laestrella.com.pa,news,Panama,1,1,2022-05-04,2022-05-04,0.0,0,0.0,1.0,0.00011296882060551288,1264
lagazzettadelmezzogiorno.it,news,Italy,1,1,2023-05-25,2023-05-25,0.0,0,0.0,1.0,0.00011296882060551288,1265
laliberte.ch,news,Switzerland,1,1,2022-05-15,2022-05-15,0.0,0,0.0,1.0,0.00011296882060551288,1266
landeszeitung.de,news,Germany,1,1,2022-10-02,2022-10-02,0.0,0,0.0,1.0,0.00011296882060551288,1267
lankaenews.com,news,Sri Lanka,1,1,2025-10-16,2025-10-16,0.0,0,0.0,1.0,0.00011296882060551288,1268
lansivayla.fi,news,Finland,1,1,2024-01-04,2024-01-04,0.0,0,0.0,1.0,0.00011296882060551288,1269
laprensalatina.com,news,United States,1,1,2022-07-16,2022-07-16,0.0,0,0.0,1.0,0.00011296882060551288,1270
lapresse.ca,news,Canada,1,1,2025-06-10,2025-06-10,0.0,0,0.0,1.0,0.00011296882060551288,1271
las2orillas.co,news,Colombia,1,1,2025-10-22,2025-10-22,0.0,0,0.0,1.0,0.00011296882060551288,1272
latercera.com,news,Chile,1,1,2026-03-11,2026-03-11,0.0,0,0.0,1.0,0.00011296882060551288,1273
latimes.com,news,United States,1,1,2022-07-31,2022-07-31,0.0,0,0.0,1.0,0.00011296882060551288,1274
latina.pe,news,Peru,1,1,2022-06-28,2022-06-28,0.0,0,0.0,1.0,0.00011296882060551288,1275
latribuna.hn,news,Honduras,1,1,2024-06-25,2024-06-25,0.0,0,0.0,1.0,0.00011296882060551288,1276
laverdad.es,news,Spain,1,1,2025-06-01,2025-06-01,0.0,0,0.0,1.0,0.00011296882060551288,1277
lbc.co.uk,news,United Kingdom,1,1,2026-03-25,2026-03-25,0.0,0,0.0,1.0,0.00011296882060551288,1278
lebanese-forces.com,news,Lebanon,1,1,2023-12-04,2023-12-04,0.0,0,0.0,1.0,0.00011296882060551288,1279
lebanon24.com,news,Lebanon,1,1,2023-11-21,2023-11-21,0.0,0,0.0,1.0,0.00011296882060551288,1280
ledevoir.com,news,Canada,1,1,2024-09-24,2024-09-24,0.0,0,0.0,1.0,0.00011296882060551288,1281
lefigaro.fr,news,France,1,1,2022-10-15,2022-10-15,0.0,0,0.0,1.0,0.00011296882060551288,1282
lejsl.com,news,France,1,1,2022-04-17,2022-04-17,0.0,0,0.0,1.0,0.00011296882060551288,1283
lelezard.com,news,Canada,1,1,2024-03-27,2024-03-27,0.0,0,0.0,1.0,0.00011296882060551288,1284
lepetitjournal.com,news,France,1,1,2023-03-22,2023-03-22,0.0,0,0.0,1.0,0.00011296882060551288,1285
leprogres.fr,news,France,1,1,2022-07-10,2022-07-10,0.0,0,0.0,1.0,0.00011296882060551288,1286
lequotidien-oran.com,news,Algeria,1,1,2023-02-12,2023-02-12,0.0,0,0.0,1.0,0.00011296882060551288,1287
letelegramme.fr,news,France,1,1,2022-11-23,2022-11-23,0.0,0,0.0,1.0,0.00011296882060551288,1288
lexpansion.lexpress.fr,news,France,1,1,2022-08-26,2022-08-26,0.0,0,0.0,1.0,0.00011296882060551288,1289
lexpress.fr,news,France,1,1,2025-05-11,2025-05-11,0.0,0,0.0,1.0,0.00011296882060551288,1290
libertatea.ro,news,Romania,1,1,2022-08-22,2022-08-22,0.0,0,0.0,1.0,0.00011296882060551288,1291
linfo.re,news,Reunion,1,1,2022-04-17,2022-04-17,0.0,0,0.0,1.0,0.00011296882060551288,1292
linternaute.com,news,France,1,1,2025-05-11,2025-05-11,0.0,0,0.0,1.0,0.00011296882060551288,1293
livecharts.co.uk,news,United Kingdom,1,1,2026-02-15,2026-02-15,0.0,0,0.0,1.0,0.00011296882060551288,1294
lokalkompass.de,news,Germany,1,1,2026-03-20,2026-03-20,0.0,0,0.0,1.0,0.00011296882060551288,1295
lokmat.com,news,India,1,1,2023-10-28,2023-10-28,0.0,0,0.0,1.0,0.00011296882060551288,1296
lovinmalta.com,news,Malta,1,1,2023-08-29,2023-08-29,0.0,0,0.0,1.0,0.00011296882060551288,1297
lr-online.de,news,Germany,1,1,2025-01-01,2025-01-01,0.0,0,0.0,1.0,0.00011296882060551288,1298
lr21.com.uy,news,Uruguay,1,1,2023-03-31,2023-03-31,0.0,0,0.0,1.0,0.00011296882060551288,1299
lrytas.lt,news,Lithuania,1,1,2022-06-10,2022-06-10,0.0,0,0.0,1.0,0.00011296882060551288,1300
lsm.lv,news,Latvia,1,1,2026-01-10,2026-01-10,0.0,0,0.0,1.0,0.00011296882060551288,1301
lurer.com,news,Armenia,1,1,2025-01-29,2025-01-29,0.0,0,0.0,1.0,0.00011296882060551288,1302
luxtimes.lu,news,Luxembourg,1,1,2022-12-28,2022-12-28,0.0,0,0.0,1.0,0.00011296882060551288,1303
m24.ru,news,Russia,1,1,2023-11-19,2023-11-19,0.0,0,0.0,1.0,0.00011296882060551288,1304
magyarhirlap.hu,news,Hungary,1,1,2025-08-23,2025-08-23,0.0,0,0.0,1.0,0.00011296882060551288,1305
magyarnemzet.hu,news,Unknown,1,1,2024-02-04,2024-02-04,0.0,0,0.0,1.0,0.00011296882060551288,1306
makfax.com.mk,news,Macedonia,1,1,2022-06-05,2022-06-05,0.0,0,0.0,1.0,0.00011296882060551288,1307
makthes.gr,news,Greece,1,1,2022-09-04,2022-09-04,0.0,0,0.0,1.0,0.00011296882060551288,1308
malaysiakini.com,news,Malaysia,1,1,2022-06-10,2022-06-10,0.0,0,0.0,1.0,0.00011296882060551288,1309
maliactu.net,news,Mali,1,1,2024-05-31,2024-05-31,0.0,0,0.0,1.0,0.00011296882060551288,1310
manager-magazin.de,news,Germany,1,1,2022-09-23,2022-09-23,0.0,0,0.0,1.0,0.00011296882060551288,1311
mansheet.net,news,Egypt,1,1,2025-07-24,2025-07-24,0.0,0,0.0,1.0,0.00011296882060551288,1312
marhaba.qa,news,Qatar,1,1,2025-11-09,2025-11-09,0.0,0,0.0,1.0,0.00011296882060551288,1313
marianne.net,news,France,1,1,2022-07-22,2022-07-22,0.0,0,0.0,1.0,0.00011296882060551288,1314
marketplace.org,news,United States,1,1,2024-11-15,2024-11-15,0.0,0,0.0,1.0,0.00011296882060551288,1315
maszol.ro,news,Romania,1,1,2026-04-16,2026-04-16,0.0,0,0.0,1.0,0.00011296882060551288,1316
maurice-info.mu,news,Mauritius,1,1,2024-05-05,2024-05-05,0.0,0,0.0,1.0,0.00011296882060551288,1317
mdeast.news,news,Unknown,1,1,2023-11-11,2023-11-11,0.0,0,0.0,1.0,0.00011296882060551288,1318
medan.tribunnews.com,news,Indonesia,1,1,2022-12-31,2022-12-31,0.0,0,0.0,1.0,0.00011296882060551288,1319
medanbisnisdaily.com,news,Indonesia,1,1,2024-07-07,2024-07-07,0.0,0,0.0,1.0,0.00011296882060551288,1320
mediafax.ro,news,Romania,1,1,2022-07-06,2022-07-06,0.0,0,0.0,1.0,0.00011296882060551288,1321
mediapool.bg,news,Bulgaria,1,1,2025-12-16,2025-12-16,0.0,0,0.0,1.0,0.00011296882060551288,1322
mehrnews.com,news,Unknown,1,1,2025-10-18,2025-10-18,0.0,0,0.0,1.0,0.00011296882060551288,1323
meobserver.org,news,Egypt,1,1,2024-12-16,2024-12-16,0.0,0,0.0,1.0,0.00011296882060551288,1324
meteoweb.eu,news,Italy,1,1,2025-10-20,2025-10-20,0.0,0,0.0,1.0,0.00011296882060551288,1325
metro.co.uk,news,United Kingdom,1,1,2025-05-30,2025-05-30,0.0,0,0.0,1.0,0.00011296882060551288,1326
metro.us,news,United States,1,1,2024-05-10,2024-05-10,0.0,0,0.0,1.0,0.00011296882060551288,1327
metrodailyng.com,news,Unknown,1,1,2024-08-09,2024-08-09,0.0,0,0.0,1.0,0.00011296882060551288,1328
mfor.hu,news,Hungary,1,1,2026-01-05,2026-01-05,0.0,0,0.0,1.0,0.00011296882060551288,1329
mid-day.com,news,India,1,1,2024-03-17,2024-03-17,0.0,0,0.0,1.0,0.00011296882060551288,1330
midilibre.fr,news,France,1,1,2023-03-25,2023-03-25,0.0,0,0.0,1.0,0.00011296882060551288,1331
milfordmercury.co.uk,official,United Kingdom,1,1,2024-11-08,2024-11-08,0.0,1,0.0,1.0,0.00011296882060551288,1332
military.com,official,United States,1,1,2022-11-22,2022-11-22,0.0,1,0.0,1.0,0.00011296882060551288,1333
militarytimes.com,official,United States,1,1,2024-09-16,2024-09-16,0.0,1,0.0,1.0,0.00011296882060551288,1334
misionesonline.net,news,Argentina,1,1,2022-09-02,2022-09-02,0.0,0,0.0,1.0,0.00011296882060551288,1335
moea.gov.tw,official,Taiwan,1,1,2024-11-10,2024-11-10,0.0,1,0.0,1.0,0.00011296882060551288,1336
money.bg,news,Bulgaria,1,1,2024-10-27,2024-10-27,0.0,0,0.0,1.0,0.00011296882060551288,1337
motherjones.com,news,United States,1,1,2024-03-29,2024-03-29,0.0,0,0.0,1.0,0.00011296882060551288,1338
motoryzacja.interia.pl,official,Poland,1,1,2025-11-30,2025-11-30,0.0,1,0.0,1.0,0.00011296882060551288,1339
moz.de,news,Germany,1,1,2025-01-01,2025-01-01,0.0,0,0.0,1.0,0.00011296882060551288,1340
mprnews.org,news,United States,1,1,2023-09-25,2023-09-25,0.0,0,0.0,1.0,0.00011296882060551288,1341
mtdemocrat.com,news,United States,1,1,2022-11-14,2022-11-14,0.0,0,0.0,1.0,0.00011296882060551288,1342
mundo.sputniknews.com,news,Russia,1,1,2022-07-29,2022-07-29,0.0,0,0.0,1.0,0.00011296882060551288,1343
musavat.com,news,Azerbaijan,1,1,2025-06-10,2025-06-10,0.0,0,0.0,1.0,0.00011296882060551288,1344
muscatdaily.com,news,Oman,1,1,2024-12-09,2024-12-09,0.0,0,0.0,1.0,0.00011296882060551288,1345
musianapedia.pikiran-rakyat.com,news,Indonesia,1,1,2025-01-21,2025-01-21,0.0,0,0.0,1.0,0.00011296882060551288,1346
mvariety.com,news,United States,1,1,2025-02-25,2025-02-25,0.0,0,0.0,1.0,0.00011296882060551288,1347
myanmarnews.net,news,Myanmar,1,1,2023-10-04,2023-10-04,0.0,0,0.0,1.0,0.00011296882060551288,1348
mycentraloregon.com,news,United States,1,1,2023-10-10,2023-10-10,0.0,0,0.0,1.0,0.00011296882060551288,1349
mycowichanvalleynow.com,news,Canada,1,1,2025-11-22,2025-11-22,0.0,0,0.0,1.0,0.00011296882060551288,1350
mymixfm.com,news,United States,1,1,2023-01-20,2023-01-20,0.0,0,0.0,1.0,0.00011296882060551288,1351
mynet.com,news,Turkey,1,1,2024-09-16,2024-09-16,0.0,0,0.0,1.0,0.00011296882060551288,1352
myprincegeorgenow.com,news,Canada,1,1,2025-11-22,2025-11-22,0.0,0,0.0,1.0,0.00011296882060551288,1353
myrepublica.nagariknetwork.com,news,Unknown,1,1,2024-03-26,2024-03-26,0.0,0,0.0,1.0,0.00011296882060551288,1354
nachdenkseiten.de,news,Germany,1,1,2023-03-22,2023-03-22,0.0,0,0.0,1.0,0.00011296882060551288,1355
naftemporiki.gr,news,Greece,1,1,2024-01-15,2024-01-15,0.0,0,0.0,1.0,0.00011296882060551288,1356
nagalandpost.com,news,Unknown,1,1,2023-10-21,2023-10-21,0.0,0,0.0,1.0,0.00011296882060551288,1357
naijanews.com,news,Nigeria,1,1,2024-12-20,2024-12-20,0.0,0,0.0,1.0,0.00011296882060551288,1358
nakanune.ru,news,Russia,1,1,2026-03-11,2026-03-11,0.0,0,0.0,1.0,0.00011296882060551288,1359
nakedcapitalism.com,news,United States,1,1,2024-02-19,2024-02-19,0.0,0,0.0,1.0,0.00011296882060551288,1360
nato.int,official,Russia,1,1,2026-03-17,2026-03-17,0.0,1,0.0,1.0,0.00011296882060551288,1361
naveenbharat.in,news,Unknown,1,1,2022-04-22,2022-04-22,0.0,0,0.0,1.0,0.00011296882060551288,1362
nayaindia.com,news,India,1,1,2026-03-25,2026-03-25,0.0,0,0.0,1.0,0.00011296882060551288,1363
nbcnews.com,news,United States,1,1,2025-04-03,2025-04-03,0.0,0,0.0,1.0,0.00011296882060551288,1364
nbcwashington.com,news,United States,1,1,2025-04-04,2025-04-04,0.0,0,0.0,1.0,0.00011296882060551288,1365
nbdmasr.com,news,Unknown,1,1,2024-07-19,2024-07-19,0.0,0,0.0,1.0,0.00011296882060551288,1366
negaheiraniannews.ir,news,Unknown,1,1,2025-12-04,2025-12-04,0.0,0,0.0,1.0,0.00011296882060551288,1367
negocios.com,news,Spain,1,1,2023-05-02,2023-05-02,0.0,0,0.0,1.0,0.00011296882060551288,1368
nepszava.hu,news,Hungary,1,1,2024-12-03,2024-12-03,0.0,0,0.0,1.0,0.00011296882060551288,1369
new-today.co,news,Saudi Arabia,1,1,2026-01-26,2026-01-26,0.0,0,0.0,1.0,0.00011296882060551288,1370
newkerala.com,news,India,1,1,2024-11-11,2024-11-11,0.0,0,0.0,1.0,0.00011296882060551288,1371
neworleanscitybusiness.com,news,United States,1,1,2026-02-17,2026-02-17,0.0,0,0.0,1.0,0.00011296882060551288,1372
news-front.info,news,Ukraine,1,1,2023-05-08,2023-05-08,0.0,0,0.0,1.0,0.00011296882060551288,1373
news.batampos.co.id,news,Indonesia,1,1,2026-03-29,2026-03-29,0.0,0,0.0,1.0,0.00011296882060551288,1374
news.cgtn.com,news,China,1,1,2022-12-18,2022-12-18,0.0,0,0.0,1.0,0.00011296882060551288,1375
news.china.com,news,China,1,1,2025-04-27,2025-04-27,0.0,0,0.0,1.0,0.00011296882060551288,1376
news.cnyes.com,news,China,1,1,2024-02-11,2024-02-11,0.0,0,0.0,1.0,0.00011296882060551288,1377
news.de,news,Germany,1,1,2022-04-25,2022-04-25,0.0,0,0.0,1.0,0.00011296882060551288,1378
news.gooya.com,news,Iran,1,1,2023-08-30,2023-08-30,0.0,0,0.0,1.0,0.00011296882060551288,1379
news.hangzhou.com.cn,news,China,1,1,2022-06-04,2022-06-04,0.0,0,0.0,1.0,0.00011296882060551288,1380
news.jschina.com.cn,news,China,1,1,2022-11-06,2022-11-06,0.0,0,0.0,1.0,0.00011296882060551288,1381
news.kbs.co.kr,news,South Korea,1,1,2025-03-20,2025-03-20,0.0,0,0.0,1.0,0.00011296882060551288,1382
news.maritime-network.com,news,Unknown,1,1,2024-04-10,2024-04-10,0.0,0,0.0,1.0,0.00011296882060551288,1383
news.mt.co.kr,news,South Korea,1,1,2023-02-05,2023-02-05,0.0,0,0.0,1.0,0.00011296882060551288,1384
news.prairiepublic.org,news,United States,1,1,2024-10-01,2024-10-01,0.0,0,0.0,1.0,0.00011296882060551288,1385
news.slashdot.org,news,United States,1,1,2024-05-05,2024-05-05,0.0,0,0.0,1.0,0.00011296882060551288,1386
news.telegraf.com.ua,news,Ukraine,1,1,2024-12-10,2024-12-10,0.0,0,0.0,1.0,0.00011296882060551288,1387
news.topwirenews.com,news,United States,1,1,2022-12-04,2022-12-04,0.0,0,0.0,1.0,0.00011296882060551288,1388
news.ycwb.com,news,China,1,1,2025-03-23,2025-03-23,0.0,0,0.0,1.0,0.00011296882060551288,1389
news.zol.com.cn,news,China,1,1,2023-12-25,2023-12-25,0.0,0,0.0,1.0,0.00011296882060551288,1390
newsbeast.gr,news,Greece,1,1,2025-05-02,2025-05-02,0.0,0,0.0,1.0,0.00011296882060551288,1391
newsbtc.com,news,United States,1,1,2024-04-12,2024-04-12,0.0,0,0.0,1.0,0.00011296882060551288,1392
newsday.com,news,United States,1,1,2023-10-23,2023-10-23,0.0,0,0.0,1.0,0.00011296882060551288,1393
newsincyprus.com,news,Cyprus,1,1,2024-05-06,2024-05-06,0.0,0,0.0,1.0,0.00011296882060551288,1394
newsmaker.md,news,Moldova,1,1,2025-10-24,2025-10-24,0.0,0,0.0,1.0,0.00011296882060551288,1395
newsomsk.ru,news,Russia,1,1,2025-04-03,2025-04-03,0.0,0,0.0,1.0,0.00011296882060551288,1396
newsradiori.iheart.com,news,United States,1,1,2024-05-14,2024-05-14,0.0,0,0.0,1.0,0.00011296882060551288,1397
newsru.co.il,news,Israel,1,1,2024-03-24,2024-03-24,0.0,0,0.0,1.0,0.00011296882060551288,1398
newzealandstar.com,news,New Zealand,1,1,2023-12-26,2023-12-26,0.0,0,0.0,1.0,0.00011296882060551288,1399
ng.ru,news,Russia,1,1,2025-07-13,2025-07-13,0.0,0,0.0,1.0,0.00011296882060551288,1400
ngzt.ru,news,Russia,1,1,2026-02-14,2026-02-14,0.0,0,0.0,1.0,0.00011296882060551288,1401
nhregister.com,news,United States,1,1,2022-07-09,2022-07-09,0.0,0,0.0,1.0,0.00011296882060551288,1402
nigerianeye.com,news,Nigeria,1,1,2023-07-08,2023-07-08,0.0,0,0.0,1.0,0.00011296882060551288,1403
nigeriasun.com,news,Nigeria,1,1,2023-12-26,2023-12-26,0.0,0,0.0,1.0,0.00011296882060551288,1404
nknews.org,news,North Korea,1,1,2022-09-30,2022-09-30,0.0,0,0.0,1.0,0.00011296882060551288,1405
nltimes.nl,news,Netherlands,1,1,2023-04-07,2023-04-07,0.0,0,0.0,1.0,0.00011296882060551288,1406
noi.pikiran-rakyat.com,news,Indonesia,1,1,2025-04-24,2025-04-24,0.0,0,0.0,1.0,0.00011296882060551288,1407
noozhawk.com,news,United States,1,1,2024-11-03,2024-11-03,0.0,0,0.0,1.0,0.00011296882060551288,1408
nordkurier.de,news,Germany,1,1,2023-02-04,2023-02-04,0.0,0,0.0,1.0,0.00011296882060551288,1409
northeasttoday.in,news,India,1,1,2024-12-07,2024-12-07,0.0,0,0.0,1.0,0.00011296882060551288,1410
noticel.com,news,United States,1,1,2025-07-04,2025-07-04,0.0,0,0.0,1.0,0.00011296882060551288,1411
noticiaaldia.com,news,Venezuela,1,1,2022-12-07,2022-12-07,0.0,0,0.0,1.0,0.00011296882060551288,1412
noticialdia.com,news,Unknown,1,1,2022-07-20,2022-07-20,0.0,0,0.0,1.0,0.00011296882060551288,1413
noticias.caracoltv.com,news,Colombia,1,1,2023-03-07,2023-03-07,0.0,0,0.0,1.0,0.00011296882060551288,1414
noticiasdenavarra.com,news,Spain,1,1,2022-05-11,2022-05-11,0.0,0,0.0,1.0,0.00011296882060551288,1415
noticiassin.com,news,United States,1,1,2023-03-05,2023-03-05,0.0,0,0.0,1.0,0.00011296882060551288,1416
noticierodigital.com,news,Venezuela,1,1,2025-01-09,2025-01-09,0.0,0,0.0,1.0,0.00011296882060551288,1417
noticieros.televisa.com,news,Mexico,1,1,2022-06-11,2022-06-11,0.0,0,0.0,1.0,0.00011296882060551288,1418
noticierovenevision.net,news,Venezuela,1,1,2024-04-12,2024-04-12,0.0,0,0.0,1.0,0.00011296882060551288,1419
notisclepr5c-la.com,news,Unknown,1,1,2026-03-29,2026-03-29,0.0,0,0.0,1.0,0.00011296882060551288,1420
nottinghampost.com,news,United Kingdom,1,1,2023-08-22,2023-08-22,0.0,0,0.0,1.0,0.00011296882060551288,1421
nwitimes.com,news,United States,1,1,2024-11-25,2024-11-25,0.0,0,0.0,1.0,0.00011296882060551288,1422
nydailynews.com,news,United States,1,1,2024-05-05,2024-05-05,0.0,0,0.0,1.0,0.00011296882060551288,1423
nyheter24.se,news,Sweden,1,1,2025-05-03,2025-05-03,0.0,0,0.0,1.0,0.00011296882060551288,1424
nytimes.com,news,United States,1,1,2022-10-24,2022-10-24,0.0,0,0.0,1.0,0.00011296882060551288,1425
nz.finance.yahoo.com,news,United States,1,1,2022-07-10,2022-07-10,0.0,0,0.0,1.0,0.00011296882060551288,1426
nzherald.co.nz,news,New Zealand,1,1,2024-06-13,2024-06-13,0.0,0,0.0,1.0,0.00011296882060551288,1427
offshore-energy.biz,news,Unknown,1,1,2023-05-15,2023-05-15,0.0,0,0.0,1.0,0.00011296882060551288,1428
offsite.com.cy,news,Cyprus,1,1,2025-10-26,2025-10-26,0.0,0,0.0,1.0,0.00011296882060551288,1429
oglobo.globo.com,news,Brazil,1,1,2022-05-30,2022-05-30,0.0,0,0.0,1.0,0.00011296882060551288,1430
oilandgasmiddleeast.com,news,Unknown,1,1,2023-01-07,2023-01-07,0.0,0,0.0,1.0,0.00011296882060551288,1431
oilreview.kiev.ua,news,Ukraine,1,1,2025-07-04,2025-07-04,0.0,0,0.0,1.0,0.00011296882060551288,1432
onalert.gr,news,Greece,1,1,2024-06-06,2024-06-06,0.0,0,0.0,1.0,0.00011296882060551288,1433
oncevatan.com.tr,news,Turkey,1,1,2023-09-23,2023-09-23,0.0,0,0.0,1.0,0.00011296882060551288,1434
onlinekhabar.com,news,Nepal,1,1,2022-09-25,2022-09-25,0.0,0,0.0,1.0,0.00011296882060551288,1435
onthewight.com,news,United Kingdom,1,1,2024-08-15,2024-08-15,0.0,0,0.0,1.0,0.00011296882060551288,1436
opensecrets.org,news,United States,1,1,2023-04-21,2023-04-21,0.0,0,0.0,1.0,0.00011296882060551288,1437
organiser.org,news,India,1,1,2023-07-13,2023-07-13,0.0,0,0.0,1.0,0.00011296882060551288,1438
orissadiary.com,news,India,1,1,2024-03-01,2024-03-01,0.0,0,0.0,1.0,0.00011296882060551288,1439
orissapost.com,news,India,1,1,2026-02-08,2026-02-08,0.0,0,0.0,1.0,0.00011296882060551288,1440
ouest-france.fr,news,France,1,1,2024-10-27,2024-10-27,0.0,0,0.0,1.0,0.00011296882060551288,1441
outlookindia.com,news,India,1,1,2023-03-19,2023-03-19,0.0,0,0.0,1.0,0.00011296882060551288,1442
overclockers.ru,news,Russia,1,1,2024-04-10,2024-04-10,0.0,0,0.0,1.0,0.00011296882060551288,1443
palmoilmagazine.com,news,Unknown,1,1,2025-11-16,2025-11-16,0.0,0,0.0,1.0,0.00011296882060551288,1444
palpalindia.com,news,India,1,1,2023-09-18,2023-09-18,0.0,0,0.0,1.0,0.00011296882060551288,1445
panorama.com.al,news,Albania,1,1,2024-05-11,2024-05-11,0.0,0,0.0,1.0,0.00011296882060551288,1446
parkiet.com,news,Poland,1,1,2024-02-08,2024-02-08,0.0,0,0.0,1.0,0.00011296882060551288,1447
parsi.euronews.com,news,United States,1,1,2025-08-03,2025-08-03,0.0,0,0.0,1.0,0.00011296882060551288,1448
parstoday.com,news,Unknown,1,1,2022-10-09,2022-10-09,0.0,0,0.0,1.0,0.00011296882060551288,1449
peakoil.com,news,United States,1,1,2024-01-03,2024-01-03,0.0,0,0.0,1.0,0.00011296882060551288,1450
philenews.com,news,Cyprus,1,1,2023-10-29,2023-10-29,0.0,0,0.0,1.0,0.00011296882060551288,1451
philippinetimes.com,news,Philippines,1,1,2022-05-11,2022-05-11,0.0,0,0.0,1.0,0.00011296882060551288,1452
phillyvoice.com,news,United States,1,1,2024-10-09,2024-10-09,0.0,0,0.0,1.0,0.00011296882060551288,1453
pidgin.informationng.com,news,Nigeria,1,1,2024-09-15,2024-09-15,0.0,0,0.0,1.0,0.00011296882060551288,1454
pikiran-rakyat.com,news,Indonesia,1,1,2025-06-13,2025-06-13,0.0,0,0.0,1.0,0.00011296882060551288,1455
playground.ru,news,Russia,1,1,2025-06-03,2025-06-03,0.0,0,0.0,1.0,0.00011296882060551288,1456
pmnewsnigeria.com,news,Nigeria,1,1,2024-12-02,2024-12-02,0.0,0,0.0,1.0,0.00011296882060551288,1457
pnp.ru,news,Russia,1,1,2022-12-26,2022-12-26,0.0,0,0.0,1.0,0.00011296882060551288,1458
polityka.pl,news,Poland,1,1,2022-06-01,2022-06-01,0.0,0,0.0,1.0,0.00011296882060551288,1459
portal.sina.com.hk,news,Hong Kong,1,1,2026-02-20,2026-02-20,0.0,0,0.0,1.0,0.00011296882060551288,1460
portalanalitika.me,news,Montenegro,1,1,2024-11-01,2024-11-01,0.0,0,0.0,1.0,0.00011296882060551288,1461
portalmajalengka.pikiran-rakyat.com,news,Indonesia,1,1,2024-12-22,2024-12-22,0.0,0,0.0,1.0,0.00011296882060551288,1462
portalsamorzadowy.pl,news,Poland,1,1,2023-08-06,2023-08-06,0.0,0,0.0,1.0,0.00011296882060551288,1463
poslovni.hr,news,Croatia,1,1,2025-04-12,2025-04-12,0.0,0,0.0,1.0,0.00011296882060551288,1464
postcourier.com.pg,news,Papua New Guinea,1,1,2025-06-08,2025-06-08,0.0,0,0.0,1.0,0.00011296882060551288,1465
powertalk1460.iheart.com,news,United States,1,1,2024-05-14,2024-05-14,0.0,0,0.0,1.0,0.00011296882060551288,1466
prabhasakshi.com,news,India,1,1,2023-07-28,2023-07-28,0.0,0,0.0,1.0,0.00011296882060551288,1467
prachachat.net,news,Thailand,1,1,2024-10-17,2024-10-17,0.0,0,0.0,1.0,0.00011296882060551288,1468
prensalibre.com,news,Guatemala,1,1,2025-08-15,2025-08-15,0.0,0,0.0,1.0,0.00011296882060551288,1469
prfmnews.pikiran-rakyat.com,news,Indonesia,1,1,2023-04-02,2023-04-02,0.0,0,0.0,1.0,0.00011296882060551288,1470
privatbankar.hu,news,Hungary,1,1,2026-02-25,2026-02-25,0.0,0,0.0,1.0,0.00011296882060551288,1471
proceso.hn,news,Honduras,1,1,2025-02-05,2025-02-05,0.0,0,0.0,1.0,0.00011296882060551288,1472
prvnizpravy.cz,news,Czech Republic,1,1,2026-01-21,2026-01-21,0.0,0,0.0,1.0,0.00011296882060551288,1473
pudhari.news,news,Unknown,1,1,2025-06-08,2025-06-08,0.0,0,0.0,1.0,0.00011296882060551288,1474
pulsoslp.com.mx,news,Mexico,1,1,2022-07-21,2022-07-21,0.0,0,0.0,1.0,0.00011296882060551288,1475
punjabijagran.com,news,Unknown,1,1,2023-04-04,2023-04-04,0.0,0,0.0,1.0,0.00011296882060551288,1476
queenslandcountrylife.com.au,news,Australia,1,1,2026-02-12,2026-02-12,0.0,0,0.0,1.0,0.00011296882060551288,1477
quicknews-africa.net,news,Nigeria,1,1,2024-01-07,2024-01-07,0.0,0,0.0,1.0,0.00011296882060551288,1478
racurs.ua,news,Ukraine,1,1,2023-12-08,2023-12-08,0.0,0,0.0,1.0,0.00011296882060551288,1479
radioeins.de,news,Germany,1,1,2022-05-03,2022-05-03,0.0,0,0.0,1.0,0.00011296882060551288,1480
radiogdansk.pl,news,Poland,1,1,2023-07-31,2023-07-31,0.0,0,0.0,1.0,0.00011296882060551288,1481
radiookapi.net,news,Democratic Republic of the Congo,1,1,2023-07-27,2023-07-27,0.0,0,0.0,1.0,0.00011296882060551288,1482
raialyoum.com,news,Israel,1,1,2024-10-03,2024-10-03,0.0,0,0.0,1.0,0.00011296882060551288,1483
rashtriyakhabar.com,news,India,1,1,2023-07-23,2023-07-23,0.0,0,0.0,1.0,0.00011296882060551288,1484
rasunetul.ro,news,Romania,1,1,2026-03-23,2026-03-23,0.0,0,0.0,1.0,0.00011296882060551288,1485
rbc.ru,news,Russia,1,1,2024-11-19,2024-11-19,0.0,0,0.0,1.0,0.00011296882060551288,1486
rbc.ua,news,Ukraine,1,1,2022-05-03,2022-05-03,0.0,0,0.0,1.0,0.00011296882060551288,1487
realitatea.net,news,Romania,1,1,2025-12-02,2025-12-02,0.0,0,0.0,1.0,0.00011296882060551288,1488
realites.com.tn,news,Tunisia,1,1,2026-01-29,2026-01-29,0.0,0,0.0,1.0,0.00011296882060551288,1489
redstate.com,news,United States,1,1,2022-10-03,2022-10-03,0.0,0,0.0,1.0,0.00011296882060551288,1490
reitingi.lv,news,Latvia,1,1,2022-05-08,2022-05-08,0.0,0,0.0,1.0,0.00011296882060551288,1491
reporteindigo.com,news,Mexico,1,1,2024-02-18,2024-02-18,0.0,0,0.0,1.0,0.00011296882060551288,1492
reporter.gr,news,Greece,1,1,2025-07-02,2025-07-02,0.0,0,0.0,1.0,0.00011296882060551288,1493
reporterre.net,news,France,1,1,2022-09-03,2022-09-03,0.0,0,0.0,1.0,0.00011296882060551288,1494
reviewnepal.com,news,Nepal,1,1,2025-10-24,2025-10-24,0.0,0,0.0,1.0,0.00011296882060551288,1495
revistaforum.com.br,news,Brazil,1,1,2024-11-10,2024-11-10,0.0,0,0.0,1.0,0.00011296882060551288,1496
rfa.org,news,China,1,1,2023-10-01,2023-10-01,0.0,0,0.0,1.0,0.00011296882060551288,1497
rferl.org,news,Russia,1,1,2024-11-13,2024-11-13,0.0,0,0.0,1.0,0.00011296882060551288,1498
rockdalenewtoncitizen.com,news,United States,1,1,2023-02-25,2023-02-25,0.0,0,0.0,1.0,0.00011296882060551288,1499
rosbalt.ru,news,Russia,1,1,2023-07-29,2023-07-29,0.0,0,0.0,1.0,0.00011296882060551288,1500
rozanaspokesman.com,news,India,1,1,2025-04-15,2025-04-15,0.0,0,0.0,1.0,0.00011296882060551288,1501
rp.pl,news,Poland,1,1,2023-12-19,2023-12-19,0.0,0,0.0,1.0,0.00011296882060551288,1502
rpp.pe,news,Peru,1,1,2025-07-29,2025-07-29,0.0,0,0.0,1.0,0.00011296882060551288,1503
rtl.be,news,Belgium,1,1,2022-10-13,2022-10-13,0.0,0,0.0,1.0,0.00011296882060551288,1504
rtp.pt,news,Portugal,1,1,2025-01-25,2025-01-25,0.0,0,0.0,1.0,0.00011296882060551288,1505
rtvbn.com,news,Unknown,1,1,2022-09-20,2022-09-20,0.0,0,0.0,1.0,0.00011296882060551288,1506
rtvslo.si,news,Slovenia,1,1,2025-03-09,2025-03-09,0.0,0,0.0,1.0,0.00011296882060551288,1507
rupor.info,news,Ukraine,1,1,2024-11-10,2024-11-10,0.0,0,0.0,1.0,0.00011296882060551288,1508
rus.delfi.lv,news,Latvia,1,1,2025-07-24,2025-07-24,0.0,0,0.0,1.0,0.00011296882060551288,1509
saltwire.com,news,Unknown,1,1,2023-04-26,2023-04-26,0.0,0,0.0,1.0,0.00011296882060551288,1510
samacharjagat.com,news,India,1,1,2025-03-12,2025-03-12,0.0,0,0.0,1.0,0.00011296882060551288,1511
samaylive.com,news,India,1,1,2024-04-20,2024-04-20,0.0,0,0.0,1.0,0.00011296882060551288,1512
sanantoniopost.com,news,United States,1,1,2025-12-05,2025-12-05,0.0,0,0.0,1.0,0.00011296882060551288,1513
sangbadpratidin.in,news,India,1,1,2023-03-18,2023-03-18,0.0,0,0.0,1.0,0.00011296882060551288,1514
saudigazette.com.sa,news,Saudi Arabia,1,1,2022-07-12,2022-07-12,0.0,0,0.0,1.0,0.00011296882060551288,1515
sbs.com.au,news,Australia,1,1,2022-05-03,2022-05-03,0.0,0,0.0,1.0,0.00011296882060551288,1516
sc.stock.cnfol.com,news,China,1,1,2023-09-22,2023-09-22,0.0,0,0.0,1.0,0.00011296882060551288,1517
sciencesetavenir.fr,news,France,1,1,2025-05-11,2025-05-11,0.0,0,0.0,1.0,0.00011296882060551288,1518
scroll.in,news,India,1,1,2023-02-04,2023-02-04,0.0,0,0.0,1.0,0.00011296882060551288,1519
sentinelassam.com,news,India,1,1,2023-12-02,2023-12-02,0.0,0,0.0,1.0,0.00011296882060551288,1520
setn.com,news,Taiwan,1,1,2025-01-11,2025-01-11,0.0,0,0.0,1.0,0.00011296882060551288,1521
shippingwatch.com,news,South Korea,1,1,2025-07-18,2025-07-18,0.0,0,0.0,1.0,0.00011296882060551288,1522
siasat.com,news,India,1,1,2023-12-29,2023-12-29,0.0,0,0.0,1.0,0.00011296882060551288,1523
sibdepo.ru,news,Russia,1,1,2026-04-01,2026-04-01,0.0,0,0.0,1.0,0.00011296882060551288,1524
sierraleonetimes.com,news,Sierra Leone,1,1,2023-12-28,2023-12-28,0.0,0,0.0,1.0,0.00011296882060551288,1525
siliconindia.com,news,India,1,1,2025-04-22,2025-04-22,0.0,0,0.0,1.0,0.00011296882060551288,1526
sirajlive.com,news,India,1,1,2026-03-21,2026-03-21,0.0,0,0.0,1.0,0.00011296882060551288,1527
skai.gr,news,Greece,1,1,2022-12-13,2022-12-13,0.0,0,0.0,1.0,0.00011296882060551288,1528
slobodnaevropa.org,news,Serbia,1,1,2022-12-22,2022-12-22,0.0,0,0.0,1.0,0.00011296882060551288,1529
sme.sk,news,Slovak Republic,1,1,2025-12-19,2025-12-19,0.0,0,0.0,1.0,0.00011296882060551288,1530
sowetanlive.co.za,news,South Africa,1,1,2025-09-01,2025-09-01,0.0,0,0.0,1.0,0.00011296882060551288,1531
spnfa.ir,news,Unknown,1,1,2025-10-23,2025-10-23,0.0,0,0.0,1.0,0.00011296882060551288,1532
sputnikglobe.com,news,Unknown,1,1,2024-03-03,2024-03-03,0.0,0,0.0,1.0,0.00011296882060551288,1533
sputniknews.lat,news,Unknown,1,1,2022-08-24,2022-08-24,0.0,0,0.0,1.0,0.00011296882060551288,1534
srilankasource.com,news,Sri Lanka,1,1,2024-12-17,2024-12-17,0.0,0,0.0,1.0,0.00011296882060551288,1535
star-telegram.com,news,United States,1,1,2023-05-15,2023-05-15,0.0,0,0.0,1.0,0.00011296882060551288,1536
star.com.tr,news,Turkey,1,1,2025-07-10,2025-07-10,0.0,0,0.0,1.0,0.00011296882060551288,1537
staradvertiser.com,news,United States,1,1,2024-08-30,2024-08-30,0.0,0,0.0,1.0,0.00011296882060551288,1538
starnieuws.com,news,Suriname,1,1,2026-01-03,2026-01-03,0.0,0,0.0,1.0,0.00011296882060551288,1539
state.gov,official,United States,1,1,2023-07-26,2023-07-26,0.0,1,0.0,1.0,0.00011296882060551288,1540
stirileprotv.ro,news,Romania,1,1,2025-04-02,2025-04-02,0.0,0,0.0,1.0,0.00011296882060551288,1541
stockandland.com.au,news,Australia,1,1,2026-02-12,2026-02-12,0.0,0,0.0,1.0,0.00011296882060551288,1542
stockjournal.com.au,news,Australia,1,1,2026-02-12,2026-02-12,0.0,0,0.0,1.0,0.00011296882060551288,1543
streetwisejournal.com,news,United States,1,1,2022-05-12,2022-05-12,0.0,0,0.0,1.0,0.00011296882060551288,1544
studiotamani.org,news,Mali,1,1,2022-07-26,2022-07-26,0.0,0,0.0,1.0,0.00011296882060551288,1545
stwnewspress.com,news,United States,1,1,2023-05-27,2023-05-27,0.0,0,0.0,1.0,0.00011296882060551288,1546
subang.pikiran-rakyat.com,news,Indonesia,1,1,2024-08-15,2024-08-15,0.0,0,0.0,1.0,0.00011296882060551288,1547
sud.ua,news,Ukraine,1,1,2023-10-06,2023-10-06,0.0,0,0.0,1.0,0.00011296882060551288,1548
sudinfo.be,news,Belgium,1,1,2022-08-24,2022-08-24,0.0,0,0.0,1.0,0.00011296882060551288,1549
sukoharjo.pikiran-rakyat.com,news,Indonesia,1,1,2022-08-02,2022-08-02,0.0,0,0.0,1.0,0.00011296882060551288,1550
sumatra.bisnis.com,news,Indonesia,1,1,2025-05-16,2025-05-16,0.0,0,0.0,1.0,0.00011296882060551288,1551
sumedangraya.pikiran-rakyat.com,news,Indonesia,1,1,2023-07-20,2023-07-20,0.0,0,0.0,1.0,0.00011296882060551288,1552
sundiatapost.com,news,Nigeria,1,1,2024-08-09,2024-08-09,0.0,0,0.0,1.0,0.00011296882060551288,1553
superomsk.ru,news,Russia,1,1,2024-05-03,2024-05-03,0.0,0,0.0,1.0,0.00011296882060551288,1554
suryaa.com,news,India,1,1,2022-05-06,2022-05-06,0.0,0,0.0,1.0,0.00011296882060551288,1555
t.qianzhan.com,news,China,1,1,2023-11-19,2023-11-19,0.0,0,0.0,1.0,0.00011296882060551288,1556
tass.com,news,Unknown,1,1,2025-11-23,2025-11-23,0.0,0,0.0,1.0,0.00011296882060551288,1557
taxydromos.gr,news,Greece,1,1,2023-04-21,2023-04-21,0.0,0,0.0,1.0,0.00011296882060551288,1558
tbsnews.net,news,Unknown,1,1,2025-01-19,2025-01-19,0.0,0,0.0,1.0,0.00011296882060551288,1559
tctelevision.com,news,Unknown,1,1,2022-08-07,2022-08-07,0.0,0,0.0,1.0,0.00011296882060551288,1560
tdh.gov.tm,official,Turkmenistan,1,1,2023-03-20,2023-03-20,0.0,1,0.0,1.0,0.00011296882060551288,1561
telam.com.ar,news,Argentina,1,1,2023-01-29,2023-01-29,0.0,0,0.0,1.0,0.00011296882060551288,1562
telanganatoday.com,news,India,1,1,2025-01-19,2025-01-19,0.0,0,0.0,1.0,0.00011296882060551288,1563
telecom.economictimes.indiatimes.com,news,India,1,1,2025-06-14,2025-06-14,0.0,0,0.0,1.0,0.00011296882060551288,1564
telegraf.rs,news,Serbia,1,1,2025-12-04,2025-12-04,0.0,0,0.0,1.0,0.00011296882060551288,1565
telegram.hr,news,Croatia,1,1,2023-05-03,2023-05-03,0.0,0,0.0,1.0,0.00011296882060551288,1566
tellerreport.com,news,Unknown,1,1,2023-02-11,2023-02-11,0.0,0,0.0,1.0,0.00011296882060551288,1567
texastribune.org,news,United States,1,1,2022-09-02,2022-09-02,0.0,0,0.0,1.0,0.00011296882060551288,1568
thailand-business-news.com,news,Thailand,1,1,2024-12-20,2024-12-20,0.0,0,0.0,1.0,0.00011296882060551288,1569
thanhnien.vn,news,Vietnam,1,1,2024-03-17,2024-03-17,0.0,0,0.0,1.0,0.00011296882060551288,1570
the-star.co.ke,news,Kenya,1,1,2024-01-14,2024-01-14,0.0,0,0.0,1.0,0.00011296882060551288,1571
theadvocate.com,news,United States,1,1,2022-07-21,2022-07-21,0.0,0,0.0,1.0,0.00011296882060551288,1572
theborneopost.com,news,Malaysia,1,1,2025-05-07,2025-05-07,0.0,0,0.0,1.0,0.00011296882060551288,1573
thecoast.ca,news,Canada,1,1,2023-11-22,2023-11-22,0.0,0,0.0,1.0,0.00011296882060551288,1574
thehill.com,news,United States,1,1,2025-05-03,2025-05-03,0.0,0,0.0,1.0,0.00011296882060551288,1575
theindependent.co.zw,news,Zimbabwe,1,1,2023-04-28,2023-04-28,0.0,0,0.0,1.0,0.00011296882060551288,1576
theinsightinternational.com,news,Unknown,1,1,2025-10-12,2025-10-12,0.0,0,0.0,1.0,0.00011296882060551288,1577
thejakartapost.com,news,Indonesia,1,1,2024-11-12,2024-11-12,0.0,0,0.0,1.0,0.00011296882060551288,1578
thejournal.ie,news,Ireland,1,1,2024-06-07,2024-06-07,0.0,0,0.0,1.0,0.00011296882060551288,1579
themalaysianinsight.com,news,Malaysia,1,1,2022-06-12,2022-06-12,0.0,0,0.0,1.0,0.00011296882060551288,1580
themarketsdaily.com,news,United States,1,1,2026-02-15,2026-02-15,0.0,0,0.0,1.0,0.00011296882060551288,1581
thenational.scot,news,United Kingdom,1,1,2024-02-18,2024-02-18,0.0,0,0.0,1.0,0.00011296882060551288,1582
thenewsnigeria.com.ng,news,Nigeria,1,1,2024-11-06,2024-11-06,0.0,0,0.0,1.0,0.00011296882060551288,1583
thepeterboroughexaminer.com,news,Canada,1,1,2024-10-21,2024-10-21,0.0,0,0.0,1.0,0.00011296882060551288,1584
theportugalnews.com,news,Portugal,1,1,2025-08-23,2025-08-23,0.0,0,0.0,1.0,0.00011296882060551288,1585
theprint.in,news,India,1,1,2024-10-29,2024-10-29,0.0,0,0.0,1.0,0.00011296882060551288,1586
therightscoop.com,news,United States,1,1,2024-05-18,2024-05-18,0.0,0,0.0,1.0,0.00011296882060551288,1587
thesaigontimes.vn,news,Vietnam,1,1,2023-08-21,2023-08-21,0.0,0,0.0,1.0,0.00011296882060551288,1588
theseanation.gr,news,Greece,1,1,2025-02-11,2025-02-11,0.0,0,0.0,1.0,0.00011296882060551288,1589
thestar.com,news,Canada,1,1,2023-07-15,2023-07-15,0.0,0,0.0,1.0,0.00011296882060551288,1590
thestatesman.com,news,India,1,1,2023-07-30,2023-07-30,0.0,0,0.0,1.0,0.00011296882060551288,1591
thesun.co.uk,news,United Kingdom,1,1,2022-08-16,2022-08-16,0.0,0,0.0,1.0,0.00011296882060551288,1592
thewhistler.ng,news,Nigeria,1,1,2022-12-13,2022-12-13,0.0,0,0.0,1.0,0.00011296882060551288,1593
thisismoney.co.uk,news,United Kingdom,1,1,2022-07-10,2022-07-10,0.0,0,0.0,1.0,0.00011296882060551288,1594
times-standard.com,news,United States,1,1,2025-05-10,2025-05-10,0.0,0,0.0,1.0,0.00011296882060551288,1595
timeslive.co.za,news,South Africa,1,1,2025-09-01,2025-09-01,0.0,0,0.0,1.0,0.00011296882060551288,1596
timesofisrael.com,news,Israel,1,1,2022-11-17,2022-11-17,0.0,0,0.0,1.0,0.00011296882060551288,1597
today.ng,news,Nigeria,1,1,2022-06-22,2022-06-22,0.0,0,0.0,1.0,0.00011296882060551288,1598
todayheadline.co,news,Unknown,1,1,2024-11-30,2024-11-30,0.0,0,0.0,1.0,0.00011296882060551288,1599
tokfm.pl,news,Poland,1,1,2024-08-01,2024-08-01,0.0,0,0.0,1.0,0.00011296882060551288,1600
tportal.hr,news,Croatia,1,1,2024-12-09,2024-12-09,0.0,0,0.0,1.0,0.00011296882060551288,1601
tr.euronews.com,news,United States,1,1,2023-03-29,2023-03-29,0.0,0,0.0,1.0,0.00011296882060551288,1602
tradingsat.com,news,France,1,1,2025-03-05,2025-03-05,0.0,0,0.0,1.0,0.00011296882060551288,1603
triblive.com,news,United States,1,1,2022-10-19,2022-10-19,0.0,0,0.0,1.0,0.00011296882060551288,1604
tribunadonorte.com.br,news,Brazil,1,1,2023-10-24,2023-10-24,0.0,0,0.0,1.0,0.00011296882060551288,1605
tribune.gr,news,Greece,1,1,2023-04-21,2023-04-21,0.0,0,0.0,1.0,0.00011296882060551288,1606
tribune.net.ph,news,Philippines,1,1,2025-01-11,2025-01-11,0.0,0,0.0,1.0,0.00011296882060551288,1607
trinidadexpress.com,news,Trinidad and Tobago,1,1,2026-02-10,2026-02-10,0.0,0,0.0,1.0,0.00011296882060551288,1608
ts.fi,news,Finland,1,1,2025-05-15,2025-05-15,0.0,0,0.0,1.0,0.00011296882060551288,1609
tsf.pt,news,Portugal,1,1,2023-10-23,2023-10-23,0.0,0,0.0,1.0,0.00011296882060551288,1610
tulsaworld.com,news,United States,1,1,2024-05-02,2024-05-02,0.0,0,0.0,1.0,0.00011296882060551288,1611
tunisienumerique.com,news,Tunisia,1,1,2025-10-20,2025-10-20,0.0,0,0.0,1.0,0.00011296882060551288,1612
tuoitrenews.vn,news,Vietnam,1,1,2025-03-11,2025-03-11,0.0,0,0.0,1.0,0.00011296882060551288,1613
twitchy.com,news,United States,1,1,2022-10-17,2022-10-17,0.0,0,0.0,1.0,0.00011296882060551288,1614
uainfo.org,news,Ukraine,1,1,2024-02-26,2024-02-26,0.0,0,0.0,1.0,0.00011296882060551288,1615
udayavani.com,news,India,1,1,2026-03-19,2026-03-19,0.0,0,0.0,1.0,0.00011296882060551288,1616
uk.news.yahoo.com,news,United States,1,1,2022-10-10,2022-10-10,0.0,0,0.0,1.0,0.00011296882060551288,1617
ukrinform.ua,news,Ukraine,1,1,2024-03-30,2024-03-30,0.0,0,0.0,1.0,0.00011296882060551288,1618
ummid.com,news,India,1,1,2022-06-26,2022-06-26,0.0,0,0.0,1.0,0.00011296882060551288,1619
uniindia.com,news,India,1,1,2023-03-19,2023-03-19,0.0,0,0.0,1.0,0.00011296882060551288,1620
unionradio.net,news,Venezuela,1,1,2024-06-18,2024-06-18,0.0,0,0.0,1.0,0.00011296882060551288,1621
urfa.com,news,Turkey,1,1,2023-04-30,2023-04-30,0.0,0,0.0,1.0,0.00011296882060551288,1622
usinenouvelle.com,news,France,1,1,2022-05-09,2022-05-09,0.0,0,0.0,1.0,0.00011296882060551288,1623
usnews.com,news,United States,1,1,2023-08-31,2023-08-31,0.0,0,0.0,1.0,0.00011296882060551288,1624
uzdaily.uz,news,Uzbekistan,1,1,2022-05-11,2022-05-11,0.0,0,0.0,1.0,0.00011296882060551288,1625
vchaspik.ua,news,Ukraine,1,1,2024-12-27,2024-12-27,0.0,0,0.0,1.0,0.00011296882060551288,1626
ve.lt,news,Lithuania,1,1,2024-03-31,2024-03-31,0.0,0,0.0,1.0,0.00011296882060551288,1627
venezuelastar.com,news,Venezuela,1,1,2023-03-17,2023-03-17,0.0,0,0.0,1.0,0.00011296882060551288,1628
veracruz.lasillarota.com,news,Mexico,1,1,2022-06-12,2022-06-12,0.0,0,0.0,1.0,0.00011296882060551288,1629
vervetimes.com,news,Unknown,1,1,2023-10-14,2023-10-14,0.0,0,0.0,1.0,0.00011296882060551288,1630
vesti.bg,news,Bulgaria,1,1,2023-10-27,2023-10-27,0.0,0,0.0,1.0,0.00011296882060551288,1631
vesti.uz,news,Uzbekistan,1,1,2026-03-20,2026-03-20,0.0,0,0.0,1.0,0.00011296882060551288,1632
vietnamplus.vn,news,Vietnam,1,1,2024-10-06,2024-10-06,0.0,0,0.0,1.0,0.00011296882060551288,1633
vikatan.com,news,India,1,1,2024-09-20,2024-09-20,0.0,0,0.0,1.0,0.00011296882060551288,1634
viva.co.id,news,Indonesia,1,1,2023-10-16,2023-10-16,0.0,0,0.0,1.0,0.00011296882060551288,1635
vlast.kz,news,Kazakhstan,1,1,2022-12-22,2022-12-22,0.0,0,0.0,1.0,0.00011296882060551288,1636
vneconomy.vn,news,Vietnam,1,1,2024-12-17,2024-12-17,0.0,0,0.0,1.0,0.00011296882060551288,1637
vnexpress.net,news,Vietnam,1,1,2025-02-02,2025-02-02,0.0,0,0.0,1.0,0.00011296882060551288,1638
voce.com.ve,news,Venezuela,1,1,2022-06-06,2022-06-06,0.0,0,0.0,1.0,0.00011296882060551288,1639
vosgesmatin.fr,news,France,1,1,2022-04-17,2022-04-17,0.0,0,0.0,1.0,0.00011296882060551288,1640
vozpopuli.com,news,Spain,1,1,2023-10-15,2023-10-15,0.0,0,0.0,1.0,0.00011296882060551288,1641
vsluh.ru,news,Russia,1,1,2022-10-26,2022-10-26,0.0,0,0.0,1.0,0.00011296882060551288,1642
waldo.villagesoup.com,news,United States,1,1,2022-10-30,2022-10-30,0.0,0,0.0,1.0,0.00011296882060551288,1643
wallstreetcn.com,news,China,1,1,2023-10-22,2023-10-22,0.0,0,0.0,1.0,0.00011296882060551288,1644
wam.ae,news,United Arab Emirates,1,1,2023-03-27,2023-03-27,0.0,0,0.0,1.0,0.00011296882060551288,1645
wartakota.tribunnews.com,news,Indonesia,1,1,2023-04-01,2023-04-01,0.0,0,0.0,1.0,0.00011296882060551288,1646
washingtonpost.com,news,United States,1,1,2022-07-10,2022-07-10,0.0,0,0.0,1.0,0.00011296882060551288,1647
watoday.com.au,news,Australia,1,1,2024-11-19,2024-11-19,0.0,0,0.0,1.0,0.00011296882060551288,1648
wcpo.com,news,United States,1,1,2022-07-07,2022-07-07,0.0,0,0.0,1.0,0.00011296882060551288,1649
wdez.com,news,United States,1,1,2023-01-17,2023-01-17,0.0,0,0.0,1.0,0.00011296882060551288,1650
weeklyblitz.net,news,Bangladesh,1,1,2023-03-04,2023-03-04,0.0,0,0.0,1.0,0.00011296882060551288,1651
weisradio.com,news,United States,1,1,2023-10-10,2023-10-10,0.0,0,0.0,1.0,0.00011296882060551288,1652
wenatcheeworld.com,news,United States,1,1,2024-02-16,2024-02-16,0.0,0,0.0,1.0,0.00011296882060551288,1653
westerniowatoday.com,news,Unknown,1,1,2023-02-19,2023-02-19,0.0,0,0.0,1.0,0.00011296882060551288,1654
wgospodarce.pl,news,Poland,1,1,2023-06-23,2023-06-23,0.0,0,0.0,1.0,0.00011296882060551288,1655
whec.com,news,United States,1,1,2024-05-19,2024-05-19,0.0,0,0.0,1.0,0.00011296882060551288,1656
wiadomosci.onet.pl,news,Poland,1,1,2023-11-18,2023-11-18,0.0,0,0.0,1.0,0.00011296882060551288,1657
wiod.iheart.com,news,United States,1,1,2023-05-29,2023-05-29,0.0,0,0.0,1.0,0.00011296882060551288,1658
withinnigeria.com,news,Unknown,1,1,2023-03-19,2023-03-19,0.0,0,0.0,1.0,0.00011296882060551288,1659
wjbo.iheart.com,news,United States,1,1,2024-05-14,2024-05-14,0.0,0,0.0,1.0,0.00011296882060551288,1660
wkyc.com,news,United States,1,1,2026-02-16,2026-02-16,0.0,0,0.0,1.0,0.00011296882060551288,1661
wral.com,news,United States,1,1,2022-10-05,2022-10-05,0.0,0,0.0,1.0,0.00011296882060551288,1662
wtop.com,news,United States,1,1,2023-09-25,2023-09-25,0.0,0,0.0,1.0,0.00011296882060551288,1663
wxow.com,news,United States,1,1,2023-07-03,2023-07-03,0.0,0,0.0,1.0,0.00011296882060551288,1664
xalqcebhesi.az,news,Azerbaijan,1,1,2025-09-10,2025-09-10,0.0,0,0.0,1.0,0.00011296882060551288,1665
yangtse.com,news,China,1,1,2023-12-31,2023-12-31,0.0,0,0.0,1.0,0.00011296882060551288,1666
yenisafak.com,news,Turkey,1,1,2025-07-22,2025-07-22,0.0,0,0.0,1.0,0.00011296882060551288,1667
yicai.com,news,China,1,1,2025-03-15,2025-03-15,0.0,0,0.0,1.0,0.00011296882060551288,1668
ynetnews.com,news,Israel,1,1,2024-10-13,2024-10-13,0.0,0,0.0,1.0,0.00011296882060551288,1669
yoursourceone.com,news,Unknown,1,1,2023-10-11,2023-10-11,0.0,0,0.0,1.0,0.00011296882060551288,1670
zavtra.ru,news,Russia,1,1,2023-11-28,2023-11-28,0.0,0,0.0,1.0,0.00011296882060551288,1671
zn.ua,news,Ukraine,1,1,2026-02-28,2026-02-28,0.0,0,0.0,1.0,0.00011296882060551288,1672
zonabanten.pikiran-rakyat.com,news,Indonesia,1,1,2023-11-17,2023-11-17,0.0,0,0.0,1.0,0.00011296882060551288,1673
zpravy.aktualne.cz,news,Czech Republic,1,1,2025-08-19,2025-08-19,0.0,0,0.0,1.0,0.00011296882060551288,1674
