date,Brent,WTI,USD_Index,EPU,GPR,UAH_per_USD,RUB_per_USD,AED_per_USD,reference_brent,brent_step_return,brent_step_volatility_7,market_closed_flag,target_brent_avg_next_7d,target_brent_day7
2022-04-17,110.83,106.84,116.7017,105.38,151.43167,29.2549,80.0437,3.6725,110.83,0.0,0.03219230990463357,1,106.28857142857143,105.15
2022-04-18,110.83,108.24,116.8441,93.03,218.62947,29.2549,80.0437,3.6725,110.83,0.0,0.026106675069230305,1,104.63714285714285,99.27
2022-04-19,105.49,102.54,117.1324,276.08,213.51726,29.2549,79.4529,3.6725,105.49,-0.04818190020752511,0.02672106824532848,0,104.26571428571427,102.89
2022-04-20,105.05,102.56,116.7306,95.07,189.60825,29.2549,79.0287,3.6725,105.05,-0.004171011470281538,0.02108999045353973,0,104.01571428571427,103.3
2022-04-21,107.2,103.89,117.1432,89.05,128.2644,29.2549,77.0809,3.6725,107.2,0.02046644455021429,0.020866714547257085,0,103.81285714285714,105.78
2022-04-22,105.15,102.86,118.0186,148.56,246.79726,29.2549,74.999,3.6725,105.15,-0.019123134328358216,0.02141553608438608,0,104.27142857142857,108.36
2022-04-23,105.15,102.86,118.0186,112.1,134.42303,29.2549,73.505,3.6725,105.15,0.0,0.02141553608438608,1,104.73,108.36
2022-04-24,105.15,102.86,118.0186,131.87,50.44519,29.2549,73.505,3.6725,105.15,0.0,0.02141553608438608,1,105.18857142857144,108.36
2022-04-25,99.27,99.6,118.6271,126.9,246.89946,29.2549,73.505,3.6725,99.27,-0.05592011412268194,0.02774015797765169,0,106.48714285714287,108.36
2022-04-26,102.89,102.62,118.9624,130.06,160.54448,29.2549,73.3611,3.6725,102.89,0.0364662032839731,0.02940489126430684,0,106.78,104.94
2022-04-27,103.3,101.96,119.4708,69.39,186.69865,29.2549,72.7089,3.6725,103.3,0.003984838176693595,0.029520575848570266,0,107.81285714285715,110.53
2022-04-28,105.78,105.47,120.0675,80.21,176.37631,29.2549,72.8764,3.6725,105.78,0.02400774443368836,0.029996621291038767,0,108.71714285714286,112.11
2022-04-29,108.36,104.59,119.4933,126.12,148.93715,29.2549,72.2953,3.6725,108.36,0.024390243902439046,0.030246421122639144,0,109.50285714285714,113.86
2022-04-30,108.36,104.59,119.4933,281.5,168.43564,29.2549,71.0237,3.6725,108.36,0.0,0.030246421122639144,1,110.28857142857143,113.86
2022-05-01,108.36,104.59,119.4933,150.39,66.92056,29.2549,71.0237,3.6725,108.36,0.0,0.030246421122639144,1,111.07428571428572,113.86
2022-05-02,108.36,105.18,119.8825,99.33,96.670265,29.2549,71.0237,3.6725,108.36,0.0,0.0152161262025978,1,110.83285714285714,106.67
2022-05-03,104.94,102.53,119.7043,103.64,157.4735,29.2549,71.0237,3.6725,104.94,-0.031561461794019974,0.018803048730276047,0,110.5,102.61
2022-05-04,110.53,107.84,119.5592,123.78,163.44907,29.2549,71.0237,3.6725,110.53,0.05326853440060986,0.026779393889378635,0,110.0957142857143,107.7
2022-05-05,112.11,108.17,120.0068,87.92,144.69875,29.2549,69.416,3.6725,112.11,0.014294761603184547,0.026178419294573572,0,109.51714285714287,108.06
2022-05-06,113.86,109.72,119.8577,212.5,174.06805,29.2549,66.2378,3.6725,113.86,0.015609669075015598,0.025498788471919,0,109.26857142857143,112.12
2022-05-07,113.86,109.72,119.8577,108.42,97.71586,29.2549,67.3843,3.6725,113.86,0.0,0.025498788471919,1,109.02,112.12
2022-05-08,113.86,109.72,119.8577,307.96,98.48174,29.2549,67.3843,3.6725,113.86,0.0,0.025498788471919,1,108.77142857142859,112.12
2022-05-09,106.67,103.08,120.4972,97.81,150.86942,29.2549,67.3843,3.6725,106.67,-0.06314772527665558,0.03708163910799039,0,109.94142857142857,114.86
2022-05-10,102.61,99.74,120.7742,135.75,143.24617,29.2549,67.3843,3.6725,102.61,-0.03806131058404427,0.038024917048052755,0,111.41,112.89
2022-05-11,107.7,105.5,120.3925,102.02,176.37631,29.2549,67.3843,3.6725,107.7,0.04960530162752175,0.037143238093363375,0,111.74428571428571,110.04
2022-05-12,108.06,106.15,121.2796,144.73,158.26106,29.2549,68.8389,3.6725,108.06,0.003342618384401197,0.036513734771180896,0,112.48142857142857,113.22
2022-05-13,112.12,110.52,120.8442,140.0,162.08282,29.2549,65.7916,3.6725,112.12,0.037571719415139704,0.03937738014878466,0,112.69714285714285,113.63
2022-05-14,112.12,110.52,120.8442,130.88,83.80008,29.2549,63.7799,3.6725,112.12,0.0,0.03937738014878466,1,112.91285714285713,113.63
2022-05-15,112.12,110.52,120.8442,184.23,77.84102,29.2549,63.7799,3.6725,112.12,0.0,0.03937738014878466,1,113.12857142857142,113.63
2022-05-16,114.86,114.07,120.6881,124.37,168.75345,29.2549,63.7799,3.6725,114.86,0.024438102033535358,0.029110863750374843,0,113.16714285714285,115.13
2022-05-17,112.89,112.31,119.8871,101.23,174.62418,29.2549,63.4445,3.6725,112.89,-0.017151314643914284,0.023833786481381184,0,113.57857142857142,115.77
2022-05-18,110.04,109.67,120.0274,97.83,165.89597,29.2549,63.5428,3.6725,110.04,-0.02524581450969965,0.021894705339987473,0,114.48857142857142,116.41
2022-05-19,113.22,112.21,119.4278,157.59,162.38077,29.2549,63.5643,3.6725,113.22,0.028898582333696687,0.023941977673098726,0,115.42999999999999,119.81
2022-05-20,113.63,112.63,119.3677,185.12,140.96033,29.2549,62.4031,3.6725,113.63,0.003621268327150595,0.019776640237252886,0,116.50999999999999,121.19
2022-05-21,113.63,112.63,119.3677,157.27,124.22129,29.2549,58.8862,3.6725,113.63,0.0,0.019776640237252886,1,117.59000000000002,121.19
2022-05-22,113.63,112.63,119.3677,247.4,75.09599,29.2549,58.8862,3.6725,113.63,0.0,0.019776640237252886,1,118.67,121.19
2022-05-23,115.13,110.32,118.7169,135.77,150.30847,29.2549,58.8862,3.6725,115.13,0.01320073924139753,0.018039040961837387,0,119.79571428571428,123.01
2022-05-24,115.77,112.55,118.6245,135.79,222.35826,29.2549,58.2087,3.6725,115.77,0.005558933379657738,0.01629893684350949,0,121.18999999999998,125.53
2022-05-25,116.41,112.88,118.9598,100.89,155.1035,29.2549,56.969,3.6725,116.41,0.005528202470415522,0.010189431694701403,0,122.01714285714286,122.2
2022-05-26,119.81,116.19,118.7687,132.56,134.57306,29.2549,56.2996,3.6725,119.81,0.029207112790997414,0.010294441849308484,0,122.35857142857144,122.2
2022-05-27,121.19,114.96,118.2834,145.02,155.51962,29.2549,62.0495,3.6725,121.19,0.011518237208913984,0.01014585665006556,0,123.0,125.68
2022-05-28,121.19,114.96,118.2834,61.72,118.47524,29.2549,66.4029,3.6725,121.19,0.0,0.01014585665006556,1,123.64142857142858,125.68
2022-05-29,121.19,114.96,118.2834,79.32,76.05385,29.2549,66.4029,3.6725,121.19,0.0,0.01014585665006556,1,124.28285714285714,125.68
2022-05-30,123.01,114.96,118.2834,82.99,115.82404,29.2549,66.4029,3.6725,123.01,0.015017740737684582,0.010284945649221654,1,124.5657142857143,124.99
2022-05-31,125.53,114.38,118.0704,72.9,190.3091,29.2549,63.0975,3.6725,125.53,0.020486139338265152,0.010852064820186517,0,124.76,126.89
2022-06-01,122.2,115.26,118.6954,161.66,168.34361,29.2549,61.6069,3.6725,122.2,-0.026527523301202893,0.018173950789144806,0,125.75999999999999,129.2
2022-06-02,122.2,116.88,118.0658,144.13,142.59398,29.2549,61.4733,3.6725,122.2,0.0,0.015392582997973787,1,126.65571428571431,128.47
2022-06-03,125.68,118.97,118.2153,163.85,142.7831,29.2549,61.575,3.6725,125.68,0.02847790507364989,0.018071671696139022,0,126.90714285714287,127.44
2022-06-04,125.68,118.97,118.2153,88.7,102.87478,29.2549,61.9659,3.6725,125.68,0.0,0.018071671696139022,1,127.15857142857145,127.44
2022-06-05,125.68,118.97,118.2153,139.95,70.29321,29.2549,61.9659,3.6725,125.68,0.0,0.018071671696139022,1,127.41000000000001,127.44
2022-06-06,124.99,118.41,118.3081,127.27,190.1253,29.2549,61.9659,3.6725,124.99,-0.005490133672819919,0.01790483324684541,0,127.90285714285713,128.44
2022-06-07,126.89,119.55,118.4414,167.65,139.03113,29.2549,61.1094,3.6725,126.89,0.015201216097287862,0.017109899676875272,0,127.92142857142858,127.02
2022-06-08,129.2,121.94,118.3951,110.13,152.36682,29.2549,60.9565,3.6725,129.2,0.0182047442666875,0.012578423822550316,0,127.3157142857143,124.96
2022-06-09,128.47,121.52,118.9226,112.11,115.554695,29.2549,60.2282,3.6725,128.47,-0.00565015479876152,0.013339803891174026,0,126.93142857142857,125.78
2022-06-10,127.44,120.73,119.9981,93.65,94.34528,29.2549,58.3895,3.6725,127.44,-0.008017435977271004,0.010486761770811696,0,125.75714285714285,119.22
2022-06-11,127.44,120.73,119.9981,80.16,103.960754,29.2549,57.778,3.6725,127.44,0.0,0.010486761770811696,1,124.58285714285715,119.22
2022-06-12,127.44,120.73,119.9981,124.32,83.74469,29.2549,57.778,3.6725,127.44,0.0,0.010486761770811696,1,123.40857142857143,119.22
2022-06-13,128.44,120.92,121.1523,95.37,147.22523,29.2549,57.778,3.6725,128.44,0.007846829880728157,0.010095871904343183,0,121.95285714285716,118.25
2022-06-14,127.02,118.92,121.6669,120.62,136.36642,29.2549,57.778,3.6725,127.02,-0.01105574587355962,0.010092624931271778,0,120.73714285714287,118.51
2022-06-15,124.96,115.32,121.6403,140.82,110.05208,29.2549,57.0926,3.6725,124.96,-0.016217918438041323,0.008026660433098447,0,119.39142857142858,115.54
2022-06-16,125.78,117.56,120.6714,189.54,132.28223,29.2549,56.6624,3.6725,125.78,0.006562099871959104,0.009054175484505949,0,117.77999999999999,114.5
2022-06-17,119.22,109.56,121.2369,108.29,114.047714,29.2549,56.8691,3.6725,119.22,-0.05215455557322313,0.0208408742186669,0,117.51428571428572,117.36
2022-06-18,119.22,109.56,121.2369,143.96,98.11555,29.2549,56.7101,3.6725,119.22,0.0,0.0208408742186669,1,117.24857142857142,117.36
2022-06-19,119.22,109.56,121.2369,184.49,56.464222,29.2549,56.7101,3.6725,119.22,0.0,0.0208408742186669,1,116.98285714285714,117.36
2022-06-20,118.25,109.56,121.2369,165.42,115.72289,29.2549,56.7101,3.6725,118.25,-0.008136218755242397,0.019481903705077682,1,117.18857142857142,119.69
2022-06-21,118.51,110.49,120.6427,140.11,116.76955,29.2549,56.1727,3.6725,118.51,0.002198731501057205,0.02017230096961538,0,117.71714285714286,122.21
2022-06-22,115.54,106.22,120.5197,96.97,121.32016,29.2549,54.7081,3.6725,115.54,-0.025061176272044516,0.020913414145771567,0,118.46857142857142,120.8
2022-06-23,114.5,105.75,120.7622,96.96,143.56232,29.2549,53.2788,3.6725,114.5,-0.009001211701575307,0.019523528212070294,0,119.22285714285714,119.78
2022-06-24,117.36,109.07,120.4853,111.86,149.35893,29.2549,53.3578,3.6725,117.36,0.024978165938864594,0.01512056906706454,0,119.48714285714286,119.21
2022-06-25,117.36,109.07,120.4853,91.56,123.235405,29.2549,53.3234,3.6725,117.36,0.0,0.01512056906706454,1,119.75142857142859,119.21
2022-06-26,117.36,109.07,120.4853,239.87,75.86033,29.2549,53.3234,3.6725,117.36,0.0,0.01512056906706454,1,120.01571428571431,119.21
2022-06-27,119.69,111.44,120.1736,140.94,131.99985,29.2549,53.3234,3.6725,119.69,0.019853442399454746,0.016871883758119263,0,120.31714285714284,121.8
2022-06-28,122.21,113.66,120.62,129.96,200.76169,29.2549,53.3641,3.6725,122.21,0.021054390508814302,0.018374630237902968,0,118.64285714285712,110.49
2022-06-29,120.8,111.65,120.9616,135.33,181.88808,29.2549,52.9699,3.6725,120.8,-0.01153751738810238,0.015175218772969908,0,116.89142857142856,108.54
2022-06-30,119.78,107.76,120.9652,158.37,173.20616,29.2549,51.158,3.6725,119.78,-0.00844370860927146,0.015081613409060089,0,115.97999999999999,113.4
2022-07-01,119.21,110.3,121.5058,177.73,119.07924,29.2549,52.5123,3.6725,119.21,-0.00475872432793456,0.01308408445670205,0,115.22857142857143,113.95
2022-07-02,119.21,110.3,121.5058,130.95,60.2285,29.2549,53.7676,3.6725,119.21,0.0,0.01308408445670205,1,114.47714285714288,113.95
2022-07-03,119.21,110.3,121.5058,135.95,30.205784,29.2549,53.7676,3.6725,119.21,0.0,0.01308408445670205,1,113.7257142857143,113.95
2022-07-04,121.8,110.3,121.5058,309.83,80.43763,29.2549,53.7676,3.6725,121.8,0.02172636523781568,0.013514698648297727,1,112.73285714285716,114.85
2022-07-05,110.49,101.55,122.6203,116.59,109.64945,29.2549,55.0858,3.6725,110.49,-0.09285714285714286,0.03653425752572625,0,112.23142857142857,106.98
2022-07-06,108.54,100.31,123.0073,91.52,138.98885,29.2549,58.5118,3.6725,108.54,-0.017648655986967077,0.0365471005597905,0,112.03571428571429,107.17
2022-07-07,113.4,104.62,122.7257,93.67,88.63057,29.2549,62.911,3.6725,113.4,0.04477611940298498,0.04299966798590282,0,111.22714285714287,107.74
2022-07-08,113.95,106.78,122.4662,104.33,110.41893,29.2549,63.1427,3.6725,113.95,0.004850088183421475,0.04323460566952531,0,110.98571428571428,112.26
2022-07-09,113.95,106.78,122.4662,104.17,70.48016,29.2549,61.2664,3.6725,113.95,0.0,0.04323460566952531,1,110.74428571428572,112.26
2022-07-10,113.95,106.78,122.4662,210.3,38.51823,29.2549,61.2664,3.6725,113.95,0.0,0.04323460566952531,1,110.50285714285714,112.26
2022-07-11,114.85,106.09,123.2974,200.3,112.85301,29.2549,61.2664,3.6725,114.85,0.007898200965335667,0.04207874736884857,0,110.84857142857142,117.27
2022-07-12,106.98,97.69,123.4524,126.67,113.63868,29.2549,61.3045,3.6725,106.98,-0.06852416195036992,0.03410912462138679,0,111.98857142857143,114.96
2022-07-13,107.17,98.44,123.2834,52.82,182.87045,29.2549,58.8541,3.6725,107.17,0.0017760329033464917,0.0336089447582351,0,113.23,115.86
2022-07-14,107.74,97.79,124.0622,203.03,165.3528,29.2549,58.5322,3.6725,107.74,0.005318652608006014,0.02730798699108175,0,113.95428571428572,112.81
2022-07-15,112.26,99.59,123.4765,210.77,192.03291,29.2549,58.2568,3.6725,112.26,0.04195284945238553,0.03299059174925968,0,113.17,106.77
2022-07-16,112.26,99.59,123.4765,214.9,102.601654,29.2549,57.8323,3.6725,112.26,0.0,0.03299059174925968,1,112.38571428571429,106.77
2022-07-17,112.26,99.59,123.4765,195.72,107.43463,29.2549,57.8323,3.6725,112.26,0.0,0.03299059174925968,1,111.60142857142856,106.77
2022-07-18,117.27,104.48,122.7727,182.94,128.70917,29.2549,57.8323,3.6725,117.27,0.04462854088722601,0.037390679003211684,0,110.30999999999999,108.23
2022-07-19,114.96,106.12,122.4819,177.18,151.07994,29.2549,56.5616,3.6725,114.96,-0.019698132514709643,0.023767581488967387,0,109.21857142857142,107.32
2022-07-20,115.86,104.45,122.5997,113.33,149.5641,29.2549,55.437,3.6725,115.86,0.007828810020876986,0.02350303159333783,0,108.32999999999997,109.64
2022-07-21,112.81,98.44,122.9032,132.76,117.50663,36.5686,54.8491,3.6725,112.81,-0.026324874848955626,0.027566826731224157,0,107.88285714285715,109.68
2022-07-22,106.77,97.71,122.451,138.82,125.47605,36.5686,56.4783,3.6725,106.77,-0.05354135271695781,0.03077791089528259,0,108.56000000000002,111.51
2022-07-23,106.77,97.71,122.451,100.99,109.9193,36.5686,57.3917,3.6725,106.77,0.0,0.03077791089528259,1,109.23714285714286,111.51
2022-07-24,106.77,97.71,122.451,209.57,89.2608,36.5686,57.3917,3.6725,106.77,0.0,0.03077791089528259,1,109.91428571428571,111.51
2022-07-25,108.23,99.83,122.4594,120.62,109.55962,36.5686,57.3917,3.6725,108.23,0.013674253067341047,0.023542365830109494,0,109.60857142857142,106.09
2022-07-26,107.32,97.74,122.7581,94.68,160.8621,36.5686,57.7821,3.6725,107.32,-0.00840801995749807,0.023244113015800014,0,109.49285714285715,106.51
2022-07-27,109.64,100.03,122.8169,181.99,145.5434,36.5686,58.6605,3.6725,109.64,0.021617592247484163,0.025441621083125754,0,108.37571428571427,101.82
2022-07-28,109.68,99.11,122.1161,111.0,106.684944,36.5686,60.2198,3.6725,109.68,0.00036483035388545915,0.024128309289802103,0,106.7057142857143,97.99
2022-07-29,111.51,101.31,121.7678,130.23,68.24625,36.5686,60.2031,3.6725,111.51,0.016684901531728746,0.011013495907178561,0,105.10571428571428,100.31
2022-07-30,111.51,101.31,121.7678,61.72,119.982765,36.5686,61.3101,3.6725,111.51,0.0,0.011013495907178561,1,103.50571428571428,100.31
2022-07-31,111.51,101.31,121.7678,118.84,125.18424,36.5686,61.3101,3.6725,111.51,0.0,0.011013495907178561,1,101.90571428571427,100.31
2022-08-01,106.09,96.59,121.4109,141.32,130.93153,36.5686,61.3101,3.6725,106.09,-0.04860550623262494,0.022843474875591335,0,101.53,103.46
2022-08-02,106.51,97.14,121.9486,96.66,204.47949,36.5686,62.0506,3.6725,106.51,0.003958902818361754,0.022799488610120332,0,101.14428571428572,103.81
2022-08-03,101.82,93.25,122.3888,115.69,210.23157,36.5686,60.1595,3.6725,101.82,-0.04403342409163469,0.025372701925375517,0,101.60714285714286,105.06
2022-08-04,97.99,91.29,121.8333,78.43,212.05017,36.5686,60.2374,3.6725,97.99,-0.03761539972500494,0.026752141169019188,0,102.92142857142858,107.19
2022-08-05,100.31,91.77,122.321,107.43,163.93254,36.5686,60.258,3.6725,100.31,0.023675885294417887,0.02824942670871792,0,103.40571428571431,103.7
2022-08-06,100.31,91.77,122.321,265.44,138.22935,36.5686,60.3696,3.6725,100.31,0.0,0.02824942670871792,1,103.89,103.7
2022-08-07,100.31,91.77,122.321,187.1,111.0358,36.5686,60.3696,3.6725,100.31,0.0,0.02824942670871792,1,104.37428571428573,103.7
2022-08-08,103.46,93.52,121.8783,227.88,149.09796,36.5686,60.3696,3.6725,103.46,0.031402651779483426,0.028411172943238774,0,103.63000000000001,98.25
2022-08-09,103.81,93.18,121.8614,189.05,212.57118,36.5686,60.3164,3.6725,103.81,0.003382949932341006,0.028387707593797308,0,102.42285714285715,95.36
2022-08-10,105.06,94.68,120.7543,84.3,80.653824,36.5686,60.3814,3.6725,105.06,0.012041229168673562,0.02222430025991119,0,101.30285714285715,97.22
2022-08-11,107.19,97.02,120.7163,99.36,130.26952,36.5686,60.4542,3.6725,107.19,0.020274129069103308,0.012496298468979301,0,99.75428571428573,96.35
2022-08-12,103.7,94.86,121.018,48.55,182.54019,36.5686,60.6229,3.6725,103.7,-0.03255900737009043,0.020179370080482963,0,98.71857142857144,96.45
2022-08-13,103.7,94.86,121.018,112.14,112.01919,36.5686,60.8993,3.6725,103.7,0.0,0.020179370080482963,1,97.68285714285716,96.45
2022-08-14,103.7,94.86,121.018,95.08,120.09309,36.5686,60.8993,3.6725,103.7,0.0,0.020179370080482963,1,96.64714285714287,96.45
2022-08-15,98.25,92.24,121.4315,145.63,110.41893,36.5686,60.8993,3.6725,98.25,-0.05255544840887172,0.025951201551097366,0,96.19142857142856,95.06
2022-08-16,95.36,89.23,121.6807,103.94,96.54114,36.5686,61.3747,3.6725,95.36,-0.029414758269720065,0.02670154594047328,0,96.78142857142858,99.49
2022-08-17,97.22,90.85,122.0711,75.77,156.08957,36.5686,61.4247,3.6725,97.22,0.019505033557047025,0.027930432785455206,0,97.16,99.87
2022-08-18,96.35,93.2,122.3627,92.67,100.73998,36.5686,60.7552,3.6725,96.35,-0.00894877597202226,0.024507072671822686,0,97.51142857142857,98.81
2022-08-19,96.45,93.55,123.0501,98.49,117.675575,36.5686,59.957,3.6725,96.45,0.0010378827192527584,0.023739438902147275,0,98.18000000000002,101.13
2022-08-20,96.45,93.55,123.0501,49.35,81.54013,36.5686,59.1321,3.6725,96.45,0.0,0.023739438902147275,1,98.84857142857142,101.13
2022-08-21,96.45,93.55,123.0501,149.65,122.68769,36.5686,59.1321,3.6725,96.45,0.0,0.023739438902147275,1,99.51714285714286,101.13
2022-08-22,95.06,93.42,123.605,169.02,101.72952,36.5686,59.1321,3.6725,95.06,-0.014411612234318305,0.015199287434068249,0,100.38428571428571,101.13
2022-08-23,99.49,96.46,123.0547,93.31,145.34119,36.5686,59.7419,3.6725,99.49,0.046602146013044354,0.02068488823762334,0,100.36285714285715,99.34
2022-08-24,99.87,95.52,123.109,137.29,102.45055,36.5686,59.8963,3.6725,99.87,0.0038194793446577613,0.019842741880906338,0,99.88857142857141,96.55
2022-08-25,98.81,93.33,123.0586,66.37,149.1188,36.5686,59.9974,3.6725,98.81,-0.010613797937318536,0.02003309692259776,0,98.95,92.24
2022-08-26,101.13,93.63,123.0656,121.88,108.25385,36.5686,59.7699,3.6725,101.13,0.02347940491853051,0.02127877374734712,0,97.80142857142857,93.09
2022-08-27,101.13,93.63,123.0656,96.29,81.791794,36.5686,60.0924,3.6725,101.13,0.0,0.02127877374734712,1,96.65285714285714,93.09
2022-08-28,101.13,93.63,123.0656,138.76,103.81266,36.5686,60.0924,3.6725,101.13,0.0,0.02127877374734712,1,95.50428571428573,93.09
2022-08-29,101.13,97.4,123.4686,97.52,120.457,36.5686,60.0924,3.6725,101.13,0.0,0.01948547163618732,1,94.51714285714287,94.22
2022-08-30,99.34,92.08,123.6848,83.23,115.27251,36.5686,60.3636,3.6725,99.34,-0.017699990111737285,0.012856036761661725,0,93.38714285714286,91.43
2022-08-31,96.55,90.09,123.535,126.46,97.747894,36.5686,60.3677,3.6725,96.55,-0.028085363398429708,0.016386970312233795,0,91.99857142857145,86.83
2022-09-01,92.24,87.09,124.4006,75.93,187.71217,36.5686,60.2386,3.6725,92.24,-0.04464008285862253,0.022382447445845825,0,91.39142857142858,87.99
2022-09-02,93.09,87.29,123.7743,65.23,84.12871,36.5686,60.237,3.6725,93.09,0.00921509106678231,0.01931136177606048,0,91.18999999999998,91.68
2022-09-03,93.09,87.29,123.7743,65.72,117.78019,36.5686,60.3713,3.6725,93.09,0.0,0.01931136177606048,1,90.98857142857143,91.68
2022-09-04,93.09,87.29,123.7743,95.37,65.921745,36.5686,60.3713,3.6725,93.09,0.0,0.01931136177606048,1,90.78714285714285,91.68
2022-09-05,94.22,87.29,123.7743,158.69,83.95908,36.5686,60.3713,3.6725,94.22,0.012138790417875134,0.020998127610830666,1,90.67714285714285,93.45
2022-09-06,91.43,87.35,124.767,91.55,119.15711,36.5686,60.9033,3.6725,91.43,-0.02961154744215655,0.02218761512466557,0,90.76428571428572,92.04
2022-09-07,86.83,82.5,124.8408,87.66,124.28883,36.5686,60.8544,3.6725,86.83,-0.050311713879470754,0.02617688402942064,0,91.62142857142858,92.83
2022-09-08,87.99,84.04,124.578,47.62,99.42937,36.5686,61.1814,3.6725,87.99,0.013359437982264133,0.024244806150231592,0,91.80571428571429,89.28
2022-09-09,91.68,87.27,123.7874,66.03,94.32772,36.5686,60.801,3.6725,91.68,0.04193658370269371,0.030194740075139545,0,91.48428571428573,89.43
2022-09-10,91.68,87.27,123.7874,64.78,81.91821,36.5686,60.4696,3.6725,91.68,0.0,0.030194740075139545,1,91.16285714285716,89.43
2022-09-11,91.68,87.27,123.7874,141.95,66.75199,36.5686,60.4696,3.6725,91.68,0.0,0.030194740075139545,1,90.84142857142858,89.43
2022-09-12,93.45,88.18,123.3332,162.37,111.95557,36.5686,60.4696,3.6725,93.45,0.019306282722513002,0.030859768386431258,0,90.26714285714287,89.43
2022-09-13,92.04,87.84,124.4242,95.35,132.26222,36.5686,60.4568,3.6725,92.04,-0.01508828250401284,0.029030763897082524,0,89.92142857142858,89.62
2022-09-14,92.83,88.88,124.4509,116.73,202.93208,36.5686,60.0676,3.6725,92.83,0.008583224684919566,0.018021977608297445,0,89.49714285714286,89.86
2022-09-15,89.28,85.72,124.8843,118.58,95.60891,36.5686,59.7751,3.6725,89.28,-0.03824194764623501,0.025351892871250642,0,89.65714285714286,90.4
2022-09-16,89.43,85.57,124.8794,123.3,127.406456,36.5686,59.6663,3.6725,89.43,0.0016801075268817467,0.018523307315788107,0,88.92285714285715,84.29
2022-09-17,89.43,85.57,124.8794,125.98,119.15711,36.5686,60.0316,3.6725,89.43,0.0,0.018523307315788107,1,88.18857142857142,84.29
2022-09-18,89.43,85.57,124.8794,131.17,71.238014,36.5686,60.0316,3.6725,89.43,0.0,0.018523307315788107,1,87.45428571428572,84.29
2022-09-19,89.43,86.15,125.0104,65.09,122.184875,36.5686,60.0316,3.6725,89.43,0.0,0.015819987097327286,1,86.47142857142856,82.55
2022-09-20,89.62,84.69,125.1248,78.61,109.7732,36.5686,60.1662,3.6725,89.62,0.002124566700212327,0.015534716972295444,0,85.95000000000002,85.97
2022-09-21,89.86,83.38,125.7399,70.88,189.75429,36.5686,60.0158,3.6725,89.86,0.0026779736665922815,0.014904481119976503,0,85.9057142857143,89.55
2022-09-22,90.4,84.02,126.1667,139.2,225.85689,36.5686,60.8685,3.6725,90.4,0.006009347874471382,0.0021728437058091687,0,85.76428571428572,89.41
2022-09-23,84.29,79.07,127.2853,133.87,187.79912,36.5686,59.8318,3.6725,84.29,-0.06758849557522117,0.02631694778853681,0,86.42285714285715,88.9
2022-09-24,84.29,79.07,127.2853,114.37,108.01851,36.5686,58.1006,3.6725,84.29,0.0,0.02631694778853681,1,87.08142857142856,88.9
2022-09-25,84.29,79.07,127.2853,127.96,71.04703,36.5686,58.1006,3.6725,84.29,0.0,0.02631694778853681,1,87.74,88.9
2022-09-26,82.55,77.17,128.4539,85.96,163.02007,36.5686,58.1006,3.6725,82.55,-0.020643018151619508,0.026413000603453102,0,88.90142857142857,90.68
2022-09-27,85.97,78.91,128.4386,194.98,155.88554,36.5686,57.999,3.6725,85.97,0.04142943670502719,0.03303151891468488,0,90.01142857142857,93.74
2022-09-28,89.55,82.61,128.0884,155.79,202.58679,36.5686,58.1756,3.6725,89.55,0.041642433407002466,0.03759618450872183,0,90.69714285714285,94.35
2022-09-29,89.41,81.78,127.5437,93.12,156.9406,36.5686,58.4485,3.6725,89.41,-0.0015633724176438157,0.03750736940815036,0,91.58857142857143,95.65
2022-09-30,88.9,79.91,127.5148,192.84,162.74104,36.5686,57.413,3.6725,88.9,-0.005704059948551499,0.02407253602580053,0,93.01428571428572,98.88
2022-10-01,88.9,79.91,127.5148,101.92,154.97392,36.5686,55.2987,3.6725,88.9,0.0,0.02407253602580053,1,94.43999999999998,98.88
2022-10-02,88.9,79.91,127.5148,296.28,120.603195,36.5686,55.2987,3.6725,88.9,0.0,0.02407253602580053,1,95.86571428571428,98.88
2022-10-03,90.68,84.05,127.0813,146.03,123.89525,36.5686,55.2987,3.6725,90.68,0.02002249718785154,0.020714497872973435,0,96.78714285714285,97.13
2022-10-04,93.74,86.87,126.1819,148.79,164.21275,36.5686,57.5664,3.6725,93.74,0.033745037494485874,0.01914344217764648,0,96.99142857142856,95.17
2022-10-05,94.35,88.22,126.8616,153.24,171.14932,36.5686,58.7913,3.6725,94.35,0.006507360785150462,0.014233501512415155,0,96.86142857142856,93.44
2022-10-06,95.65,88.9,127.2493,168.97,202.7014,36.5686,59.4043,3.6725,95.65,0.01377848436671969,0.013765784745124073,0,96.79142857142857,95.16
2022-10-07,98.88,93.07,127.3111,139.82,144.24094,36.5686,60.2534,3.6725,98.88,0.033768949294302075,0.014441574550753032,0,95.84,92.22
2022-10-08,98.88,93.07,127.3111,100.81,132.69226,36.5686,61.2475,3.6725,98.88,0.0,0.014441574550753032,1,94.88857142857144,92.22
2022-10-09,98.88,93.07,127.3111,128.12,97.95227,36.5686,61.2475,3.6725,98.88,0.0,0.014441574550753032,1,93.93714285714286,92.22
2022-10-10,97.13,91.6,127.3111,181.4,193.34053,36.5686,61.2475,3.6725,97.13,-0.01769822006472488,0.01880804415102766,0,93.06714285714285,91.04
2022-10-11,95.17,89.75,127.6641,155.85,228.25113,36.5686,62.3126,3.6725,95.17,-0.020179141356944208,0.01850933099443866,0,92.25142857142858,89.46
2022-10-12,93.44,87.83,128.1481,186.85,181.95041,36.5686,63.684,3.6725,93.44,-0.018177997268046697,0.01987759294567287,0,91.95142857142858,91.34
2022-10-13,95.16,89.59,127.7286,169.02,133.84113,36.5686,63.7559,3.6725,95.16,0.018407534246575263,0.020525976207989648,0,91.43142857142857,91.52
2022-10-14,92.22,86.1,128.3325,180.93,147.22523,36.5686,63.4917,3.6725,92.22,-0.03089533417402268,0.016698587486889415,0,91.3742857142857,91.82
2022-10-15,92.22,86.1,128.3325,120.4,92.42112,36.5686,63.0558,3.6725,92.22,0.0,0.016698587486889415,1,91.31714285714283,91.82
2022-10-16,92.22,86.1,128.3325,208.79,64.23261,36.5686,63.0558,3.6725,92.22,0.0,0.016698587486889415,1,91.25999999999999,91.82
2022-10-17,91.04,86.0,127.6448,129.16,171.66856,36.5686,63.0558,3.6725,91.04,-0.01279548904792882,0.016412061479348383,0,91.33571428571427,91.57
2022-10-18,89.46,83.29,127.9153,73.35,128.98494,36.5686,61.7634,3.6725,89.46,-0.017355008787346304,0.016126297937209794,0,91.66428571428571,91.76
2022-10-19,91.34,86.0,128.3968,70.66,160.19327,36.5686,61.7032,3.6725,91.34,0.021014978761457748,0.018855210488032563,0,91.89142857142858,92.93
2022-10-20,91.52,86.02,128.0052,78.35,159.91705,36.5686,61.5905,3.6725,91.52,0.0019706590759798193,0.016623355079620167,0,92.27,94.17
2022-10-21,91.82,85.47,127.6735,107.34,174.34567,36.5686,61.5018,3.6725,91.82,0.003277972027972087,0.012376190373611274,0,92.67285714285713,94.64
2022-10-22,91.82,85.47,127.6735,72.32,108.37703,36.5686,61.1958,3.6725,91.82,0.0,0.012376190373611274,1,93.07571428571428,94.64
2022-10-23,91.82,85.47,127.6735,140.06,52.3037,36.5686,61.1958,3.6725,91.82,0.0,0.012376190373611274,1,93.47857142857143,94.64
2022-10-24,91.57,86.12,128.0304,168.29,93.575356,36.5686,61.1958,3.6725,91.57,-0.002722718362012655,0.011250192636571083,0,93.72571428571428,93.3
2022-10-25,91.76,86.93,127.3771,104.95,139.72165,36.5686,61.1629,3.6725,91.76,0.002074915365294361,0.007897656724368974,0,94.20571428571428,95.12
2022-10-26,92.93,89.39,126.4723,84.81,133.39198,36.5686,61.3326,3.6725,92.93,0.012750653879686213,0.004931458205593642,0,94.6542857142857,96.07
2022-10-27,94.17,89.06,126.7028,150.79,180.49248,36.5686,61.4277,3.6725,94.17,0.013343376735176937,0.006392963918324518,0,94.81428571428572,95.29
2022-10-28,94.64,87.85,127.2135,204.29,203.6854,36.5686,61.3589,3.6725,94.64,0.004990973770840013,0.006388883441896123,0,95.51285714285713,99.53
2022-10-29,94.64,87.85,127.2135,87.03,81.26068,36.5686,61.5343,3.6725,94.64,0.0,0.006388883441896123,1,96.21142857142857,99.53
2022-10-30,94.64,87.85,127.2135,114.98,51.75887,36.5686,61.5343,3.6725,94.64,0.0,0.006388883441896123,1,96.91,99.53
2022-10-31,93.3,86.54,127.6219,161.13,113.79049,36.5686,61.5343,3.6725,93.3,-0.014158918005071852,0.00929819034652282,0,97.84857142857142,99.87
2022-11-01,95.12,88.36,127.3987,127.48,136.88297,36.5686,61.6229,3.6725,95.12,0.01950696677384789,0.011231707343857696,0,98.09571428571428,96.85
2022-11-02,96.07,90.06,127.3115,98.2,150.8161,36.5686,61.4275,3.6725,96.07,0.00998738435660207,0.010967751679463317,0,97.66428571428571,93.05
2022-11-03,95.29,88.14,128.1743,140.73,186.55252,36.5686,61.6175,3.6725,95.29,-0.008119079837618282,0.011182467153410284,0,97.51571428571428,94.25
2022-11-04,99.53,92.58,127.1468,122.07,115.89158,36.5686,62.0955,3.6725,99.53,0.04449574981635007,0.01976746290233004,0,97.0642857142857,96.37
2022-11-05,99.53,92.58,127.1468,66.38,95.81808,36.5686,62.0955,3.6725,99.53,0.0,0.01976746290233004,1,96.61285714285715,96.37
2022-11-06,99.53,92.58,127.1468,116.64,101.1471,36.5686,62.0955,3.6725,99.53,0.0,0.01976746290233004,1,96.16142857142857,96.37
2022-11-07,99.87,91.8,126.3062,245.52,139.72165,36.5686,62.0955,3.6725,99.87,0.003416055460665257,0.01756851399094141,0,95.26428571428572,93.59
2022-11-08,96.85,88.8,125.633,123.6,225.73756,36.5686,61.2367,3.6725,96.85,-0.030239311104435895,0.022424225936245823,0,94.89999999999999,94.3
2022-11-09,93.05,85.79,125.9861,146.6,137.41022,36.5686,60.9774,3.6725,93.05,-0.03923593185338148,0.027035379225043916,0,94.83714285714287,92.61
2022-11-10,94.25,86.52,124.7044,119.57,98.150154,36.5686,61.0611,3.6725,94.25,0.012896292315959235,0.027691751125836273,0,94.37285714285714,91.0
2022-11-11,96.37,89.14,124.7044,183.98,111.09222,36.5686,61.2434,3.6725,96.37,0.022493368700265304,0.02237347926091434,0,93.31000000000002,88.93
2022-11-12,96.37,89.14,124.7044,198.23,47.662846,36.5686,60.2179,3.6725,96.37,0.0,0.02237347926091434,1,92.24714285714286,88.93
2022-11-13,96.37,89.14,124.7044,228.73,46.007885,36.5686,60.2179,3.6725,96.37,0.0,0.02237347926091434,1,91.1842857142857,88.93
2022-11-14,93.59,85.85,123.4277,215.52,188.92972,36.5686,60.2179,3.6725,93.59,-0.028847151603196064,0.02377852175414404,0,90.44857142857144,88.44
2022-11-15,94.3,86.87,123.039,95.09,196.50826,36.5686,60.3982,3.6725,94.3,0.007586280585532679,0.022403055948420764,0,89.64142857142858,88.65
2022-11-16,92.61,85.62,123.2817,107.83,170.58072,36.5686,60.3116,3.6725,92.61,-0.0179215270413573,0.017706411042504724,0,88.68285714285715,85.9
2022-11-17,91.0,81.69,123.977,91.22,153.21286,36.5686,60.3484,3.6725,91.0,-0.017384731670445963,0.017574656473064405,0,87.91,85.59
2022-11-18,88.93,80.07,123.8524,133.39,77.714195,36.5686,60.3894,3.6725,88.93,-0.022747252747252644,0.013734844577259948,0,87.12,83.4
2022-11-19,88.93,80.07,123.8524,110.6,81.970375,36.5686,60.3741,3.6725,88.93,0.0,0.013734844577259948,1,86.33,83.4
2022-11-20,88.93,80.07,123.8524,255.53,60.385345,36.5686,60.3741,3.6725,88.93,0.0,0.013734844577259948,1,85.53999999999999,83.4
2022-11-21,88.44,79.74,124.7009,122.23,107.628555,36.5686,60.3741,3.6725,88.44,-0.0055099516473632315,0.011409964649833248,0,84.8342857142857,83.5
2022-11-22,88.65,80.83,124.2365,125.51,105.24881,36.5686,60.7379,3.6725,88.65,0.002374491180461513,0.010343881194955978,0,84.05857142857144,83.22
2022-11-23,85.9,77.93,123.7574,183.38,105.60199,36.5686,60.6566,3.6725,85.9,-0.031020868584320405,0.01309939633676856,0,84.01714285714286,85.61
2022-11-24,85.59,77.93,123.7574,226.25,46.468887,36.5686,60.5043,3.6725,85.59,-0.0036088474970896733,0.012946335534224277,1,84.11571428571429,86.28
2022-11-25,83.4,76.45,123.3386,189.26,80.5138,36.5686,60.3866,3.6725,83.4,-0.025587101296880466,0.013494794468874015,0,84.5642857142857,86.54
2022-11-26,83.4,76.45,123.3386,119.31,94.32772,36.5686,60.4797,3.6725,83.4,0.0,0.013494794468874015,1,85.01285714285714,86.54
2022-11-27,83.4,76.45,123.3386,173.32,85.424385,36.5686,60.4797,3.6725,83.4,0.0,0.013494794468874015,1,85.46142857142857,86.54
2022-11-28,83.5,77.1,123.6032,183.05,87.9999,36.5686,60.4797,3.6725,83.5,0.0011990407673860837,0.014016312189781246,0,85.44142857142857,83.36
2022-11-29,83.22,77.96,123.6615,90.52,100.55012,36.5686,60.752,3.6725,83.22,-0.003353293413173697,0.013459595884496942,0,84.97,79.92
2022-11-30,85.61,80.48,123.5175,89.9,81.59033,36.5686,61.0742,3.6725,85.61,0.028719057918769497,0.015833514603628092,0,83.75571428571429,77.11
2022-12-01,86.28,81.06,122.0045,177.11,65.94698,36.5686,60.8803,3.6725,86.28,0.007826188529377331,0.01603300188524812,0,82.29,76.02
2022-12-02,86.54,79.86,122.0102,48.03,109.09654,36.5686,61.1479,3.6725,86.54,0.0030134445989802305,0.010862215481668195,0,80.83714285714287,76.37
2022-12-03,86.54,79.86,122.0102,83.3,106.4093,36.5686,61.7749,3.6725,86.54,0.0,0.010862215481668195,1,79.38428571428572,76.37
2022-12-04,86.54,79.86,122.0102,339.06,51.62443,36.5686,61.7749,3.6725,86.54,0.0,0.010862215481668195,1,77.93142857142857,76.37
2022-12-05,83.36,76.83,122.6384,187.14,98.96951,36.5686,61.7749,3.6725,83.36,-0.036746013404206246,0.01939324061198249,0,77.1657142857143,78.0
2022-12-06,79.92,74.21,123.0191,105.68,139.09692,36.5686,62.1849,3.6725,79.92,-0.041266794625719694,0.024956918263321245,0,77.19714285714285,80.14
2022-12-07,77.11,71.93,122.7608,151.37,127.406456,36.5686,62.9103,3.6725,77.11,-0.035160160160160214,0.021847077813631332,0,78.08571428571429,83.33
2022-12-08,76.02,71.3,122.4152,81.81,140.96033,36.5686,62.9372,3.6725,76.02,-0.01413565036960196,0.01954188107144285,0,78.98857142857142,82.34
2022-12-09,76.37,71.05,122.4201,114.31,117.30847,36.5686,62.5722,3.6725,76.37,0.004604051565377576,0.019830753815822347,0,79.53571428571429,80.2
2022-12-10,76.37,71.05,122.4201,61.0,46.72901,36.5686,62.3813,3.6725,76.37,0.0,0.019830753815822347,1,80.08285714285714,80.2
2022-12-11,76.37,71.05,122.4201,223.06,18.454416,36.5686,62.3813,3.6725,76.37,0.0,0.019830753815822347,1,80.63,80.2
2022-12-12,78.0,72.96,122.7714,169.7,158.36978,36.5686,62.3813,3.6725,78.0,0.021343459473615267,0.02243248397808431,0,81.15285714285713,81.66
2022-12-13,80.14,75.44,121.8493,122.35,152.62685,36.5686,62.7674,3.6725,80.14,0.02743589743589747,0.021067888569528216,0,81.05428571428571,79.45
2022-12-14,83.33,77.14,121.8226,120.9,133.39198,36.5686,63.212,3.6725,83.33,0.03980534065385566,0.018801508941968127,0,80.61428571428571,80.25
2022-12-15,82.34,75.89,122.5519,114.95,73.61262,36.5686,63.359,3.6725,82.34,-0.011880475219008702,0.018305947247530287,0,80.22,79.58
2022-12-16,80.2,74.19,122.6505,99.07,98.795876,36.5686,64.3015,3.6725,80.2,-0.025989798396890973,0.02324482149884404,0,80.54142857142857,82.45
2022-12-17,80.2,74.19,122.6505,84.76,74.719574,36.5686,64.6078,3.6725,80.2,0.0,0.02324482149884404,1,80.86285714285714,82.45
2022-12-18,80.2,74.19,122.6505,103.12,49.738255,36.5686,64.6078,3.6725,80.2,0.0,0.02324482149884404,1,81.1842857142857,82.45
2022-12-19,81.66,75.05,122.5275,87.27,171.45796,36.5686,64.6078,3.6725,81.66,0.018204488778054806,0.022955994446585276,0,81.29714285714284,82.45
2022-12-20,79.45,75.92,122.1357,72.84,132.74405,36.5686,66.3474,3.6725,79.45,-0.027063433749693777,0.02400716813454358,0,81.72571428571428,82.45
2022-12-21,80.25,78.17,122.2828,147.63,169.54088,36.5686,69.0037,3.6725,80.25,0.010069225928256653,0.01727157539945858,0,81.93285714285715,81.7
2022-12-22,79.58,77.68,122.2419,98.69,159.00325,36.5686,70.5256,3.6725,79.58,-0.008348909657320935,0.01709586408615787,0,82.13,80.96
2022-12-23,82.45,79.57,121.9743,84.14,114.92582,36.5686,72.1306,3.6725,82.45,0.03606433777330986,0.02006670055958737,0,82.18285714285715,82.82
2022-12-24,82.45,79.57,121.9743,73.31,80.794334,36.5686,68.676,3.6725,82.45,0.0,0.02006670055958737,1,82.23571428571428,82.82
2022-12-25,82.45,79.57,121.9743,343.59,74.161964,36.5686,68.676,3.6725,82.45,0.0,0.02006670055958737,1,82.28857142857143,82.82
2022-12-26,82.45,79.57,121.9743,170.29,64.698586,36.5686,68.676,3.6725,82.45,0.0,0.01909510782253536,1,82.34142857142857,82.82
2022-12-27,82.45,79.45,121.7539,69.63,146.8174,36.5686,68.4487,3.6725,82.45,0.0,0.0145360228683049,1,82.04285714285713,80.36
2022-12-28,81.7,78.89,122.0075,85.9,151.88629,36.5686,69.9346,3.6725,81.7,-0.0090964220739842,0.015294670824380642,0,81.13,75.31
2022-12-29,80.96,78.43,121.6577,123.69,116.4859,36.5686,71.3261,3.6725,80.96,-0.009057527539779842,0.015381775786810405,0,80.52571428571427,76.73
2022-12-30,82.82,80.16,121.4256,199.3,150.22983,36.5686,71.9778,3.6725,82.82,0.022974308300395263,0.010718233166717411,0,79.61,76.41
2022-12-31,82.82,80.16,121.4256,162.78,74.579384,36.5686,70.3375,3.6725,82.82,0.0,0.010718233166717411,1,78.69428571428571,76.41
2023-01-01,82.82,80.16,121.4256,433.38,34.626144,36.5686,70.3375,3.6725,82.82,0.0,0.010718233166717411,1,77.77857142857142,76.41
2023-01-02,82.82,80.16,121.4256,185.33,117.051865,36.5686,70.3375,3.6725,82.82,0.0,0.010718233166717411,1,77.01857142857143,77.5
2023-01-03,80.36,76.87,122.0905,117.51,198.44876,36.5686,70.3375,3.6725,80.36,-0.02970297029702962,0.015739651582679797,0,76.73857142857142,78.4
2023-01-04,75.31,72.82,121.5008,114.2,94.28561,36.5686,70.3375,3.6725,75.31,-0.06284221005475354,0.027562244262959557,0,77.56714285714285,81.11
2023-01-05,76.73,73.61,122.1017,176.01,100.73998,36.5686,70.3375,3.6725,76.73,0.018855397689549802,0.029853301393116486,0,78.40428571428572,82.59
2023-01-06,76.41,73.77,121.0852,158.88,88.72949,36.5686,70.3375,3.6725,76.41,-0.004170467874364703,0.026889581014576315,0,79.40714285714287,83.43
2023-01-07,76.41,73.77,121.0852,168.63,88.861725,36.5686,70.3375,3.6725,76.41,0.0,0.026889581014576315,1,80.41,83.43
2023-01-08,76.41,73.77,121.0852,204.85,29.22854,36.5686,70.3375,3.6725,76.41,0.0,0.026889581014576315,1,81.41285714285716,83.43
2023-01-09,77.5,74.69,120.1508,152.46,86.12676,36.5686,70.3375,3.6725,77.5,0.014265148540766992,0.028372700106436208,0,82.14857142857143,82.65
2023-01-10,78.4,75.11,120.2483,386.4,114.62172,36.5686,70.3002,3.6725,78.4,0.011612903225806548,0.02765714804290396,0,83.00285714285714,84.38
2023-01-11,81.11,77.46,120.1614,363.54,129.44315,36.5686,69.6094,3.6725,81.11,0.0345663265306122,0.013538580877232014,0,83.38428571428571,83.78
2023-01-12,82.59,78.32,119.4218,189.12,114.445724,36.5686,69.0202,3.6725,82.59,0.0182468252989767,0.013479552765878576,0,83.74000000000001,85.08
2023-01-13,83.43,79.9,119.1673,141.9,103.69777,36.5686,67.7775,3.6725,83.43,0.010170722847802516,0.011842803806668053,0,84.24428571428571,86.96
2023-01-14,83.43,79.9,119.1673,176.67,95.40195,36.5686,67.5744,3.6725,83.43,0.0,0.011842803806668054,1,84.74857142857142,86.96
2023-01-15,83.43,79.9,119.1673,261.68,42.605373,36.5686,67.5744,3.6725,83.43,0.0,0.011842803806668054,1,85.25285714285714,86.96
2023-01-16,82.65,79.9,119.1673,166.4,107.1038,36.5686,67.5744,3.6725,82.65,-0.009349154980222929,0.014406644804566974,1,85.95142857142856,87.54
2023-01-17,84.38,80.25,119.2121,73.48,127.406456,36.5686,68.2892,3.6725,84.38,0.020931639443436012,0.015069037832958545,0,86.07571428571428,85.25
2023-01-18,83.78,79.53,119.0755,310.22,76.78137,36.5686,68.6644,3.6725,83.78,-0.00711068973690443,0.011957999656262258,0,86.26142857142858,85.08
2023-01-19,85.08,80.31,119.6107,106.09,115.06176,36.5686,68.8728,3.6725,85.08,0.01551682979231317,0.01147734621409626,0,86.4342857142857,86.29
2023-01-20,86.96,81.27,119.3486,119.89,152.36682,36.5686,68.8467,3.6725,86.96,0.022096850023507253,0.013242093154838822,0,86.20571428571428,85.36
2023-01-21,86.96,81.27,119.3486,89.56,126.19306,36.5686,68.6656,3.6725,86.96,0.0,0.013242093154838822,1,85.97714285714287,85.36
2023-01-22,86.96,81.27,119.3486,258.78,41.5369,36.5686,68.6656,3.6725,86.96,0.0,0.013242093154838822,1,85.74857142857142,85.36
2023-01-23,87.54,81.62,119.1434,326.16,87.70546,36.5686,68.6656,3.6725,87.54,0.006669733210671769,0.011401177885813667,0,85.37142857142858,84.9
2023-01-24,85.25,79.86,119.0958,123.28,89.98486,36.5686,68.6288,3.6725,85.25,-0.026159469956591352,0.015764308384765304,0,85.11,83.42
2023-01-25,85.08,79.78,118.9686,113.38,110.612976,36.5686,68.7529,3.6725,85.08,-0.0019941348973607775,0.015409171115167503,0,84.61428571428571,81.61
2023-01-26,86.29,80.64,119.021,72.53,71.49427,36.5686,68.9573,3.6725,86.29,0.014221908791725468,0.015230857542055,0,83.79714285714286,80.57
2023-01-27,85.36,79.73,118.9223,110.89,120.77069,36.5686,69.1263,3.6725,85.36,-0.010777610383590264,0.01294031105538019,0,82.86714285714287,78.85
2023-01-28,85.36,79.73,118.9223,114.2,82.93616,36.5686,69.3372,3.6725,85.36,0.0,0.01294031105538019,1,81.93714285714286,78.85
2023-01-29,85.36,79.73,118.9223,225.17,55.209465,36.5686,69.3372,3.6725,85.36,0.0,0.01294031105538019,1,81.00714285714287,78.85
2023-01-30,84.9,77.97,118.8953,190.98,155.1712,36.5686,69.3372,3.6725,84.9,-0.005388940955951216,0.012290509714084503,0,80.37571428571428,80.48
2023-01-31,83.42,78.95,118.9802,158.19,148.32393,36.5686,69.5927,3.6725,83.42,-0.017432273262661946,0.009916946878600641,0,80.30428571428571,82.92
2023-02-01,81.61,76.34,118.6259,137.21,108.70257,36.5686,70.5174,3.6725,81.61,-0.02169743466794538,0.012118226441726518,0,80.67,84.17
2023-02-02,80.57,75.87,118.3421,116.99,130.60303,36.5686,70.1217,3.6725,80.57,-0.012743536331332073,0.008375691854112738,0,81.08285714285715,83.46
2023-02-03,78.85,73.4,119.5095,115.81,116.32763,36.5686,70.0414,3.6725,78.85,-0.021347896239295006,0.00947841204565191,0,82.02714285714286,85.46
2023-02-04,78.85,73.4,119.5095,99.82,119.19284,36.5686,70.3847,3.6725,78.85,0.0,0.00947841204565191,1,82.97142857142856,85.46
2023-02-05,78.85,73.4,119.5095,90.75,83.86247,36.5686,70.3847,3.6725,78.85,0.0,0.00947841204565191,1,83.91571428571429,85.46
2023-02-06,80.48,74.11,120.541,219.03,112.52885,36.5686,70.3847,3.6725,80.48,0.020672162333544852,0.015414530453872824,0,84.70142857142856,85.98
2023-02-07,82.92,77.17,120.3475,190.34,138.02365,36.5686,70.5991,3.6725,82.92,0.030318091451292162,0.02013348993070121,0,84.99285714285713,84.96
2023-02-08,84.17,78.47,120.1436,139.63,134.9773,36.5686,70.8924,3.6725,84.17,0.015074770863482856,0.01846555217786824,0,84.98428571428572,84.11
2023-02-09,83.46,78.04,119.9781,129.06,169.58537,36.5686,71.5763,3.6725,83.46,-0.008435309492693444,0.017854074649215682,0,85.03857142857143,83.84
2023-02-10,85.46,79.74,120.1419,99.82,147.88249,36.5686,72.8949,3.6725,85.46,0.023963575365444578,0.01453796544137453,0,84.53999999999999,81.97
2023-02-11,85.46,79.74,120.1419,118.66,98.812386,36.5686,72.7923,3.6725,85.46,0.0,0.01453796544137453,1,84.04142857142858,81.97
2023-02-12,85.46,79.74,120.1419,54.4,75.777695,36.5686,72.7923,3.6725,85.46,0.0,0.01453796544137453,1,83.54285714285716,81.97
2023-02-13,85.98,80.14,119.9828,70.05,110.41893,36.5686,72.7923,3.6725,85.98,0.006084717996723832,0.014068101847973646,0,83.08714285714287,82.79
2023-02-14,84.96,79.08,119.9229,105.73,82.66657,36.5686,73.6307,3.6725,84.96,-0.011863224005582818,0.012664775449991138,0,82.68428571428572,82.14
2023-02-15,84.11,78.57,120.4557,200.6,119.274124,36.5686,73.8645,3.6725,84.11,-0.010004708097928416,0.012404650781389335,0,82.03285714285714,79.55
2023-02-16,83.84,78.45,120.4651,223.17,134.7485,36.5686,74.2077,3.6725,83.84,-0.0032100820354297177,0.01196440927287023,0,81.78142857142858,82.08
2023-02-17,81.97,76.31,120.5526,97.82,106.09647,36.5686,74.7638,3.6725,81.97,-0.02230438931297718,0.009504400570205114,0,81.83,82.31
2023-02-18,81.97,76.31,120.5526,153.22,86.769875,36.5686,74.7588,3.6725,81.97,0.0,0.009504400570205114,1,81.87857142857142,82.31
2023-02-19,81.97,76.31,120.5526,101.26,115.21974,36.5686,74.7588,3.6725,81.97,0.0,0.009504400570205114,1,81.92714285714285,82.31
2023-02-20,82.79,76.31,120.5526,88.82,146.02968,36.5686,74.7588,3.6725,82.79,0.010003659875564397,0.010401106563850446,1,81.70571428571428,81.24
2023-02-21,82.14,76.28,120.6256,68.9,174.9808,36.5686,74.0432,3.6725,82.14,-0.007851189757217103,0.01008754017299699,0,81.85857142857142,83.21
2023-02-22,79.55,73.95,120.8389,140.33,150.30847,36.5686,74.8596,3.6725,79.55,-0.03153153153153154,0.014336845664631821,0,82.44857142857143,83.68
2023-02-23,82.08,75.26,121.0896,188.33,127.874855,36.5686,74.7087,3.6725,82.08,0.031803896920175934,0.02085053495924971,0,82.74428571428572,84.15
2023-02-24,82.31,76.19,121.5681,82.35,110.9738,36.5686,74.7087,3.6725,82.31,0.00280214424951275,0.01902361996133035,0,83.23428571428572,85.74
2023-02-25,82.31,76.19,121.5681,57.93,84.050224,36.5686,74.7087,3.6725,82.31,0.0,0.01902361996133035,1,83.72428571428573,85.74
2023-02-26,82.31,76.19,121.5681,78.14,67.603424,36.5686,74.7087,3.6725,82.31,0.0,0.01902361996133035,1,84.21428571428571,85.74
2023-02-27,81.24,75.57,121.3941,130.62,125.62632,36.5686,74.7087,3.6725,81.24,-0.012999635524237774,0.019144479497529284,0,84.87428571428572,85.86
2023-02-28,83.21,76.88,121.3341,88.38,146.9531,36.5686,75.4323,3.6725,83.21,0.02424913835548992,0.021374741868115985,0,84.84857142857143,83.03
2023-03-01,83.68,77.57,120.6347,79.33,92.77372,36.5686,74.8932,3.6725,83.68,0.005648359572167028,0.015434295009802857,0,84.62285714285714,82.1
2023-03-02,84.15,78.05,121.1302,158.83,121.40301,36.5686,75.2513,3.6725,84.15,0.005616634799235243,0.011081155455747184,0,84.17285714285715,81.0
2023-03-03,85.74,79.62,120.7742,90.05,154.62614,36.5686,75.4729,3.6725,85.74,0.018894830659536455,0.012466719940427144,0,83.68142857142857,82.3
2023-03-04,85.74,79.62,120.7742,109.74,101.25752,36.5686,75.4592,3.6725,85.74,0.0,0.012466719940427144,1,83.19000000000001,82.3
2023-03-05,85.74,79.62,120.7742,120.29,60.046543,36.5686,75.4592,3.6725,85.74,0.0,0.012466719940427144,1,82.69857142857143,82.3
2023-03-06,85.86,80.39,120.485,88.74,106.85702,36.5686,75.4592,3.6725,85.86,0.0013995801259623075,0.009708267789012634,0,81.81428571428572,79.67
2023-03-07,83.03,77.45,121.4623,97.28,161.43118,36.5686,75.4728,3.6725,83.03,-0.03296063358956436,0.015856370315758983,0,80.92,76.77
2023-03-08,82.1,76.56,121.4511,71.68,125.93232,36.5686,75.4577,3.6725,82.1,-0.011200770805732896,0.016097610805207312,0,79.80571428571429,74.3
2023-03-09,81.0,75.6,121.4458,99.01,147.47734,36.5686,75.4577,3.6725,81.0,-0.013398294762484664,0.016082922756522216,0,78.67999999999999,73.12
2023-03-10,82.3,76.55,121.2421,167.33,113.4441,36.5686,75.9028,3.6725,82.3,0.016049382716049276,0.015389811064735507,0,77.07000000000001,71.03
2023-03-11,82.3,76.55,121.2421,111.64,84.21782,36.5686,75.9406,3.6725,82.3,0.0,0.015389811064735507,1,75.46000000000001,71.03
2023-03-12,82.3,76.55,121.2421,63.42,77.714195,36.5686,75.9406,3.6725,82.3,0.0,0.015389811064735507,1,73.85,71.03
2023-03-13,79.67,74.68,120.8897,226.43,144.29745,36.5686,75.9406,3.6725,79.67,-0.03195625759416765,0.017790970586386564,0,72.81428571428572,72.42
2023-03-14,76.77,71.18,121.0141,246.38,117.30847,36.5686,75.4609,3.6725,76.77,-0.036400150621312966,0.018546304016797677,0,72.53,74.78
2023-03-15,74.3,67.38,122.1079,165.53,101.75122,36.5686,75.1927,3.6725,74.3,-0.03217402631236155,0.020206494575793595,0,72.78428571428573,76.08
2023-03-16,73.12,68.15,121.7221,191.67,112.811905,36.5686,75.7457,3.6725,73.12,-0.015881561238223374,0.02021631940329487,0,72.9542857142857,74.31
2023-03-17,71.03,66.61,121.5643,236.53,85.22901,36.5686,76.4095,3.6725,71.03,-0.02858315098468278,0.01553056917099953,0,73.32571428571428,73.63
2023-03-18,71.03,66.61,121.5643,80.16,87.944275,36.5686,76.6044,3.6725,71.03,0.0,0.01553056917099953,1,73.69714285714285,73.63
2023-03-19,71.03,66.61,121.5643,213.92,32.057106,36.5686,76.6044,3.6725,71.03,0.0,0.01553056917099953,1,74.06857142857143,73.63
2023-03-20,72.42,67.56,121.0141,158.68,94.068855,36.5686,76.6044,3.6725,72.42,0.019569196114317844,0.020672967529720858,0,74.69428571428571,76.8
2023-03-21,74.78,69.4,120.8958,102.69,129.90462,36.5686,77.2422,3.6725,74.78,0.03258768296050807,0.024026637754743393,0,75.16428571428571,78.07
2023-03-22,76.08,70.71,120.6217,215.3,114.43416,36.5686,76.8373,3.6725,76.08,0.017384327360256746,0.021317101605736046,0,75.36857142857143,77.51
2023-03-23,74.31,69.77,119.7587,190.0,100.57131,36.5686,76.9561,3.6725,74.31,-0.023264984227129304,0.022585617418449052,0,75.96000000000001,78.45
2023-03-24,73.63,69.22,120.4598,163.72,72.61953,36.5686,76.3072,3.6725,73.63,-0.009150854528327423,0.01904041314071921,0,76.75428571428571,79.19
2023-03-25,73.63,69.22,120.4598,132.95,101.6125,36.5686,76.4479,3.6725,73.63,0.0,0.01904041314071921,1,77.54857142857142,79.19
2023-03-26,73.63,69.22,120.4598,153.05,31.648737,36.5686,76.4479,3.6725,73.63,0.0,0.01904041314071921,1,78.34285714285714,79.19
2023-03-27,76.8,72.87,120.2541,141.81,120.94568,36.5686,76.4479,3.6725,76.8,0.04305310335461088,0.023515795395888276,0,79.63,85.81
2023-03-28,78.07,73.12,119.7138,117.77,76.76182,36.5686,76.5662,3.6725,78.07,0.016536458333333393,0.02148877700712948,0,80.72000000000001,85.7
2023-03-29,77.51,72.95,119.7258,127.01,79.95853,36.5686,76.5939,3.6725,77.51,-0.007173049827078115,0.021394421907970956,0,81.91714285714285,85.89
2023-03-30,78.45,74.32,119.4078,82.78,129.30096,36.5686,76.9781,3.6725,78.45,0.012127467423558302,0.01812432895846433,0,83.07571428571428,86.56
2023-03-31,79.19,75.68,119.3602,144.99,90.44553,36.5686,77.0863,3.6725,79.19,0.009432759719566475,0.01649613712795009,0,84.12857142857142,86.56
2023-04-01,79.19,75.68,119.3602,118.19,52.3538,36.5686,77.3233,3.6725,79.19,0.0,0.01649613712795009,1,85.18142857142857,86.56
2023-04-02,79.19,75.68,119.3602,407.69,43.58642,36.5686,77.3233,3.6725,79.19,0.0,0.01649613712795009,1,86.23428571428569,86.56
2023-04-03,85.81,80.4,119.3204,150.38,84.60389,36.5686,77.3233,3.6725,85.81,0.08359641368859716,0.030756492776118236,0,86.34142857142855,86.56
2023-04-04,85.7,80.7,119.142,154.53,119.428444,36.5686,77.951,3.6725,85.7,-0.0012819018762382228,0.031468557383230025,0,86.57285714285715,87.32
2023-04-05,85.89,80.69,119.2953,108.51,117.88497,36.5686,79.3563,3.6725,85.89,0.002217036172695419,0.03061330808039312,0,86.91857142857144,88.31
2023-04-06,86.56,80.7,119.3072,40.4,173.69269,36.5686,79.4961,3.6725,86.56,0.0078006752823378545,0.03072811377419004,0,86.91142857142857,86.51
2023-04-07,86.56,80.7,119.3547,65.4,169.00856,36.5686,80.6713,3.6725,86.56,0.0,0.03119262222536755,1,87.01857142857145,87.31
2023-04-08,86.56,80.7,119.3547,124.42,64.85449,36.5686,82.3988,3.6725,86.56,0.0,0.03119262222536755,1,87.12571428571427,87.31
2023-04-09,86.56,80.7,119.3547,210.2,44.020832,36.5686,82.3988,3.6725,86.56,0.0,0.03119262222536755,1,87.23285714285713,87.31
2023-04-10,86.56,79.79,119.7948,116.65,142.7831,36.5686,82.3988,3.6725,86.56,0.0,0.003068848968749532,1,87.1,85.63
2023-04-11,87.32,81.54,119.5248,155.38,92.7519,36.5686,81.7441,3.6725,87.32,0.008780036968576654,0.003923763038784508,0,86.83714285714287,85.48
2023-04-12,88.31,83.26,119.003,109.82,119.428444,36.5686,82.1799,3.6725,88.31,0.011337608795235932,0.005084837522644495,0,86.41285714285713,85.34
2023-04-13,86.51,82.16,118.3915,258.05,126.19306,36.5686,82.0934,3.6725,86.51,-0.020382742611255722,0.01017412223276251,0,85.95285714285714,83.29
2023-04-14,87.31,82.58,118.8567,38.2,119.803535,36.5686,81.6758,3.6725,87.31,0.009247485839787295,0.010763181264904782,0,85.38857142857144,83.36
2023-04-15,87.31,82.58,118.8567,50.4,87.30798,36.5686,81.5045,3.6725,87.31,0.0,0.010763181264904782,1,84.82428571428571,83.36
2023-04-16,87.31,82.58,118.8567,279.06,42.064354,36.5686,81.5045,3.6725,87.31,0.0,0.010763181264904782,1,84.26,83.36
2023-04-17,85.63,80.93,119.2787,51.34,91.624214,36.5686,81.5045,3.6725,85.63,-0.019241782155537845,0.013302959218867079,0,84.06000000000002,84.23
2023-04-18,85.48,80.85,119.1049,186.52,106.85702,36.5686,81.6279,3.6725,85.48,-0.0017517225271516113,0.012523811515516386,0,83.58142857142857,82.13
2023-04-19,85.34,79.18,119.303,128.99,158.03075,36.5686,81.6028,3.6725,85.34,-0.0016378100140383989,0.010909371161777008,0,82.70285714285716,79.19
2023-04-20,83.29,77.27,119.1199,98.98,95.66982,36.5686,81.6549,3.6725,83.29,-0.024021560815561283,0.01182277504476752,0,82.24857142857142,80.11
2023-04-21,83.36,77.86,119.3117,118.21,140.0534,36.5686,81.6188,3.6725,83.36,0.0008404370272541151,0.010439613711575048,0,81.95714285714287,81.32
2023-04-22,83.36,77.86,119.3117,113.76,70.80297,36.5686,81.4863,3.6725,83.36,0.0,0.010439613711575048,1,81.66571428571429,81.32
2023-04-23,83.36,77.86,119.3117,127.64,56.464222,36.5686,81.4863,3.6725,83.36,0.0,0.010439613711575048,1,81.37428571428572,81.32
2023-04-24,84.23,78.64,119.2039,149.57,159.46716,36.5686,81.4863,3.6725,84.23,0.010436660268714038,0.010450119636054135,0,80.95857142857143,81.32
2023-04-25,82.13,77.05,119.613,111.25,180.2335,36.5686,81.2745,3.6725,82.13,-0.024931734536388528,0.013479247366436816,0,80.1842857142857,76.71
2023-04-26,79.19,74.33,119.3228,135.07,105.34668,36.5686,81.5499,3.6725,79.19,-0.03579690734201868,0.017409241997349577,0,79.28714285714285,72.91
2023-04-27,80.11,74.77,119.4298,157.01,117.88497,36.5686,81.6274,3.6725,80.11,0.011617628488445497,0.017995939392721295,0,78.27142857142857,73.0
2023-04-28,81.32,76.78,119.2248,94.05,117.88497,36.5686,81.5601,3.6725,81.32,0.01510423168143804,0.019560489816793668,0,77.49,75.85
2023-04-29,81.32,76.78,119.2248,93.97,63.050335,36.5686,80.5093,3.6725,81.32,0.0,0.019560489816793668,1,76.70857142857143,75.85
2023-04-30,81.32,76.78,119.2248,209.08,71.34761,36.5686,80.5093,3.6725,81.32,0.0,0.019560489816793668,1,75.92714285714285,75.85
2023-05-01,81.32,75.65,119.4435,435.03,104.6074,36.5686,80.5093,3.6725,81.32,0.0,0.018712332499632455,1,75.1457142857143,75.85
2023-05-02,76.71,71.71,119.6105,249.56,77.03646,36.5686,80.5093,3.6725,76.71,-0.05668962124938515,0.026584402991158294,0,75.2957142857143,77.76
2023-05-03,72.91,68.62,119.1233,139.92,149.52562,36.5686,79.9609,3.6725,72.91,-0.049537218094120705,0.029233970768121925,0,75.83714285714287,76.7
2023-05-04,73.0,68.52,119.0465,105.0,118.08403,36.5686,79.3071,3.6725,73.0,0.0012343985735838725,0.02811595238000708,0,76.16857142857143,75.32
2023-05-05,75.85,71.32,118.5548,100.93,69.73827,36.5686,78.6139,3.6725,75.85,0.039041095890410826,0.033095849402780944,0,75.98142857142857,74.54
2023-05-06,75.85,71.32,118.5548,87.09,91.451256,36.5686,76.8207,3.6725,75.85,0.0,0.033095849402780944,1,75.7942857142857,74.54
2023-05-07,75.85,71.32,118.5548,152.42,42.605373,36.5686,76.8207,3.6725,75.85,0.0,0.033095849402780944,1,75.60714285714286,74.54
2023-05-08,75.85,73.13,118.5759,311.34,51.75887,36.5686,76.8207,3.6725,75.85,0.0,0.033095849402780944,1,75.55142857142857,75.46
2023-05-09,77.76,73.68,118.8239,163.06,116.35052,36.5686,76.8207,3.6725,77.76,0.02518127883981558,0.027621124413621516,0,75.17857142857143,75.15
2023-05-10,76.7,72.53,118.5864,69.51,118.51763,36.5686,76.8207,3.6725,76.7,-0.013631687242798396,0.01808295350900155,0,75.21857142857144,76.98
2023-05-11,75.32,70.81,119.0303,155.22,137.27757,36.5686,76.6929,3.6725,75.32,-0.01799217731421132,0.02047777792769794,0,75.28,75.75
2023-05-12,74.54,70.02,119.3671,190.28,146.21684,36.5686,75.8846,3.6725,74.54,-0.010355815188528794,0.014204275935472339,0,75.4057142857143,75.42
2023-05-13,74.54,70.02,119.3671,250.04,88.82279,36.5686,77.2041,3.6725,74.54,0.0,0.014204275935472339,1,75.53142857142858,75.42
2023-05-14,74.54,70.02,119.3671,189.55,74.02386,36.5686,77.2041,3.6725,74.54,0.0,0.014204275935472339,1,75.65714285714286,75.42
2023-05-15,75.46,71.07,119.1608,99.1,135.86703,36.5686,77.2041,3.6725,75.46,0.012342366514622949,0.01527731683973346,0,75.70142857142858,75.77
2023-05-16,75.15,70.85,119.1743,67.14,137.52538,36.5686,79.1004,3.6725,75.15,-0.0041081367611978115,0.010192445784936943,0,75.91714285714286,76.66
2023-05-17,76.98,72.78,119.607,113.54,89.377884,36.5686,79.9798,3.6725,76.98,0.024351297405189598,0.014086592881291885,0,76.06142857142858,77.99
2023-05-18,75.75,71.82,120.0886,210.79,125.21734,36.5686,80.7642,3.6725,75.75,-0.01597817614964936,0.013657466855276513,0,76.04857142857142,75.66
2023-05-19,75.42,71.57,119.7751,111.5,160.85306,36.5686,80.0366,3.6725,75.42,-0.00435643564356436,0.01300664205212812,0,76.17857142857143,76.33
2023-05-20,75.42,71.57,119.7751,206.6,98.44183,36.5686,79.9093,3.6725,75.42,0.0,0.01300664205212812,1,76.30857142857143,76.33
2023-05-21,75.42,71.57,119.7751,328.45,60.2285,36.5686,79.9093,3.6725,75.42,0.0,0.01300664205212812,1,76.43857142857144,76.33
2023-05-22,75.77,71.81,120.0875,398.71,78.24963,36.5686,79.9093,3.6725,75.77,0.004640678865022396,0.012265959140122741,0,76.51857142857143,76.33
2023-05-23,76.66,72.87,120.3204,156.99,183.69136,36.5686,79.9379,3.6725,76.66,0.011746073643922328,0.012697119139690623,0,76.04999999999998,73.38
2023-05-24,77.99,74.37,120.4752,301.54,115.21974,36.5686,80.1665,3.6725,77.99,0.017349334724758636,0.010871439100095037,0,75.19142857142856,71.98
2023-05-25,75.66,71.68,120.8413,237.84,106.28559,36.5686,79.9669,3.6725,75.66,-0.029875625080138413,0.015121738909198636,0,74.98,74.18
2023-05-26,76.33,72.35,120.6304,220.29,61.343845,36.5686,79.9841,3.6725,76.33,0.008855405762622226,0.015320888271187496,0,74.93285714285715,76.0
2023-05-27,76.33,72.35,120.6304,154.91,85.71332,36.5686,79.9667,3.6725,76.33,0.0,0.015320888271187496,1,74.88571428571429,76.0
2023-05-28,76.33,72.35,120.6304,241.49,36.502125,36.5686,79.9667,3.6725,76.33,0.0,0.015320888271187496,1,74.83857142857143,76.0
2023-05-29,76.33,72.35,120.6304,80.39,44.966984,36.5686,79.9667,3.6725,76.33,0.0,0.015278663342119617,1,74.87857142857142,76.61
2023-05-30,73.38,69.45,120.5546,111.1,111.29181,36.5686,80.0555,3.6725,73.38,-0.03864797589414393,0.02045236657390384,0,75.28428571428572,76.22
2023-05-31,71.98,68.11,120.9662,264.79,219.58307,36.5686,80.6872,3.6725,71.98,-0.019078768056691064,0.017994292806191494,0,75.98,76.85
2023-06-01,74.18,70.09,120.0491,108.62,182.39716,36.5686,80.9942,3.6725,74.18,0.03056404556821346,0.021688572097759956,0,76.22285714285715,75.88
2023-06-02,76.0,71.76,120.0049,96.48,129.57323,36.5686,80.9657,3.6725,76.0,0.024534915071447783,0.023779549710988584,0,76.04285714285716,74.74
2023-06-03,76.0,71.76,120.0049,63.27,119.01441,36.5686,80.8756,3.6725,76.0,0.0,0.023779549710988584,1,75.86285714285714,74.74
2023-06-04,76.0,71.76,120.0049,150.73,38.18522,36.5686,80.8756,3.6725,76.0,0.0,0.023779549710988584,1,75.68285714285715,74.74
2023-06-05,76.61,72.14,120.0048,133.01,107.08731,36.5686,80.8756,3.6725,76.61,0.00802631578947377,0.023993216628419693,0,74.99571428571429,71.8
2023-06-06,76.22,71.71,119.9718,62.63,133.47343,36.5686,81.3294,3.6725,76.22,-0.005090719227254903,0.01719334240701026,0,74.71285714285715,74.24
2023-06-07,76.85,72.52,119.859,119.0,142.29243,36.5686,81.2502,3.6725,76.85,0.008265547100498427,0.013334302164344915,0,74.21857142857144,73.39
2023-06-08,75.88,71.28,119.5712,96.83,78.73675,36.5686,81.4581,3.6725,75.88,-0.012621990891346746,0.011857559275721019,0,74.2,75.75
2023-06-09,74.74,70.16,119.4322,58.14,96.32668,36.5686,82.093,3.6725,74.74,-0.015023721665788137,0.00917470549035375,0,74.48857142857142,76.76
2023-06-10,74.74,70.16,119.4322,64.39,97.142746,36.5686,82.6417,3.6725,74.74,0.0,0.00917470549035375,1,74.77714285714285,76.76
2023-06-11,74.74,70.16,119.4322,90.27,81.29,36.5686,82.6417,3.6725,74.74,0.0,0.00917470549035375,1,75.0657142857143,76.76
2023-06-12,71.8,67.08,119.6376,204.38,65.725555,36.5686,82.6417,3.6725,71.8,-0.03933636606903934,0.015518739459341067,0,75.67857142857143,76.09
2023-06-13,74.24,69.39,119.1899,110.96,77.174515,36.5686,82.6417,3.6725,74.24,0.03398328690807806,0.02261330410779381,0,75.89999999999999,75.79
2023-06-14,73.39,68.22,118.776,147.42,72.132965,36.5686,83.6405,3.6725,73.39,-0.0114493534482758,0.022121234525622906,0,76.40428571428572,76.92
2023-06-15,75.75,70.61,118.5521,71.0,158.32126,36.5686,84.3249,3.6725,75.75,0.03215696961438885,0.026118538921415205,0,76.14428571428572,73.93
2023-06-16,76.76,71.81,118.4184,56.58,111.431946,36.5686,83.9611,3.6725,76.76,0.01333333333333342,0.02558508385023818,0,75.68714285714286,73.56
2023-06-17,76.76,71.81,118.4184,61.35,93.10471,36.5686,83.6498,3.6725,76.76,0.0,0.02558508385023818,1,75.23000000000002,73.56
2023-06-18,76.76,71.81,118.4184,126.36,84.696335,36.5686,83.6498,3.6725,76.76,0.0,0.02558508385023818,1,74.77285714285715,73.56
2023-06-19,76.09,71.81,118.4184,277.07,107.784195,36.5686,83.6498,3.6725,76.09,-0.008728504429390327,0.018581816116791192,1,74.45428571428572,73.86
2023-06-20,75.79,70.94,118.938,213.08,142.7831,36.5686,83.9866,3.6725,75.79,-0.003942699434879682,0.01510755788381309,0,73.89571428571428,71.88
2023-06-21,76.92,72.55,118.727,65.39,127.874855,36.5686,84.2336,3.6725,76.92,0.014909618683203618,0.01414475133352435,0,73.42714285714285,73.64
2023-06-22,73.93,69.22,118.7552,72.75,154.50409,36.5686,84.2467,3.6725,73.93,-0.0388715548621944,0.01791298190948474,0,73.41714285714285,73.86
2023-06-23,73.56,68.91,119.152,74.02,46.410755,36.5686,83.6077,3.6725,73.56,-0.005004734208034711,0.01634217608413192,0,73.55285714285715,74.51
2023-06-24,73.56,68.91,119.152,161.0,105.08145,36.5686,84.0793,3.6725,73.56,0.0,0.01634217608413192,1,73.68857142857144,74.51
2023-06-25,73.56,68.91,119.152,340.25,125.18424,36.5686,84.0793,3.6725,73.56,0.0,0.01634217608413192,1,73.82428571428571,74.51
2023-06-26,73.86,69.09,119.0761,150.9,169.51306,36.5686,84.0793,3.6725,73.86,0.004078303425774754,0.016692174365738187,0,73.91857142857143,74.52
2023-06-27,71.88,67.68,118.8949,127.96,118.30599,36.5686,84.6642,3.6725,71.88,-0.026807473598700282,0.01876093050545238,0,74.53999999999999,76.23
2023-06-28,73.64,69.54,119.3382,152.99,82.53906,36.5686,85.0504,3.6725,73.64,0.024485253199777457,0.020886205292005453,0,74.98285714285714,76.74
2023-06-29,73.86,69.85,119.527,117.91,120.89662,36.5686,85.6192,3.6725,73.86,0.002987506789788208,0.015103882739244763,0,75.39142857142858,76.72
2023-06-30,74.51,70.66,119.3606,96.85,102.673386,36.5686,87.0341,3.6725,74.51,0.00880043325209856,0.015247774983399074,0,76.0,78.77
2023-07-01,74.51,70.66,119.3606,86.8,103.03477,36.5686,88.3844,3.6725,74.51,0.0,0.015247774983399074,1,76.60857142857142,78.77
2023-07-02,74.51,70.66,119.3606,123.9,69.42507,36.5686,88.3844,3.6725,74.51,0.0,0.015247774983399074,1,77.21714285714286,78.77
2023-07-03,74.52,69.71,119.2119,65.32,45.37764,36.5686,88.3844,3.6725,74.52,0.0001342101731309775,0.015228228053160998,0,77.68999999999998,77.83
2023-07-04,76.23,69.71,119.2119,60.81,109.93034,36.5686,89.3255,3.6725,76.23,0.022946859903381744,0.01087199251685455,1,78.16285714285712,79.54
2023-07-05,76.74,71.78,119.3483,137.28,89.852646,36.5686,89.545,3.6725,76.74,0.00669027941755207,0.008276168918071654,0,78.67857142857143,80.35
2023-07-06,76.72,71.76,119.8193,40.77,172.6628,36.5686,90.338,3.6725,76.72,-0.00026062027625739503,0.008555445609226527,0,79.3342857142857,81.31
2023-07-07,78.77,73.91,119.0761,93.53,120.561386,36.5686,92.5695,3.6725,78.77,0.026720542231491118,0.011787589140272812,0,79.49571428571429,79.9
2023-07-08,78.77,73.91,119.0761,139.58,58.676723,36.5686,91.6879,3.6725,78.77,0.0,0.011787589140272812,1,79.65714285714286,79.9
2023-07-09,78.77,73.91,119.0761,71.88,75.932785,36.5686,91.6879,3.6725,78.77,0.0,0.011787589140272812,1,79.81857142857142,79.9
2023-07-10,77.83,73.05,118.9548,39.18,138.29805,36.5686,91.6879,3.6725,77.83,-0.011933477212136556,0.0138392537117406,0,79.8142857142857,77.8
2023-07-11,79.54,74.87,118.7344,37.82,141.35262,36.5686,91.4931,3.6725,79.54,0.02197096235384821,0.013647297971463785,0,79.81428571428572,79.54
2023-07-12,80.35,75.77,117.6385,89.22,203.18724,36.5686,90.5045,3.6725,80.35,0.010183555443801673,0.013733107288080398,0,79.67571428571429,79.38
2023-07-13,81.31,76.86,117.1831,75.95,80.5138,36.5686,90.6253,3.6725,81.31,0.011947728686994452,0.013479304456296082,0,79.4342857142857,79.62
2023-07-14,79.9,75.44,117.0463,206.65,151.36514,36.5686,90.1757,3.6725,79.9,-0.01734104046242768,0.01378941006736025,0,79.60000000000001,81.06
2023-07-15,79.9,75.44,117.0463,53.17,65.74562,36.5686,90.119,3.6725,79.9,0.0,0.01378941006736025,1,79.76571428571428,81.06
2023-07-16,79.9,75.44,117.0463,79.3,30.577547,36.5686,90.119,3.6725,79.9,0.0,0.01378941006736025,1,79.93142857142857,81.06
2023-07-17,77.8,74.17,117.1267,155.95,110.85364,36.5686,90.119,3.6725,77.8,-0.026282853566958808,0.016934400866414342,0,80.60714285714286,82.53
2023-07-18,79.54,75.76,117.0264,104.21,151.43167,36.5686,90.4217,3.6725,79.54,0.0223650385604115,0.017019789045380207,0,81.16714285714286,83.46
2023-07-19,79.38,75.4,117.3462,37.11,188.82715,36.5686,90.6906,3.6725,79.38,-0.002011566507417739,0.016432563592329412,0,81.68142857142857,82.98
2023-07-20,79.62,75.65,117.5947,260.18,127.64023,36.5686,91.2046,3.6725,79.62,0.003023431594860293,0.015525890304739066,0,82.34714285714287,84.28
2023-07-21,81.06,77.06,117.9418,80.78,112.39069,36.5686,90.8545,3.6725,81.06,0.018085908063300682,0.015802701338570035,0,82.83714285714287,84.49
2023-07-22,81.06,77.06,117.9418,81.81,36.516495,36.5686,90.3846,3.6725,81.06,0.0,0.015802701338570035,1,83.32714285714287,84.49
2023-07-23,81.06,77.06,117.9418,142.45,49.441307,36.5686,90.3846,3.6725,81.06,0.0,0.015802701338570035,1,83.81714285714285,84.49
2023-07-24,82.53,78.81,117.8124,105.67,143.43077,36.5686,90.3846,3.6725,82.53,0.0181347150259068,0.01050350048369268,0,84.20142857142856,85.22
2023-07-25,83.46,79.76,117.8565,37.76,61.724865,36.5686,90.489,3.6725,83.46,0.011268629589240131,0.008756771734694416,0,84.47000000000001,85.34
2023-07-26,82.98,79.11,117.76,220.51,84.07532,36.5686,90.0945,3.6725,82.98,-0.005751258087706601,0.009477531436915166,0,84.61714285714287,84.01
2023-07-27,84.28,80.17,117.8938,95.33,132.5027,36.5686,90.0468,3.6725,84.28,0.01566642564473364,0.009922292576020408,0,84.89,86.19
2023-07-28,84.49,80.55,117.788,82.35,130.33054,36.5686,90.0225,3.6725,84.49,0.002491694352159346,0.009044746914449682,0,85.30285714285712,87.38
2023-07-29,84.49,80.55,117.788,108.35,71.89212,36.5686,90.9783,3.6725,84.49,0.0,0.009044746914449682,1,85.71571428571428,87.38
2023-07-30,84.49,80.55,117.788,156.43,10.068595,36.5686,90.9783,3.6725,84.49,0.0,0.009044746914449682,1,86.12857142857142,87.38
2023-07-31,85.22,81.8,117.8241,81.19,154.39934,36.5686,90.9783,3.6725,85.22,0.008640075748609366,0.007496334636970263,0,86.30714285714286,86.47
2023-08-01,85.34,81.37,118.5738,151.79,116.91416,36.5686,91.5923,3.6725,85.34,0.001408120159587023,0.00694410194650062,0,86.68714285714285,88.0
2023-08-02,84.01,79.5,119.1268,121.59,132.75557,36.5686,91.7755,3.6725,84.01,-0.015584719943754322,0.009560376807340766,0,87.4442857142857,89.31
2023-08-03,86.19,81.56,119.3963,62.21,88.72949,36.5686,92.841,3.6725,86.19,0.02594929175098204,0.012410657908777427,0,87.62285714285716,87.44
2023-08-04,87.38,82.76,118.821,60.58,119.37181,36.5686,93.7792,3.6725,87.38,0.013806706114398493,0.013014263414125534,0,87.70142857142858,87.93
2023-08-05,87.38,82.76,118.821,52.64,97.42846,36.5686,94.8076,3.6725,87.38,0.0,0.013014263414125534,1,87.78,87.93
2023-08-06,87.38,82.76,118.821,85.29,30.18285,36.5686,94.8076,3.6725,87.38,0.0,0.013014263414125534,1,87.85857142857142,87.93
2023-08-07,86.47,81.94,119.0809,59.3,117.56503,36.5686,94.8076,3.6725,86.47,-0.01041428244449527,0.014050267273405404,0,87.99142857142856,87.4
2023-08-08,88.0,82.94,119.6407,49.89,108.29549,36.5686,96.5668,3.6725,88.0,0.017693997918353244,0.015204713794022304,0,87.74571428571429,86.28
2023-08-09,89.31,84.35,119.476,77.25,105.720245,36.5686,96.0755,3.6725,89.31,0.014886363636363642,0.012644934201332813,0,87.05714285714285,84.49
2023-08-10,87.44,82.81,119.1581,46.74,131.0055,36.5686,97.3999,3.6725,87.44,-0.020938304781099593,0.014375242629852781,0,86.74285714285715,85.24
2023-08-11,87.93,83.17,119.6268,170.3,142.35828,36.5686,97.2794,3.6725,87.93,0.0056038426349498405,0.013578702923641942,0,86.45571428571428,85.92
2023-08-12,87.93,83.17,119.6268,73.28,119.274124,36.5686,98.2066,3.6725,87.93,0.0,0.013578702923641942,1,86.16857142857143,85.92
2023-08-13,87.93,83.17,119.6268,64.02,60.701504,36.5686,98.2066,3.6725,87.93,0.0,0.013578702923641942,1,85.88142857142857,85.92
2023-08-14,87.4,82.5,120.0725,236.53,114.96981,36.5686,98.2066,3.6725,87.4,-0.0060275218924144,0.013056602467056654,0,85.60142857142857,85.44
2023-08-15,86.28,81.06,120.2127,53.33,114.6426,36.5686,101.0399,3.6725,86.28,-0.01281464530892451,0.011823750414774096,0,85.3757142857143,84.7
2023-08-16,84.49,79.4,120.3551,128.55,100.02425,36.5686,97.4217,3.6725,84.49,-0.0207464070468244,0.010565990599087974,0,85.29714285714284,83.94
2023-08-17,85.24,80.43,120.5242,101.81,116.02689,36.5686,96.7045,3.6725,85.24,0.008876790152680725,0.010417146333518893,0,85.13,84.07
2023-08-18,85.92,81.25,120.4321,36.93,77.42228,36.5686,93.746,3.6725,85.92,0.00797747536367921,0.010797851133227208,0,85.05857142857143,85.42
2023-08-19,85.92,81.25,120.4321,59.85,114.047714,36.5686,93.4047,3.6725,85.92,0.0,0.010797851133227208,1,84.98714285714286,85.42
2023-08-20,85.92,81.25,120.4321,141.46,43.70142,36.5686,93.4047,3.6725,85.92,0.0,0.010797851133227208,1,84.91571428571429,85.42
2023-08-21,85.44,80.71,120.4627,130.14,97.22421,36.5686,93.4047,3.6725,85.44,-0.005586592178770999,0.010780204224949859,0,84.91285714285713,85.42
2023-08-22,84.7,80.25,120.3554,52.69,81.09864,36.5686,94.1424,3.6725,84.7,-0.008661048689138529,0.010263749412524314,0,85.15142857142858,86.37
2023-08-23,83.94,78.91,120.0307,141.21,126.71024,36.5686,94.1185,3.6725,83.94,-0.008972845336481794,0.007341473772344358,0,85.53428571428573,86.62
2023-08-24,84.07,79.52,120.2354,76.47,61.571888,36.5686,94.4421,3.6725,84.07,0.001548725279961749,0.006137098925265187,0,85.99428571428572,87.29
2023-08-25,85.42,80.47,120.5137,137.35,40.2569,36.5686,94.4007,3.6725,85.42,0.01605804686570722,0.008587715836900673,0,86.64571428571428,89.98
2023-08-26,85.42,80.47,120.5137,172.14,85.97504,36.5686,94.7117,3.6725,85.42,0.0,0.008587715836900673,1,87.29714285714286,89.98
2023-08-27,85.42,80.47,120.5137,109.45,41.931236,36.5686,94.7117,3.6725,85.42,0.0,0.008587715836900673,1,87.94857142857144,89.98
2023-08-28,85.42,80.65,120.3155,70.13,75.441505,36.5686,94.7117,3.6725,85.42,0.0,0.0083245123168157,1,88.66285714285713,90.42
2023-08-29,86.37,81.14,120.2669,69.2,115.63378,36.5686,95.4717,3.6725,86.37,0.011121517209084608,0.008253338508965341,0,89.36000000000001,91.25
2023-08-30,86.62,81.64,119.7937,66.94,163.2956,36.5686,95.707,3.6725,86.62,0.0028945235614217246,0.006448105146113373,0,90.09857142857143,91.79
2023-08-31,87.29,83.55,120.225,167.14,117.42311,36.5686,95.9283,3.6725,87.29,0.007734934195335885,0.006397122275141245,0,90.65142857142857,91.16
2023-09-01,89.98,85.52,120.759,57.38,73.487,36.5686,96.3344,3.6725,89.98,0.030816817504868865,0.011156495239753927,0,90.91857142857144,91.85
2023-09-02,89.98,85.52,120.759,141.49,58.97747,36.5686,96.3411,3.6725,89.98,0.0,0.011156495239753927,1,91.1857142857143,91.85
2023-09-03,89.98,85.52,120.759,180.96,16.35836,36.5686,96.3411,3.6725,89.98,0.0,0.011156495239753927,1,91.45285714285716,91.85
2023-09-04,90.42,85.52,120.759,41.29,100.61537,36.5686,96.3411,3.6725,90.42,0.004889975550122161,0.010753726861096416,1,91.67428571428573,91.97
2023-09-05,91.25,86.74,121.4345,66.39,121.78558,36.5686,96.6199,3.6725,91.25,0.009179385091793835,0.0106909073231931,0,92.00714285714287,93.58
2023-09-06,91.79,87.55,121.8671,41.02,76.62523,36.5686,97.5383,3.6725,91.79,0.0059178082191782,0.010513128862457127,0,92.1857142857143,93.04
2023-09-07,91.16,86.87,121.9528,95.66,80.342125,36.5686,97.8439,3.6725,91.16,-0.00686349275520215,0.012001064851949118,0,92.76285714285714,95.2
2023-09-08,91.85,87.51,121.9475,37.05,80.14276,36.5686,98.1961,3.6725,91.85,0.007569109258446671,0.005574079569282347,0,93.29142857142857,95.55
2023-09-09,91.85,87.51,121.9475,65.78,44.430862,36.5686,97.9241,3.6725,91.85,0.0,0.005574079569282347,1,93.81999999999998,95.55
2023-09-10,91.85,87.51,121.9475,70.26,16.60435,36.5686,97.9241,3.6725,91.85,0.0,0.005574079569282347,1,94.34857142857142,95.55
2023-09-11,91.97,87.3,121.3386,82.18,93.49989,36.5686,97.9241,3.6725,91.97,0.001306477953184615,0.0055312619167123015,0,94.91714285714286,95.95
2023-09-12,93.58,88.87,121.2913,99.71,164.96852,36.5686,96.5083,3.6725,93.58,0.01750570838316845,0.007693631376385365,0,95.27857142857144,96.11
2023-09-13,93.04,88.59,121.0549,132.91,134.78366,36.5686,94.7035,3.6725,93.04,-0.005770463774310675,0.008355192344339818,0,95.49571428571429,94.56
2023-09-14,95.2,90.13,121.2395,111.69,119.9378,36.5686,95.9794,3.6725,95.2,0.023215821152192673,0.010514468032233026,0,95.28142857142858,93.7
2023-09-15,95.55,90.83,121.199,63.69,106.684944,36.5686,96.1609,3.6725,95.55,0.003676470588235281,0.010536664733492088,0,95.05857142857144,93.99
2023-09-16,95.55,90.83,121.199,29.01,79.4619,36.5686,96.6338,3.6725,95.55,0.0,0.010536664733492088,1,94.83571428571429,93.99
2023-09-17,95.55,90.83,121.199,132.64,64.3217,36.5686,96.6338,3.6725,95.55,0.0,0.010536664733492088,1,94.61285714285714,93.99
2023-09-18,95.95,91.47,121.1938,63.82,114.69175,36.5686,96.6338,3.6725,95.95,0.004186289900575568,0.010391529867243053,0,94.33571428571429,94.01
2023-09-19,96.11,91.16,121.1645,146.72,207.41676,36.5686,96.6472,3.6725,96.11,0.0016675351745700784,0.009148220356883048,0,94.10000000000001,94.46
2023-09-20,94.56,89.2,120.9648,82.86,190.11258,36.5686,96.2236,3.6725,94.56,-0.016127354073457445,0.011499516513567232,0,94.46285714285715,97.1
2023-09-21,93.7,89.56,121.5528,106.49,162.91316,36.5686,96.6172,3.6725,93.7,-0.009094754653130255,0.007543784437412545,0,94.88285714285713,96.64
2023-09-22,93.99,90.0,121.5306,42.8,131.62521,36.5686,96.0762,3.6725,93.99,0.003094983991462019,0.007470600883651248,0,95.14999999999999,95.86
2023-09-23,93.99,90.0,121.5306,52.98,70.02176,36.5686,96.0419,3.6725,93.99,0.0,0.007470600883651248,1,95.41714285714285,95.86
2023-09-24,93.99,90.0,121.5306,62.13,66.4174,36.5686,96.0419,3.6725,93.99,0.0,0.007470600883651248,1,95.6842857142857,95.86
2023-09-25,94.01,89.68,122.1143,14.69,109.96076,36.5686,96.0419,3.6725,94.01,0.00021278859453133236,0.007031466657756383,0,95.28428571428572,91.21
2023-09-26,94.46,91.43,122.4742,143.47,81.25166,36.5686,96.1456,3.6725,94.46,0.0047867248165087695,0.007454698561735911,0,95.28428571428573,94.46
2023-09-27,97.1,93.67,122.9895,150.04,101.46604,36.5686,96.2378,3.6725,97.1,0.02794833792081297,0.011493609618771163,0,94.24571428571429,89.83
2023-09-28,96.64,91.65,122.5342,111.89,64.378525,36.5686,96.5,3.6725,96.64,-0.004737384140061751,0.010770986280319203,0,93.05142857142856,88.28
2023-09-29,95.86,90.77,122.3077,136.08,86.41481,36.5686,97.0018,3.6725,95.86,-0.008071192052980125,0.011787797853981331,0,91.90857142857143,87.86
2023-09-30,95.86,90.77,122.3077,113.8,82.5562,36.5686,97.4147,3.6725,95.86,0.0,0.011787797853981331,1,90.76571428571428,87.86
2023-10-01,95.86,90.77,122.3077,143.15,38.971386,36.5686,97.4147,3.6725,95.86,0.0,0.011787797853981331,1,89.62285714285714,87.86
2023-10-02,91.21,88.81,123.0545,77.03,63.45915,36.5686,97.4147,3.6725,91.21,-0.048508241185061585,0.022832565756106843,0,89.64571428571428,91.37
2023-10-03,94.46,89.26,123.7848,100.4,107.04886,36.5686,98.4785,3.6725,94.46,0.03563205788838952,0.027357685040940962,0,89.10857142857144,90.7
2023-10-04,89.83,84.32,123.5946,181.95,61.24075,36.5901,99.2677,3.6725,89.83,-0.04901545627778947,0.029764729117443597,0,88.78714285714287,87.58
2023-10-05,88.28,82.3,123.8993,47.99,54.304386,36.6023,99.4555,3.6725,88.28,-0.0172548146498942,0.029724788168813996,0,88.80428571428571,88.4
2023-10-06,87.86,82.83,123.3563,95.46,161.30765,36.6216,99.6762,3.6725,87.86,-0.004757589487992764,0.02983251271185768,0,89.72857142857143,94.33
2023-10-07,87.86,82.83,123.3563,89.38,54.143005,36.6216,100.4911,3.6725,87.86,0.0,0.02983251271185768,1,90.65285714285714,94.33
2023-10-08,87.86,82.83,123.3563,228.9,75.66779,36.6216,100.4911,3.6725,87.86,0.0,0.02983251271185768,1,91.57714285714285,94.33
2023-10-09,91.37,82.83,123.3563,264.13,227.07118,36.5827,100.4911,3.6725,91.37,0.03994992032779421,0.03051107741038222,1,91.52285714285713,90.99
2023-10-10,90.7,85.89,122.9282,143.27,259.0835,36.5527,101.3598,3.6725,90.7,-0.007332822589471433,0.026337157321671915,0,91.78285714285713,92.52
2023-10-11,87.58,83.7,122.7697,192.77,265.9304,36.5058,99.9349,3.6725,87.58,-0.0343991179713341,0.022629431185614567,0,92.41285714285713,91.99
2023-10-12,88.4,82.87,123.2101,189.71,218.01176,36.4385,99.9808,3.6725,88.4,0.00936286823475685,0.022144318359940643,0,93.08714285714287,93.12
2023-10-13,94.33,87.67,123.5954,58.76,287.31454,36.3931,96.9948,3.6725,94.33,0.06708144796380089,0.03322724408143496,0,93.0,93.72
2023-10-14,94.33,87.67,123.5954,70.39,216.03702,36.3931,97.3075,3.6725,94.33,0.0,0.03322724408143496,1,92.91285714285713,93.72
2023-10-15,94.33,87.67,123.5954,512.8,154.47208,36.3931,97.3075,3.6725,94.33,0.0,0.03322724408143496,1,92.8257142857143,93.72
2023-10-16,90.99,86.65,123.3185,136.3,290.34457,36.3688,97.3075,3.6725,90.99,-0.03540761157638084,0.034346963655102945,0,92.95285714285716,91.88
2023-10-17,92.52,86.66,123.1202,97.8,274.5222,36.3297,97.2865,3.6725,92.52,0.016815034619188873,0.03471011515155415,0,92.30714285714286,88.0
2023-10-18,91.99,88.35,123.8148,90.33,333.00943,36.4507,97.3458,3.6725,91.99,-0.005728491137051428,0.031007324191243423,0,92.04285714285713,90.14
2023-10-19,93.12,89.35,123.798,279.65,338.8517,36.5616,97.3724,3.6725,93.12,0.012283943906946426,0.031057034206003635,0,91.37571428571428,88.45
2023-10-20,93.72,89.12,123.612,287.49,298.6288,36.6118,97.3074,3.6725,93.72,0.006443298969072142,0.017113353515181756,0,90.94857142857143,90.73
2023-10-21,93.72,89.12,123.612,82.04,251.51968,36.6118,95.9053,3.6725,93.72,0.0,0.017113353515181756,1,90.52142857142857,90.73
2023-10-22,93.72,89.12,123.612,159.3,105.16089,36.6118,95.9053,3.6725,93.72,0.0,0.017113353515181756,1,90.0942857142857,90.73
2023-10-23,91.88,85.49,123.2846,150.87,312.77466,36.5401,95.9053,3.6725,91.88,-0.01963294921041403,0.012101088178264519,0,89.92999999999999,90.73
2023-10-24,88.0,84.58,123.6416,79.87,250.00511,36.5569,94.7081,3.6725,88.0,-0.042228994340444026,0.01849720829736072,0,89.76142857142857,86.82
2023-10-25,90.14,86.07,123.7871,124.21,208.08998,36.579,93.5224,3.6725,90.14,0.024318181818181905,0.021992217588456556,0,89.30142857142857,86.92
2023-10-26,88.45,83.8,124.0064,37.91,168.43564,36.5312,93.1507,3.6725,88.45,-0.018748613268249392,0.02159533580533834,0,89.38285714285713,89.02
2023-10-27,90.73,86.04,123.62,90.17,251.86464,36.5082,93.5616,3.6725,90.73,0.025777275296777757,0.024640984061125235,0,88.92857142857143,87.55
2023-10-28,90.73,86.04,123.62,57.07,173.53975,36.5082,93.2174,3.6725,90.73,0.0,0.024640984061125238,1,88.4742857142857,87.55
2023-10-29,90.73,86.04,123.62,67.84,133.1292,36.5082,93.2174,3.6725,90.73,0.0,0.024640984061125238,1,88.02,87.55
2023-10-30,90.73,83.03,123.4076,164.09,205.43056,36.4216,93.2174,3.6725,90.73,0.0,0.023712595236006915,0,87.53142857142858,87.31
2023-10-31,86.82,81.64,123.8364,42.38,172.08144,36.3659,93.2435,3.6725,86.82,-0.04309489694698565,0.02396109990594135,0,87.04714285714287,83.43
2023-11-01,86.92,81.05,123.7922,132.01,251.73225,36.2812,92.0226,3.6725,86.92,0.0011518083390924527,0.021214499423036732,0,86.26714285714287,81.46
2023-11-02,89.02,83.04,122.8818,58.14,219.58307,36.2655,93.2801,3.6725,89.02,0.024160147261850007,0.022721309865418034,0,85.22714285714287,81.74
2023-11-03,87.55,81.19,121.7564,72.02,174.92107,36.2659,93.173,3.6725,87.55,-0.016513143113906947,0.020602838747117064,0,84.67142857142856,83.66
2023-11-04,87.55,81.19,121.7564,34.76,157.24213,36.2659,93.0351,3.6725,87.55,0.0,0.020602838747117064,1,84.11571428571428,83.66
2023-11-05,87.55,81.19,121.7564,85.27,92.954704,36.2659,93.0351,3.6725,87.55,0.0,0.020602838747117064,1,83.55999999999999,83.66
2023-11-06,87.31,81.54,121.6484,342.88,182.90251,36.1705,93.0351,3.6725,87.31,-0.002741290691033682,0.020520076974843034,0,83.1,84.09
2023-11-07,83.43,77.96,122.0777,122.59,140.21451,36.0426,93.0351,3.6725,83.43,-0.044439354025884725,0.020934986606251108,0,83.21000000000001,84.2
2023-11-08,81.46,75.85,122.0926,119.34,132.5027,36.0371,92.4151,3.6725,81.46,-0.02361260937312737,0.021705173112177012,0,83.3442857142857,82.4
2023-11-09,81.74,76.34,122.1281,142.71,201.47997,36.0407,92.1973,3.6725,81.74,0.003437269825681266,0.017414378148380736,0,82.77142857142857,77.73
2023-11-10,83.66,76.34,122.1281,127.96,180.98466,36.036,91.9266,3.6725,83.66,0.02348911181795943,0.021712435082458417,1,82.42285714285715,81.22
2023-11-11,83.66,76.34,122.1281,54.07,161.46162,36.036,92.0535,3.6725,83.66,0.0,0.021712435082458417,1,82.07428571428572,81.22
2023-11-12,83.66,76.34,122.1281,145.04,128.39409,36.036,92.0535,3.6725,83.66,0.0,0.021712435082458417,1,81.72571428571429,81.22
2023-11-13,84.09,78.86,122.4264,116.21,131.04663,36.0779,92.0535,3.6725,84.09,0.00513985178101839,0.02212610326063267,0,81.6057142857143,83.25
2023-11-14,84.2,78.9,121.35,198.44,148.22774,36.1609,92.1185,3.6725,84.2,0.0013081222499702339,0.013757571737757091,0,81.35142857142856,82.42
2023-11-15,82.4,77.15,121.0749,68.82,130.60303,36.3171,91.257,3.6725,82.4,-0.02137767220902609,0.013090246164681282,0,81.26,81.76
2023-11-16,77.73,73.5,121.1754,149.23,170.86455,36.2643,89.4565,3.6725,77.73,-0.05667475728155347,0.025554432109892687,0,81.70571428571428,80.85
2023-11-17,81.22,76.47,120.8477,168.58,149.4841,36.2496,88.9466,3.6725,81.22,0.04489900939148317,0.030581040716865945,0,81.50571428571428,79.82
2023-11-18,81.22,76.47,120.8477,62.79,111.659584,36.2496,89.1237,3.6725,81.22,0.0,0.030581040716865945,1,81.30571428571429,79.82
2023-11-19,81.22,76.47,120.8477,124.34,101.564575,36.2496,89.1237,3.6725,81.22,0.0,0.030581040716865945,1,81.10571428571428,79.82
2023-11-20,83.25,78.1,120.2533,42.9,204.9011,36.1394,89.1237,3.6725,83.25,0.02499384388081749,0.03241566334835727,0,80.56857142857143,79.49
2023-11-21,82.42,78.35,120.2241,295.43,96.48255,36.0496,88.4954,3.6725,82.42,-0.009969969969969905,0.032562995895628444,0,80.46000000000001,81.66
2023-11-22,81.76,76.8,120.6802,65.95,191.44437,36.0453,87.8701,3.6725,81.76,-0.008007765105556897,0.031656830972193406,0,80.63428571428571,82.98
2023-11-23,80.85,76.8,120.6802,15.44,175.4538,36.0675,88.1648,3.6725,80.85,-0.011130136986301498,0.021175406955801373,1,80.75857142857144,81.72
2023-11-24,79.82,74.83,120.2105,94.64,152.79372,36.0143,88.1206,3.6725,79.82,-0.01273964131106986,0.013126418781382302,0,80.60142857142857,78.72
2023-11-25,79.82,74.83,120.2105,46.51,125.10518,36.0143,88.8133,3.6725,79.82,0.0,0.013126418781382302,1,80.44428571428571,78.72
2023-11-26,79.82,74.83,120.2105,127.55,87.866516,36.0143,88.8133,3.6725,79.82,0.0,0.013126418781382302,1,80.28714285714287,78.72
2023-11-27,79.49,74.46,120.173,89.08,166.35165,36.0487,88.8133,3.6725,79.49,-0.004134302179904736,0.005240049329253446,0,80.09714285714286,78.16
2023-11-28,81.66,76.09,119.5904,101.83,184.38477,36.2173,88.7045,3.6725,81.66,0.027299031324695022,0.013551061118663481,0,79.47,77.27
2023-11-29,82.98,77.56,119.8159,83.76,88.77903,36.3644,88.6102,3.6725,82.98,0.016164584864070575,0.014581148309774923,0,78.23428571428572,74.33
2023-11-30,81.72,75.66,120.2434,147.72,178.90173,36.3752,88.8841,3.6725,81.72,-0.015184381778741929,0.015263815211049936,0,77.16142857142857,74.21
2023-12-01,78.72,73.7,119.9424,38.37,94.8141,36.3535,88.5819,3.6725,78.72,-0.03671071953010274,0.020733663233713086,0,76.7642857142857,75.94
2023-12-02,78.72,73.7,119.9424,56.37,122.122314,36.3535,89.7619,3.6725,78.72,0.0,0.020733663233713086,1,76.36714285714285,75.94
2023-12-03,78.72,73.7,119.9424,119.31,110.70278,36.3535,89.7619,3.6725,78.72,0.0,0.020733663233713086,1,75.97,75.94
2023-12-04,78.16,72.73,120.4727,51.19,194.85692,36.4606,89.7619,3.6725,78.16,-0.0071138211382114624,0.02082009198223435,0,75.62571428571428,75.75
2023-12-05,77.27,71.95,120.7913,328.17,89.69046,36.5383,90.6728,3.6725,77.27,-0.011386898669396128,0.016328183112504956,0,75.1742857142857,74.11
2023-12-06,74.33,68.98,120.5334,88.12,131.24277,36.6618,91.5823,3.6725,74.33,-0.0380484017082956,0.015948718921702177,0,75.14714285714285,74.14
2023-12-07,74.21,69.0,120.6013,73.65,194.1647,36.6906,92.7826,3.6725,74.21,-0.0016144221713978446,0.016794626894350195,0,75.55285714285715,77.05
2023-12-08,75.94,70.87,120.7607,64.67,153.52364,36.6722,92.5654,3.6725,75.94,0.023312222072497057,0.018259693626088352,0,75.68142857142857,76.84
2023-12-09,75.94,70.87,120.7607,89.99,106.34247,36.6722,91.6402,3.6725,75.94,0.0,0.018259693626088352,1,75.81000000000002,76.84
2023-12-10,75.94,70.87,120.7607,178.8,124.12431,36.6722,91.6402,3.6725,75.94,0.0,0.018259693626088352,1,75.93857142857144,76.84
2023-12-11,75.75,70.95,120.9279,117.01,153.7749,36.7424,91.6402,3.6725,75.75,-0.002501975243613397,0.018253018018150942,0,76.38714285714286,78.89
2023-12-12,74.11,68.27,120.6817,36.95,167.4222,36.8716,90.9846,3.6725,74.11,-0.021650165016501632,0.019297596117740352,0,77.20285714285716,79.82
2023-12-13,74.14,69.09,121.1571,95.78,192.79495,36.9861,90.2158,3.6725,74.14,0.00040480367021999974,0.013042362787420981,0,78.19714285714285,81.1
2023-12-14,77.05,71.21,119.5683,89.93,148.67899,37.0245,89.8926,3.6725,77.05,0.039250067439978276,0.019765088036153396,0,78.72285714285715,80.73
2023-12-15,76.84,71.05,119.7382,61.4,169.25528,36.9913,89.6741,3.6725,76.84,-0.0027255029201815884,0.018256629133597643,0,79.20714285714287,80.23
2023-12-16,76.84,71.05,119.7382,51.97,104.33284,36.9913,89.6966,3.6725,76.84,0.0,0.018256629133597643,1,79.69142857142857,80.23
2023-12-17,76.84,71.05,119.7382,94.75,90.89362,36.9913,89.6966,3.6725,76.84,0.0,0.018256629133597643,1,80.17571428571429,80.23
2023-12-18,78.89,72.16,119.9102,264.75,144.02469,37.0211,89.6966,3.6725,78.89,0.026678813118167666,0.020318925059958783,0,80.36714285714287,80.23
2023-12-19,79.82,73.23,119.4632,632.37,187.75687,37.1924,90.4162,3.6725,79.82,0.011788566358220232,0.016262399070451267,0,80.42571428571429,80.23
2023-12-20,81.1,73.87,119.5435,69.49,143.77463,37.3205,90.087,3.6725,81.1,0.016036081182660977,0.01566393234595767,0,80.40714285714286,80.97
2023-12-21,80.73,73.59,119.3168,95.99,114.01954,37.5516,90.4056,3.6725,80.73,-0.004562268803945613,0.011673713061694442,0,80.16571428571429,79.04
2023-12-22,80.23,73.29,119.0625,52.02,89.36783,37.5964,91.7062,3.6725,80.23,-0.00619348445435397,0.012204165743293907,0,79.80285714285715,77.69
2023-12-23,80.23,73.29,119.0625,174.58,150.29799,37.5964,91.9389,3.6725,80.23,0.0,0.012204165743293907,1,79.43999999999998,77.69
2023-12-24,80.23,73.29,119.0625,83.17,52.91642,37.5964,91.9389,3.6725,80.23,0.0,0.012204165743293907,1,79.07714285714285,77.69
2023-12-25,80.23,73.29,119.0625,74.35,136.39986,37.5525,91.9389,3.6725,80.23,0.0,0.008303400117685484,1,78.71428571428571,77.69
2023-12-26,80.23,75.84,118.8875,111.18,139.57448,37.5225,91.969,3.6725,80.23,0.0,0.007215103634489765,1,78.14428571428572,76.24
2023-12-27,80.97,74.31,118.4729,145.72,180.1815,37.3684,91.7069,3.6725,80.97,0.009223482487847434,0.004897461380756122,0,77.60285714285715,77.18
2023-12-28,79.04,72.02,118.4104,168.59,122.68769,37.6194,91.7051,3.6725,79.04,-0.023835988637767036,0.010244876056772973,0,77.13857142857144,75.79
2023-12-29,77.69,71.89,118.4208,107.55,221.2849,37.9824,90.3041,3.6725,77.69,-0.017079959514170184,0.011557569797255402,0,77.22714285714287,78.31
2023-12-30,77.69,71.89,118.4208,131.31,190.98303,37.9824,89.6883,3.6725,77.69,0.0,0.011557569797255402,1,77.3157142857143,78.31
2023-12-31,77.69,71.89,118.4208,221.29,110.085335,37.9824,89.6883,3.6725,77.69,0.0,0.011557569797255402,1,77.40428571428572,78.31
2024-01-01,77.69,71.89,118.4208,110.48,167.60016,38.002,89.6883,3.6725,77.69,0.0,0.011557569797255402,1,77.08714285714287,75.47
2024-01-02,76.24,70.62,119.2686,138.57,131.12247,38.0144,89.6883,3.6725,76.24,-0.018663920710516146,0.01245687026843498,0,77.33428571428571,77.97
2024-01-03,77.18,72.97,119.6958,162.46,149.3903,38.0839,89.6883,3.6725,77.18,0.01232948583420801,0.013173805180910795,0,77.51714285714287,78.46
2024-01-04,75.79,72.38,119.6208,118.85,180.68552,38.1159,89.6883,3.6725,75.79,-0.018009847110650457,0.01205058444177397,0,78.14857142857143,80.21
2024-01-05,78.31,74.0,119.388,106.49,167.48938,38.0412,89.6883,3.6725,78.31,0.0332497690988256,0.01788355959985818,0,78.37428571428572,79.89
2024-01-06,78.31,74.0,119.388,145.36,131.24277,38.0412,89.6883,3.6725,78.31,0.0,0.01788355959985818,1,78.6,79.89
2024-01-07,78.31,74.0,119.388,10.92,89.04752,38.0412,89.6883,3.6725,78.31,0.0,0.01788355959985818,1,78.82571428571428,79.89
2024-01-08,75.47,71.06,119.2506,153.56,106.62771,38.0775,89.6883,3.6725,75.47,-0.03626612182352196,0.022871190070487456,0,79.43857142857142,79.76
2024-01-09,77.97,72.43,119.6666,1026.38,241.2697,38.192,89.6883,3.6725,77.97,0.03312574532926993,0.02552518565372883,0,79.75,80.15
2024-01-10,78.46,71.57,119.7614,73.6,118.0951,38.2253,90.404,3.6725,78.46,0.006284468385276298,0.025277332293397462,0,79.80999999999999,78.88
2024-01-11,80.21,72.15,119.8916,57.0,165.31047,38.1923,89.3939,3.6725,80.21,0.02230435890899818,0.024368220889461622,0,79.92857142857143,81.04
2024-01-12,79.89,72.94,119.534,76.85,210.59279,37.9982,88.7818,3.6725,79.89,-0.003989527490337763,0.021983547891828926,0,80.0457142857143,80.71
2024-01-13,79.89,72.94,119.534,92.97,160.02742,37.9982,88.1324,3.6725,79.89,0.0,0.021983547891828926,1,80.16285714285713,80.71
2024-01-14,79.89,72.94,119.534,126.89,107.43463,37.9982,88.1324,3.6725,79.89,0.0,0.021983547891828926,1,80.28,80.71
2024-01-15,79.76,72.94,119.534,80.09,106.39939,37.8386,88.1324,3.6725,79.76,-0.0016272374514957333,0.014161520131672318,1,80.55714285714285,81.7
2024-01-16,80.15,72.63,120.5759,248.39,193.38907,37.8641,87.6772,3.6725,80.15,0.004889669007021036,0.008837000636484203,0,80.82714285714285,82.04
2024-01-17,78.88,72.79,121.0402,69.96,176.20041,37.9247,87.6457,3.6725,78.88,-0.01584529008109803,0.011447977213347204,0,81.2942857142857,82.15
2024-01-18,81.04,74.32,120.8895,121.41,167.48938,37.8977,88.354,3.6725,81.04,0.02738336713995948,0.013081146413912165,0,81.47857142857143,82.33
2024-01-19,80.71,73.69,120.6442,147.36,207.40584,37.7094,88.661,3.6725,80.71,-0.004072063178677365,0.01308700172748218,0,81.85428571428572,83.34
2024-01-20,80.71,73.69,120.6442,57.76,83.86247,37.7094,88.5896,3.6725,80.71,0.0,0.01308700172748218,1,82.23,83.34
2024-01-21,80.71,73.69,120.6442,142.04,70.107254,37.7094,88.5896,3.6725,80.71,0.0,0.01308700172748218,1,82.6057142857143,83.34
2024-01-22,81.7,75.26,120.6178,175.55,186.62354,37.5268,88.5896,3.6725,81.7,0.012266138025027962,0.013572434385062237,0,82.93285714285716,83.99
2024-01-23,82.04,74.72,121.1001,71.62,169.07245,37.4521,87.9724,3.6725,82.04,0.004161566707466369,0.01356295168471112,0,83.23285714285714,84.14
2024-01-24,82.15,75.48,120.4916,91.92,159.14471,37.4544,87.9199,3.6725,82.15,0.0013408093612872207,0.010762018591085873,0,83.35142857142857,82.98
2024-01-25,82.33,77.91,120.8311,114.57,202.2942,37.5252,88.2829,3.6725,82.33,0.0021911138161898602,0.005080977314329587,0,83.33285714285715,82.2
2024-01-26,83.34,78.45,120.6173,85.29,141.32115,37.5825,88.6562,3.6725,83.34,0.01226770314587644,0.005423721309484221,0,82.78999999999999,79.54
2024-01-27,83.34,78.45,120.6173,80.68,178.91956,37.5825,89.5159,3.6725,83.34,0.0,0.005423721309484221,1,82.24714285714286,79.54
2024-01-28,83.34,78.45,120.6173,109.4,152.74088,37.5825,89.5159,3.6725,83.34,0.0,0.005423721309484221,1,81.70428571428572,79.54
2024-01-29,83.99,77.25,120.8538,212.58,140.53317,37.7811,89.5159,3.6725,83.99,0.007799376049915985,0.004567118930681898,0,81.03428571428572,79.3
2024-01-30,84.14,78.3,120.6025,144.27,206.27711,37.8862,89.609,3.6725,84.14,0.0017859268960591645,0.004637864367235917,0,80.50857142857144,80.46
2024-01-31,82.98,76.28,120.4331,81.76,205.60765,37.8746,89.2887,3.6725,82.98,-0.013786546232469665,0.00810714769078556,0,80.25142857142858,81.18
2024-02-01,82.2,74.36,120.3335,97.99,147.49837,37.5627,89.6678,3.6725,82.2,-0.009399855386840184,0.00906171882598651,0,80.36714285714287,83.01
2024-02-02,79.54,72.72,120.902,55.14,171.52455,37.6047,90.2299,3.6725,79.54,-0.0323600973236009,0.013465052944743167,0,80.94428571428571,83.58
2024-02-03,79.54,72.72,120.902,95.61,96.79581,37.6047,90.6626,3.6725,79.54,0.0,0.013465052944743167,1,81.52142857142857,83.58
2024-02-04,79.54,72.72,120.902,213.37,85.66985,37.6047,90.6626,3.6725,79.54,0.0,0.013465052944743167,1,82.09857142857142,83.58
2024-02-05,79.3,73.21,121.349,209.6,125.87757,37.5698,90.6626,3.6725,79.3,-0.003017349761126553,0.012092440964469495,0,82.75285714285714,83.88
2024-02-06,80.46,73.83,120.9588,109.35,118.752426,37.5544,91.2434,3.6725,80.46,0.014627994955863866,0.014565478975689428,0,83.36142857142856,84.72
2024-02-07,81.18,74.26,120.9049,178.57,100.380844,37.6254,90.6842,3.6725,81.18,0.008948545861297674,0.015135399792703386,0,83.82285714285715,84.41
2024-02-08,83.01,76.67,121.0798,153.72,116.230446,37.5937,91.1514,3.6725,83.01,0.022542498152254176,0.017521492121741467,0,84.01142857142858,84.33
2024-02-09,83.58,77.26,121.039,67.61,194.52998,37.5707,91.2561,3.6725,83.58,0.006866642573183812,0.009144975987982808,0,84.19714285714284,84.88
2024-02-10,83.58,77.26,121.039,55.65,98.49575,37.5707,90.8901,3.6725,83.58,0.0,0.009144975987982808,1,84.38285714285713,84.88
2024-02-11,83.58,77.26,121.039,216.31,86.26478,37.5707,90.8901,3.6725,83.58,0.0,0.009144975987982808,1,84.56857142857143,84.88
2024-02-12,83.88,77.34,120.9378,215.18,156.38733,37.6234,90.8901,3.6725,83.88,0.003589375448671994,0.00821589085632011,0,84.80285714285715,85.52
2024-02-13,84.72,78.28,121.5202,183.22,187.85829,37.8951,91.0758,3.6725,84.72,0.010014306151645336,0.007776561481893863,0,84.81142857142856,84.78
2024-02-14,84.41,77.09,121.4002,86.93,135.80937,38.1264,91.2057,3.6725,84.41,-0.0036591123701605888,0.008761935893086974,0,84.86285714285714,84.77
2024-02-15,84.33,78.47,121.2121,83.03,214.80815,38.1734,91.4316,3.6725,84.33,-0.0009477550053310635,0.004807254455752384,0,85.07857142857142,85.84
2024-02-16,84.88,79.65,121.1505,58.32,160.93446,37.9484,91.8237,3.6725,84.88,0.006521996916874162,0.004753751937055074,0,84.97857142857141,84.18
2024-02-17,84.88,79.65,121.1505,147.98,87.02969,37.9484,92.5492,3.6725,84.88,0.0,0.004753751937055074,1,84.87857142857142,84.18
2024-02-18,84.88,79.65,121.1505,309.05,80.794334,37.9484,92.5492,3.6725,84.88,0.0,0.004753751937055074,1,84.77857142857144,84.18
2024-02-19,85.52,79.65,121.1505,88.77,167.8173,37.9719,92.5492,3.6725,85.52,0.007540056550424223,0.005160926554543962,1,84.56285714285715,84.01
2024-02-20,84.78,78.72,121.0199,149.95,170.21098,38.2847,92.4102,3.6725,84.78,-0.008652946679139295,0.005604429565580658,0,84.42285714285715,83.8
2024-02-21,84.77,78.89,121.0379,111.52,193.75397,38.4756,92.349,3.6725,84.77,-0.00011795234725175963,0.005361584314278417,0,84.32428571428571,84.08
2024-02-22,85.84,79.64,121.102,70.29,219.58307,38.6237,92.4387,3.6725,85.84,0.012622389996461036,0.006925302295514224,0,84.14285714285714,84.57
2024-02-23,84.18,77.6,121.0369,117.11,167.06863,38.4803,92.7519,3.6725,84.18,-0.019338303821062386,0.01045636180695255,0,84.23428571428572,84.82
2024-02-24,84.18,77.6,121.0369,192.21,111.12447,38.4803,92.7519,3.6725,84.18,0.0,0.01045636180695255,1,84.32571428571428,84.82
2024-02-25,84.18,77.6,121.0369,68.12,87.17284,38.4803,92.7519,3.6725,84.18,0.0,0.01045636180695255,1,84.41714285714285,84.82
2024-02-26,84.01,78.53,121.0592,167.77,200.97168,38.3527,92.7519,3.6725,84.01,-0.0020194820622475573,0.009733780958252369,0,84.78428571428572,86.58
2024-02-27,83.8,79.8,120.9647,117.39,166.86441,38.3361,92.6321,3.6725,83.8,-0.0024997024163790904,0.009356124092325674,0,85.07285714285715,85.82
2024-02-28,84.08,79.44,121.128,143.19,177.45898,38.4249,92.0425,3.6725,84.08,0.003341288782816143,0.009538378685039844,0,85.43142857142857,86.59
2024-02-29,84.57,79.22,121.1824,105.86,153.25046,38.2077,91.8692,3.6725,84.57,0.005827783063748759,0.008150692327881426,0,85.47571428571428,84.88
2024-03-01,84.82,80.9,121.0111,58.59,155.18335,38.0492,90.8423,3.6725,84.82,0.0029561310157266707,0.003053093908494886,0,85.39999999999999,84.29
2024-03-02,84.82,80.9,121.0111,72.85,82.69259,38.0492,91.3336,3.6725,84.82,0.0,0.003053093908494886,1,85.3242857142857,84.29
2024-03-03,84.82,80.9,121.0111,85.57,82.35665,38.0492,91.3336,3.6725,84.82,0.0,0.003053093908494886,1,85.24857142857142,84.29
2024-03-04,86.58,79.67,120.872,185.31,170.75092,38.1575,91.3336,3.6725,86.58,0.020749823154916358,0.007733703704154231,0,84.8,83.44
2024-03-05,85.82,79.11,120.8846,98.25,83.45617,38.3135,91.3534,3.6725,85.82,-0.008778008778008828,0.008930493228655377,0,84.49142857142859,83.66
2024-03-06,86.59,80.08,120.4649,107.93,108.01851,38.3943,91.1604,3.6725,86.59,0.00897226753670477,0.009170254583237038,0,84.11428571428573,83.95
2024-03-07,84.88,79.81,120.1909,56.71,122.23496,38.2664,90.3412,3.6725,84.88,-0.01974823882665444,0.012808715344982213,0,84.29714285714286,86.16
2024-03-08,84.29,78.96,119.975,36.66,183.72224,38.0836,90.7493,3.6725,84.29,-0.006950989632422133,0.013049187103247685,0,84.4542857142857,85.39
2024-03-09,84.29,78.96,119.975,230.58,89.67142,38.0836,90.7493,3.6725,84.29,0.0,0.013049187103247685,1,84.61142857142856,85.39
2024-03-10,84.29,78.96,119.975,221.18,98.21629,38.0836,90.7493,3.6725,84.29,0.0,0.013049187103247685,1,84.76857142857143,85.39
2024-03-11,83.44,78.87,120.0394,159.06,155.80585,38.141,90.7493,3.6725,83.44,-0.010084233005101528,0.009186068706596114,0,85.20142857142856,86.47
2024-03-12,83.66,78.51,120.1668,104.69,199.55228,38.3825,90.6252,3.6725,83.66,0.002636625119846636,0.009459715798157652,0,85.73,87.36
2024-03-13,83.95,80.67,119.9642,159.16,149.75441,38.4924,90.8818,3.6725,83.95,0.0034664116662683764,0.008411291726138765,0,85.99,85.77
2024-03-14,86.16,82.16,120.241,69.68,187.15071,38.7878,91.5449,3.6725,86.16,0.02632519356759966,0.011748350164098526,0,85.81285714285714,84.92
2024-03-15,85.39,81.94,120.4003,181.53,138.02365,38.6854,91.6359,3.6725,85.39,-0.008936861652738992,0.012026804191532754,0,85.73857142857142,84.87
2024-03-16,85.39,81.94,120.4003,110.1,126.5599,38.6854,91.87,3.6725,85.39,0.0,0.012026804191532754,1,85.66428571428571,84.87
2024-03-17,85.39,81.94,120.4003,180.66,69.19202,38.6854,91.87,3.6725,85.39,0.0,0.012026804191532754,1,85.59,84.87
2024-03-18,86.47,83.68,120.5752,140.24,147.65321,38.7998,91.87,3.6725,86.47,0.012647851036421187,0.011293373055416297,0,85.54857142857145,86.18
2024-03-19,87.36,84.39,120.9332,91.96,183.30414,38.9744,91.9829,3.6725,87.36,0.0102925870244015,0.011378358432831972,0,85.34142857142857,85.91
2024-03-20,85.77,82.79,120.9289,202.01,116.02689,39.1338,92.2243,3.6725,85.77,-0.018200549450549497,0.014720154171494255,0,85.22285714285714,84.94
2024-03-21,84.92,81.99,120.8086,77.59,130.51392,39.1399,92.6861,3.6725,84.92,-0.009910225020403285,0.011156575834217888,0,85.40142857142858,86.17
2024-03-22,84.87,81.1,121.1842,73.05,125.002556,38.9234,91.9499,3.6725,84.87,-0.0005887894488930678,0.010731468508555485,0,85.58714285714287,86.17
2024-03-23,84.87,81.1,121.1842,147.64,107.02965,38.9234,92.6118,3.6725,84.87,0.0,0.010731468508555485,1,85.77285714285713,86.17
2024-03-24,84.87,81.1,121.1842,93.1,69.011826,38.9234,92.6118,3.6725,84.87,0.0,0.010731468508555485,1,85.95857142857142,86.17
2024-03-25,86.18,82.41,121.0295,79.67,187.99307,38.9075,92.6118,3.6725,86.18,0.015435371745021742,0.011348610713869046,0,85.95714285714284,86.17
2024-03-26,85.91,82.41,121.0742,85.54,165.62839,39.2298,92.7761,3.6725,85.91,-0.0031329774889766737,0.010323725796960838,0,86.20285714285716,87.63
2024-03-27,84.94,82.15,121.0089,97.9,126.74172,39.343,92.5745,3.6725,84.94,-0.01129088581073212,0.008767844822536097,0,87.01142857142858,90.6
2024-03-28,86.17,83.96,121.0635,59.31,99.6261,39.2273,92.5919,3.6725,86.17,0.014480809983517862,0.009607810560526384,0,87.60428571428572,90.32
2024-03-29,86.17,83.96,121.0191,90.04,126.19306,39.2214,92.2628,3.6725,86.17,0.0,0.009582595250495105,1,88.55285714285712,92.81
2024-03-30,86.17,83.96,121.0191,49.51,161.58867,39.2214,92.366,3.6725,86.17,0.0,0.009582595250495105,1,89.50142857142858,92.81
2024-03-31,86.17,83.96,121.0191,89.56,119.953705,39.2214,92.366,3.6725,86.17,0.0,0.009582595250495105,1,90.44999999999997,92.81
2024-04-01,86.17,84.54,121.5151,113.74,123.22462,38.9974,92.366,3.6725,86.17,0.0,0.007604746816311593,1,91.24428571428572,91.73
2024-04-02,87.63,85.95,121.3035,64.34,197.96222,39.0749,92.2914,3.6725,87.63,0.0169432517117325,0.009715497438385005,0,91.88714285714286,92.13
2024-04-03,90.6,86.22,121.0198,87.02,181.86647,39.3236,92.5254,3.6725,90.6,0.03389250256761378,0.01314029788691321,0,92.0257142857143,91.57
2024-04-04,90.32,87.37,120.7613,79.84,160.98459,39.1953,92.3892,3.6725,90.32,-0.003090507726269287,0.013660578196356759,0,92.19285714285715,91.49
2024-04-05,92.81,87.69,120.9646,65.9,142.04836,39.0201,92.3058,3.6725,92.81,0.027568644818423582,0.015248197578445716,0,92.23714285714286,93.12
2024-04-06,92.81,87.69,120.9646,286.44,130.29767,39.0201,92.4155,3.6725,92.81,0.0,0.015248197578445716,1,92.28142857142858,93.12
2024-04-07,92.81,87.69,120.9646,136.54,69.73827,39.0201,92.4155,3.6725,92.81,0.0,0.015248197578445716,1,92.3257142857143,93.12
2024-04-08,91.73,87.24,120.7359,96.86,126.32673,38.8437,92.4155,3.6725,91.73,-0.011636677082210944,0.017134340777486122,0,92.19857142857143,90.84
2024-04-09,92.13,86.04,120.7048,127.5,171.76276,38.9882,92.581,3.6725,92.13,0.004360623569170219,0.016831317411918754,0,92.07857142857142,91.29
2024-04-10,91.57,86.98,121.5727,134.32,208.52495,38.9945,92.7463,3.6725,91.57,-0.006078367524150696,0.012538464390432828,0,91.78857142857143,89.54
2024-04-11,91.49,85.79,121.6081,116.38,123.34029,39.0232,93.2198,3.6725,91.49,-0.0008736485748607192,0.012428078834949813,0,91.33857142857144,88.34
2024-04-12,93.12,86.46,122.2885,164.38,161.32634,39.1676,93.7196,3.6725,93.12,0.017816154771013393,0.009198852122742601,0,90.6014285714286,87.96
2024-04-13,93.12,86.46,122.2885,83.15,130.11723,39.1676,93.4419,3.6725,93.12,0.0,0.009198852122742601,1,89.86428571428573,87.96
2024-04-14,93.12,86.46,122.2885,351.28,137.64131,39.1676,93.4419,3.6725,93.12,0.0,0.009198852122742601,1,89.12714285714286,87.96
2024-04-15,90.84,86.21,122.425,148.0,230.79364,39.399,93.4419,3.6725,90.84,-0.02448453608247425,0.012658223089510043,0,88.62142857142855,87.3
2024-04-16,91.29,86.15,123.1234,205.0,340.54434,39.5737,93.5891,3.6725,91.29,0.004953764861294507,0.01270450972189119,0,88.19285714285714,88.29
2024-04-17,89.54,83.58,123.0207,89.86,227.49628,39.5737,94.0742,3.6725,89.54,-0.019169679044802268,0.014387829277638308,0,88.11857142857141,89.02
2024-04-18,88.34,83.5,123.0017,73.0,155.66577,39.5451,94.3242,3.6725,88.34,-0.013401831583649826,0.014835763523282038,0,88.08428571428571,88.1
2024-04-19,87.96,83.79,123.1075,69.55,208.11943,39.6037,94.0922,3.6725,87.96,-0.004301562146253213,0.01106900034893673,0,88.36857142857143,89.95
2024-04-20,87.96,83.79,123.1075,105.0,134.36313,39.6037,93.4409,3.6725,87.96,0.0,0.01106900034893673,1,88.65285714285714,89.95
2024-04-21,87.96,83.79,123.1075,129.65,70.48016,39.6037,93.4409,3.6725,87.96,0.0,0.01106900034893673,1,88.93714285714286,89.95
2024-04-22,87.3,83.82,123.0609,63.52,162.91316,39.7879,93.4409,3.6725,87.3,-0.007503410641200525,0.00841039579818803,0,89.10000000000001,88.44
2024-04-23,88.29,84.17,122.7227,50.68,148.32393,39.7836,93.2519,3.6725,88.29,0.011340206185567192,0.009954705000841946,0,89.09142857142857,88.23
2024-04-24,89.02,84.09,122.89,103.13,139.23227,39.586,93.2918,3.6725,89.02,0.008268207044965337,0.008630370751209333,0,88.30999999999999,83.55
2024-04-25,88.1,84.92,122.8384,228.77,172.40129,39.4716,92.5058,3.6725,88.1,-0.010334756234554043,0.007933682971813868,0,87.84000000000002,84.81
2024-04-26,89.95,85.38,122.9471,71.47,150.83495,39.6702,92.1314,3.6725,89.95,0.020998864926220273,0.011007288755135465,0,86.93285714285716,83.6
2024-04-27,89.95,85.38,122.9471,53.88,154.32927,39.6702,92.0134,3.6725,89.95,0.0,0.011007288755135465,1,86.0257142857143,83.6
2024-04-28,89.95,85.38,122.9471,105.58,106.32934,39.6702,91.7791,3.6725,89.95,0.0,0.011007288755135465,1,85.11857142857143,83.6
2024-04-29,88.44,84.26,122.5449,80.35,191.10968,39.6015,91.7791,3.6725,88.44,-0.016787103946637072,0.012913496801739957,0,84.42714285714287,83.6
2024-04-30,88.23,83.49,122.9853,111.88,167.80362,39.6688,91.7791,3.6725,88.23,-0.002374491180461291,0.012271649710982229,0,83.63571428571429,82.69
2024-05-01,83.55,80.7,123.0168,52.26,130.75925,39.5151,91.7791,3.6725,83.55,-0.05304318259095553,0.02275868890310898,0,83.47714285714287,82.44
2024-05-02,84.81,80.59,122.4384,80.5,137.77406,39.637,91.7791,3.6725,84.81,0.015080789946140039,0.024436907771958862,0,83.25714285714285,83.27
2024-05-03,83.6,79.65,122.1375,55.72,110.41893,39.5345,92.0538,3.6725,83.6,-0.014267185473411215,0.021617535891247285,0,83.22714285714287,83.39
2024-05-04,83.6,79.65,122.1375,43.53,86.4618,39.5345,91.6918,3.6725,83.6,0.0,0.021617535891247285,1,83.19714285714285,83.39
2024-05-05,83.6,79.65,122.1375,165.5,68.83257,39.5345,91.6918,3.6725,83.6,0.0,0.021617535891247285,1,83.16714285714285,83.39
2024-05-06,83.6,80.1,121.8913,76.56,93.61604,39.3969,91.6918,3.6725,83.6,0.0,0.021695839658986533,1,83.10714285714286,83.18
2024-05-07,82.69,79.97,122.093,38.92,176.26508,39.3561,91.3124,3.6725,82.69,-0.010885167464114831,0.02157924000597918,0,82.86571428571428,81.0
2024-05-08,82.44,80.57,122.1926,35.93,163.58359,39.2966,91.1231,3.6725,82.44,-0.003023340186237733,0.009434984737817512,0,82.51428571428572,79.98
2024-05-09,83.27,80.86,122.1634,51.54,145.39896,39.3828,91.8239,3.6725,83.27,0.010067928190198971,0.008017705646412472,0,82.28285714285714,81.65
2024-05-10,83.39,79.81,122.014,103.08,185.27922,39.5518,91.8239,3.6725,83.39,0.0014410952323766768,0.006194687059715617,0,82.11857142857143,82.24
2024-05-11,83.39,79.81,122.014,262.99,106.002174,39.5518,91.8239,3.6725,83.39,0.0,0.006194687059715617,1,81.95428571428572,82.24
2024-05-12,83.39,79.81,122.014,245.08,54.009254,39.5518,91.8239,3.6725,83.39,0.0,0.006194687059715617,1,81.79,82.24
2024-05-13,83.18,80.71,122.0261,36.94,177.10759,39.7206,91.8239,3.6725,83.18,-0.0025182875644560454,0.006244387303063726,0,81.60857142857142,81.91
2024-05-14,81.0,79.62,121.9256,135.19,154.67242,39.6196,91.633,3.6725,81.0,-0.02620822313056026,0.011159942890035881,0,81.64,81.22
2024-05-15,79.98,80.23,121.3543,96.41,129.21364,39.6799,91.3591,3.6725,79.98,-0.012592592592592489,0.01174930749111625,0,81.62857142857142,79.9
2024-05-16,81.65,80.85,121.2236,55.17,124.90009,39.5771,91.2573,3.6725,81.65,0.020880220055013776,0.014365972782148077,0,81.28571428571429,79.25
2024-05-17,82.24,81.66,121.2354,54.29,181.65694,39.4305,90.9239,3.6725,82.24,0.00722596448254742,0.014804526885460296,0,80.81142857142856,78.92
2024-05-18,82.24,81.66,121.2354,71.86,110.92312,39.4305,90.9873,3.6725,82.24,0.0,0.014804526885460296,1,80.33714285714287,78.92
2024-05-19,82.24,81.66,121.2354,228.26,98.48174,39.4305,90.9873,3.6725,82.24,0.0,0.014804526885460296,1,79.86285714285714,78.92
2024-05-20,81.91,81.39,121.2289,92.53,135.07558,39.4272,90.9873,3.6725,81.91,-0.004012645914396873,0.01482589657751087,0,79.4357142857143,78.92
2024-05-21,81.22,80.66,121.3793,62.26,165.28404,39.665,90.6537,3.6725,81.22,-0.008423879868147965,0.011048996939893124,0,79.45285714285716,81.34
2024-05-22,79.9,79.15,121.5462,55.15,140.0534,39.8052,90.4082,3.6725,79.9,-0.016252154641713812,0.01182754757883386,0,79.68142857142858,81.5
2024-05-23,79.25,77.47,121.7477,77.2,101.833,39.825,90.1887,3.6725,79.25,-0.008135168961201589,0.007576755233929261,0,79.99142857142856,81.42
2024-05-24,78.92,78.48,121.6172,153.24,116.63971,39.9205,90.2486,3.6725,78.92,-0.004164037854889613,0.005696706786591249,0,80.06142857142858,79.41
2024-05-25,78.92,78.48,121.6172,58.73,91.41827,39.9205,89.7026,3.6725,78.92,0.0,0.005696706786591249,1,80.13142857142857,79.41
2024-05-26,78.92,78.48,121.6172,40.78,121.3053,39.9205,89.7026,3.6725,78.92,0.0,0.005696706786591249,1,80.20142857142856,79.41
2024-05-27,78.92,78.48,121.6172,52.47,145.4298,40.1153,89.7026,3.6725,78.92,0.0,0.006100610437050883,1,79.84857142857142,76.45
2024-05-28,81.34,80.9,121.43,56.95,143.45766,40.3012,88.6852,3.6725,81.34,0.030663963507349346,0.014647490057147331,0,78.99,75.33
2024-05-29,81.5,80.24,122.1641,123.02,135.43718,40.3958,88.4375,3.6725,81.5,0.0019670518809933313,0.01270573034833112,0,78.11999999999999,75.41
2024-05-30,81.42,78.96,121.9601,92.78,93.575356,40.4832,89.2589,3.6725,81.42,-0.0009815950920245564,0.011934053507363587,0,77.57714285714285,77.62
2024-05-31,79.41,77.97,122.098,72.4,156.49927,40.5001,89.7869,3.6725,79.41,-0.024686809137804078,0.01606043068845997,0,77.39285714285714,78.12
2024-06-01,79.41,77.97,122.098,87.64,121.1915,40.5001,90.1915,3.6725,79.41,0.0,0.01606043068845997,1,77.20857142857143,78.12
2024-06-02,79.41,77.97,122.098,58.35,90.01543,40.5001,90.1915,3.6725,79.41,0.0,0.01606043068845997,1,77.02428571428572,78.12
2024-06-03,76.45,75.26,122.3509,191.95,111.11338,40.5373,90.1915,3.6725,76.45,-0.037274902405238564,0.021651428866578597,0,77.47285714285715,79.59
2024-06-04,75.33,74.27,122.7256,67.8,110.21482,40.4813,89.3755,3.6725,75.33,-0.014650098103335618,0.015282156099301464,0,78.16142857142857,80.15
2024-06-05,75.41,75.08,122.5339,35.32,119.320625,40.2938,88.7574,3.6725,75.41,0.001061993893535007,0.015159437228782503,0,78.89142857142858,80.52
2024-06-06,77.62,76.52,122.3713,80.15,122.00986,40.1254,88.7436,3.6725,77.62,0.029306458029439098,0.021478617242581842,0,79.43714285714285,81.44
2024-06-07,78.12,76.53,123.549,55.59,122.68769,40.1537,88.7604,3.6725,78.12,0.006441638752898715,0.020301467650816016,0,79.91857142857143,81.49
2024-06-08,78.12,76.53,123.549,102.97,66.66158,40.1537,88.7606,3.6725,78.12,0.0,0.020301467650816016,1,80.39999999999999,81.49
2024-06-09,78.12,76.53,123.549,82.89,92.954704,40.1537,88.7606,3.6725,78.12,0.0,0.020301467650816016,1,80.88142857142857,81.49
2024-06-10,79.59,78.75,123.9125,92.67,107.28964,40.2485,88.7606,3.6725,79.59,0.018817204301075252,0.014319728617897494,0,81.29,82.45
2024-06-11,80.15,78.88,124.0349,59.32,121.78558,40.4246,88.9944,3.6725,80.15,0.0070360598065084545,0.011136484800650544,0,81.95285714285714,84.79
2024-06-12,80.52,79.56,123.8295,100.25,117.675575,40.5178,89.0214,3.6725,80.52,0.004616344354335444,0.010792507884233757,0,82.68428571428572,85.64
2024-06-13,81.44,79.61,124.0235,94.21,133.47343,40.4441,89.0214,3.6725,81.44,0.01142573273720826,0.0066227576106234615,0,83.32428571428571,85.92
2024-06-14,81.49,79.41,124.1694,88.92,90.13789,40.6908,88.208,3.6725,81.49,0.0006139489194498804,0.007043669937928584,0,84.02857142857144,86.42
2024-06-15,81.49,79.41,124.1694,62.45,109.895615,40.6908,89.0658,3.6725,81.49,0.0,0.007043669937928584,1,84.73285714285714,86.42
2024-06-16,81.49,79.41,124.1694,48.63,102.35462,40.6908,89.0658,3.6725,81.49,0.0,0.007043669937928584,1,85.43714285714286,86.42
2024-06-17,82.45,81.33,124.239,64.98,120.94568,40.649,89.0658,3.6725,82.45,0.011780586575039997,0.005176302634051512,0,86.05142857142857,86.75
2024-06-18,84.79,82.67,123.9776,72.11,142.94383,40.6485,89.0499,3.6725,84.79,0.028380836870830928,0.010290079419600797,0,86.34000000000002,86.81
2024-06-19,85.64,82.67,123.9776,52.65,114.88674,40.5493,87.0354,3.6725,85.64,0.010024767071588503,0.010185963123732253,1,86.35714285714286,85.76
2024-06-20,85.92,83.34,124.192,89.94,177.00743,40.5381,82.6282,3.6725,85.92,0.0032695002335356715,0.010313179912293573,0,86.51142857142858,87.0
2024-06-21,86.42,81.71,124.1086,76.15,128.30368,40.5184,85.4176,3.6725,86.42,0.00581936685288631,0.009894203109394345,0,86.63142857142859,87.26
2024-06-22,86.42,81.71,124.1086,109.47,64.95231,40.5184,87.9595,3.6725,86.42,0.0,0.009894203109394345,1,86.75142857142858,87.26
2024-06-23,86.42,81.71,124.1086,197.14,85.15598,40.5184,87.9595,3.6725,86.42,0.0,0.009894203109394345,1,86.87142857142858,87.26
2024-06-24,86.75,82.63,123.7125,99.49,212.60785,40.4478,87.9595,3.6725,86.75,0.0038185605183984617,0.009907549136148032,0,86.8457142857143,86.57
2024-06-25,86.81,81.97,123.9417,49.78,109.9876,40.5505,87.373,3.6725,86.81,0.0006916426512968421,0.003660233690622425,0,87.05571428571427,88.28
2024-06-26,85.76,82.19,124.26,66.89,128.58397,40.6545,87.277,3.6725,85.76,-0.012095380716507287,0.005853626500800196,0,87.41142857142857,88.25
2024-06-27,87.0,83.04,124.3379,88.91,120.676414,40.5138,87.8064,3.6725,87.0,0.01445895522388052,0.007971489464324919,0,87.60285714285715,88.34
2024-06-28,87.26,82.83,124.2103,56.38,121.46081,40.5374,84.964,3.6725,87.26,0.002988505747126391,0.007804439053844894,0,87.80285714285715,88.66
2024-06-29,87.26,82.83,124.2103,134.0,42.536983,40.5374,85.748,3.6725,87.26,0.0,0.007804439053844894,1,88.00285714285714,88.66
2024-06-30,87.26,82.83,124.2103,130.99,46.920223,40.5374,85.748,3.6725,87.26,0.0,0.007804439053844894,1,88.20285714285714,88.66
2024-07-01,86.57,84.7,124.4667,244.08,71.44754,40.4542,85.748,3.6725,86.57,-0.007907403162961346,0.008434057895250419,0,88.28571428571426,87.15
2024-07-02,88.28,84.09,124.2917,41.45,79.599594,40.6413,87.2972,3.6725,88.28,0.019752801201340153,0.011363248522197342,0,88.02857142857142,86.48
2024-07-03,88.25,85.19,123.7768,58.82,107.82317,40.7476,87.9921,3.6725,88.25,-0.0003398278205709593,0.009583442436914474,0,87.78571428571426,86.55
2024-07-04,88.34,85.19,123.7768,33.75,90.279625,40.7599,87.9506,3.6725,88.34,0.0010198300283286166,0.008449889970043858,1,87.52142857142857,86.49
2024-07-05,88.66,84.44,123.4762,778.95,73.1127,40.5458,88.1205,3.6725,88.66,0.0036223681231604132,0.008462930999981074,0,87.33428571428571,87.35
2024-07-06,88.66,84.44,123.4762,307.38,87.63406,40.5458,88.1348,3.6725,88.66,0.0,0.008462930999981074,1,87.14714285714287,87.35
2024-07-07,88.66,84.44,123.4762,104.43,94.915985,40.5458,88.1348,3.6725,88.66,0.0,0.008462930999981074,1,86.96000000000001,87.35
2024-07-08,87.15,83.63,123.3576,109.45,89.18452,40.542,88.1348,3.6725,87.15,-0.017031355741033094,0.010704123879152252,0,86.85571428571428,86.42
2024-07-09,86.48,82.78,123.4071,85.73,90.050385,40.7,88.1688,3.6725,86.48,-0.007687894434882381,0.007116858291124133,0,86.87285714285714,86.6
2024-07-10,86.55,83.39,123.1895,182.9,124.66653,40.7662,88.0031,3.6725,86.55,0.0008094357076779968,0.007198994784170877,0,86.75999999999999,85.76
2024-07-11,86.49,83.92,122.769,29.57,127.85349,40.7146,87.8551,3.6725,86.49,-0.0006932409012131435,0.007077475331291456,0,86.72714285714285,86.26
2024-07-12,87.35,83.49,122.4404,109.49,86.32098,40.8823,87.988,3.6725,87.35,0.009943346051566548,0.008351403953747396,0,86.41857142857144,85.19
2024-07-13,87.35,83.49,122.4404,275.41,31.74985,40.8823,87.7427,3.6725,87.35,0.0,0.008351403953747396,1,86.11,85.19
2024-07-14,87.35,83.49,122.4404,182.93,45.007713,40.8823,87.7427,3.6725,87.35,0.0,0.008351403953747396,1,85.80142857142856,85.19
2024-07-15,86.42,83.22,122.6347,99.68,67.880486,41.0434,87.7427,3.6725,86.42,-0.010646823125357696,0.006616668514641705,0,85.3757142857143,83.44
2024-07-16,86.6,81.92,122.7264,96.85,68.23641,41.0107,87.8077,3.6725,86.6,0.0020828511918535852,0.0060191289405699434,0,84.74714285714286,82.2
2024-07-17,85.76,84.16,122.518,129.38,105.25916,41.2575,88.2824,3.6725,85.76,-0.009699769053117646,0.007065442028746928,0,84.35428571428572,83.01
2024-07-18,86.26,84.17,122.7909,376.84,133.52,41.4627,88.0872,3.6725,86.26,0.005830223880596952,0.007569174573715934,0,83.82857142857142,82.58
2024-07-19,85.19,81.43,123.147,88.76,143.77463,41.422,87.8754,3.6725,85.19,-0.012404358914908542,0.007205400998259424,0,83.27999999999999,81.35
2024-07-20,85.19,81.43,123.147,87.09,79.501625,41.422,88.0206,3.6725,85.19,0.0,0.007205400998259424,1,82.73142857142857,81.35
2024-07-21,85.19,81.43,123.147,190.99,81.29,41.422,88.0206,3.6725,85.19,0.0,0.007205400998259424,1,82.18285714285715,81.35
2024-07-22,83.44,81.25,123.2172,78.76,130.03882,41.4912,88.0206,3.6725,83.44,-0.020542317173377178,0.009450981938310512,0,81.82571428571428,80.94
2024-07-23,82.2,78.24,123.3843,141.71,36.468636,41.3369,87.7805,3.6725,82.2,-0.014860977948226162,0.009515565389723047,0,81.4057142857143,79.26
2024-07-24,83.01,78.78,123.5575,79.17,78.87066,41.2316,87.299,3.6725,83.01,0.009854014598540184,0.011404534432372592,0,81.17428571428572,81.39
2024-07-25,82.58,79.43,123.5286,39.71,91.539,41.2174,86.5502,3.6725,82.58,-0.005180098783279186,0.010447089912055642,0,81.00142857142858,81.37
2024-07-26,81.35,78.58,123.672,68.12,95.771515,41.1977,85.41,3.6725,81.35,-0.014894647614434486,0.010733564704583207,0,80.57285714285715,78.35
2024-07-27,81.35,78.58,123.672,78.03,81.6478,41.1977,85.565,3.6725,81.35,0.0,0.010733564704583207,1,80.14428571428572,78.35
2024-07-28,81.35,78.58,123.672,174.08,105.16089,41.1977,85.565,3.6725,81.35,0.0,0.010733564704583207,1,79.71571428571428,78.35
2024-07-29,80.94,77.27,124.1392,66.23,124.38495,41.098,85.565,3.6725,80.94,-0.005039950829747952,0.008778942387190148,0,79.22571428571429,77.51
2024-07-30,79.26,76.17,124.2855,73.45,107.0729,41.0478,86.5554,3.6725,79.26,-0.0207561156412156,0.010138107284622257,0,78.84857142857142,76.62
2024-07-31,81.39,79.36,123.6373,53.04,112.86431,41.0291,86.33,3.6725,81.39,0.026873580620741855,0.015141192833316304,0,78.40142857142857,78.26
2024-08-01,81.37,77.74,123.8693,60.98,133.19765,41.0063,86.1091,3.6725,81.37,-0.00024573043371411973,0.015122090172521559,0,78.31428571428572,80.76
2024-08-02,78.35,74.99,123.4681,97.69,191.21782,41.139,85.7833,3.6725,78.35,-0.037114415632297004,0.019865739635555685,0,78.70285714285714,81.07
2024-08-03,78.35,74.99,123.4681,61.69,92.1758,41.139,85.7024,3.6725,78.35,0.0,0.019865739635555685,1,79.09142857142857,81.07
2024-08-04,78.35,74.99,123.4681,89.47,76.24836,41.139,85.7024,3.6725,78.35,0.0,0.019865739635555685,1,79.47999999999999,81.07
2024-08-05,77.51,74.46,123.5787,150.14,186.99979,41.225,85.7024,3.6725,77.51,-0.010721123165283841,0.01997466122702373,0,80.27285714285713,83.06
2024-08-06,76.62,74.6,123.6532,207.85,131.5008,41.1966,84.9471,3.6725,76.62,-0.011482389369113721,0.019121777662178017,0,81.11428571428571,82.51
2024-08-07,78.26,76.68,123.5698,53.33,172.72234,41.0381,85.1646,3.6725,78.26,0.021404333072304826,0.017675096851749058,0,81.66999999999999,82.15
2024-08-08,80.76,77.64,123.4466,18.65,174.67401,40.9847,85.9543,3.6725,80.76,0.03194479938665995,0.022722212972583353,0,82.00285714285714,83.09
2024-08-09,81.07,78.28,122.9276,122.7,151.33559,40.9926,86.5621,3.6725,81.07,0.003838533927686738,0.016151863659204645,0,82.07285714285715,81.56
2024-08-10,81.07,78.28,122.9276,81.78,122.04196,40.9926,87.992,3.6725,81.07,0.0,0.016151863659204645,1,82.14285714285714,81.56
2024-08-11,81.07,78.28,122.9276,223.61,61.834595,40.9926,87.992,3.6725,81.07,0.0,0.016151863659204645,1,82.21285714285715,81.56
2024-08-12,83.06,81.45,123.2204,76.44,118.30599,41.119,87.992,3.6725,83.06,0.024546688047366594,0.015930509584723744,0,81.93142857142858,81.09
2024-08-13,82.51,79.81,123.0146,88.36,151.60493,41.283,89.9475,3.6725,82.51,-0.006621719239104262,0.014909450204146175,0,81.40857142857143,78.85
2024-08-14,82.15,78.47,122.4297,120.48,175.76889,41.3464,92.6592,3.6725,82.15,-0.004363107502120989,0.015015428565154702,0,80.92571428571429,78.77
2024-08-15,83.09,79.66,122.5844,221.13,139.61014,41.3262,90.0055,3.6725,83.09,0.011442483262324998,0.010741229079128795,0,80.31285714285714,78.8
2024-08-16,81.56,78.05,122.3972,194.96,118.943184,41.1382,88.796,3.6725,81.56,-0.018413768203153213,0.013718697399004068,0,80.13857142857144,80.34
2024-08-17,81.56,78.05,122.3972,142.54,137.03067,41.1382,88.9062,3.6725,81.56,0.0,0.013718697399004068,1,79.96428571428571,80.34
2024-08-18,81.56,78.05,122.3972,300.83,75.07236,41.1382,88.9062,3.6725,81.56,0.0,0.013718697399004068,1,79.79,80.34
2024-08-19,81.09,75.82,121.8788,88.54,136.52664,41.211,88.9062,3.6725,81.09,-0.005762628739578224,0.008997413213668915,0,79.68285714285716,80.34
2024-08-20,78.85,75.27,121.7728,54.32,151.4693,41.3027,89.5428,3.6725,78.85,-0.027623628067579342,0.012907371907957486,0,80.06285714285715,81.51
2024-08-21,78.77,72.76,121.8535,116.81,140.6882,41.3459,90.6944,3.6725,78.77,-0.0010145846544070691,0.013056145089273394,0,80.24428571428571,80.04
2024-08-22,78.8,73.72,122.3626,87.14,184.37297,41.2975,91.6862,3.6725,78.8,0.0003808556557065579,0.011133710620070703,0,80.63714285714286,81.55
2024-08-23,80.34,75.82,121.4597,69.6,143.76424,41.2881,91.2881,3.6725,80.34,0.019543147208122003,0.013841013431797779,0,80.61714285714287,80.2
2024-08-24,80.34,75.82,121.4597,30.03,87.316444,41.2881,91.6012,3.6725,80.34,0.0,0.013841013431797779,1,80.59714285714287,80.2
2024-08-25,80.34,75.82,121.4597,100.22,110.7265,41.2881,91.6012,3.6725,80.34,0.0,0.013841013431797779,1,80.57714285714287,80.2
2024-08-26,80.34,78.4,121.6943,63.73,176.03017,41.2236,91.6012,3.6725,80.34,0.0,0.013755760343880938,1,80.21714285714286,77.82
2024-08-27,81.51,76.5,121.8672,35.71,174.34567,41.3591,91.7745,3.6725,81.51,0.014563106796116498,0.00851600996105864,0,79.49571428571429,76.46
2024-08-28,80.04,75.49,121.8943,64.09,156.1918,41.3008,91.4807,3.6725,80.04,-0.01803459698196541,0.01211569994674529,0,78.72857142857141,74.67
2024-08-29,81.55,76.9,122.2333,92.28,132.5027,41.2508,91.4449,3.6725,81.55,0.018865567216391765,0.013545000256515321,0,77.71714285714286,74.47
2024-08-30,80.2,74.52,122.3262,60.89,166.55368,41.1901,91.4548,3.6725,80.2,-0.016554261189454245,0.01394687341407911,0,76.66285714285716,72.82
2024-08-31,80.2,74.52,122.3262,66.18,124.5752,41.1901,91.1868,3.6725,80.2,0.0,0.01394687341407911,1,75.60857142857142,72.82
2024-09-01,80.2,74.52,122.3262,137.9,113.66654,41.1901,91.1868,3.6725,80.2,0.0,0.01394687341407911,1,74.5542857142857,72.82
2024-09-02,77.82,74.52,122.3262,601.26,145.5133,41.0592,91.1868,3.6725,77.82,-0.029675810473815623,0.01785170742162613,1,73.77571428571427,72.37
2024-09-03,76.46,71.28,122.7811,70.88,171.22617,41.0976,90.0013,3.6725,76.46,-0.01747622719095343,0.01620963698316641,0,72.90142857142857,70.34
2024-09-04,74.67,70.11,122.5144,92.74,180.32123,41.264,88.6118,3.6725,74.67,-0.023410933821605973,0.01682571087936971,0,72.27857142857142,70.31
2024-09-05,74.47,70.09,122.4533,54.83,141.9672,41.2766,88.9288,3.6725,74.47,-0.0026784518548279568,0.011996296234267467,0,72.1842857142857,73.81
2024-09-06,72.82,68.58,122.4991,103.01,100.380844,41.089,89.7044,3.6725,72.82,-0.02215657311669139,0.012464087071097526,0,72.30714285714286,73.68
2024-09-07,72.82,68.58,122.4991,57.59,90.47984,41.089,89.8225,3.6725,72.82,0.0,0.012464087071097526,1,72.43,73.68
2024-09-08,72.82,68.58,122.4991,136.16,122.36398,41.089,89.8225,3.6725,72.82,0.0,0.012464087071097526,1,72.55285714285715,73.68
2024-09-09,72.37,69.65,122.7156,55.57,146.75932,41.0168,89.8225,3.6725,72.37,-0.0061796209832462035,0.010418037693636228,0,72.78,73.96
2024-09-10,70.34,66.73,123.0071,117.97,97.60789,41.0948,90.3853,3.6725,70.34,-0.0280502970844273,0.01224345843150298,0,73.38142857142857,74.55
2024-09-11,70.31,68.25,122.7754,38.01,212.90605,41.14,91.1127,3.6725,70.31,-0.0004264998578333845,0.011673845989032074,0,73.98285714285714,74.52
2024-09-12,73.81,69.89,122.4423,58.47,103.114944,41.1855,91.2653,3.6725,73.81,0.04977954771725224,0.025123159438156215,0,74.28571428571429,75.93
2024-09-13,73.68,69.59,121.6551,92.86,185.64302,41.2743,91.1096,3.6725,73.68,-0.0017612789594905198,0.023383714699875616,0,74.61142857142856,75.96
2024-09-14,73.68,69.59,121.6551,62.32,100.380844,41.2743,90.9345,3.6725,73.68,0.0,0.023383714699875616,1,74.93714285714285,75.96
2024-09-15,73.68,69.59,121.6551,76.57,55.874638,41.2743,90.9345,3.6725,73.68,0.0,0.023383714699875616,1,75.26285714285713,75.96
2024-09-16,73.96,71.1,121.4976,59.1,88.97392,41.3171,90.9345,3.6725,73.96,0.003800217155265795,0.023111017219740074,0,75.4042857142857,74.95
2024-09-17,74.55,72.16,121.6031,110.52,100.78806,41.3591,91.1423,3.6725,74.55,0.007977285018929248,0.018510519773182927,0,75.50999999999999,75.29
2024-09-18,74.52,71.87,121.5618,152.08,122.00986,41.41,91.4292,3.6725,74.52,-0.0004024144869215762,0.018508590142457693,0,75.63571428571427,75.4
2024-09-19,75.93,72.86,121.3059,126.07,93.751915,41.4508,91.6712,3.6725,75.93,0.018921095008051614,0.007337466632945232,0,75.22571428571428,73.06
2024-09-20,75.96,72.72,121.4052,66.37,175.53778,41.4445,92.6962,3.6725,75.96,0.0003951007506912685,0.0070927148332143525,0,74.60714285714286,71.63
2024-09-21,75.96,72.72,121.4052,77.27,90.29145,41.4445,92.5848,3.6725,75.96,0.0,0.0070927148332143525,1,73.98857142857143,71.63
2024-09-22,75.96,72.72,121.4052,56.52,8.952886,41.4445,92.5848,3.6725,75.96,0.0,0.0070927148332143525,1,73.37,71.63
2024-09-23,74.95,71.33,121.4303,73.57,158.09982,41.3481,92.5848,3.6725,74.95,-0.013296471827277445,0.009766927704472904,0,72.99857142857142,72.35
2024-09-24,75.29,72.34,121.1291,72.44,161.1171,41.3567,92.92,3.6725,75.29,0.0045363575717145554,0.009495371198028398,0,73.00000000000001,75.3
2024-09-25,75.4,70.42,121.4447,103.88,175.30011,41.3744,92.8622,3.6725,75.4,0.0014610173993889752,0.009460823789647278,0,72.92285714285714,74.86
2024-09-26,73.06,68.28,121.0785,82.08,240.47679,41.2647,92.388,3.6725,73.06,-0.03103448275862075,0.012630559425419009,0,73.56714285714285,77.57
2024-09-27,71.63,68.72,121.1111,90.48,134.84789,41.2085,92.4074,3.6725,71.63,-0.019572953736654908,0.013333698613553633,0,74.66571428571429,79.32
2024-09-28,71.63,68.72,121.1111,53.03,66.584274,41.2085,92.7126,3.6725,71.63,0.0,0.013333698613553633,1,75.7642857142857,79.32
2024-09-29,71.63,68.72,121.1111,31.33,102.35462,41.2085,92.7126,3.6725,71.63,0.0,0.013333698613553633,1,76.86285714285714,79.32
2024-09-30,72.35,68.75,121.2864,116.24,160.49263,41.1664,92.7126,3.6725,72.35,0.01005165433477595,0.014716071572488642,0,78.2042857142857,81.74
2024-10-01,75.3,70.41,121.6881,58.83,135.86703,41.2199,93.2221,3.6725,75.3,0.04077401520387003,0.022772525260102868,0,78.61714285714285,78.19
2024-10-02,74.86,70.74,121.5724,133.57,178.7127,41.2476,93.3581,3.6725,74.86,-0.005843293492695856,0.02287436556930214,0,78.93142857142857,77.06
2024-10-03,77.57,74.33,122.1197,76.65,237.05757,41.2755,94.5054,3.6725,77.57,0.036200908362276074,0.02216996691742536,0,79.2,79.45
2024-10-04,79.32,74.93,122.2197,74.53,144.2756,41.2202,95.0262,3.6725,79.32,0.022560268144901308,0.018617373226367293,0,79.33571428571429,80.27
2024-10-05,79.32,74.93,122.2197,93.95,72.57582,41.2202,94.87,3.6725,79.32,0.0,0.018617373226367293,1,79.47142857142856,80.27
2024-10-06,79.32,74.93,122.2197,77.36,89.28754,41.2202,94.87,3.6725,79.32,0.0,0.018617373226367293,1,79.60714285714286,80.27
2024-10-07,81.74,77.76,122.4241,48.33,80.630455,41.1859,94.87,3.6725,81.74,0.030509329299041932,0.019335841578524294,0,79.13999999999999,78.47
2024-10-08,78.19,74.26,122.6625,127.04,98.588326,41.1961,96.0649,3.6725,78.19,-0.04343038903841445,0.027209368134232727,0,78.49571428571429,73.68
2024-10-09,77.06,73.85,122.8821,71.55,137.03067,41.1756,96.1079,3.6725,77.06,-0.014451975956004559,0.028001797220770928,0,78.00857142857144,73.65
2024-10-10,79.45,76.46,123.0951,96.67,119.58729,41.1934,96.9483,3.6725,79.45,0.031014793667272222,0.027076073618821066,0,77.28285714285714,74.37
2024-10-11,80.27,76.11,122.9805,247.06,157.45294,41.2072,97.2394,3.6725,80.27,0.010320956576463036,0.02603352322622032,0,76.20857142857143,72.75
2024-10-12,80.27,76.11,122.9805,211.55,96.01646,41.2072,96.0686,3.6725,80.27,0.0,0.02603352322622032,1,75.13428571428572,72.75
2024-10-13,80.27,76.11,122.9805,154.13,52.16642,41.2072,96.0686,3.6725,80.27,0.0,0.02603352322622032,1,74.06000000000002,72.75
2024-10-14,78.47,76.11,122.9805,68.25,151.4693,41.1891,96.0686,3.6725,78.47,-0.022424317926996395,0.023977023600597936,1,73.32000000000001,73.29
2024-10-15,73.68,71.22,123.5124,140.41,125.71415,41.1963,96.1021,3.6725,73.68,-0.06104243659997444,0.029008481645761235,0,73.59285714285714,75.59
2024-10-16,73.65,70.97,123.9235,79.68,117.64259,41.2139,97.0121,3.6725,73.65,-0.0004071661237785573,0.0289802663763258,0,73.74000000000001,74.68
2024-10-17,74.37,71.26,124.1122,114.8,104.241646,41.2256,97.2568,3.6725,74.37,0.009775967413441888,0.025331845511704774,0,73.72571428571429,74.27
2024-10-18,72.75,69.78,123.9185,70.12,124.89034,41.2351,97.149,3.6725,72.75,-0.021782977006857718,0.024103785907039245,0,74.13571428571429,75.62
2024-10-19,72.75,69.78,123.9185,89.05,72.254,41.2351,96.4172,3.6725,72.75,0.0,0.024103785907039245,1,74.5457142857143,75.62
2024-10-20,72.75,69.78,123.9185,176.02,77.84102,41.2351,96.4172,3.6725,72.75,0.0,0.024103785907039245,1,74.9557142857143,75.62
2024-10-21,73.29,71.16,124.4757,283.8,119.05634,41.2308,96.4172,3.6725,73.29,0.007422680412371152,0.02492850752125798,0,74.75285714285714,71.87
2024-10-22,75.59,72.84,124.4107,116.02,214.1458,41.2833,96.0924,3.6725,75.59,0.03138218037931506,0.015867552713728292,0,74.11,71.09
2024-10-23,74.68,71.37,124.6931,98.6,215.39117,41.3313,96.5918,3.6725,74.68,-0.012038629448339666,0.01694999716139578,0,73.9,73.21
2024-10-24,74.27,70.58,124.5127,67.34,136.47282,41.2739,96.6379,3.6725,74.27,-0.005490091055168844,0.016780288626325718,0,73.75428571428571,73.25
2024-10-25,75.62,72.02,124.6105,83.65,170.0256,41.263,96.7402,3.6725,75.62,0.018176922041201138,0.014849490321256093,0,73.47,73.63
2024-10-26,75.62,72.02,124.6105,245.79,114.05547,41.263,96.6657,3.6725,75.62,0.0,0.014849490321256093,1,73.18571428571428,73.63
2024-10-27,75.62,72.02,124.6105,187.75,93.913,41.263,96.6657,3.6725,75.62,0.0,0.014849490321256093,1,72.90142857142857,73.63
2024-10-28,71.87,67.65,124.8076,75.66,145.17229,41.3135,96.6657,3.6725,71.87,-0.049590055540862155,0.02551286006037235,0,73.33285714285715,74.89
2024-10-29,71.09,67.48,124.8612,88.98,160.80424,41.3292,97.23,3.6725,71.09,-0.010852928899401704,0.02070288282955842,0,74.1742857142857,76.98
2024-10-30,73.21,68.91,124.8153,70.46,133.96414,41.3798,97.3261,3.6725,73.21,0.02982135321423529,0.02510266708251724,0,74.64714285714285,76.52
2024-10-31,73.25,69.58,124.7988,107.64,133.89992,41.279,97.053,3.6725,73.25,0.0005463734462505254,0.025088999776453402,0,75.00142857142858,75.73
2024-11-01,73.63,69.81,124.8076,116.29,131.07283,41.2194,97.0226,3.6725,73.63,0.005187713310580211,0.02382225642826501,0,75.05999999999999,74.04
2024-11-02,73.63,69.81,124.8076,384.15,79.75684,41.2194,97.4402,3.6725,73.63,0.0,0.02382225642826501,1,75.11857142857143,74.04
2024-11-03,73.63,69.81,124.8076,298.74,101.405136,41.2194,97.5499,3.6725,73.63,0.0,0.02382225642826501,1,75.17714285714285,74.04
2024-11-04,74.89,71.83,124.5903,231.81,114.69175,41.2891,97.5499,3.6725,74.89,0.017112589976911563,0.013400029264570923,0,74.79142857142858,72.19
2024-11-05,76.98,72.26,124.5532,312.49,57.44337,41.3954,97.5499,3.6725,76.98,0.02790759781012153,0.013296042623008528,0,74.16000000000001,72.56
2024-11-06,76.52,71.98,125.7035,142.57,120.14494,41.4375,98.0562,3.6725,76.52,-0.005975578072226706,0.01188939161753681,0,73.63714285714286,72.86
2024-11-07,75.73,72.69,124.775,323.52,98.795876,41.4562,98.2236,3.6725,75.73,-0.010324098274960725,0.013395454015829093,0,73.30285714285715,73.39
2024-11-08,74.04,70.69,125.5811,308.41,108.89063,41.3589,98.0726,3.6725,74.04,-0.022316123068797045,0.01686277548718357,0,73.21857142857144,73.45
2024-11-09,74.04,70.69,125.5811,125.18,77.39644,41.3589,97.8335,3.6725,74.04,0.0,0.01686277548718357,1,73.13428571428571,73.45
2024-11-10,74.04,70.69,125.5811,484.55,54.009254,41.3589,97.8335,3.6725,74.04,0.0,0.01686277548718357,1,73.05,73.45
2024-11-11,72.19,70.69,125.5811,386.33,154.22887,41.2982,97.8335,3.6725,72.19,-0.02498649378714224,0.017613663624148564,1,73.35857142857142,74.35
2024-11-12,72.56,68.43,126.7762,225.35,106.85702,41.2981,97.955,3.6725,72.56,0.005125363623770696,0.011564246507989033,0,73.61,74.32
2024-11-13,72.86,68.76,126.9572,170.4,116.55331,41.3763,97.9559,3.6725,72.86,0.004134509371554573,0.012503943951601515,0,73.82000000000001,74.33
2024-11-14,73.39,68.99,127.0015,135.73,58.629517,41.3413,98.3657,3.6725,73.39,0.0072742245402142025,0.013437317265000623,0,74.06285714285715,75.09
2024-11-15,73.45,67.33,126.8848,268.42,97.58791,41.2446,99.018,3.6725,73.45,0.0008175500749421083,0.010900641071060558,0,74.44142857142857,76.1
2024-11-16,73.45,67.33,126.8848,154.6,97.26952,41.2446,99.9971,3.6725,73.45,0.0,0.010900641071060558,1,74.82000000000001,76.1
2024-11-17,73.45,67.33,126.8848,450.74,33.88816,41.2446,99.9971,3.6725,73.45,0.0,0.010900641071060558,1,75.19857142857144,76.1
2024-11-18,74.35,69.46,126.6045,463.22,253.14381,41.2796,99.9971,3.6725,74.35,0.012253233492171445,0.004507049736205236,0,75.18714285714285,74.27
2024-11-19,74.32,69.75,126.3994,214.05,197.48,41.3715,99.943,3.6725,74.32,-0.0004034969737727323,0.004798847361849676,0,75.22142857142856,74.56
2024-11-20,74.33,69.25,126.88,181.81,195.19463,41.331,100.0348,3.6725,74.33,0.00013455328310008063,0.0049384045787325085,0,75.16142857142857,73.91
2024-11-21,75.09,70.39,127.1047,219.91,193.78824,41.2533,100.2192,3.6725,75.09,0.010224673752186275,0.005474017803198908,0,74.99428571428571,73.92
2024-11-22,76.1,71.68,127.4712,135.37,102.099686,41.286,100.6798,3.6725,76.1,0.01345052603542407,0.006508023523888981,0,74.71714285714286,74.16
2024-11-23,76.1,71.68,127.4712,104.89,183.44916,41.286,102.5761,3.6725,76.1,0.0,0.006508023523888981,1,74.44000000000001,74.16
2024-11-24,76.1,71.68,127.4712,311.54,85.59606,41.286,102.5761,3.6725,76.1,0.0,0.006508023523888981,1,74.16285714285712,74.16
2024-11-25,74.27,69.41,126.9948,87.75,123.70585,41.3193,102.5761,3.6725,74.27,-0.024047306176084082,0.011998998195896235,0,73.95428571428569,72.81
2024-11-26,74.56,69.05,127.4301,150.15,169.25528,41.4387,103.7908,3.6725,74.56,0.0039046721421840402,0.012090471444882353,0,73.98857142857142,74.8
2024-11-27,73.91,69.03,126.8205,132.14,199.62743,41.5035,105.0604,3.6725,73.91,-0.008717811158798328,0.012590600112139715,0,74.09857142857143,74.68
2024-11-28,73.92,69.03,126.8205,162.72,176.27855,41.601,108.0104,3.6725,73.92,0.00013529968881087484,0.011669932986703956,1,74.07857142857142,73.78
2024-11-29,74.16,68.26,126.5798,174.81,226.97223,41.5956,109.5782,3.6725,74.16,0.0032467532467532756,0.009893969938929494,0,74.02428571428571,73.78
2024-11-30,74.16,68.26,126.5798,123.13,105.60199,41.5956,107.7409,3.6725,74.16,0.0,0.009893969938929494,1,73.97,73.78
2024-12-01,74.16,68.26,126.5798,140.43,184.54417,41.5956,107.7409,3.6725,74.16,0.0,0.009893969938929494,1,73.91571428571429,73.78
2024-12-02,72.81,68.35,127.1272,78.68,197.00293,41.5847,107.7409,3.6725,72.81,-0.018203883495145567,0.007938427411141268,0,74.04714285714286,73.73
2024-12-03,74.8,70.15,126.9565,92.19,164.99379,41.6461,107.1758,3.6725,74.8,0.027331410520532895,0.01392176586803067,0,73.88142857142857,73.64
2024-12-04,74.68,68.81,126.7574,177.91,136.60072,41.6972,106.1878,3.6725,74.68,-0.0016042780748661833,0.013382397788342826,0,73.83857142857143,74.38
2024-12-05,73.78,68.58,126.4286,97.39,127.66489,41.6628,104.2361,3.6725,73.78,-0.012051419389394802,0.014355629695439059,0,73.80142857142857,73.52
2024-12-06,73.78,68.58,126.688,390.69,150.84552,41.5975,103.3837,3.6725,73.78,0.0,0.01427858888418305,0,73.96000000000001,74.89
2024-12-07,73.78,68.58,126.688,376.57,151.06172,41.5975,99.4215,3.6725,73.78,0.0,0.01427858888418305,1,74.11857142857141,74.89
2024-12-08,73.78,68.58,126.688,114.97,68.65425,41.5975,99.4215,3.6725,73.78,0.0,0.01427858888418305,1,74.27714285714285,74.89
2024-12-09,73.73,68.65,126.5981,233.8,170.97124,41.4446,99.4215,3.6725,73.73,-0.0006776904310110687,0.012049482489828314,0,74.35857142857141,74.3
2024-12-10,73.64,68.85,126.957,218.39,194.49939,41.5093,99.3759,3.6725,73.64,-0.001220670012206715,0.004381751394481572,0,74.28999999999999,73.16
2024-12-11,74.38,70.57,126.8483,219.72,153.94032,41.6119,100.0324,3.6725,74.38,0.010048886474741892,0.006403023707170622,0,74.31714285714285,74.57
2024-12-12,73.52,70.25,126.9556,125.44,233.82832,41.6941,103.2707,3.6725,73.52,-0.011562247916106494,0.006257690743940376,0,74.35000000000001,73.75
2024-12-13,74.89,71.54,127.3096,141.68,191.36348,41.6588,103.95,3.6725,74.89,0.01863438520130578,0.009580806302860864,0,74.10714285714286,73.19
2024-12-14,74.89,71.54,127.3096,167.31,101.75122,41.6588,103.4305,3.6725,74.89,0.0,0.009580806302860864,1,73.86428571428571,73.19
2024-12-15,74.89,71.54,127.3096,244.9,64.41104,41.6588,103.4305,3.6725,74.89,0.0,0.009580806302860864,1,73.62142857142855,73.19
2024-12-16,74.3,71.03,127.2687,288.93,194.04163,41.607,103.4305,3.6725,74.3,-0.007878221391374063,0.010297806403091624,0,73.30999999999999,72.12
2024-12-17,73.16,70.31,127.5043,86.94,133.30252,41.7403,102.9125,3.6725,73.16,-0.01534320323014804,0.012069726956221183,0,73.35857142857142,73.5
2024-12-18,74.57,70.8,127.6418,251.99,182.2855,41.8271,102.9979,3.6725,74.57,0.019272826681246524,0.013835065408883252,0,73.2057142857143,73.5
2024-12-19,73.75,70.1,128.6366,171.71,152.59428,41.9048,102.7763,3.6725,73.75,-0.010996379240981513,0.013754624925842927,0,73.17,73.5
2024-12-20,73.19,69.71,127.893,180.8,128.6434,41.9292,103.4207,3.6725,73.19,-0.007593220338983131,0.01136465474597925,0,73.25285714285714,73.77
2024-12-21,73.19,69.71,127.893,180.08,89.20739,41.9292,102.3438,3.6725,73.19,0.0,0.01136465474597925,1,73.33571428571429,73.77
2024-12-22,73.19,69.71,127.893,381.65,37.219864,41.9292,102.3438,3.6725,73.19,0.0,0.01136465474597925,1,73.41857142857143,73.77
2024-12-23,72.12,69.5,128.3021,139.02,146.57379,41.8761,102.3438,3.6725,72.12,-0.014619483536002065,0.012087823398907327,0,73.72142857142856,74.24
2024-12-24,73.5,70.87,128.3377,252.18,143.36853,41.991,101.6143,3.6725,73.5,0.019134775374376023,0.013699315495532126,0,73.87571428571428,74.58
2024-12-25,73.5,70.87,128.3377,190.79,120.14494,41.9875,99.8729,3.6725,73.5,0.0,0.011031381442978603,1,74.02999999999999,74.58
2024-12-26,73.5,70.38,128.3329,118.16,132.857,41.8623,99.6125,3.6725,73.5,0.0,0.010297026633208724,1,74.40714285714286,76.14
2024-12-27,73.77,71.28,128.45,104.31,168.55986,41.8447,99.2295,3.6725,73.77,0.003673469387755146,0.009863940248380066,0,74.82857142857142,76.72
2024-12-28,73.77,71.28,128.45,150.11,106.2146,41.8447,100.5281,3.6725,73.77,0.0,0.009863940248380066,1,75.25,76.72
2024-12-29,73.77,71.28,128.45,167.91,79.410866,41.8447,101.6797,3.6725,73.77,0.0,0.009863940248380066,1,75.67142857142858,76.72
2024-12-30,74.24,71.73,128.8205,138.37,108.19944,41.9403,101.6797,3.6725,74.24,0.006371153585468248,0.007054451380804617,0,76.10428571428572,77.27
2024-12-31,74.58,72.44,129.2775,109.44,63.398422,42.039,101.6797,3.6725,74.58,0.004579741379310498,0.0027235656446088254,0,76.57000000000001,77.84
2025-01-01,74.58,72.44,129.2775,202.92,112.811905,42.0295,101.6797,3.6725,74.58,0.0,0.002723565644608825,1,76.96857142857142,77.37
2025-01-02,76.14,73.79,129.4598,188.9,198.4803,41.9725,101.6797,3.6725,76.14,0.02091713596138378,0.007440090626690252,0,77.29714285714284,78.44
2025-01-03,76.72,74.64,129.4535,167.41,137.5028,42.0385,101.6797,3.6725,76.72,0.007617546624638871,0.0074653544602089105,0,77.73142857142857,79.76
2025-01-04,76.72,74.64,129.4535,213.62,69.860825,42.0385,101.6797,3.6725,76.72,0.0,0.0074653544602089105,1,78.1657142857143,79.76
2025-01-05,76.72,74.64,129.4535,571.19,48.14779,42.0385,101.6797,3.6725,76.72,0.0,0.0074653544602089105,1,78.60000000000001,79.76
2025-01-06,77.27,74.31,128.538,222.31,98.31822,42.0889,101.6797,3.6725,77.27,0.007168925964546435,0.007484427621292615,0,79.37428571428572,82.69
2025-01-07,77.84,74.99,128.613,260.94,117.64259,42.1959,101.6797,3.6725,77.84,0.007376730943445153,0.0074859028071488885,0,80.02428571428571,82.39
2025-01-08,77.37,73.99,129.0785,212.01,70.208565,42.2297,101.6797,3.6725,77.37,-0.0060380267214799055,0.008581006430879966,0,80.89714285714285,83.48
2025-01-09,78.44,73.99,129.2827,230.71,123.143776,42.2361,101.6797,3.6725,78.44,0.013829649735039418,0.006625319299223207,1,81.46142857142857,82.39
2025-01-10,79.76,77.27,129.8664,147.76,65.536415,42.2825,102.2911,3.6725,79.76,0.01682814890362061,0.008140231971743806,0,81.92714285714285,83.02
2025-01-11,79.76,77.27,129.8664,403.4,71.65288,42.2825,101.9146,3.6725,79.76,0.0,0.008140231971743806,1,82.39285714285714,83.02
2025-01-12,79.76,77.27,129.8664,678.32,81.904144,42.2825,101.9146,3.6725,79.76,0.0,0.008140231971743806,1,82.85857142857142,83.02
2025-01-13,82.69,79.57,130.0413,179.6,106.85702,42.2841,101.9146,3.6725,82.69,0.0367352056168504,0.014375506372593836,0,82.71428571428571,81.68
2025-01-14,82.39,78.2,129.3812,185.4,147.36761,42.2692,102.7081,3.6725,82.39,-0.0036280082234853017,0.015261519037491731,0,82.4542857142857,80.57
2025-01-15,83.48,80.73,129.2092,110.72,147.09448,42.2734,103.438,3.6725,83.48,0.013229760893312292,0.013935718494262249,0,81.95714285714287,80.0
2025-01-16,82.39,79.35,129.436,134.68,92.82151,42.2659,102.8078,3.6725,82.39,-0.01305701964542405,0.016495696773727718,0,81.41857142857144,78.62
2025-01-17,83.02,78.56,129.4859,173.63,88.335144,42.1729,102.3762,3.6725,83.02,0.007646559048428259,0.015954818363640797,0,80.80285714285715,78.71
2025-01-18,83.02,78.56,129.4859,234.19,77.156075,42.1729,102.4137,3.6725,83.02,0.0,0.015954818363640797,1,80.18714285714285,78.71
2025-01-19,83.02,78.56,129.4859,508.27,68.30036,42.1729,102.4137,3.6725,83.02,0.0,0.015954818363640797,1,79.57142857142857,78.71
2025-01-20,81.68,78.56,129.4859,193.71,151.88629,42.1257,102.4137,3.6725,81.68,-0.0161406889906045,0.01046636029746109,1,78.94571428571427,77.3
2025-01-21,80.57,76.79,128.4151,225.37,50.095543,42.1551,101.9579,3.6725,80.57,-0.013589618021547678,0.011406117930547808,0,78.58,78.01
2025-01-22,80.0,76.12,128.3402,121.77,157.46361,42.1661,99.9282,3.6725,80.0,-0.007074593521161687,0.008846977831603011,0,78.1542857142857,77.02
2025-01-23,78.62,75.03,128.2162,176.52,126.47986,42.0325,98.2804,3.6725,78.62,-0.017249999999999988,0.009518451286415755,0,77.98285714285714,77.42
2025-01-24,78.71,74.97,127.4611,189.16,148.64085,41.9751,99.0978,3.6725,78.71,0.0011447468837444408,0.008105512948490871,0,77.75428571428571,77.11
2025-01-25,78.71,74.97,127.4611,159.12,84.66627,41.9751,98.2636,3.6725,78.71,0.0,0.008105512948490871,1,77.52571428571427,77.11
2025-01-26,78.71,74.97,127.4611,178.55,128.06319,41.9751,98.2636,3.6725,78.71,0.0,0.008105512948490871,1,77.29714285714286,77.11
2025-01-27,77.3,73.51,128.0912,159.42,209.1438,41.9253,98.2636,3.6725,77.3,-0.017913861008766352,0.008439254319674624,0,77.18142857142857,76.49
2025-01-28,78.01,74.15,128.2817,262.69,163.21046,41.9479,97.132,3.6725,78.01,0.009184993531694774,0.010072578703391967,0,76.97714285714287,76.58
2025-01-29,77.02,72.94,128.3418,342.27,105.25916,42.0195,97.9658,3.6725,77.02,-0.012690680681963995,0.010520124928391534,0,76.64714285714285,74.71
2025-01-30,77.42,73.1,128.1004,293.51,120.676414,41.9294,98.0126,3.6725,77.42,0.005193456245131234,0.009679134842534512,0,76.23571428571428,74.54
2025-01-31,77.11,72.84,128.4828,495.78,109.84081,41.8242,98.0062,3.6725,77.11,-0.0040041332988891565,0.009581779306739964,0,75.88857142857144,74.68
2025-02-01,77.11,72.84,128.4828,256.1,65.24754,41.8242,97.8107,3.6725,77.11,0.0,0.009581779306739964,1,75.54142857142857,74.68
2025-02-02,77.11,72.84,128.4828,314.4,61.99993,41.8242,97.8107,3.6725,77.11,0.0,0.009581779306739964,1,75.19428571428571,74.68
2025-02-03,76.49,73.52,129.109,327.16,146.04507,41.7263,97.8107,3.6725,76.49,-0.008040461678122224,0.007502756954847946,0,75.15714285714286,76.23
2025-02-04,76.58,73.04,128.1083,393.35,141.46196,41.7908,99.9433,3.6725,76.58,0.0011766243953459377,0.006081515762277074,0,75.31000000000002,77.65
2025-02-05,74.71,71.39,127.9751,226.19,135.56772,41.7558,98.5336,3.6725,74.71,-0.024418908331157008,0.009797518250162115,0,75.4057142857143,75.38
2025-02-06,74.54,70.97,128.2017,372.45,162.32184,41.6584,98.0556,3.6725,74.54,-0.0022754651318429575,0.008962570258095328,0,75.55857142857144,75.61
2025-02-07,74.68,71.32,128.4292,332.89,124.443504,41.4897,96.9104,3.6725,74.68,0.0018781862087469126,0.009377695411496367,0,75.63142857142859,75.19
2025-02-08,74.68,71.32,128.4292,578.84,131.89397,41.4897,97.2762,3.6725,74.68,0.0,0.009377695411496367,1,75.70428571428572,75.19
2025-02-09,74.68,71.32,128.4292,613.98,0.0,41.4897,97.2762,3.6725,74.68,0.0,0.009377695411496367,1,75.77714285714286,75.19
2025-02-10,76.23,72.73,128.6382,290.34,121.007034,41.4733,97.2762,3.6725,76.23,0.02075522228173532,0.013140038161830781,0,75.71714285714286,75.81
2025-02-11,77.65,73.67,128.4322,230.88,119.803535,41.5936,96.7821,3.6725,77.65,0.018627836809655074,0.015013608114359018,0,75.54714285714286,76.46
2025-02-12,75.38,71.72,128.3288,285.28,95.37143,41.6696,95.8024,3.6725,75.38,-0.029233741146168835,0.016469701802115724,0,75.6842857142857,76.34
2025-02-13,75.61,71.66,127.8931,236.69,167.4222,41.7927,94.0485,3.6725,75.61,0.0030512072167683257,0.016394834297371173,0,75.87571428571428,76.95
2025-02-14,75.19,71.05,127.1491,297.91,119.525635,41.7996,91.0313,3.6725,75.19,-0.00555482079090075,0.016654339305967828,0,75.83142857142856,74.88
2025-02-15,75.19,71.05,127.1491,229.66,108.1865,41.7996,90.3099,3.6725,75.19,0.0,0.016654339305967828,1,75.78714285714285,74.88
2025-02-16,75.19,71.05,127.1491,294.91,86.55165,41.7996,90.3099,3.6725,75.19,0.0,0.016654339305967828,1,75.74285714285715,74.88
2025-02-17,75.81,71.05,127.1491,372.7,156.25319,41.6299,90.3099,3.6725,75.81,0.00824577736401122,0.014755717789258521,1,75.61142857142856,74.89
2025-02-18,76.46,72.21,127.2906,280.36,217.61394,41.5554,91.4347,3.6725,76.46,0.008574066745811848,0.012938925010340305,0,75.13285714285713,73.11
2025-02-19,76.34,72.58,127.7317,341.49,166.24411,41.5705,91.3398,3.6725,76.34,-0.0015694480774259834,0.005178884000521352,0,74.72571428571428,73.49
2025-02-20,76.95,72.88,127.1126,367.92,265.4881,41.6814,90.4268,3.6725,76.95,0.007990568509300466,0.005686096824786518,0,74.44857142857143,75.01
2025-02-21,74.88,70.72,127.1408,375.62,181.8219,41.7316,88.5103,3.6725,74.88,-0.026900584795321758,0.012446873901647525,0,74.43142857142857,74.76
2025-02-22,74.88,70.72,127.1408,203.15,124.80632,41.7316,88.1676,3.6725,74.88,0.0,0.012446873901647525,1,74.41428571428571,74.76
2025-02-23,74.88,70.72,127.1408,476.69,96.910225,41.7316,88.1676,3.6725,74.88,0.0,0.012446873901647525,1,74.39714285714285,74.76
2025-02-24,74.89,71.06,127.1921,355.9,144.02469,41.5919,88.1676,3.6725,74.89,0.00013354700854706358,0.011858116994672391,0,74.10571428571428,72.85
2025-02-25,73.11,69.15,127.3752,232.14,165.32224,41.7015,88.2065,3.6725,73.11,-0.023768193350247047,0.01339708202873949,0,73.99142857142859,72.31
2025-02-26,73.49,68.87,127.2822,275.17,162.063,41.7358,86.6318,3.6725,73.49,0.005197647380659198,0.014024941814482305,0,73.62428571428572,70.92
2025-02-27,75.01,70.62,127.9704,288.54,143.77463,41.639,85.9279,3.6725,75.01,0.020683086134168027,0.0166160414926334,0,73.06285714285714,71.08
2025-02-28,74.76,69.97,128.2805,345.22,122.68769,41.514,87.6967,3.6725,74.76,-0.0033328889481402113,0.013106549603105049,0,72.73857142857143,72.49
2025-03-01,74.76,69.97,128.2805,522.4,119.86265,41.514,88.2568,3.6725,74.76,0.0,0.013106549603105049,1,72.41428571428573,72.49
2025-03-02,74.76,69.97,128.2805,476.54,83.74469,41.514,88.2568,3.6725,74.76,0.0,0.013106549603105049,1,72.09,72.49
2025-03-03,72.85,68.63,127.75,429.75,154.22887,41.4313,88.2568,3.6725,72.85,-0.02554842161583748,0.01623368861947104,0,71.83714285714287,71.08
2025-03-04,72.31,68.47,127.9966,447.53,253.45268,41.5911,89.2497,3.6725,72.31,-0.007412491420727418,0.013892985821369358,0,71.72285714285714,71.51
2025-03-05,70.92,66.58,126.504,391.3,180.47382,41.5782,89.2448,3.6725,70.92,-0.019222790761996955,0.014959621961825022,0,71.92857142857143,72.36
2025-03-06,71.08,66.62,126.1099,726.26,229.8757,41.368,89.7878,3.6725,71.08,0.002256063169768785,0.010709341386498818,0,71.89142857142856,70.82
2025-03-07,72.49,67.29,125.9814,556.7,179.52727,41.2742,89.5724,3.6725,72.49,0.019836803601575692,0.014980097621664402,0,71.81285714285714,71.94
2025-03-08,72.49,67.29,125.9814,684.13,195.74263,41.2742,89.1362,3.6725,72.49,0.0,0.014980097621664402,1,71.73428571428572,71.94
2025-03-09,72.49,67.29,125.9814,714.21,105.720245,41.2742,89.1362,3.6725,72.49,0.0,0.014980097621664402,1,71.65571428571428,71.94
2025-03-10,71.08,66.31,126.268,403.78,238.45331,41.2127,89.1362,3.6725,71.08,-0.019450958752931347,0.013657408380607106,0,71.77714285714286,71.93
2025-03-11,71.51,66.52,126.0457,704.03,221.63655,41.287,88.3872,3.6725,71.51,0.0060495216657288076,0.01394750018156973,0,71.83714285714287,71.93
2025-03-12,72.36,67.65,125.8664,433.5,218.22658,41.4124,86.5669,3.6725,72.36,0.011886449447629621,0.012208740431070208,0,71.77714285714286,71.94
2025-03-13,70.82,66.82,126.0031,463.36,254.81291,41.5076,86.6204,3.6725,70.82,-0.021282476506357173,0.015282967408183317,0,72.03285714285714,72.61
2025-03-14,71.94,67.43,125.6942,442.46,223.67819,41.527,86.619,3.6725,71.94,0.01581474159841867,0.014447079056522422,0,72.13285714285715,72.64
2025-03-15,71.94,67.43,125.6942,494.6,150.57126,41.527,85.5694,3.6725,71.94,0.0,0.014447079056522422,1,72.23285714285714,72.64
2025-03-16,71.94,67.43,125.6942,731.78,92.954704,41.527,85.5694,3.6725,71.94,0.0,0.014447079056522422,1,72.33285714285714,72.64
2025-03-17,71.93,67.84,125.3688,649.53,155.95892,41.5098,85.5694,3.6725,71.93,-0.00013900472616057424,0.011966883932030683,0,72.62285714285714,73.96
2025-03-18,71.93,67.49,125.488,614.24,201.12018,41.4395,84.3059,3.6725,71.93,0.0,0.01182316458184173,0,72.88714285714285,73.78
2025-03-19,71.94,67.4,125.8006,565.45,275.09213,41.5658,81.5018,3.6725,71.94,0.0001390240511607299,0.010792108716213245,0,73.26714285714286,74.6
2025-03-20,72.61,68.55,125.985,458.66,246.20436,41.573,82.8487,3.6725,72.61,0.009313316652766135,0.006411963705646622,0,73.56857142857143,74.72
2025-03-21,72.64,68.52,126.2679,390.35,158.82173,41.541,84.3955,3.6725,72.64,0.00041316623054687973,0.003498386426210202,0,73.86142857142856,74.69
2025-03-22,72.64,68.52,126.2679,488.06,94.94621,41.541,84.64,3.6725,72.64,0.0,0.003498386426210202,1,74.15428571428572,74.69
2025-03-23,72.64,68.52,126.2679,538.36,96.910225,41.541,84.64,3.6725,72.64,0.0,0.003498386426210202,1,74.44714285714285,74.69
2025-03-24,73.96,69.46,126.1956,498.84,141.50775,41.5277,84.64,3.6725,73.96,0.018171806167400772,0.0071279232222153524,0,74.91428571428571,77.23
2025-03-25,73.78,69.48,126.0535,472.98,139.72165,41.6446,83.8737,3.6725,73.78,-0.0024337479718765653,0.0074096405033549735,0,75.48571428571428,77.78
2025-03-26,74.6,70.05,126.2364,316.49,155.46347,41.6949,84.193,3.6725,74.6,0.011114123068582282,0.007696615125170502,0,75.86714285714285,77.27
2025-03-27,74.72,70.3,126.3626,313.11,155.94879,41.5644,84.2065,3.6725,74.72,0.0016085790884718953,0.007564380495699798,0,75.55571428571429,72.54
2025-03-28,74.69,69.74,126.4187,362.44,156.45679,41.4863,83.8347,3.6725,74.69,-0.0004014989293361637,0.007636922756643733,0,74.65142857142857,68.36
2025-03-29,74.69,69.74,126.4187,284.53,100.380844,41.4863,83.6813,3.6725,74.69,0.0,0.007636922756643733,1,73.74714285714286,68.36
2025-03-30,74.69,69.74,126.4187,612.15,55.056526,41.4863,83.6813,3.6725,74.69,0.0,0.007636922756643733,1,72.84285714285714,68.36
2025-03-31,77.23,71.87,126.7075,426.16,188.3617,41.4787,83.6813,3.6725,77.23,0.034007229883518564,0.012996398337074335,0,71.25714285714287,66.13
2025-04-01,77.78,71.61,126.4338,642.48,90.91095,41.4228,85.4963,3.6725,77.78,0.00712158487634329,0.012418748674830655,0,69.41142857142857,64.86
2025-04-02,77.27,72.12,126.3811,445.6,115.746956,41.373,84.8707,3.6725,77.27,-0.006556955515556795,0.013354618284132166,0,67.98714285714286,67.3
2025-04-03,72.54,67.43,124.7316,438.93,97.93678,41.3162,84.5522,3.6725,72.54,-0.0612139251973598,0.02855704513300671,0,66.96285714285715,65.37
2025-04-04,68.36,62.42,125.8129,550.44,176.96521,41.3426,84.383,3.6725,68.36,-0.057623380204025465,0.03488891928109931,0,66.74428571428571,66.83
2025-04-05,68.36,62.42,125.8129,975.6,148.76802,41.3426,84.2774,3.6725,68.36,0.0,0.03488891928109931,1,66.52571428571429,66.83
2025-04-06,68.36,62.42,125.8129,773.67,115.76177,41.3426,84.2774,3.6725,68.36,0.0,0.03488891928109931,1,66.30714285714285,66.83
2025-04-07,66.13,61.05,126.8282,574.97,125.71415,41.1941,84.2774,3.6725,66.13,-0.0326214160327678,0.02878873581478314,0,66.45714285714286,67.18
2025-04-08,64.86,60.04,126.8668,565.99,128.11035,41.0807,86.1891,3.6725,64.86,-0.019204597005897384,0.026002716689096123,0,66.70285714285714,66.58
2025-04-09,67.3,62.63,126.628,590.08,189.45361,41.174,85.4641,3.6725,67.3,0.03761948812827631,0.03508829808519087,0,66.7942857142857,67.94
2025-04-10,65.37,60.57,125.089,623.53,166.20149,41.2751,86.0923,3.6725,65.37,-0.028677563150074192,0.030408191003271093,0,67.36,69.33
2025-04-11,66.83,61.91,124.0163,833.81,134.7485,41.4031,85.0159,3.6725,66.83,0.02233440416092991,0.026169640113438166,0,67.71714285714286,69.33
2025-04-12,66.83,61.91,124.0163,589.49,93.658905,41.4031,84.004,3.6725,66.83,0.0,0.026169640113438166,1,68.07428571428571,69.33
2025-04-13,66.83,61.91,124.0163,910.15,91.55338,41.4031,84.004,3.6725,66.83,0.0,0.026169640113438166,1,68.43142857142855,69.33
2025-04-14,67.18,61.99,123.6598,495.65,168.11903,41.3879,84.004,3.6725,67.18,0.005237168936106595,0.022693240134416325,0,68.73857142857142,69.33
2025-04-15,66.58,61.74,123.776,371.94,141.46196,41.3153,82.7671,3.6725,66.58,-0.008931229532599061,0.021350120401931724,0,69.07428571428571,68.93
2025-04-16,67.94,62.88,123.2724,505.79,156.3099,41.1753,82.3003,3.6725,67.94,0.02042655452087705,0.017465429721459945,0,69.11999999999999,68.26
2025-04-17,69.33,65.07,123.1298,508.01,122.460915,41.2152,82.5892,3.6725,69.33,0.020459228731233514,0.01248766274586804,0,68.85857142857142,67.5
2025-04-18,69.33,65.07,122.9865,417.47,187.73235,41.3825,82.02,3.6725,69.33,0.0,0.011146116717549242,1,68.52428571428571,66.99
2025-04-19,69.33,65.07,122.9865,431.85,117.39454,41.3825,81.1371,3.6725,69.33,0.0,0.011146116717549242,1,68.19000000000001,66.99
2025-04-20,69.33,65.07,122.9865,526.52,170.10483,41.3825,81.1371,3.6725,69.33,0.0,0.011146116717549242,1,67.85571428571428,66.99
2025-04-21,69.33,63.48,122.3145,407.95,158.3972,41.3955,81.1371,3.6725,69.33,0.0,0.011326374312106485,1,67.39857142857143,66.13
2025-04-22,68.93,64.6,122.4175,439.04,133.22942,41.3785,80.7597,3.6725,68.93,-0.005769508149430114,0.010746679422939736,0,66.7,64.04
2025-04-23,68.26,62.64,123.0252,337.82,146.83368,41.5185,81.462,3.6725,68.26,-0.009720005802988596,0.00951154984195413,0,66.00142857142858,63.37
2025-04-24,67.5,63.55,122.9251,419.9,179.21396,41.6707,82.3637,3.6725,67.5,-0.01113389979490187,0.005007851151690985,0,65.26857142857143,62.37
2025-04-25,66.99,63.85,122.8858,515.91,190.11258,41.689,82.8559,3.6725,66.99,-0.007555555555555649,0.004863638721702803,0,64.49428571428571,61.57
2025-04-26,66.99,63.85,122.8858,473.09,123.44973,41.689,82.6549,3.6725,66.99,0.0,0.004863638721702803,1,63.720000000000006,61.57
2025-04-27,66.99,63.85,122.8858,664.45,154.07292,41.689,82.6549,3.6725,66.99,0.0,0.004863638721702803,1,62.94571428571429,61.57
2025-04-28,66.13,63.3,122.7176,787.79,113.79049,41.7513,82.6549,3.6725,66.13,-0.012837736975668035,0.0051288004161361605,0,62.294285714285714,61.57
2025-04-29,64.04,61.84,122.5944,575.26,127.874855,41.7441,82.5467,3.6725,64.04,-0.031604415545138154,0.010653491484176679,0,62.05571428571428,62.37
2025-04-30,63.37,59.55,122.5921,433.1,140.21451,41.5647,81.5616,3.6725,63.37,-0.010462211118051346,0.010649202804876214,0,61.61857142857143,60.31
2025-05-01,62.37,60.59,123.1405,890.82,105.34668,41.4706,81.4933,3.6725,62.37,-0.01578033769922671,0.010837469814748367,0,61.59714285714285,62.22
2025-05-02,61.57,59.67,122.4962,592.35,181.07283,41.5945,81.4933,3.6725,61.57,-0.01282667949334615,0.010726446692647303,0,61.98142857142857,64.26
2025-05-03,61.57,59.67,122.4962,706.16,85.18031,41.5945,81.4933,3.6725,61.57,0.0,0.010726446692647303,1,62.365714285714276,64.26
2025-05-04,61.57,59.67,122.4962,636.65,95.38808,41.5945,81.4933,3.6725,61.57,0.0,0.010726446692647303,1,62.75,64.26
2025-05-05,61.57,58.5,122.2613,346.64,213.92316,41.7091,81.4933,3.6725,61.57,0.0,0.011606765290363455,1,63.28000000000001,65.28
2025-05-06,62.37,60.42,122.0417,553.82,214.70346,41.6036,81.9137,3.6725,62.37,0.012993340912782259,0.009955664619156113,0,63.931428571428576,66.93
2025-05-07,60.31,59.42,122.117,428.17,250.21036,41.4544,80.9644,3.6725,60.31,-0.03302869969536626,0.014917848046388198,0,64.73142857142857,65.91
2025-05-08,62.22,61.25,122.7568,567.82,246.38934,41.4388,80.8612,3.6725,62.22,0.031669706516332274,0.02011223854490561,0,65.03714285714287,64.36
2025-05-09,64.26,62.37,122.5191,535.71,150.08397,41.5113,80.8612,3.6725,64.26,0.032786885245901676,0.022567601369881455,0,65.17142857142856,65.2
2025-05-10,64.26,62.37,122.5191,676.42,106.34247,41.5113,80.8612,3.6725,64.26,0.0,0.022567601369881455,1,65.30571428571429,65.2
2025-05-11,64.26,62.37,122.5191,777.17,104.522766,41.5113,80.8612,3.6725,64.26,0.0,0.022567601369881455,1,65.44,65.2
2025-05-12,65.28,63.32,123.4863,667.23,200.17465,41.547,80.8612,3.6725,65.28,0.015873015873015817,0.0226210902708886,0,65.57857142857142,66.25
2025-05-13,66.93,65.04,122.9583,512.95,150.02571,41.5387,80.8883,3.6725,66.93,0.02527573529411775,0.023477575399833493,0,65.57857142857142,66.93
2025-05-14,65.91,64.48,122.6746,776.77,145.07596,41.5004,80.55,3.6725,65.91,-0.015239802779023037,0.018414014688736536,0,65.57142857142857,65.86
2025-05-15,64.36,63.03,122.8174,469.0,213.52788,41.5376,80.2237,3.6725,64.36,-0.02351691700804126,0.020713516145725707,0,65.64428571428572,64.87
2025-05-16,65.2,63.84,123.0737,516.56,206.70422,41.4709,80.3134,3.6725,65.2,0.013051584835301444,0.01737998890231537,0,65.67428571428572,65.41
2025-05-17,65.2,63.84,123.0737,581.6,123.052284,41.4709,80.7689,3.6725,65.2,0.0,0.01737998890231537,1,65.7042857142857,65.41
2025-05-18,65.2,63.84,123.0737,681.45,137.7049,41.4709,80.7689,3.6725,65.2,0.0,0.01737998890231537,1,65.73428571428572,65.41
2025-05-19,66.25,63.98,122.4186,390.58,231.87975,41.4983,80.7689,3.6725,66.25,0.01610429447852746,0.017410493022926878,0,65.61428571428571,65.41
2025-05-20,66.93,63.97,122.3199,408.7,167.23642,41.576,80.4137,3.6725,66.93,0.010264150943396277,0.014833964865933658,0,65.24142857142857,64.32
2025-05-21,65.86,62.93,121.7496,319.48,222.44102,41.4851,80.3075,3.6725,65.86,-0.015986851934857382,0.014964785222676193,0,65.22142857142856,65.72
2025-05-22,64.87,62.55,122.0429,283.69,205.25377,41.436,79.753,3.6725,64.87,-0.015031885818402646,0.012951826677792105,0,65.18285714285715,64.6
2025-05-23,65.41,62.89,121.3837,328.74,103.51774,41.4999,79.7357,3.6725,65.41,0.008324340989671608,0.012339667729023902,0,65.02714285714286,64.32
2025-05-24,65.41,62.89,121.3837,247.2,89.67142,41.4999,79.7108,3.6725,65.41,0.0,0.012339667729023902,1,64.87142857142858,64.32
2025-05-25,65.41,62.89,121.3837,353.81,142.20619,41.4999,79.7108,3.6725,65.41,0.0,0.012339667729023902,1,64.71571428571427,64.32
2025-05-26,65.41,62.89,121.3837,293.68,180.83496,41.5094,79.7108,3.6725,65.41,0.0,0.010280332938454075,1,64.87857142857142,66.55
2025-05-27,64.32,61.61,121.6099,409.58,203.34573,41.5707,79.6588,3.6725,64.32,-0.016664118636294245,0.010060032859558588,0,65.33,67.48
2025-05-28,65.72,62.54,121.9888,282.29,228.03908,41.6758,79.6176,3.6725,65.72,0.02176616915422902,0.01320569942273461,0,65.46857142857142,66.69
2025-05-29,64.6,61.66,121.5617,340.04,169.42586,41.5903,79.6037,3.6725,64.6,-0.01704199634814374,0.013597277594955217,0,65.83142857142857,67.14
2025-05-30,64.32,61.46,121.7674,514.0,185.31847,41.5285,78.497,3.6725,64.32,-0.004334365325077472,0.013056538336126909,0,66.36,68.02
2025-05-31,64.32,61.46,121.7674,389.5,54.934788,41.5285,78.6171,3.6725,64.32,0.0,0.013056538336126909,1,66.88857142857142,68.02
2025-06-01,64.32,61.46,121.7674,902.62,161.3815,41.5285,78.6171,3.6725,64.32,0.0,0.013056538336126909,1,67.41714285714285,68.02
2025-06-02,66.55,63.27,121.1881,445.03,247.20653,41.5261,78.6171,3.6725,66.55,0.03467039800995031,0.01921096338698104,0,67.72857142857143,68.73
2025-06-03,67.48,64.1,121.4592,475.75,205.0933,41.6184,79.1285,3.6725,67.48,0.01397445529676955,0.017496756643776236,0,67.86142857142856,68.41
2025-06-04,66.69,63.57,121.0539,420.42,197.03004,41.6385,78.8549,3.6725,66.69,-0.011707172495554308,0.01736376796306018,0,68.51857142857143,71.29
2025-06-05,67.14,64.06,120.9596,340.8,245.16422,41.4829,78.5025,3.6725,67.14,0.006747638326585648,0.015151915140848108,0,69.04714285714286,70.84
2025-06-06,68.02,65.3,121.161,351.94,137.79399,41.4717,79.1272,3.6725,68.02,0.013106940720881699,0.014668199612339568,0,70.18714285714285,76.0
2025-06-07,68.02,65.3,121.161,367.07,109.03436,41.4717,79.1703,3.6725,68.02,0.0,0.014668199612339568,1,71.32714285714285,76.0
2025-06-08,68.02,65.3,121.161,620.59,102.71528,41.4717,79.1703,3.6725,68.02,0.0,0.014668199612339568,1,72.46714285714286,76.0
2025-06-09,68.73,65.99,120.9103,328.87,145.34119,41.4018,79.1703,3.6725,68.73,0.010438106439282668,0.009193926015706021,0,73.36999999999999,75.05
2025-06-10,68.41,65.66,121.0485,273.63,188.47368,41.4919,79.1543,3.6725,68.41,-0.004655899898152294,0.008730146196327318,0,74.84,78.7
2025-06-11,71.29,68.91,120.587,281.91,177.35683,41.5566,78.6003,3.6725,71.29,0.042099108317497524,0.015624973173513449,0,75.85285714285715,78.38
2025-06-12,70.84,68.73,120.1723,484.65,168.15063,41.5117,79.0028,3.6725,70.84,-0.006312245756768142,0.016770689480913887,0,77.21428571428571,80.37
2025-06-13,76.0,73.84,120.3245,270.05,166.77858,41.488,79.0028,3.6725,76.0,0.07284020327498575,0.029940441176267717,0,77.60428571428572,78.73
2025-06-14,76.0,73.84,120.3245,346.92,307.25266,41.488,79.0028,3.6725,76.0,0.0,0.029940441176267717,1,77.99428571428572,78.73
2025-06-15,76.0,73.84,120.3245,534.57,169.08699,41.488,79.0028,3.6725,76.0,0.0,0.029940441176267717,1,78.38428571428572,78.73
2025-06-16,75.05,72.53,120.1565,340.61,273.9239,41.4466,79.0028,3.6725,75.05,-0.012500000000000067,0.03188656968156198,0,78.28285714285714,74.34
2025-06-17,78.7,75.62,120.5048,445.72,293.2028,41.5306,78.5067,3.6725,78.7,0.04863424383744186,0.033280933696027894,0,76.9157142857143,69.13
2025-06-18,78.38,75.89,120.7305,477.28,320.77005,41.5255,78.7135,3.6725,78.38,-0.004066073697585826,0.03290103835058363,0,75.49000000000001,68.4
2025-06-19,80.37,75.89,120.7305,315.71,205.74956,41.6293,78.7174,3.6725,80.37,0.02538912988007147,0.031788434158416985,1,73.8042857142857,68.57
2025-06-20,78.73,75.72,121.0408,326.33,284.892,41.6854,78.4839,3.6725,78.73,-0.02040562398905066,0.023815093028985712,0,72.46714285714286,69.37
2025-06-21,78.73,75.72,121.0408,252.25,193.27785,41.6854,78.5016,3.6725,78.73,0.0,0.023815093028985712,1,71.13000000000001,69.37
2025-06-22,78.73,75.72,121.0408,463.29,239.66898,41.6854,78.5016,3.6725,78.73,0.0,0.023815093028985712,1,69.79285714285714,69.37
2025-06-23,74.34,69.36,121.1694,229.7,540.1633,41.8335,78.5016,3.6725,74.34,-0.05576019306490543,0.03303158246231286,0,68.90857142857143,68.15
2025-06-24,69.13,65.45,120.3645,326.19,351.72052,41.8702,78.2923,3.6725,69.13,-0.07008340059187523,0.03383515426667195,0,68.69428571428571,67.63
2025-06-25,68.4,65.98,120.3336,342.66,328.4731,41.7924,78.3892,3.6725,68.4,-0.010559814841602622,0.03348152797557929,0,69.03714285714287,70.8
2025-06-26,68.57,66.44,119.6451,239.86,233.97319,41.662,78.1959,3.6725,68.57,0.0024853801169588685,0.029305013207768644,0,69.30142857142857,70.42
2025-06-27,69.37,66.66,119.659,305.07,231.24382,41.5852,78.2117,3.6725,69.37,0.011666909727286123,0.031988637966771254,0,69.53857142857143,71.03
2025-06-28,69.37,66.66,119.659,385.22,106.67591,41.5852,78.4685,3.6725,69.37,0.0,0.031988637966771254,1,69.77571428571427,71.03
2025-06-29,69.37,66.66,119.659,583.73,95.38808,41.5852,78.4685,3.6725,69.37,0.0,0.031988637966771254,1,70.01285714285713,71.03
2025-06-30,68.15,66.3,119.4088,511.44,147.65321,41.6409,78.4685,3.6725,68.15,-0.017586853106530187,0.027279163214790358,0,70.55571428571427,71.95
2025-07-01,67.63,66.64,119.3436,444.86,189.4642,41.7788,78.5284,3.6725,67.63,-0.007630227439471948,0.009613514731468398,0,71.25142857142856,72.5
2025-07-02,70.8,68.66,119.3037,376.21,95.84283,41.8191,78.4181,3.6725,70.8,0.04687268963477753,0.02050889429488256,0,71.42,71.98
2025-07-03,70.42,68.13,119.2382,750.31,96.75885,41.8116,78.654,3.6725,70.42,-0.005367231638418013,0.0208879877026073,0,71.41428571428573,70.38
2025-07-04,71.03,68.13,119.2382,631.92,156.76761,41.7239,78.7831,3.6725,71.03,0.0086623118432263,0.020734334593369548,1,71.56142857142858,72.06
2025-07-05,71.03,68.13,119.2382,352.05,95.70821,41.7239,78.8354,3.6725,71.03,0.0,0.020734334593369548,1,71.70857142857143,72.06
2025-07-06,71.03,68.13,119.2382,489.75,48.71423,41.7239,78.8354,3.6725,71.03,0.0,0.020734334593369548,1,71.85571428571428,72.06
2025-07-07,71.95,69.16,119.6201,406.62,115.554695,41.7341,78.8354,3.6725,71.95,0.012952273687174554,0.018650287659222352,0,71.71428571428571,70.96
2025-07-08,72.5,69.55,119.8371,226.19,151.72066,41.7975,78.7185,3.6725,72.5,0.007644197359277127,0.01737679845372892,0,71.39571428571428,70.27
2025-07-09,71.98,69.61,119.7311,270.45,136.29527,41.8462,78.1682,3.6725,71.98,-0.007172413793103405,0.007544851385524411,0,71.06571428571428,69.67
2025-07-10,70.38,67.78,119.8343,539.55,146.05678,41.7745,78.1727,3.6725,70.38,-0.022228396776882597,0.011879766093374967,0,71.2,71.32
2025-07-11,72.06,69.63,119.9214,322.44,134.52051,41.8232,77.9029,3.6725,72.06,0.023870417732310356,0.014771089213463071,0,71.05714285714285,71.06
2025-07-12,72.06,69.63,119.9214,356.31,123.06753,41.8232,77.8855,3.6725,72.06,0.0,0.014771089213463071,1,70.91428571428571,71.06
2025-07-13,72.06,69.63,119.9214,347.85,42.68773,41.8232,77.8855,3.6725,72.06,0.0,0.014771089213463071,1,70.77142857142857,71.06
2025-07-14,70.96,68.19,120.2209,379.41,107.628555,41.7842,77.8855,3.6725,70.96,-0.015265056897030393,0.015177229551090674,0,70.90857142857143,71.92
2025-07-15,70.27,67.76,120.5105,573.74,166.55368,41.8355,78.3722,3.6725,70.27,-0.009723788049605386,0.014775291582830953,0,70.82571428571428,69.69
2025-07-16,69.67,67.13,120.4175,468.19,177.89716,41.8211,77.9584,3.6725,69.67,-0.00853849437882448,0.014827560447696064,0,70.75428571428571,69.17
2025-07-17,71.32,68.76,120.6384,444.91,155.0075,41.8129,77.9585,3.6725,71.32,0.023683077364719196,0.015827508635918145,0,70.6257142857143,70.42
2025-07-18,71.06,68.53,120.356,428.28,140.04352,41.867,78.1856,3.6725,71.06,-0.003645541222658366,0.012574190683491568,0,70.36428571428573,69.23
2025-07-19,71.06,68.53,120.356,405.06,58.319855,41.867,78.3129,3.6725,71.06,0.0,0.012574190683491568,1,70.10285714285716,69.23
2025-07-20,71.06,68.53,120.356,513.08,88.87377,41.867,78.3129,3.6725,71.06,0.0,0.012574190683491568,1,69.84142857142858,69.23
2025-07-21,71.92,68.39,119.9961,289.39,144.32349,41.7514,78.3129,3.6725,71.92,0.012102448634956353,0.011976312603454657,0,69.69142857142859,70.87
2025-07-22,69.69,67.56,119.681,220.87,118.55506,41.8194,78.3274,3.6725,69.69,-0.031006674082313723,0.01706425743263962,0,70.19428571428571,73.21
2025-07-23,69.17,66.05,119.5697,233.7,142.94383,41.7653,78.0882,3.6725,69.17,-0.00746161572679005,0.016990271091720566,0,70.88142857142857,73.98
2025-07-24,70.42,67.16,119.5664,301.78,199.47945,41.7651,78.4477,3.6725,70.42,0.01807141824490377,0.015721846964085878,0,71.31142857142858,73.43
2025-07-25,69.23,66.38,119.9857,227.42,122.90445,41.7738,78.8623,3.6725,69.23,-0.016898608349900535,0.016758222356309208,0,71.50000000000001,70.55
2025-07-26,69.23,66.38,119.9857,175.31,124.048996,41.7738,79.5527,3.6725,69.23,0.0,0.016758222356309208,1,71.68857142857144,70.55
2025-07-27,69.23,66.38,119.9857,221.77,152.61151,41.7738,79.5527,3.6725,69.23,0.0,0.016758222356309208,1,71.87714285714286,70.55
2025-07-28,70.87,67.81,120.6149,282.48,142.2575,41.7824,79.5527,3.6725,70.87,0.02368915210168998,0.018991037995194672,0,71.69000000000001,69.56
2025-07-29,73.21,70.27,120.9674,199.35,126.9183,41.7997,79.5782,3.6725,73.21,0.03301820234231667,0.018055679138195967,0,71.10857142857144,69.14
2025-07-30,73.98,71.09,121.4042,274.14,219.11925,41.7886,82.2197,3.6725,73.98,0.010517688840322448,0.0168612709750683,0,70.25,67.97
2025-07-31,73.43,70.36,121.721,378.15,176.51338,41.7662,81.8347,3.6725,73.43,-0.007434441741011044,0.017511975412313353,0,69.33,66.99
2025-08-01,70.55,68.39,121.2122,563.27,179.05772,41.7132,80.3163,3.6725,70.55,-0.039221026828272,0.023434715510578207,0,68.84714285714286,67.17
2025-08-02,70.55,68.39,121.2122,401.51,113.89917,41.7132,80.3289,3.6725,70.55,0.0,0.023434715510578207,1,68.36428571428573,67.17
2025-08-03,70.55,68.39,121.2122,660.0,89.52886,41.7132,80.3289,3.6725,70.55,0.0,0.023434715510578207,1,67.88142857142857,67.17
2025-08-04,69.56,67.33,120.9859,259.95,127.92436,41.7644,80.3289,3.6725,69.56,-0.014032600992204047,0.022170810576809745,0,67.56714285714287,67.36
2025-08-05,69.14,66.2,120.9082,251.56,163.9885,41.7901,79.6736,3.6725,69.14,-0.006037952846463468,0.01573855603126739,0,67.23285714285716,66.8
2025-08-06,67.97,65.38,120.5082,229.33,133.52,41.6845,80.049,3.6725,67.97,-0.016922186867225908,0.013624220717051006,0,66.98714285714286,66.25
2025-08-07,66.99,64.9,120.5043,280.6,149.15877,41.611,80.1914,3.6725,66.99,-0.014418125643666402,0.013493540960708147,0,67.14857142857143,68.12
2025-08-08,67.17,64.94,120.3329,239.92,175.30011,41.4564,79.3847,3.6725,67.17,0.002686968204209661,0.008120835901194223,0,67.16714285714286,67.3
2025-08-09,67.17,64.94,120.3329,190.2,115.554695,41.4564,79.7796,3.6725,67.17,0.0,0.008120835901194223,1,67.18571428571428,67.3
2025-08-10,67.17,64.94,120.3329,327.82,103.81266,41.4564,79.7796,3.6725,67.17,0.0,0.008120835901194223,1,67.20428571428572,67.3
2025-08-11,67.36,65.03,120.6892,309.88,176.85165,41.3895,79.7796,3.6725,67.36,0.002828643739764658,0.008174023740121845,0,67.32142857142858,68.18
2025-08-12,66.8,64.22,120.2736,275.89,140.1471,41.449,79.6677,3.6725,66.8,-0.008313539192399078,0.008287442560800586,0,67.2957142857143,66.62
2025-08-13,66.25,63.68,120.13,241.27,159.25807,41.4268,79.8714,3.6725,66.25,-0.008233532934131649,0.0066768686789240245,0,67.49000000000001,67.61
2025-08-14,68.12,64.99,120.6446,199.49,173.33203,41.5149,79.6032,3.6725,68.12,0.028226415094339652,0.012292405943792136,0,67.53142857142858,68.41
2025-08-15,67.3,63.78,120.3377,323.06,139.07727,41.45,79.7653,3.6725,67.3,-0.012037580739870934,0.013451575120723239,0,67.67285714285714,68.29
2025-08-16,67.3,63.78,120.3377,274.55,99.58669,41.45,80.0224,3.6725,67.3,0.0,0.013451575120723239,1,67.81428571428572,68.29
2025-08-17,67.3,63.78,120.3377,242.09,154.97392,41.45,80.0224,3.6725,67.3,0.0,0.013451575120723239,1,67.95571428571431,68.29
2025-08-18,68.18,64.51,120.5622,336.75,224.3274,41.3401,80.0224,3.6725,68.18,0.013075780089153222,0.014296915497663008,0,67.97142857142858,68.29
2025-08-19,66.62,63.38,120.7224,216.13,135.60219,41.2589,80.4256,3.6725,66.62,-0.022880610149604075,0.0168495034052766,0,68.01,66.89
2025-08-20,67.61,64.19,120.7757,177.74,155.58047,41.3557,80.3466,3.6725,67.61,0.014860402281597018,0.017284331960437185,0,68.03,67.75
2025-08-21,68.41,64.56,121.0843,158.27,122.211235,41.3782,80.1045,3.6725,68.41,0.011832569146575933,0.014123749563227334,0,68.05857142857143,68.61
2025-08-22,68.29,64.08,120.2774,155.54,104.53863,41.2185,80.2548,3.6725,68.29,-0.0017541295132289525,0.01307476453215498,0,67.99285714285715,67.83
2025-08-23,68.29,64.08,120.2774,224.66,110.23519,41.2185,80.7498,3.6725,68.29,0.0,0.01307476453215498,1,67.92714285714285,67.83
2025-08-24,68.29,64.08,120.2774,483.1,86.165054,41.2185,80.7498,3.6725,68.29,0.0,0.01307476453215498,1,67.86142857142856,67.83
2025-08-25,68.29,65.18,120.4214,467.56,131.91641,41.2839,80.7498,3.6725,68.29,0.0,0.012157544649729823,1,67.68999999999998,67.09
2025-08-26,66.89,63.6,120.5274,441.53,108.72761,41.43,80.6842,3.6725,66.89,-0.020500805388783183,0.01141189074461351,0,67.86142857142856,68.09
2025-08-27,67.75,64.49,120.7274,269.38,186.89584,41.4047,80.5268,3.6725,67.75,0.012856929286888974,0.011013806386545302,0,67.86285714285714,67.76
2025-08-28,68.61,64.96,120.2595,279.5,170.36063,41.3222,80.4421,3.6725,68.61,0.012693726937269334,0.011167211256359142,0,67.54857142857144,66.41
2025-08-29,67.83,64.36,120.2082,250.15,175.66647,41.2602,80.2918,3.6725,67.83,-0.0113686051595977,0.012043364224609531,0,67.13285714285715,64.92
2025-08-30,67.83,64.36,120.2082,458.07,89.377884,41.2602,80.3316,3.6725,67.83,0.0,0.012043364224609531,1,66.71714285714287,64.92
2025-08-31,67.83,64.36,120.2082,326.52,44.76443,41.2602,80.3316,3.6725,67.83,0.0,0.012043364224609531,1,66.30142857142859,64.92
2025-09-01,67.09,64.36,120.2082,223.11,144.02469,41.3203,80.3316,3.6725,67.09,-0.01090962700869813,0.012600112793048773,1,66.0657142857143,65.44
2025-09-02,68.09,65.95,120.6837,488.48,122.68769,41.3722,80.4261,3.6725,68.09,0.014905351021016644,0.01117781632733507,0,66.04857142857144,67.97
2025-09-03,67.76,64.36,120.5052,185.22,187.50383,41.3631,80.5947,3.6725,67.76,-0.004846526655896577,0.010448460956698265,0,66.02857142857144,67.62
2025-09-04,66.41,63.81,120.7629,388.69,114.88674,41.3719,80.8488,3.6725,66.41,-0.019923258559622292,0.011130039577148284,0,66.14857142857143,67.25
2025-09-05,64.92,62.22,120.1282,601.23,142.67613,41.3494,81.2977,3.6725,64.92,-0.022436380063243444,0.012898779323452196,0,66.57000000000001,67.87
2025-09-06,64.92,62.22,120.1282,309.36,102.90521,41.3494,81.5556,3.6725,64.92,0.0,0.012898779323452196,1,66.99142857142859,67.87
2025-09-07,64.92,62.22,120.1282,301.49,74.23121,41.3494,81.5556,3.6725,64.92,0.0,0.012898779323452196,1,67.41285714285713,67.87
2025-09-08,65.44,62.6,120.0971,319.23,115.21974,41.2199,81.5556,3.6725,65.44,0.00800985828712264,0.013698239466412066,0,67.76142857142858,67.88
2025-09-09,67.97,62.97,120.1569,243.41,95.37143,41.2497,82.3397,3.6725,67.97,0.038661369193154105,0.020341397118901053,0,68.00714285714285,69.69
2025-09-10,67.62,64.01,120.1223,280.99,236.61198,41.1237,83.2425,3.6725,67.62,-0.005149330587023604,0.02035355016696854,0,68.23142857142857,69.19
2025-09-11,67.25,62.71,119.9534,311.82,179.05772,41.2138,84.9211,3.6725,67.25,-0.005471753918958933,0.018673643554097598,0,68.31428571428572,67.83
2025-09-12,67.87,63.02,120.0611,268.43,103.72032,41.3127,85.6647,3.6725,67.87,0.009219330855018582,0.015316387215371352,0,68.19714285714285,67.05
2025-09-13,67.87,63.02,120.0611,214.76,83.67556,41.3127,84.3798,3.6725,67.87,0.0,0.015316387215371352,1,68.08,67.05
2025-09-14,67.87,63.02,120.0611,629.68,94.3996,41.3127,84.3798,3.6725,67.87,0.0,0.015316387215371352,1,67.96285714285715,67.05
2025-09-15,67.88,63.66,119.5644,273.8,100.58404,41.2838,84.3798,3.6725,67.88,0.00014734050390430298,0.01547189786136737,0,67.81857142857143,66.87
2025-09-16,69.69,64.89,119.1348,243.91,102.5166,41.2317,83.0718,3.6725,69.69,0.026664702416028252,0.0112564013040963,0,67.57142857142857,67.96
2025-09-17,69.19,64.41,119.1582,400.05,142.61543,41.1752,82.8359,3.6725,69.19,-0.0071746305065288896,0.011542075254028514,0,67.63571428571429,69.64
2025-09-18,67.83,63.91,119.6616,284.37,96.48255,41.1941,82.9987,3.6725,67.83,-0.019656019656019597,0.014269812113243682,0,68.0142857142857,70.48
2025-09-19,67.05,63.02,119.7858,204.23,140.83005,41.2488,83.1725,3.6725,67.05,-0.011499336576735963,0.01450370858369136,0,68.60000000000001,71.15
2025-09-20,67.05,63.02,119.7858,187.61,101.55317,41.2488,83.5904,3.6725,67.05,0.0,0.01450370858369136,1,69.18571428571428,71.15
2025-09-21,67.05,63.02,119.7858,610.55,110.11305,41.2488,83.5904,3.6725,67.05,0.0,0.01450370858369136,1,69.77142857142857,71.15
2025-09-22,66.87,62.99,119.8152,548.21,131.45111,41.2502,83.5904,3.6725,66.87,-0.0026845637583891024,0.014484851476043604,0,70.07571428571428,69.0
2025-09-23,67.96,63.76,119.6202,248.3,115.33118,41.3811,84.0186,3.6725,67.96,0.016300284133393017,0.011222885068749865,0,70.1557142857143,68.52
2025-09-24,69.64,65.4,120.1707,356.04,117.20444,41.378,83.3506,3.6725,69.64,0.024720423778693545,0.015249224584655847,0,69.73142857142857,66.67
2025-09-25,70.48,65.51,120.5419,190.78,148.87946,41.4105,83.9914,3.6725,70.48,0.012062033314187204,0.012553704047744734,0,69.01142857142858,65.44
2025-09-26,71.15,66.5,120.4349,409.49,159.19919,41.4939,83.6069,3.6725,71.15,0.009506242905788831,0.010059972561133612,0,68.29428571428572,66.13
2025-09-27,71.15,66.5,120.4349,310.97,54.95965,41.4939,83.6118,3.6725,71.15,0.0,0.010059972561133612,1,67.57714285714286,66.13
2025-09-28,71.15,66.5,120.4349,534.23,78.63662,41.4939,83.6118,3.6725,71.15,0.0,0.010059972561133612,1,66.86,66.13
2025-09-29,69.0,64.27,120.115,282.61,119.8834,41.4789,83.6118,3.6725,69.0,-0.03021784961349272,0.01768275869463572,0,66.58714285714287,67.09
2025-09-30,68.52,63.17,120.1368,406.64,161.74648,41.3176,82.8676,3.6725,68.52,-0.006956521739130528,0.01730416616413295,0,66.38428571428572,67.1
2025-10-01,66.67,62.59,120.1502,307.12,169.25528,41.142,82.6084,3.6725,66.67,-0.02699941622883817,0.01666844771052854,0,66.49142857142857,67.42
2025-10-02,65.44,61.28,120.4296,438.91,184.73935,41.2215,81.4967,3.6725,65.44,-0.018449077546122794,0.015041593219947172,0,66.74714285714286,67.23
2025-10-03,66.13,61.65,120.0881,306.79,293.14758,41.2764,81.0085,3.6725,66.13,0.010544009779950958,0.015274326101769082,0,66.50142857142858,64.41
2025-10-04,66.13,61.65,120.0881,359.09,139.05832,41.2764,81.8969,3.6725,66.13,0.0,0.015274326101769082,1,66.25571428571428,64.41
2025-10-05,66.13,61.65,120.0881,547.04,64.23261,41.2764,81.8969,3.6725,66.13,0.0,0.015274326101769082,1,66.00999999999999,64.41
2025-10-06,67.09,62.49,120.2722,326.43,190.01344,41.2286,81.8969,3.6725,67.09,0.014516860728867487,0.01490431096433984,0,65.58999999999999,64.15
2025-10-07,67.1,62.52,120.4884,225.8,163.92087,41.3409,83.0,3.6725,67.1,0.00014905351020999547,0.01490391615163623,0,65.00428571428571,63.0
2025-10-08,67.42,63.37,120.7766,354.2,83.78089,41.3158,81.9349,3.6725,67.42,0.004769001490313007,0.010536115554240394,0,64.27714285714286,62.33
2025-10-09,67.23,62.36,121.0902,391.93,194.4756,41.4024,81.5478,3.6725,67.23,-0.0028181548501927667,0.006419192526898996,0,63.39857142857142,61.08
2025-10-10,64.41,59.75,121.1163,314.78,184.03154,41.5062,81.4103,3.6725,64.41,-0.041945560017849326,0.01783828801515117,0,62.94428571428572,61.23
2025-10-11,64.41,59.75,121.1163,230.57,135.20685,41.5062,81.1898,3.6725,64.41,0.0,0.01783828801515117,1,62.49,61.23
2025-10-12,64.41,59.75,121.1163,571.89,96.57632,41.5062,81.1898,3.6725,64.41,0.0,0.01783828801515117,1,62.03571428571429,61.23
2025-10-13,64.15,59.75,121.1163,401.18,198.07106,41.6027,81.1898,3.6725,64.15,-0.004036640273249348,0.015975701896916585,1,61.544285714285714,60.71
2025-10-14,63.0,59.52,121.1822,444.68,202.95819,41.6102,80.8548,3.6725,63.0,-0.017926734216679785,0.016224348867027047,0,61.25857142857142,61.0
2025-10-15,62.33,59.08,120.8642,160.15,184.03154,41.7514,79.9589,3.6725,62.33,-0.010634920634920664,0.015072894334998612,0,61.25142857142857,62.28
2025-10-16,61.08,58.29,120.6698,363.38,149.95161,41.7607,78.839,3.6725,61.08,-0.020054548371570724,0.014910680951775657,0,61.99999999999999,66.32
2025-10-17,61.23,58.3,120.7028,551.3,133.89992,41.6358,79.0839,3.6725,61.23,0.0024557956777995216,0.009119724696739584,0,62.652857142857144,65.8
2025-10-18,61.23,58.3,120.7028,304.61,114.555664,41.6358,80.9834,3.6725,61.23,0.0,0.009119724696739584,1,63.30571428571428,65.8
2025-10-19,61.23,58.3,120.7028,399.42,103.22449,41.6358,80.9834,3.6725,61.23,0.0,0.009119724696739584,1,63.95857142857143,65.8
2025-10-20,60.71,58.34,120.6209,338.92,161.07623,41.7308,80.9834,3.6725,60.71,-0.00849256900212303,0.009019442634013391,0,64.64571428571428,65.52
2025-10-21,61.0,58.66,120.8895,279.64,177.10759,41.7565,81.3582,3.6725,61.0,0.004776807774666381,0.008854709044337581,0,65.07857142857142,64.03
2025-10-22,62.28,59.3,120.8958,490.22,122.927315,41.7441,81.3475,3.6725,62.28,0.020983606557376966,0.012539627618830181,0,65.46857142857142,65.01
2025-10-23,66.32,62.44,120.9531,226.47,193.34053,41.755,81.6549,3.6725,66.32,0.06486833654463697,0.024922974206076816,0,65.29571428571428,65.11
2025-10-24,65.8,62.27,120.9345,327.22,158.64787,41.897,81.269,3.6725,65.8,-0.007840772014475195,0.025871761205703815,0,65.24428571428571,65.44
2025-10-25,65.8,62.27,120.9345,198.82,108.35502,41.897,80.9713,3.6725,65.8,0.0,0.025871761205703815,1,65.19285714285715,65.44
2025-10-26,65.8,62.27,120.9345,483.74,124.46063,41.897,80.9713,3.6725,65.8,0.0,0.025871761205703815,1,65.14142857142858,65.44
2025-10-27,65.52,62.13,120.7988,386.2,163.14574,41.9969,80.9713,3.6725,65.52,-0.004255319148936176,0.025395413227321854,0,65.18,65.79
2025-10-28,64.03,60.97,120.6361,269.14,129.39717,42.0704,78.9848,3.6725,64.03,-0.02274114774114766,0.02849904196351195,0,65.32428571428572,65.04
2025-10-29,65.01,61.26,120.5312,260.35,100.99292,42.0831,79.8174,3.6725,65.01,0.015305325628611754,0.028122565083108373,0,65.11428571428573,63.54
2025-10-30,65.11,61.36,121.2832,280.03,132.02263,42.0115,79.4715,3.6725,65.11,0.0015382248884785454,0.011453610170140752,0,64.87142857142858,63.41
2025-10-31,65.44,61.75,121.3859,439.77,158.78424,41.9701,80.5037,3.6725,65.44,0.0050683458762095235,0.011502764411689754,0,64.6257142857143,63.72
2025-11-01,65.44,61.75,121.3859,495.89,64.53054,41.9701,80.9756,3.6725,65.44,0.0,0.011502764411689754,1,64.38000000000001,63.72
2025-11-02,65.44,61.75,121.3859,335.63,57.254253,41.9701,80.8861,3.6725,65.44,0.0,0.011502764411689754,1,64.13428571428572,63.72
2025-11-03,65.79,61.79,121.4512,5.39,236.61198,41.8924,80.8861,3.6725,65.79,0.0053484107579462314,0.011584148749017115,0,63.73714285714285,63.01
2025-11-04,65.04,61.38,121.8271,285.7,107.06018,42.0409,80.8861,3.6725,65.04,-0.011399908800729608,0.008009729946924154,0,63.56857142857143,63.86
2025-11-05,63.54,60.4,121.8482,300.81,140.96033,42.0725,80.8861,3.6725,63.54,-0.02306273062730635,0.010377351634495845,0,63.33142857142857,61.88
2025-11-06,63.41,60.24,121.6948,316.74,82.08132,42.0671,81.1885,3.6725,63.41,-0.002045955303745739,0.010190454405829866,0,63.14999999999999,62.14
2025-11-07,63.72,60.54,121.388,337.82,99.21168,42.0836,81.3765,3.6725,63.72,0.0048888187982969455,0.010164822023439646,0,63.11142857142857,63.45
2025-11-08,63.72,60.54,121.388,598.34,64.21779,42.0836,81.2257,3.6725,63.72,0.0,0.010164822023439646,1,63.07285714285713,63.45
2025-11-09,63.72,60.54,121.388,494.36,24.720654,42.0836,81.2257,3.6725,63.72,0.0,0.010164822023439646,1,63.03428571428571,63.45
2025-11-10,63.01,60.94,121.2984,473.61,105.16089,41.9782,81.2257,3.6725,63.01,-0.011142498430634085,0.009599122503479217,0,63.05571428571428,63.16
2025-11-11,63.86,60.94,121.2984,332.87,104.424194,41.9559,81.0132,3.6725,63.86,0.01348992223456591,0.011693853560538722,1,63.19857142857143,64.86
2025-11-12,61.88,59.3,121.0458,224.47,77.42228,42.0139,81.3562,3.6725,61.88,-0.031005324146570534,0.014144183592727642,0,63.46999999999999,63.78
2025-11-13,62.14,59.54,120.7725,475.99,71.02972,42.0377,81.2852,3.6725,62.14,0.004201680672268893,0.014458679467256465,0,63.68428571428571,63.64
2025-11-14,63.45,60.87,120.9666,302.37,81.59033,42.0641,80.601,3.6725,63.45,0.02108142903121979,0.016970155856728102,0,63.58857142857143,62.78
2025-11-15,63.45,60.87,120.9666,255.94,76.27623,42.0641,81.1276,3.6725,63.45,0.0,0.016970155856728102,1,63.49285714285713,62.78
2025-11-16,63.45,60.87,120.9666,403.64,79.629036,42.0641,81.1276,3.6725,63.45,0.0,0.016970155856728102,1,63.39714285714285,62.78
2025-11-17,63.16,60.66,121.1146,575.78,111.81663,42.0423,81.1276,3.6725,63.16,-0.0045705279747834116,0.016456094838190584,0,63.635714285714286,64.83
2025-11-18,64.86,61.51,121.2127,617.41,81.25166,42.067,81.1302,3.6725,64.86,0.026915769474350926,0.018838277806080023,0,63.51142857142857,63.99
2025-11-19,63.78,60.27,121.4978,226.6,59.471592,42.0924,81.0547,3.6725,63.78,-0.016651248843663202,0.014986717727020284,0,63.65857142857143,64.81
2025-11-20,63.64,60.07,121.6889,312.65,84.79269,42.0948,80.9448,3.6725,63.64,-0.002195045468799006,0.01519618251729273,0,63.73571428571429,64.18
2025-11-21,62.78,58.86,121.8653,265.43,163.0086,42.1549,80.7321,3.6725,62.78,-0.013513513513513487,0.014116883330702452,0,63.92,64.07
2025-11-22,62.78,58.86,121.8653,182.64,38.454353,42.1549,79.0246,3.6725,62.78,0.0,0.014116883330702452,1,64.10428571428571,64.07
2025-11-23,62.78,58.86,121.8653,354.59,113.11207,42.1549,79.0246,3.6725,62.78,0.0,0.014116883330702452,1,64.28857142857143,64.07
2025-11-24,64.83,59.11,121.9171,199.1,173.25145,42.2672,79.0246,3.6725,64.83,0.03265371137304873,0.018928172379820144,0,64.20142857142856,64.22
2025-11-25,63.99,58.25,121.6335,323.74,188.14928,42.3713,78.9202,3.6725,63.99,-0.012956964368347923,0.01671295687567338,0,64.11285714285714,63.37
2025-11-26,64.81,58.81,121.2437,231.59,118.30599,42.4015,78.9615,3.6725,64.81,0.012814502265979133,0.016049193219980905,0,63.96142857142858,63.75
2025-11-27,64.18,58.81,121.2437,334.67,181.40251,42.2987,78.5941,3.6725,64.18,-0.00972072211078534,0.016649184336850923,1,63.95714285714285,64.15
2025-11-28,64.07,58.58,121.0527,323.26,151.36514,42.1928,78.2503,3.6725,64.07,-0.001713929573075923,0.01545061395569452,0,64.00714285714285,64.42
2025-11-29,64.07,58.58,121.0527,168.25,93.31177,42.1928,78.2284,3.6725,64.07,0.0,0.01545061395569452,1,64.05714285714286,64.42
2025-11-30,64.07,58.58,121.0527,321.03,77.03646,42.1928,78.2284,3.6725,64.07,0.0,0.01545061395569452,1,64.10714285714286,64.42
2025-12-01,64.22,59.47,120.9862,257.88,149.95161,42.266,78.2284,3.6725,64.22,0.0023411893241767068,0.008394636297491343,0,63.97571428571429,63.3
2025-12-02,63.37,58.81,121.1467,292.27,110.011475,42.3413,77.7027,3.6725,63.37,-0.01323575210214889,0.008459461579157005,0,63.868571428571435,62.62
2025-12-03,63.75,59.09,120.7336,357.52,106.475395,42.3342,77.4631,3.6725,63.75,0.005996528325706185,0.006781673283458228,0,63.77857142857143,63.12
2025-12-04,64.15,59.82,120.6766,520.11,154.62614,42.2034,77.9556,3.6725,64.15,0.006274509803921635,0.006569061488977211,0,63.45285714285715,61.87
2025-12-05,64.42,60.23,120.6863,236.11,150.29799,42.1838,76.9708,3.6725,64.42,0.004208885424785702,0.006698908307367238,0,63.12285714285714,62.11
2025-12-06,64.42,60.23,120.6863,113.63,82.40218,42.1838,76.0937,3.6725,64.42,0.0,0.006698908307367238,1,62.792857142857144,62.11
2025-12-07,64.42,60.23,120.6863,354.92,40.895897,42.1838,76.0937,3.6725,64.42,0.0,0.006698908307367238,1,62.462857142857146,62.11
2025-12-08,63.3,59.04,120.776,483.24,110.63586,42.0567,76.0937,3.6725,63.3,-0.01738590499844772,0.009503749822466333,0,62.212857142857146,61.55
2025-12-09,62.62,58.4,120.6832,583.98,104.47801,42.07,77.2733,3.6725,62.62,-0.010742496050552885,0.009049213544429455,0,61.82857142857143,59.93
2025-12-10,63.12,58.67,120.6752,336.6,95.66982,42.1838,76.8084,3.6725,63.12,0.007984669434685454,0.009355731944913338,0,61.470000000000006,60.61
2025-12-11,61.87,57.76,119.98,524.45,142.22116,42.2812,77.8998,3.6725,61.87,-0.01980354879594426,0.010869370435436615,0,61.30142857142857,60.69
2025-12-12,62.11,57.61,120.1442,355.26,175.30011,42.2721,79.3398,3.6725,62.11,0.003879101341522473,0.010822885016669741,0,61.19285714285714,61.35
2025-12-13,62.11,57.61,120.1442,629.56,75.28563,42.2721,79.7296,3.6725,62.11,0.0,0.010822885016669741,1,61.08428571428572,61.35
2025-12-14,62.11,57.61,120.1442,418.09,185.31847,42.2721,79.7296,3.6725,62.11,0.0,0.010822885016669741,1,60.97571428571429,61.35
2025-12-15,61.55,56.97,119.9561,254.98,202.24098,42.1936,79.7296,3.6725,61.55,-0.009016261471582743,0.00964430611918455,0,61.07142857142857,62.22
2025-12-16,59.93,55.44,119.8902,258.94,145.12202,42.2451,79.4495,3.6725,59.93,-0.026320064987814695,0.012763723474404446,0,61.61000000000001,63.7
2025-12-17,60.61,56.07,120.155,230.87,125.11497,42.1848,79.4302,3.6725,60.61,0.011346570999499317,0.013431427669361708,0,62.051428571428566,63.7
2025-12-18,60.69,56.22,120.0528,350.41,209.34442,42.3384,80.3807,3.6725,60.69,0.0013199142055766444,0.012035581727645087,0,62.48142857142857,63.7
2025-12-19,61.35,56.8,120.1652,313.6,100.202225,42.3374,80.0301,3.6725,61.35,0.010874938210578389,0.012928751368356218,0,62.817142857142855,63.7
2025-12-20,61.35,56.8,120.1652,283.5,105.53313,42.3374,80.722,3.6725,61.35,0.0,0.012928751368356218,1,63.15285714285714,63.7
2025-12-21,61.35,56.8,120.1652,547.81,113.11207,42.3374,80.722,3.6725,61.35,0.0,0.012928751368356218,1,63.488571428571426,63.7
2025-12-22,62.22,58.18,119.9912,238.58,106.62771,42.2481,80.722,3.6725,62.22,0.01418092909535451,0.01368711397134689,0,63.614285714285714,63.1
2025-12-23,63.7,58.55,119.7057,264.35,97.633575,42.1482,79.3146,3.6725,63.7,0.023786563805850314,0.008899179581890668,0,63.41428571428572,62.3
2025-12-24,63.7,58.72,119.4372,204.03,134.29327,42.1003,78.585,3.6725,63.7,0.0,0.009375855349298412,0,63.078571428571436,61.35
2025-12-25,63.7,58.72,119.4372,181.39,147.22523,42.1541,78.4368,3.6725,63.7,0.0,0.009525107754119692,1,62.74285714285715,61.35
2025-12-26,63.7,56.6,119.4723,513.83,144.02469,41.9331,77.8844,3.6725,63.7,0.0,0.009669250545485718,1,62.49714285714287,61.98
2025-12-27,63.7,56.6,119.4723,281.48,223.72462,41.9331,77.6923,3.6725,63.7,0.0,0.009669250545485718,1,62.251428571428576,61.98
2025-12-28,63.7,56.6,119.4723,462.89,79.82091,41.9331,77.6923,3.6725,63.7,0.0,0.009669250545485718,1,62.00571428571429,61.98
2025-12-29,63.1,57.89,119.5899,445.72,62.94666,42.0637,77.6923,3.6725,63.1,-0.009419152276295195,0.010206469490098607,0,61.99142857142857,63.0
2025-12-30,62.3,57.79,119.4939,305.8,218.89214,42.2179,77.4466,3.6725,62.3,-0.01267828843106189,0.005472700874517032,0,61.962857142857146,62.1
2025-12-31,61.35,57.26,119.7456,307.63,161.76021,42.3878,78.2267,3.6725,61.35,-0.015248796147672494,0.0068646004816594166,0,61.92428571428571,61.08
2026-01-01,61.35,57.26,119.7456,288.09,164.17973,42.3532,78.2267,3.6725,61.35,0.0,0.0068646004816594166,1,62.20857142857143,63.34
2026-01-02,61.98,57.21,119.6059,296.92,175.08287,42.1701,78.2267,3.6725,61.98,0.010268948655256738,0.008969360659418018,0,62.65571428571429,65.11
2026-01-03,61.98,57.21,119.6059,314.9,197.96222,42.1701,78.2267,3.6725,61.98,0.0,0.008969360659418018,1,63.10285714285715,65.11
2026-01-04,61.98,57.21,119.6059,552.46,135.55264,42.1701,78.2267,3.6725,61.98,0.0,0.008969360659418018,1,63.550000000000004,65.11
2026-01-05,63.0,58.1,119.6192,539.83,263.8943,42.2942,78.2267,3.6725,63.0,0.01645692158760892,0.011323575887496665,0,63.892857142857146,65.4
2026-01-06,62.1,56.97,119.7807,251.35,255.32977,42.4208,78.2267,3.6725,62.1,-0.014285714285714235,0.011631581064886959,0,64.67571428571428,67.58
2026-01-07,61.08,56.01,119.8719,253.69,242.22333,42.5634,78.2267,3.6725,61.08,-0.01642512077294689,0.011887523124212217,0,65.78857142857143,68.87
2026-01-08,63.34,57.74,120.0904,474.73,267.43668,42.7155,78.2267,3.6725,63.34,0.037000654878847516,0.01854488636851864,0,66.19142857142857,66.16
2026-01-09,65.11,58.96,120.2215,231.37,131.62521,42.9904,78.2267,3.6725,65.11,0.027944426902431152,0.020524582880933073,0,66.45714285714287,66.97
2026-01-10,65.11,58.96,120.2215,310.71,192.19676,42.9904,78.2267,3.6725,65.11,0.0,0.020524582880933073,1,66.72285714285715,66.97
2026-01-11,65.11,58.96,120.2215,375.53,118.91269,42.9904,78.2267,3.6725,65.11,0.0,0.020524582880933073,1,66.98857142857143,66.97
2026-01-12,65.4,59.39,119.9958,281.74,186.33192,43.0757,78.2267,3.6725,65.4,0.004454000921517487,0.02012385822474408,0,67.2042857142857,66.91
2026-01-13,67.58,60.85,120.1401,357.58,167.4222,43.2552,78.7913,3.6725,67.58,0.033333333333333215,0.02035738065116929,0,67.21857142857144,67.68
2026-01-14,68.87,61.84,119.9537,369.14,119.8834,43.1762,78.8527,3.6725,68.87,0.019088487718259994,0.015943711100736297,0,66.91142857142857,66.72
2026-01-15,66.16,59.13,119.9951,409.97,152.97826,43.1236,78.5711,3.6725,66.16,-0.039349499056192894,0.02425291666203101,0,66.81142857142858,65.46
2026-01-16,66.97,59.4,120.0838,257.45,194.85692,43.3927,78.528,3.6725,66.97,0.012243047158403852,0.0226089682764243,0,66.98142857142857,68.16
2026-01-17,66.97,59.4,120.0838,193.48,87.89566,43.3927,77.8332,3.6725,66.97,0.0,0.0226089682764243,1,67.15142857142857,68.16
2026-01-18,66.97,59.4,120.0838,349.32,89.309425,43.3927,77.8332,3.6725,66.97,0.0,0.0226089682764243,1,67.32142857142856,68.16
2026-01-19,66.91,59.4,120.0838,355.15,191.91197,43.413,77.8332,3.6725,66.91,-0.0008959235478572802,0.02269130665746239,1,67.4342857142857,67.7
2026-01-20,67.68,60.3,119.4455,360.3,251.4283,43.2678,77.7586,3.6725,67.68,0.011507995815274397,0.019126425643414643,0,67.80571428571429,70.28
2026-01-21,66.72,60.38,119.3431,541.38,180.35759,43.2522,77.8247,3.6725,66.72,-0.014184397163120699,0.017786950807579405,0,68.40285714285713,70.9
2026-01-22,65.46,59.24,119.1962,474.48,133.71834,43.1759,77.5159,3.6725,65.46,-0.01888489208633104,0.011733576761183681,0,69.19428571428571,71.0
2026-01-23,68.16,60.7,118.8976,308.57,193.18576,43.1667,76.0382,3.6725,68.16,0.04124656278643446,0.019756507973492397,0,69.77857142857142,72.25
2026-01-24,68.16,60.7,118.8976,410.43,123.72919,43.1667,75.9246,3.6725,68.16,0.0,0.019756507973492397,1,70.36285714285715,72.25
2026-01-25,68.16,60.7,118.8976,547.97,85.15598,43.1667,75.9246,3.6725,68.16,0.0,0.019756507973492397,1,70.94714285714285,72.25
2026-01-26,67.7,60.46,118.0525,289.49,80.794334,43.1391,75.9246,3.6725,67.7,-0.006748826291079757,0.0200548766808233,0,70.95,67.72
2026-01-27,70.28,62.04,117.4523,402.55,206.27711,43.1253,76.0101,3.6725,70.28,0.03810930576070892,0.024268161326992044,0,70.91142857142857,70.01
2026-01-28,70.9,62.75,117.5117,343.94,134.13567,42.9563,76.5519,3.6725,70.9,0.008821855435401371,0.02263767972759921,0,70.94714285714285,71.15
2026-01-29,71.0,64.77,117.4396,248.94,177.56831,42.7689,76.2662,3.6725,71.0,0.0014104372355430161,0.01957303741876044,0,70.78571428571429,69.87
2026-01-30,72.25,64.5,117.8996,211.46,161.46162,42.8483,76.0251,3.6725,72.25,0.01760563380281699,0.015204181194717835,0,70.52857142857142,70.45
2026-01-31,72.25,64.5,117.8996,239.36,129.19531,42.8483,75.7327,3.6725,72.25,0.0,0.015204181194717835,1,70.27142857142857,70.45
2026-02-01,72.25,64.5,117.8996,298.23,106.85702,42.8483,75.7327,3.6725,72.25,0.0,0.015204181194717835,1,70.0142857142857,70.45
2026-02-02,67.72,61.6,118.3609,196.39,109.205536,42.8113,75.7327,3.6725,67.72,-0.06269896193771629,0.03101543835710959,0,70.51,71.19
2026-02-03,70.01,62.62,117.9764,321.6,141.46196,42.9697,77.0223,3.6725,70.01,0.03381571175428233,0.03017802428201815,0,70.65285714285714,71.01
2026-02-04,71.15,64.56,118.2602,303.36,239.60707,43.1928,76.9817,3.6725,71.15,0.01628338808741603,0.030675390479999027,0,70.70571428571428,71.52
2026-02-05,69.87,62.9,118.5034,291.35,139.2853,43.1695,76.9102,3.6725,69.87,-0.01799016163035838,0.03148896701634039,0,70.69571428571429,69.8
2026-02-06,70.45,63.77,118.2407,176.17,114.82037,43.1405,76.5523,3.6725,70.45,0.008301130671246604,0.030717516511864013,0,70.62571428571428,69.96
2026-02-07,70.45,63.77,118.2407,523.6,132.28223,43.1405,77.054,3.6725,70.45,0.0,0.030717516511864013,1,70.55571428571427,69.96
2026-02-08,70.45,63.77,118.2407,486.27,64.23261,43.1405,77.054,3.6725,70.45,0.0,0.030717516511864013,1,70.48571428571428,69.96
2026-02-09,71.19,64.53,117.6392,221.9,114.008064,43.0487,77.054,3.6725,71.19,0.010503903477643739,0.01602715832067168,0,70.43142857142855,70.81
2026-02-10,71.01,64.2,117.5216,205.87,59.258816,43.0267,77.6502,3.6725,71.01,-0.0025284450063209896,0.011136297928189693,0,70.2542857142857,69.77
2026-02-11,71.52,64.8,117.4601,251.66,107.04886,43.0904,77.2091,3.6725,71.52,0.007182087029995676,0.009631458780034187,0,70.29142857142857,71.78
2026-02-12,69.8,63.08,117.5376,438.29,125.649124,43.0318,77.4648,3.6725,69.8,-0.024049217002237167,0.011658553266337935,0,70.77285714285715,73.17
2026-02-13,69.96,63.05,117.5258,337.34,116.78925,42.993,77.188,3.6725,69.96,0.002292263610315093,0.011148280635447382,0,71.17142857142856,72.75
2026-02-14,69.96,63.05,117.5258,361.7,69.011826,42.993,77.1944,3.6725,69.96,0.0,0.011148280635447382,1,71.57,72.75
2026-02-15,69.96,63.05,117.5258,343.98,21.51018,42.993,77.1944,3.6725,69.96,0.0,0.011148280635447382,1,71.96857142857142,72.75
2026-02-16,70.81,63.05,117.5258,280.85,72.96404,43.102,77.1944,3.6725,70.81,0.012149799885649015,0.01144338987693746,1,72.12428571428572,71.9
2026-02-17,69.77,62.53,117.7375,278.08,76.591156,43.1705,76.6201,3.6725,69.77,-0.014687191074707062,0.012627352179652314,0,72.33,71.21
2026-02-18,71.78,65.33,117.8426,238.41,122.04196,43.2577,76.7389,3.6725,71.78,0.028808943672065324,0.01719493194449994,0,72.17428571428572,70.69
2026-02-19,73.17,66.66,118.2354,493.8,113.25018,43.292,76.1524,3.6725,73.17,0.019364725550292672,0.014407000244245608,0,71.95857142857142,71.66
2026-02-20,72.75,66.69,117.9917,473.44,153.67581,43.2667,76.6405,3.6725,72.75,-0.005740057400574039,0.015131866990851641,0,71.75428571428571,71.32
2026-02-21,72.75,66.69,117.9917,412.53,78.07398,43.2667,76.7519,3.6725,72.75,0.0,0.015131866990851641,1,71.55,71.32
2026-02-22,72.75,66.69,117.9917,625.08,62.062157,43.2667,76.7519,3.6725,72.75,0.0,0.015131866990851641,1,71.3457142857143,71.32
2026-02-23,71.9,66.36,117.9395,695.45,139.2853,43.2747,76.7519,3.6725,71.9,-0.011683848797250818,0.01608966523056721,0,72.10857142857142,77.24
2026-02-24,71.21,65.62,117.9463,672.5,197.67583,43.2982,76.7519,3.6725,71.21,-0.009596662030598169,0.015289333866152215,0,73.83285714285715,83.28
2026-02-25,70.69,65.3,117.769,369.27,138.2637,43.2648,76.6342,3.6725,70.69,-0.007302345176239289,0.01047146465826474,0,75.38571428571429,81.56
2026-02-26,71.66,65.1,117.9042,319.09,167.02022,43.2413,76.4678,3.6725,71.66,0.013721884283491192,0.008588189009365872,0,77.80428571428571,88.59
2026-02-27,71.32,66.96,117.8223,320.15,197.11147,43.2081,77.1218,3.6725,71.32,-0.004744627407200719,0.008542274558998655,0,81.29285714285713,95.74
2026-02-28,71.32,66.96,117.8223,150.05,110.59447,43.2081,77.2736,3.6725,71.32,0.0,0.008542274558998655,1,84.78142857142858,95.74
2026-03-01,71.32,66.96,117.8223,380.69,273.9074,43.2081,77.2736,3.6725,71.32,0.0,0.008542274558998655,1,88.27,95.74
2026-03-02,77.24,71.13,118.667,440.29,500.80716,43.0996,77.2736,3.6725,77.24,0.08300616937745375,0.032763965198607754,0,90.71428571428571,94.35
2026-03-03,83.28,74.48,119.4341,544.62,391.06702,43.2343,77.1734,3.6725,83.28,0.07819782496116012,0.039747360124811344,0,91.65142857142858,89.84
2026-03-04,81.56,74.58,119.0705,230.31,465.91864,43.4548,77.6093,3.6725,81.56,-0.02065321805955811,0.04172966692793416,0,92.99714285714286,90.98
2026-03-05,88.59,80.88,119.5683,387.92,413.36316,43.717,77.8009,3.6725,88.59,0.08619421284943596,0.048032695193834046,0,94.96714285714286,102.38
2026-03-06,95.74,90.77,119.491,466.69,314.74554,43.8069,78.19,3.6725,95.74,0.08070888362117601,0.048081289177594376,0,96.03714285714285,103.23
2026-03-07,95.74,90.77,119.491,392.88,226.08028,43.8069,79.15,3.6725,95.74,0.0,0.048081289177594376,1,97.10714285714286,103.23
2026-03-08,95.74,90.77,119.491,763.29,213.71404,43.8069,79.15,3.6725,95.74,0.0,0.048081289177594376,1,98.17714285714285,103.23
2026-03-09,94.35,94.65,119.5151,479.74,372.13007,43.7292,79.15,3.6725,94.35,-0.014518487570503447,0.04898954699124212,0,99.13285714285713,101.04
2026-03-10,89.84,83.71,118.7255,288.44,457.1106,43.8961,79.15,3.6725,89.84,-0.0478007419183889,0.051412195032559733,0,101.78285714285714,108.39
2026-03-11,90.98,86.8,119.2885,420.76,368.6567,43.8627,78.7396,3.6725,90.98,0.012689225289403305,0.04938854270742238,0,105.6557142857143,118.09
2026-03-12,102.38,95.61,119.8227,362.89,313.28162,43.9776,79.068,3.6725,102.38,0.12530226423389745,0.059690472252736375,0,106.89428571428572,111.05
2026-03-13,103.23,98.48,120.5518,450.36,322.79013,44.1636,79.0671,3.6725,103.23,0.008302402813049614,0.05388090131993421,0,109.0642857142857,118.42
2026-03-14,103.23,98.48,120.5518,433.7,310.87173,44.1636,80.2254,3.6725,103.23,0.0,0.05388090131993421,1,111.23428571428569,118.42
2026-03-15,103.23,98.48,120.5518,486.49,277.40714,44.1636,80.2254,3.6725,103.23,0.0,0.05388090131993421,1,113.4042857142857,118.42
2026-03-16,101.04,93.39,120.097,243.05,223.23827,44.1381,80.2254,3.6725,101.04,-0.02121476315024695,0.054486153080826605,0,113.79714285714284,103.79
2026-03-17,108.39,96.01,119.8328,325.21,399.67584,44.0803,81.0517,3.6725,108.39,0.07274346793349173,0.05177152059032351,0,113.80142857142856,108.42
2026-03-18,118.09,96.12,119.9276,344.46,353.02676,43.9497,81.9103,3.6725,118.09,0.08949165052126573,0.055895575472199185,0,112.52285714285713,109.14
2026-03-19,111.05,96.11,120.1802,373.05,388.62527,43.896,83.1259,3.6725,111.05,-0.059615547463798824,0.051999600916187994,0,112.85714285714286,113.39
2026-03-20,118.42,98.71,120.2757,309.01,309.2523,43.9617,84.8379,3.6725,118.42,0.06636650157586677,0.05566189579737572,0,113.29285714285716,121.47
2026-03-21,118.42,98.71,120.2757,492.71,318.26633,43.9617,83.9982,3.6725,118.42,0.0,0.05566189579737572,1,113.72857142857143,121.47
2026-03-22,118.42,98.71,120.2757,535.85,209.55415,43.9617,83.9982,3.6725,118.42,0.0,0.05566189579737572,1,114.16428571428573,121.47
2026-03-23,103.79,89.33,119.9371,350.33,315.48264,43.82,83.9982,3.6725,103.79,-0.1235433203850701,0.07770332407739175,0,116.74857142857142,121.88
2026-03-24,108.42,93.18,120.1295,496.67,335.28012,43.8288,81.8763,3.6725,108.42,0.0446093072550342,0.07436108486969338,0,119.35857142857142,126.69
2026-03-25,109.14,91.51,120.1282,274.8,330.05655,43.9205,80.9604,3.6725,109.14,0.006640841173215284,0.06408573153633765,0,120.84714285714287,119.56
2026-03-26,113.39,96.18,120.389,512.33,278.68637,43.8722,80.7192,3.6725,113.39,0.0389408099688473,0.061997631024946445,0,122.87857142857142,127.61
2026-03-27,121.47,101.26,120.8851,304.29,258.51254,43.885,82.1314,3.6725,121.47,0.07125848840285731,0.0628303723704621,0,123.75571428571428,127.61
2026-03-28,121.47,101.26,120.8851,272.49,229.77348,43.885,81.1443,3.6725,121.47,0.0,0.0628303723704621,1,124.63285714285713,127.61
2026-03-29,121.47,101.26,120.8851,476.56,270.4137,43.885,81.1443,3.6725,121.47,0.0,0.0628303723704621,1,125.51,127.61
2026-03-30,121.88,104.69,121.2851,383.65,259.67163,43.84,81.1443,3.6725,121.88,0.0033753190088088303,0.028162071519463015,0,126.32857142857144,127.61
2026-03-31,126.69,102.86,121.035,385.71,418.66153,43.7955,81.2955,3.6725,126.69,0.039465047587791346,0.027581969882368173,0,127.97428571428573,138.21
2026-04-01,119.56,101.9,120.1198,361.47,285.45172,43.9175,81.2504,3.6725,119.56,-0.056279106480385144,0.040810260840572814,0,128.33857142857144,122.11
2026-04-02,127.61,113.23,120.503,269.32,326.33102,43.7808,80.6234,3.6725,127.61,0.06733021077283374,0.04492558343016063,0,127.11285714285714,119.03
2026-04-03,127.61,113.23,120.6565,401.5,244.898,43.8144,80.3332,3.6725,127.61,0.0,0.03841588041070821,1,125.89285714285714,119.07
2026-04-04,127.61,113.23,120.6565,267.06,254.29813,43.8144,79.7293,3.6725,127.61,0.0,0.03841588041070821,1,124.67285714285711,119.07
2026-04-05,127.61,113.23,120.6565,702.95,163.90309,43.8144,79.7293,3.6725,127.61,0.0,0.03841588041070821,1,123.45285714285713,119.07
2026-04-06,127.61,114.01,120.4302,254.08,285.1324,43.6549,79.7293,3.6725,127.61,0.0,0.03850028263024652,1,122.8342857142857,123.28
2026-04-07,138.21,114.58,120.32,247.23,254.2377,43.5831,78.7277,3.6725,138.21,0.08306559047096629,0.047143691132600994,0,120.70142857142855,123.28
2026-04-08,122.11,96.17,119.0596,237.22,294.90768,43.4946,78.7496,3.6725,122.11,-0.1164894001881196,0.06434127122539586,0,120.86857142857141,123.28
2026-04-09,119.03,99.62,118.8998,294.16,413.22418,43.3792,78.3043,3.6725,119.03,-0.025223159446400745,0.05861531088589115,0,121.47571428571428,123.28
2026-04-10,119.07,98.34,118.8552,266.47,329.39227,43.4653,77.8366,3.6725,119.07,0.0003360497353608327,0.0586234534416714,0,,
2026-04-11,119.07,98.34,118.8552,849.38,281.40744,43.4653,76.9724,3.6725,119.07,0.0,0.0586234534416714,1,,
2026-04-12,119.07,98.34,118.8552,358.09,169.87527,43.4653,76.9724,3.6725,119.07,0.0,0.0586234534416714,1,,
2026-04-13,123.28,100.72,118.8552,362.91,304.2154,43.4587,76.9724,3.6725,123.28,0.03535735281767027,0.06093831467661499,0,,
2026-04-14,123.28,100.72,118.8552,323.22,304.2154,43.4372,76.2489,3.6725,123.28,0.0,0.048046020232129553,1,,
2026-04-15,123.28,100.72,118.8552,2.59,304.2154,43.4997,75.8532,3.6725,123.28,0.0,0.017657870031709266,1,,
2026-04-16,123.28,100.72,118.8552,2.59,304.2154,43.5152,75.2346,3.6725,123.28,0.0,0.013343241831472173,1,,
